raw_description,vat_code,cleaned_description,label
HMRC SHIPLEY 986  UK,outside_scope,hmrc shipley 986 uk,1
UBER EATS 1093 LEEDS DIRECT REF-3912,standard_rate,uber eats 1093 leeds direct ref 3912,3
Card Trainline 2785  Direct,zero_rated,card trainline 2785 direct,4
IZ *WESTMINSTER COUNCIL 2663 LONDON UK REF-7119,outside_scope,iz westminster council 2663 london uk ref 7119,1
CARD SAINSBURYS  PLC REF-2785,zero_rated,card sainsburys plc ref 2785,4
HMRC PAYMENTS LEEDS,outside_scope,hmrc payments leeds,1
PAYMENT TO PAYROLL TRANSFER  ONLINE REF-9583,outside_scope,payment to payroll transfer online ref 9583,1
octopus energy 4748 uk online,reduced_rate,octopus energy 4748 uk online,2
SQ *DELIVEROO 9417 GLASGOW STORE,standard_rate,sq deliveroo 9417 glasgow store,3
CARD UBER EATS UK PLC REF-8659,standard_rate,card uber eats uk plc ref 8659,3
ASDA SUPERMARKET LEEDS PLC,zero_rated,asda supermarket leeds plc,4
ADOBE CREATIVE 4005  LTD REF-3018,standard_rate,adobe creative 4005 ltd ref 3018,3
google workspace  direct,standard_rate,google workspace direct,3
Dd Quickbooks Uk,standard_rate,dd quickbooks uk,3
DD MICROSOFT 365 6037 LEEDS UK REF-4964,standard_rate,dd microsoft 365 6037 leeds uk ref 4964,3
SQ *DELIVEROO 4551 LONDON DIRECT REF-9748,standard_rate,sq deliveroo 4551 london direct ref 9748,3
CARD BARCLAYS BANK BIRMINGHAM STORE,exempt,card barclays bank birmingham store,0
Payment To Xero Software 5451 Bristol,standard_rate,payment to xero software 5451 bristol,3
CARD TRAINLINE 8784  LTD,zero_rated,card trainline 8784 ltd,4
DD ALDI STORES BRISTOL LTD,zero_rated,dd aldi stores bristol ltd,4
SQ *AMAZON KINDLE 9280  ONLINE REF-6996,zero_rated,sq amazon kindle 9280 online ref 6996,4
CARD SAGE SUBSCRIPTION MANCHESTER REF-2305,standard_rate,card sage subscription manchester ref 2305,3
IZ *NATIONAL EXPRESS BRISTOL,zero_rated,iz national express bristol,4
Sq *Deliveroo Birmingham Ltd,standard_rate,sq deliveroo birmingham ltd,3
SQ *BARCLAYS BANK 3926 LONDON ONLINE,exempt,sq barclays bank 3926 london online,0
IZ *UBER EATS 4406 BRISTOL PLC,standard_rate,iz uber eats 4406 bristol plc,3
SQ *AVIVA INSURANCE 9891 LEEDS UK REF-2602,exempt,sq aviva insurance 9891 leeds uk ref 2602,0
Pos Hmrc Payments Leeds Uk,outside_scope,pos hmrc payments leeds uk,1
POST OFFICE 1419  STORE REF-1984,exempt,post office 1419 store ref 1984,0
"2025-03-04 CLOVER SALES DEPOSIT 3,163.93 25,527.79",standard_rate,2025 03 04 clover sales deposit 3 163 93 25 527 79,3
"2026-02-24 US FOODS 3,286.06 35,800.04",standard_rate,2026 02 24 us foods 3 286 06 35 800 04,3
POS OCTOPUS ENERGY  DIRECT REF-7009,reduced_rate,pos octopus energy direct ref 7009,2
DD GOOGLE WORKSPACE 7048 BIRMINGHAM DIRECT REF-1284,standard_rate,dd google workspace 7048 birmingham direct ref 1284,3
payment to lner tickets 6424 bristol store ref-7972,zero_rated,payment to lner tickets 6424 bristol store ref 7972,4
DD AMAZON EU  STORE REF-8567,standard_rate,dd amazon eu store ref 8567,3
SQ *BOOTS UK 1948 LEEDS DIRECT REF-1984,standard_rate,sq boots uk 1948 leeds direct ref 1984,3
OCTOPUS ENERGY 2610 LEEDS PLC REF-9883,reduced_rate,octopus energy 2610 leeds plc ref 9883,2
POS AVIVA INSURANCE MANCHESTER PLC,exempt,pos aviva insurance manchester plc,0
sq *hmrc shipley 7175 uk plc,outside_scope,sq hmrc shipley 7175 uk plc,1
IZ *DIRECTOR DRAWINGS 5516  DIRECT,outside_scope,iz director drawings 5516 direct,1
CARD SAGE SUBSCRIPTION 8275 LONDON UK,standard_rate,card sage subscription 8275 london uk,3
DD DELIVEROO UK STORE REF-7881,standard_rate,dd deliveroo uk store ref 7881,3
"Mar 26 Republic Services - Trash ACH-2211 310.00 82,464.80",standard_rate,mar 26 republic services trash ach 2211 310 00 82 464 80,3
Pos Octopus Energy 103 Manchester Ltd Ref-4149,reduced_rate,pos octopus energy 103 manchester ltd ref 4149,2
IZ *QUICKBOOKS 7076  LTD REF-6510,standard_rate,iz quickbooks 7076 ltd ref 6510,3
DD AA BREAKDOWN 4984 UK,exempt,dd aa breakdown 4984 uk,0
DD POST OFFICE 7091  DIRECT,exempt,dd post office 7091 direct,0
Iz *Amazon Eu 5883 Uk Ltd Ref-7166,standard_rate,iz amazon eu 5883 uk ltd ref 7166,3
IZ *MICROSOFT 365 8770,standard_rate,iz microsoft 365 8770,3
DD DELIVEROO 143  STORE,standard_rate,dd deliveroo 143 store,3
SQ *TESCO EXPRESS 6676 LEEDS UK,zero_rated,sq tesco express 6676 leeds uk,4
HSBC BANK FEES UK STORE,exempt,hsbc bank fees uk store,0
iz *intra account transfer 7307  direct,outside_scope,iz intra account transfer 7307 direct,1
AMAZON KINDLE 5081,zero_rated,amazon kindle 5081,4
DD HMRC PAYMENTS 1558 GLASGOW PLC REF-1015,outside_scope,dd hmrc payments 1558 glasgow plc ref 1015,1
"2025-03-05 CLOVER SALES DEPOSIT 2,963.56 28,491.35",standard_rate,2025 03 05 clover sales deposit 2 963 56 28 491 35,3
PAYMENT TO LIDL GB 5058  PLC,zero_rated,payment to lidl gb 5058 plc,4
DD ROYAL MAIL BRISTOL DIRECT,exempt,dd royal mail bristol direct,0
PAYMENT TO TRAINLINE MANCHESTER STORE REF-5734,zero_rated,payment to trainline manchester store ref 5734,4
"Mar 15 POS Sales Deposit - Weekly DEP-0315 16,980.00 81,194.80",standard_rate,mar 15 pos sales deposit weekly dep 0315 16 980 00 81 194 80,3
SQ *EDF ENERGY 832  REF-2616,reduced_rate,sq edf energy 832 ref 2616,2
DD WESTMINSTER COUNCIL  REF-3354,outside_scope,dd westminster council ref 3354,1
DELIVEROO ONLINE DIRECT,standard_rate,deliveroo online direct,3
POS XERO SOFTWARE,standard_rate,pos xero software,3
DD HMRC SHIPLEY 9899 LONDON REF-7589,outside_scope,dd hmrc shipley 9899 london ref 7589,1
INTRA ACCOUNT TRANSFER 297  PLC,outside_scope,intra account transfer 297 plc,1
POS INTRA ACCOUNT TRANSFER 7876 BRISTOL LTD REF-2453,outside_scope,pos intra account transfer 7876 bristol ltd ref 2453,1
CARD HSBC BANK FEES  STORE,exempt,card hsbc bank fees store,0
PAYMENT TO HMRC SHIPLEY 6556  DIRECT REF-1611,outside_scope,payment to hmrc shipley 6556 direct ref 1611,1
trainline 6773  direct,zero_rated,trainline 6773 direct,4
CARD MICROSOFT 365 7009 BRISTOL UK,standard_rate,card microsoft 365 7009 bristol uk,3
Iz *Barclays Bank  Ltd,exempt,iz barclays bank ltd,0
card uber eats  store ref-3589,standard_rate,card uber eats store ref 3589,3
card uber eats  store ref-4946,standard_rate,card uber eats store ref 4946,3
WESTMINSTER COUNCIL 1664  UK,outside_scope,westminster council 1664 uk,1
XERO SOFTWARE 8059 MANCHESTER UK,standard_rate,xero software 8059 manchester uk,3
IZ *TRAINLINE GLASGOW,zero_rated,iz trainline glasgow,4
SQ *BARCLAYS BANK  UK,exempt,sq barclays bank uk,0
ADOBE CREATIVE MANCHESTER,standard_rate,adobe creative manchester,3
PAYMENT TO LINKEDIN PREMIUM 5175  REF-4714,standard_rate,payment to linkedin premium 5175 ref 4714,3
SQ *ROYAL MAIL 1892 BIRMINGHAM UK,exempt,sq royal mail 1892 birmingham uk,0
Iz *Barclays Bank 8320 Birmingham Uk,exempt,iz barclays bank 8320 birmingham uk,0
dd amazon eu 6811 manchester,standard_rate,dd amazon eu 6811 manchester,3
CARD AVIVA INSURANCE ONLINE,exempt,card aviva insurance online,0
IZ *AMAZON UK MANCHESTER,standard_rate,iz amazon uk manchester,3
PAYMENT TO WESTMINSTER COUNCIL 2548 MANCHESTER PLC,outside_scope,payment to westminster council 2548 manchester plc,1
DD AA BREAKDOWN 2111  DIRECT,exempt,dd aa breakdown 2111 direct,0
DD AVIVA INSURANCE UK DIRECT REF-7607,exempt,dd aviva insurance uk direct ref 7607,0
"Total Deposits & Credits $187,450.00",standard_rate,total deposits credits 187 450 00,3
SQ *UBER EATS 8864  UK,standard_rate,sq uber eats 8864 uk,3
NATIONAL EXPRESS 7757  LTD,zero_rated,national express 7757 ltd,4
lner tickets 2967 online ltd,zero_rated,lner tickets 2967 online ltd,4
AVIVA INSURANCE 1817 LEEDS ONLINE,exempt,aviva insurance 1817 leeds online,0
POS XERO SOFTWARE  ONLINE,standard_rate,pos xero software online,3
PAYMENT TO MICROSOFT 365 5738 LONDON PLC REF-3964,standard_rate,payment to microsoft 365 5738 london plc ref 3964,3
payment to uber eats 9877 glasgow online ref-1580,standard_rate,payment to uber eats 9877 glasgow online ref 1580,3
DD TESCO STORES UK ONLINE,zero_rated,dd tesco stores uk online,4
Tesco Express 9445 Leeds Direct Ref-8564,zero_rated,tesco express 9445 leeds direct ref 8564,4
IZ *HSBC BANK FEES  UK REF-3245,exempt,iz hsbc bank fees uk ref 3245,0
iz *amazon eu 8916 uk plc,standard_rate,iz amazon eu 8916 uk plc,3
POS ROYAL MAIL 6296,exempt,pos royal mail 6296,0
"Jan 25 POS Sales Deposit - Weekly DEP-0125 16,820.00 51,364.80",standard_rate,jan 25 pos sales deposit weekly dep 0125 16 820 00 51 364 80,3
PAYMENT TO TESCO STORES 7719  ONLINE REF-7043,zero_rated,payment to tesco stores 7719 online ref 7043,4
IZ *BOOTS UK BRISTOL LTD,standard_rate,iz boots uk bristol ltd,3
KY State Tax (5%): $561.70,standard_rate,ky state tax 5 561 70,3
POS BOOTS UK 3525 LONDON DIRECT REF-7945,standard_rate,pos boots uk 3525 london direct ref 7945,3
POS TRAINLINE MANCHESTER UK,zero_rated,pos trainline manchester uk,4
03/23/2025 US FOODS INC US FOODS INC $898.25,standard_rate,03 23 2025 us foods inc us foods inc 898 25,3
ROYAL MAIL  LTD,exempt,royal mail ltd,0
IZ *AMAZON UK 6125 BIRMINGHAM PLC REF-1345,standard_rate,iz amazon uk 6125 birmingham plc ref 1345,3
IZ *TRAINLINE 6836 UK LTD REF-5761,zero_rated,iz trainline 6836 uk ltd ref 5761,4
CARD LINKEDIN PREMIUM 6428  STORE,standard_rate,card linkedin premium 6428 store,3
PAYMENT TO BARCLAYS BANK 7302 MANCHESTER UK REF-5561,exempt,payment to barclays bank 7302 manchester uk ref 5561,0
sq *post office 7695 manchester direct,exempt,sq post office 7695 manchester direct,0
card boots uk 3744  store,standard_rate,card boots uk 3744 store,3
Payroll Transfer 1233  Store Ref-6687,outside_scope,payroll transfer 1233 store ref 6687,1
DD UBER EATS LEEDS DIRECT,standard_rate,dd uber eats leeds direct,3
PAYMENT TO LNER TICKETS 1700 GLASGOW,zero_rated,payment to lner tickets 1700 glasgow,4
Payment To Aa Breakdown 4759  Plc,exempt,payment to aa breakdown 4759 plc,0
CARD EON NEXT 8084  PLC REF-8476,reduced_rate,card eon next 8084 plc ref 8476,2
DD OCTOPUS ENERGY 1759 LEEDS DIRECT,reduced_rate,dd octopus energy 1759 leeds direct,2
DD QUICKBOOKS  ONLINE REF-6007,standard_rate,dd quickbooks online ref 6007,3
Edf Energy 5810 Glasgow Ref-3818,reduced_rate,edf energy 5810 glasgow ref 3818,2
SQ *ALDI STORES GLASGOW DIRECT,zero_rated,sq aldi stores glasgow direct,4
DD LINKEDIN PREMIUM 1700 LONDON PLC REF-4170,standard_rate,dd linkedin premium 1700 london plc ref 4170,3
PAYMENT TO AMAZON EU 317 LEEDS DIRECT,standard_rate,payment to amazon eu 317 leeds direct,3
CARD MICROSOFT 365 7504  UK REF-2134,standard_rate,card microsoft 365 7504 uk ref 2134,3
iz *asda supermarket  online,zero_rated,iz asda supermarket online,4
PAYMENT TO XERO SOFTWARE 6276  ONLINE REF-6236,standard_rate,payment to xero software 6276 online ref 6236,3
DD ASDA SUPERMARKET 3565  PLC,zero_rated,dd asda supermarket 3565 plc,4
payment to tfl travel 8798 birmingham,zero_rated,payment to tfl travel 8798 birmingham,4
Dd National Express 2904 Leeds Plc Ref-7997,zero_rated,dd national express 2904 leeds plc ref 7997,4
"NET PROFIT (Q1 2024) $45,621.35",standard_rate,net profit q1 2024 45 621 35,3
* Estimate only. Confirm with your CPA.,standard_rate,estimate only confirm with your cpa,3
PAYMENT TO POST OFFICE 1338  STORE REF-9120,exempt,payment to post office 1338 store ref 9120,0
POS NATIONAL EXPRESS 517 GLASGOW LTD,zero_rated,pos national express 517 glasgow ltd,4
DD AVIVA INSURANCE 4727 LEEDS DIRECT,exempt,dd aviva insurance 4727 leeds direct,0
PAYMENT TO TESCO STORES 1989 GLASGOW ONLINE REF-5279,zero_rated,payment to tesco stores 1989 glasgow online ref 5279,4
DD TESCO EXPRESS BIRMINGHAM PLC REF-2657,zero_rated,dd tesco express birmingham plc ref 2657,4
PAYMENT TO EDF ENERGY 9330 BRISTOL STORE REF-7584,reduced_rate,payment to edf energy 9330 bristol store ref 7584,2
PAYMENT TO BRITISH GAS 1385 BIRMINGHAM REF-4679,reduced_rate,payment to british gas 1385 birmingham ref 4679,2
CARD ADOBE CREATIVE LONDON LTD,standard_rate,card adobe creative london ltd,3
DD AVIVA INSURANCE 6240  PLC REF-7889,exempt,dd aviva insurance 6240 plc ref 7889,0
CARD LIDL GB LONDON,zero_rated,card lidl gb london,4
POS TESCO EXPRESS 9393 GLASGOW PLC,zero_rated,pos tesco express 9393 glasgow plc,4
PAYMENT TO AMAZON UK 1744 GLASGOW DIRECT REF-5275,standard_rate,payment to amazon uk 1744 glasgow direct ref 5275,3
card tesco express 8435 birmingham uk,zero_rated,card tesco express 8435 birmingham uk,4
"Feb 16 ADP Payroll Processing ACH-3304 8,450.00 61,954.80",standard_rate,feb 16 adp payroll processing ach 3304 8 450 00 61 954 80,3
DD INTRA ACCOUNT TRANSFER ONLINE LTD,outside_scope,dd intra account transfer online ltd,1
03/25/2025 GRUBHUB FEE GRUBHUB FEE $40.93,standard_rate,03 25 2025 grubhub fee grubhub fee 40 93,3
Pos Lner Tickets 8426 Bristol Online,zero_rated,pos lner tickets 8426 bristol online,4
PAYMENT TO LNER TICKETS 9163 BIRMINGHAM STORE,zero_rated,payment to lner tickets 9163 birmingham store,4
POS BRITISH GAS BRISTOL UK,reduced_rate,pos british gas bristol uk,2
IZ *SAGE SUBSCRIPTION  LTD REF-4214,standard_rate,iz sage subscription ltd ref 4214,3
PAYMENT TO INTRA ACCOUNT TRANSFER 1023  STORE REF-4576,outside_scope,payment to intra account transfer 1023 store ref 4576,1
iz *stationery station 8595  store,standard_rate,iz stationery station 8595 store,3
"+ $30,263.55 - $19,029.50 $+11,234.05 31",standard_rate,30 263 55 19 029 50 11 234 05 31,3
"2025-03-05 PAYCHEX INC PAYROLL 3,349.67 25,141.68",standard_rate,2025 03 05 paychex inc payroll 3 349 67 25 141 68,3
DD POST OFFICE 1820  PLC,exempt,dd post office 1820 plc,0
DD GOOGLE WORKSPACE GLASGOW PLC,standard_rate,dd google workspace glasgow plc,3
IZ *GOOGLE WORKSPACE 2438  ONLINE,standard_rate,iz google workspace 2438 online,3
IZ *ROYAL MAIL 2900 BIRMINGHAM LTD REF-2023,exempt,iz royal mail 2900 birmingham ltd ref 2023,0
PAYMENT TO AMAZON EU  LTD,standard_rate,payment to amazon eu ltd,3
iz *xero software  ref-2501,standard_rate,iz xero software ref 2501,3
STATIONERY STATION BRISTOL DIRECT,standard_rate,stationery station bristol direct,3
DD SAINSBURYS  ONLINE,zero_rated,dd sainsburys online,4
"2026-03-10 GRUBHUB TRANSFER 410.55 37,332.75",standard_rate,2026 03 10 grubhub transfer 410 55 37 332 75,3
DD XERO SOFTWARE 6330 BIRMINGHAM DIRECT REF-6635,standard_rate,dd xero software 6330 birmingham direct ref 6635,3
Sq *Sainsburys 1317 London Online Ref-1794,zero_rated,sq sainsburys 1317 london online ref 1794,4
IZ *QUICKBOOKS 8467 ONLINE UK REF-7690,standard_rate,iz quickbooks 8467 online uk ref 7690,3
Sq *Octopus Energy Glasgow Plc,reduced_rate,sq octopus energy glasgow plc,2
DD POST OFFICE ONLINE STORE,exempt,dd post office online store,0
PAYMENT TO QUICKBOOKS ONLINE,standard_rate,payment to quickbooks online,3
dd aviva insurance london uk,exempt,dd aviva insurance london uk,0
iz *uber eats 6388 uk,standard_rate,iz uber eats 6388 uk,3
sq *uber eats 730  store ref-7609,standard_rate,sq uber eats 730 store ref 7609,3
POS BRITISH GAS 8215  LTD,reduced_rate,pos british gas 8215 ltd,2
POS WESTMINSTER COUNCIL BRISTOL LTD,outside_scope,pos westminster council bristol ltd,1
CARD LINKEDIN PREMIUM 9026 LEEDS STORE,standard_rate,card linkedin premium 9026 leeds store,3
POS QUICKBOOKS GLASGOW,standard_rate,pos quickbooks glasgow,3
IZ *TFL TRAVEL 2221  STORE REF-7313,zero_rated,iz tfl travel 2221 store ref 7313,4
Payment To British Gas  Plc Ref-6109,reduced_rate,payment to british gas plc ref 6109,2
Trainline 8964  Plc,zero_rated,trainline 8964 plc,4
Payment To Tfl Travel 7530 Bristol,zero_rated,payment to tfl travel 7530 bristol,4
IZ *SAINSBURYS 6581  PLC,zero_rated,iz sainsburys 6581 plc,4
DD INTRA ACCOUNT TRANSFER 5764 BIRMINGHAM DIRECT,outside_scope,dd intra account transfer 5764 birmingham direct,1
payment to sainsburys 7611 manchester uk ref-6869,zero_rated,payment to sainsburys 7611 manchester uk ref 6869,4
pos aldi stores 5431 online ltd,zero_rated,pos aldi stores 5431 online ltd,4
PAYMENT TO SAGE SUBSCRIPTION LEEDS STORE REF-1132,standard_rate,payment to sage subscription leeds store ref 1132,3
LNER TICKETS 7296  STORE,zero_rated,lner tickets 7296 store,4
POS DELIVEROO  UK REF-2766,standard_rate,pos deliveroo uk ref 2766,3
Iz *Uber Eats  Store Ref-5752,standard_rate,iz uber eats store ref 5752,3
POS DIRECTOR DRAWINGS 3391  UK,outside_scope,pos director drawings 3391 uk,1
POS ADOBE CREATIVE 9539  LTD,standard_rate,pos adobe creative 9539 ltd,3
TESCO EXPRESS 9180  STORE,zero_rated,tesco express 9180 store,4
CARD TFL TRAVEL 9742  PLC REF-5353,zero_rated,card tfl travel 9742 plc ref 5353,4
Transaction History — March 2025,standard_rate,transaction history march 2025,3
IZ *AA BREAKDOWN 7935  STORE,exempt,iz aa breakdown 7935 store,0
DD PAYROLL TRANSFER 9415 MANCHESTER DIRECT,outside_scope,dd payroll transfer 9415 manchester direct,1
PAYMENT TO TRAINLINE 4330  LTD,zero_rated,payment to trainline 4330 ltd,4
PAYMENT TO AMAZON UK 6930 UK ONLINE REF-3364,standard_rate,payment to amazon uk 6930 uk online ref 3364,3
dd director drawings  plc ref-9587,outside_scope,dd director drawings plc ref 9587,1
BRITISH GAS  PLC REF-5249,reduced_rate,british gas plc ref 5249,2
IZ *UBER EATS 7513 MANCHESTER STORE REF-6956,standard_rate,iz uber eats 7513 manchester store ref 6956,3
Dd Amazon Kindle 8170 Uk Direct,zero_rated,dd amazon kindle 8170 uk direct,4
IZ *AMAZON UK ONLINE UK,standard_rate,iz amazon uk online uk,3
iz *linkedin premium 4379  direct,standard_rate,iz linkedin premium 4379 direct,3
SQ *LINKEDIN PREMIUM MANCHESTER STORE REF-1859,standard_rate,sq linkedin premium manchester store ref 1859,3
IZ *AA BREAKDOWN,exempt,iz aa breakdown,0
SQ *BARCLAYS BANK 3210  DIRECT,exempt,sq barclays bank 3210 direct,0
DD HSBC BANK FEES 6052 ONLINE UK,exempt,dd hsbc bank fees 6052 online uk,0
Pos Tesco Express  Online,zero_rated,pos tesco express online,4
payment to tesco express birmingham ltd,zero_rated,payment to tesco express birmingham ltd,4
DD LINKEDIN PREMIUM 6618  STORE REF-3557,standard_rate,dd linkedin premium 6618 store ref 3557,3
Dd Director Drawings 7584,outside_scope,dd director drawings 7584,1
Sq *Asda Supermarket 6405 Leeds Ltd,zero_rated,sq asda supermarket 6405 leeds ltd,4
CARD OCTOPUS ENERGY 7396  UK REF-2465,reduced_rate,card octopus energy 7396 uk ref 2465,2
TESCO EXPRESS  STORE,zero_rated,tesco express store,4
PAYMENT TO LNER TICKETS 5154 LONDON REF-4616,zero_rated,payment to lner tickets 5154 london ref 4616,4
POS OCTOPUS ENERGY LONDON UK,reduced_rate,pos octopus energy london uk,2
WESTMINSTER COUNCIL ONLINE,outside_scope,westminster council online,1
DD AMAZON KINDLE  LTD,zero_rated,dd amazon kindle ltd,4
DD ALDI STORES 259 BIRMINGHAM PLC,zero_rated,dd aldi stores 259 birmingham plc,4
PAYMENT TO ADOBE CREATIVE  UK,standard_rate,payment to adobe creative uk,3
CARD WATERSTONES 8269  PLC,zero_rated,card waterstones 8269 plc,4
PAYMENT TO HMRC SHIPLEY BIRMINGHAM STORE,outside_scope,payment to hmrc shipley birmingham store,1
dd royal mail 6707 online ltd,exempt,dd royal mail 6707 online ltd,0
Iz *Lidl Gb 9393 Uk Online,zero_rated,iz lidl gb 9393 uk online,4
Iz *Director Drawings 9577 Leeds Direct,outside_scope,iz director drawings 9577 leeds direct,1
PAYMENT TO DELIVEROO 6590  UK,standard_rate,payment to deliveroo 6590 uk,3
OCTOPUS ENERGY 2813  DIRECT REF-4610,reduced_rate,octopus energy 2813 direct ref 4610,2
PAYMENT TO LNER TICKETS 4218 LEEDS PLC REF-9879,zero_rated,payment to lner tickets 4218 leeds plc ref 9879,4
"Food & Beverage (COGS) Sysco Foods, Gordon Food, US Foods 12 $37,870.00",standard_rate,food beverage cogs sysco foods gordon food us foods 12 37 870 00,3
pos edf energy 434 manchester uk ref-1997,reduced_rate,pos edf energy 434 manchester uk ref 1997,2
SQ *LIDL GB 5897 MANCHESTER ONLINE REF-8074,zero_rated,sq lidl gb 5897 manchester online ref 8074,4
IZ *HMRC SHIPLEY  DIRECT,outside_scope,iz hmrc shipley direct,1
Payment To Aldi Stores Birmingham,zero_rated,payment to aldi stores birmingham,4
IZ *INTRA ACCOUNT TRANSFER 3114  PLC REF-3095,outside_scope,iz intra account transfer 3114 plc ref 3095,1
POS STATIONERY STATION 2481 ONLINE UK REF-9441,standard_rate,pos stationery station 2481 online uk ref 9441,3
DD EON NEXT 5940 MANCHESTER UK,reduced_rate,dd eon next 5940 manchester uk,2
tfl travel  uk ref-7414,zero_rated,tfl travel uk ref 7414,4
SQ *TESCO STORES,zero_rated,sq tesco stores,4
POS DELIVEROO 3943  ONLINE,standard_rate,pos deliveroo 3943 online,3
BRITISH GAS 8652 GLASGOW DIRECT,reduced_rate,british gas 8652 glasgow direct,2
Card Hsbc Bank Fees 4271,exempt,card hsbc bank fees 4271,0
SQ *ADOBE CREATIVE 3736 LONDON PLC,standard_rate,sq adobe creative 3736 london plc,3
SQ *SAINSBURYS 4106  LTD,zero_rated,sq sainsburys 4106 ltd,4
SQ *TESCO STORES 6301 UK UK,zero_rated,sq tesco stores 6301 uk uk,4
CARD HMRC SHIPLEY 9889  UK,outside_scope,card hmrc shipley 9889 uk,1
Sq *Eon Next 1920  Plc,reduced_rate,sq eon next 1920 plc,2
CARD HMRC PAYMENTS 9410 MANCHESTER DIRECT,outside_scope,card hmrc payments 9410 manchester direct,1
DD ROYAL MAIL 5089 ONLINE,exempt,dd royal mail 5089 online,0
pos british gas 7943  store,reduced_rate,pos british gas 7943 store,2
PAYMENT TO ASDA SUPERMARKET 1562 BRISTOL,zero_rated,payment to asda supermarket 1562 bristol,4
payment to sainsburys 4605  plc,zero_rated,payment to sainsburys 4605 plc,4
Iz *Amazon Kindle London Plc Ref-5937,zero_rated,iz amazon kindle london plc ref 5937,4
iz *sage subscription  online ref-3646,standard_rate,iz sage subscription online ref 3646,3
POS BRITISH GAS  REF-3400,reduced_rate,pos british gas ref 3400,2
dd amazon uk london plc ref-5544,standard_rate,dd amazon uk london plc ref 5544,3
Card Eon Next 5026 Manchester Uk,reduced_rate,card eon next 5026 manchester uk,2
card sage subscription  direct,standard_rate,card sage subscription direct,3
SQ *TRAINLINE 5532  STORE REF-3199,zero_rated,sq trainline 5532 store ref 3199,4
SQ *PAYROLL TRANSFER 9589  REF-5466,outside_scope,sq payroll transfer 9589 ref 5466,1
"Jan 11 POS Sales Deposit - Weekly DEP-0111 14,320.00 47,604.80",standard_rate,jan 11 pos sales deposit weekly dep 0111 14 320 00 47 604 80,3
"Jan 06 POS Sales Deposit - Daily DEP-0106 4,105.75 36,364.80",standard_rate,jan 06 pos sales deposit daily dep 0106 4 105 75 36 364 80,3
POS NATIONAL EXPRESS 7965 BIRMINGHAM ONLINE,zero_rated,pos national express 7965 birmingham online,4
CARD TESCO STORES 4197  STORE,zero_rated,card tesco stores 4197 store,4
CARD AVIVA INSURANCE  STORE REF-6130,exempt,card aviva insurance store ref 6130,0
IZ *INTRA ACCOUNT TRANSFER 9990 BIRMINGHAM REF-4621,outside_scope,iz intra account transfer 9990 birmingham ref 4621,1
IZ *SAINSBURYS 7152 GLASGOW ONLINE,zero_rated,iz sainsburys 7152 glasgow online,4
Account Type: Business Checking - Premium Branch: Lincoln Park Branch,standard_rate,account type business checking premium branch lincoln park branch,3
"Feb 26 Beverage Distributor - Liquor ACH-6613 2,350.00 67,064.80",standard_rate,feb 26 beverage distributor liquor ach 6613 2 350 00 67 064 80,3
PAYMENT TO WATERSTONES GLASGOW ONLINE REF-2377,zero_rated,payment to waterstones glasgow online ref 2377,4
LINKEDIN PREMIUM 8600 ONLINE LTD REF-2812,standard_rate,linkedin premium 8600 online ltd ref 2812,3
CARD BARCLAYS BANK LEEDS,exempt,card barclays bank leeds,0
SQ *TRAINLINE 9613  REF-3215,zero_rated,sq trainline 9613 ref 3215,4
"Feb 18 US Foods - Meat & Dairy ACH-9922 3,420.00 58,534.80",standard_rate,feb 18 us foods meat dairy ach 9922 3 420 00 58 534 80,3
CARD AMAZON EU  LTD,standard_rate,card amazon eu ltd,3
DD ALDI STORES 8556 LONDON STORE REF-1807,zero_rated,dd aldi stores 8556 london store ref 1807,4
"Mar 01 ADP Payroll Processing ACH-3305 8,450.00 73,814.80",standard_rate,mar 01 adp payroll processing ach 3305 8 450 00 73 814 80,3
royal mail 3180  ltd,exempt,royal mail 3180 ltd,0
DD SAGE SUBSCRIPTION  UK REF-8503,standard_rate,dd sage subscription uk ref 8503,3
IZ *MICROSOFT 365  ONLINE REF-9051,standard_rate,iz microsoft 365 online ref 9051,3
sq *linkedin premium 907 bristol ltd ref-9292,standard_rate,sq linkedin premium 907 bristol ltd ref 9292,3
DD TESCO EXPRESS 7398 MANCHESTER ONLINE REF-8429,zero_rated,dd tesco express 7398 manchester online ref 8429,4
POS DELIVEROO 5470  REF-6380,standard_rate,pos deliveroo 5470 ref 6380,3
PAYMENT TO ROYAL MAIL LONDON ONLINE REF-8007,exempt,payment to royal mail london online ref 8007,0
CARD STATIONERY STATION 498 LONDON STORE REF-2906,standard_rate,card stationery station 498 london store ref 2906,3
IZ *WATERSTONES 8867  LTD REF-8616,zero_rated,iz waterstones 8867 ltd ref 8616,4
CARD AMAZON UK 4062  UK,standard_rate,card amazon uk 4062 uk,3
PAYMENT TO GOOGLE WORKSPACE MANCHESTER STORE,standard_rate,payment to google workspace manchester store,3
SQ *OCTOPUS ENERGY 606 MANCHESTER UK,reduced_rate,sq octopus energy 606 manchester uk,2
IZ *ADOBE CREATIVE 5732 LONDON PLC REF-4124,standard_rate,iz adobe creative 5732 london plc ref 4124,3
CARD TESCO STORES 1733,zero_rated,card tesco stores 1733,4
PAYMENT TO HMRC SHIPLEY 3287 BRISTOL REF-7729,outside_scope,payment to hmrc shipley 3287 bristol ref 7729,1
pos deliveroo 4891  online,standard_rate,pos deliveroo 4891 online,3
PAYMENT TO SAGE SUBSCRIPTION  DIRECT REF-7053,standard_rate,payment to sage subscription direct ref 7053,3
ADOBE CREATIVE 9830 BIRMINGHAM ONLINE,standard_rate,adobe creative 9830 birmingham online,3
IZ *GOOGLE WORKSPACE 8544  UK,standard_rate,iz google workspace 8544 uk,3
"2025-03-08 PAYCHEX INC PAYROLL 3,820.12 25,296.76",standard_rate,2025 03 08 paychex inc payroll 3 820 12 25 296 76,3
payment to microsoft 365 5021 manchester plc,standard_rate,payment to microsoft 365 5021 manchester plc,3
POST OFFICE 853 BRISTOL REF-6004,exempt,post office 853 bristol ref 6004,0
Pos Trainline 2135  Ref-9671,zero_rated,pos trainline 2135 ref 9671,4
SQ *EON NEXT  ONLINE,reduced_rate,sq eon next online,2
card trainline 7860 birmingham online,zero_rated,card trainline 7860 birmingham online,4
IZ *UBER EATS LONDON PLC,standard_rate,iz uber eats london plc,3
"Mar 22 POS Sales Deposit - Weekly DEP-0322 17,450.00 85,354.80",standard_rate,mar 22 pos sales deposit weekly dep 0322 17 450 00 85 354 80,3
pos director drawings 4654  direct ref-5055,outside_scope,pos director drawings 4654 direct ref 5055,1
pos hmrc shipley 5577  ltd,outside_scope,pos hmrc shipley 5577 ltd,1
PAYMENT TO ALDI STORES 5376 BRISTOL,zero_rated,payment to aldi stores 5376 bristol,4
CARD SAINSBURYS MANCHESTER UK,zero_rated,card sainsburys manchester uk,4
POS DIRECTOR DRAWINGS 554 LONDON LTD,outside_scope,pos director drawings 554 london ltd,1
CARD DELIVEROO LONDON LTD REF-5256,standard_rate,card deliveroo london ltd ref 5256,3
CARD MICROSOFT 365 LONDON STORE REF-6528,standard_rate,card microsoft 365 london store ref 6528,3
Pos Eon Next 7585  Direct Ref-1319,reduced_rate,pos eon next 7585 direct ref 1319,2
IZ *TESCO STORES 1519  STORE,zero_rated,iz tesco stores 1519 store,4
HMRC SHIPLEY 5472  STORE,outside_scope,hmrc shipley 5472 store,1
POS UBER EATS 4074 GLASGOW ONLINE,standard_rate,pos uber eats 4074 glasgow online,3
POS AA BREAKDOWN 8770 LEEDS,exempt,pos aa breakdown 8770 leeds,0
POS EDF ENERGY 2450 GLASGOW STORE REF-4828,reduced_rate,pos edf energy 2450 glasgow store ref 4828,2
CARD DIRECTOR DRAWINGS 5934  DIRECT,outside_scope,card director drawings 5934 direct,1
Sq *Tesco Stores 2542  Ltd,zero_rated,sq tesco stores 2542 ltd,4
CARD ASDA SUPERMARKET 851 MANCHESTER DIRECT,zero_rated,card asda supermarket 851 manchester direct,4
Dd Aldi Stores 5393  Direct,zero_rated,dd aldi stores 5393 direct,4
CARD TESCO EXPRESS MANCHESTER PLC REF-1256,zero_rated,card tesco express manchester plc ref 1256,4
IZ *AMAZON KINDLE LONDON ONLINE,zero_rated,iz amazon kindle london online,4
POS TRAINLINE 2813 BRISTOL ONLINE,zero_rated,pos trainline 2813 bristol online,4
PAYMENT TO BOOTS UK 1748 LONDON UK,standard_rate,payment to boots uk 1748 london uk,3
Card Tesco Express 7478  Store Ref-5582,zero_rated,card tesco express 7478 store ref 5582,4
Payment To Microsoft 365 521 Bristol,standard_rate,payment to microsoft 365 521 bristol,3
DD BOOTS UK 4937  LTD REF-9245,standard_rate,dd boots uk 4937 ltd ref 9245,3
POS BOOTS UK 1538 BIRMINGHAM ONLINE,standard_rate,pos boots uk 1538 birmingham online,3
CARD UBER EATS 1091 GLASGOW DIRECT,standard_rate,card uber eats 1091 glasgow direct,3
Payment To Aviva Insurance 4196 Bristol Ltd,exempt,payment to aviva insurance 4196 bristol ltd,0
SQ *STATIONERY STATION ONLINE ONLINE REF-4316,standard_rate,sq stationery station online online ref 4316,3
OCTOPUS ENERGY 874 UK,reduced_rate,octopus energy 874 uk,2
iz *intra account transfer 650 birmingham ltd ref-7415,outside_scope,iz intra account transfer 650 birmingham ltd ref 7415,1
POST OFFICE 7027 GLASGOW UK REF-8676,exempt,post office 7027 glasgow uk ref 8676,0
PAYMENT TO LINKEDIN PREMIUM 282 MANCHESTER STORE,standard_rate,payment to linkedin premium 282 manchester store,3
adobe creative 5059  direct ref-2813,standard_rate,adobe creative 5059 direct ref 2813,3
TESCO EXPRESS LEEDS ONLINE,zero_rated,tesco express leeds online,4
DELIVEROO 427 GLASGOW LTD REF-3132,standard_rate,deliveroo 427 glasgow ltd ref 3132,3
SQ *HSBC BANK FEES 4693 BIRMINGHAM STORE REF-1287,exempt,sq hsbc bank fees 4693 birmingham store ref 1287,0
IZ *MICROSOFT 365 9916 GLASGOW ONLINE,standard_rate,iz microsoft 365 9916 glasgow online,3
card sage subscription 3054 uk direct,standard_rate,card sage subscription 3054 uk direct,3
"2026-01-20 GORDON FOOD SERVICE 3,299.26 27,542.20",standard_rate,2026 01 20 gordon food service 3 299 26 27 542 20,3
IZ *BOOTS UK 4566  LTD REF-9773,standard_rate,iz boots uk 4566 ltd ref 9773,3
SQ *AA BREAKDOWN 8114,exempt,sq aa breakdown 8114,0
sq *hsbc bank fees uk online,exempt,sq hsbc bank fees uk online,0
IZ *SAINSBURYS 9560 ONLINE UK REF-7786,zero_rated,iz sainsburys 9560 online uk ref 7786,4
PAYMENT TO XERO SOFTWARE 3290 LONDON DIRECT,standard_rate,payment to xero software 3290 london direct,3
dd tesco express uk direct,zero_rated,dd tesco express uk direct,4
WATERSTONES  PLC REF-7094,zero_rated,waterstones plc ref 7094,4
DD BARCLAYS BANK 5055 LEEDS LTD REF-1315,exempt,dd barclays bank 5055 leeds ltd ref 1315,0
Iz *British Gas 8528  Plc,reduced_rate,iz british gas 8528 plc,2
IZ *OCTOPUS ENERGY 5722  DIRECT,reduced_rate,iz octopus energy 5722 direct,2
"2025-04-08 CASH DEPOSIT 529.81 34,189.27",standard_rate,2025 04 08 cash deposit 529 81 34 189 27,3
CARD LIDL GB 4518 LEEDS PLC,zero_rated,card lidl gb 4518 leeds plc,4
PAYMENT TO AMAZON EU BIRMINGHAM ONLINE REF-1648,standard_rate,payment to amazon eu birmingham online ref 1648,3
"2025-03-15 SQUARE *LOUISVILLE BBQ DEPOSIT 5,554.98 24,391.09",standard_rate,2025 03 15 square louisville bbq deposit 5 554 98 24 391 09,3
dd intra account transfer leeds uk,outside_scope,dd intra account transfer leeds uk,1
EDF ENERGY 3828  LTD,reduced_rate,edf energy 3828 ltd,2
POS AMAZON KINDLE 6923  PLC,zero_rated,pos amazon kindle 6923 plc,4
card linkedin premium 6070 birmingham direct ref-3796,standard_rate,card linkedin premium 6070 birmingham direct ref 3796,3
Iz *Stationery Station  Ltd,standard_rate,iz stationery station ltd,3
EON NEXT 2712 LEEDS PLC REF-7406,reduced_rate,eon next 2712 leeds plc ref 7406,2
IZ *TESCO EXPRESS 4301  LTD REF-4505,zero_rated,iz tesco express 4301 ltd ref 4505,4
DD LIDL GB 7842  UK,zero_rated,dd lidl gb 7842 uk,4
DD LIDL GB 8290 LONDON PLC REF-2442,zero_rated,dd lidl gb 8290 london plc ref 2442,4
sq *adobe creative glasgow direct ref-6787,standard_rate,sq adobe creative glasgow direct ref 6787,3
IZ *ROYAL MAIL 7666 LONDON ONLINE REF-6297,exempt,iz royal mail 7666 london online ref 6297,0
POS NATIONAL EXPRESS 3457 MANCHESTER DIRECT REF-3691,zero_rated,pos national express 3457 manchester direct ref 3691,4
amazon uk leeds store,standard_rate,amazon uk leeds store,3
PAYMENT TO HMRC PAYMENTS LONDON LTD,outside_scope,payment to hmrc payments london ltd,1
POS LNER TICKETS 7038 MANCHESTER UK,zero_rated,pos lner tickets 7038 manchester uk,4
IZ *ALDI STORES 5095  LTD,zero_rated,iz aldi stores 5095 ltd,4
CARD LIDL GB 1376 BIRMINGHAM STORE REF-8972,zero_rated,card lidl gb 1376 birmingham store ref 8972,4
DD GOOGLE WORKSPACE 939 ONLINE STORE REF-7633,standard_rate,dd google workspace 939 online store ref 7633,3
"Jan 19 Sysco Foods Inc - Inventory ACH-7742 3,950.00 42,994.80",standard_rate,jan 19 sysco foods inc inventory ach 7742 3 950 00 42 994 80,3
Iz *Hmrc Payments 6458  Direct,outside_scope,iz hmrc payments 6458 direct,1
TESCO EXPRESS 9181 ONLINE LTD REF-1672,zero_rated,tesco express 9181 online ltd ref 1672,4
Dd National Express 7533  Direct,zero_rated,dd national express 7533 direct,4
IZ *HMRC SHIPLEY 9202 LEEDS LTD,outside_scope,iz hmrc shipley 9202 leeds ltd,1
SQ *PAYROLL TRANSFER 5334 GLASGOW,outside_scope,sq payroll transfer 5334 glasgow,1
SQ *BOOTS UK 3839 LONDON STORE REF-3285,standard_rate,sq boots uk 3839 london store ref 3285,3
IZ *WESTMINSTER COUNCIL 6592  UK REF-4803,outside_scope,iz westminster council 6592 uk ref 4803,1
BARCLAYS BANK GLASGOW LTD,exempt,barclays bank glasgow ltd,0
iz *hsbc bank fees 4974  ref-3167,exempt,iz hsbc bank fees 4974 ref 3167,0
SQ *ROYAL MAIL 5341 UK REF-6744,exempt,sq royal mail 5341 uk ref 6744,0
IZ *LIDL GB 5740 ONLINE UK REF-1133,zero_rated,iz lidl gb 5740 online uk ref 1133,4
PAYMENT TO BARCLAYS BANK 8789  DIRECT,exempt,payment to barclays bank 8789 direct,0
BARCLAYS BANK 7354 ONLINE LTD,exempt,barclays bank 7354 online ltd,0
"2026-01-19 UBER EATS TRANSFER 590.10 30,841.46",standard_rate,2026 01 19 uber eats transfer 590 10 30 841 46,3
dd national express 3419  uk,zero_rated,dd national express 3419 uk,4
SQ *DIRECTOR DRAWINGS  DIRECT,outside_scope,sq director drawings direct,1
DD TESCO STORES 9531 MANCHESTER DIRECT,zero_rated,dd tesco stores 9531 manchester direct,4
Iz *Stationery Station 3124  Plc,standard_rate,iz stationery station 3124 plc,3
payment to lidl gb birmingham online ref-7813,zero_rated,payment to lidl gb birmingham online ref 7813,4
PAYMENT TO PAYROLL TRANSFER GLASGOW PLC REF-2630,outside_scope,payment to payroll transfer glasgow plc ref 2630,1
PAYMENT TO INTRA ACCOUNT TRANSFER  UK REF-1757,outside_scope,payment to intra account transfer uk ref 1757,1
PAYMENT TO BRITISH GAS BRISTOL ONLINE REF-6515,reduced_rate,payment to british gas bristol online ref 6515,2
sq *sage subscription 9573 birmingham online ref-5004,standard_rate,sq sage subscription 9573 birmingham online ref 5004,3
CARD XERO SOFTWARE 9339  STORE REF-7130,standard_rate,card xero software 9339 store ref 7130,3
DD WATERSTONES  LTD,zero_rated,dd waterstones ltd,4
iz *national express  store,zero_rated,iz national express store,4
Sq *Microsoft 365 1838  Ltd,standard_rate,sq microsoft 365 1838 ltd,3
PAYMENT TO BRITISH GAS 5036 LEEDS LTD,reduced_rate,payment to british gas 5036 leeds ltd,2
DD SAINSBURYS ONLINE DIRECT,zero_rated,dd sainsburys online direct,4
Pos Lidl Gb 9658  Uk,zero_rated,pos lidl gb 9658 uk,4
AVIVA INSURANCE MANCHESTER PLC,exempt,aviva insurance manchester plc,0
DD PAYROLL TRANSFER  PLC,outside_scope,dd payroll transfer plc,1
Hmrc Payments Uk Uk,outside_scope,hmrc payments uk uk,1
IZ *STATIONERY STATION 3352  ONLINE REF-5195,standard_rate,iz stationery station 3352 online ref 5195,3
card google workspace uk direct,standard_rate,card google workspace uk direct,3
Card Aldi Stores 619 Glasgow,zero_rated,card aldi stores 619 glasgow,4
BARCLAYS BANK 8949 LONDON STORE,exempt,barclays bank 8949 london store,0
Sq *Edf Energy 7649  Ltd Ref-6421,reduced_rate,sq edf energy 7649 ltd ref 6421,2
ALDI STORES ONLINE PLC,zero_rated,aldi stores online plc,4
IZ *TESCO EXPRESS 6961  LTD,zero_rated,iz tesco express 6961 ltd,4
LNER TICKETS 5523  PLC REF-6006,zero_rated,lner tickets 5523 plc ref 6006,4
CARD MICROSOFT 365  DIRECT,standard_rate,card microsoft 365 direct,3
DD GOOGLE WORKSPACE 9332  LTD,standard_rate,dd google workspace 9332 ltd,3
IZ *AMAZON UK BIRMINGHAM STORE REF-6548,standard_rate,iz amazon uk birmingham store ref 6548,3
IZ *TESCO EXPRESS 6680  LTD,zero_rated,iz tesco express 6680 ltd,4
IZ *WESTMINSTER COUNCIL 2966  PLC,outside_scope,iz westminster council 2966 plc,1
PAYMENT TO ADOBE CREATIVE 7355 LONDON REF-8474,standard_rate,payment to adobe creative 7355 london ref 8474,3
IZ *LINKEDIN PREMIUM 2199 LEEDS LTD,standard_rate,iz linkedin premium 2199 leeds ltd,3
EON NEXT 7174 LONDON DIRECT REF-1420,reduced_rate,eon next 7174 london direct ref 1420,2
POS LIDL GB 9811 BIRMINGHAM LTD REF-8304,zero_rated,pos lidl gb 9811 birmingham ltd ref 8304,4
pos boots uk 5775 uk direct,standard_rate,pos boots uk 5775 uk direct,3
CARD HMRC SHIPLEY  REF-5148,outside_scope,card hmrc shipley ref 5148,1
DD SAINSBURYS 2465  REF-1944,zero_rated,dd sainsburys 2465 ref 1944,4
MICROSOFT 365 6341  DIRECT,standard_rate,microsoft 365 6341 direct,3
POS BARCLAYS BANK BIRMINGHAM,exempt,pos barclays bank birmingham,0
IZ *ALDI STORES LEEDS PLC REF-6833,zero_rated,iz aldi stores leeds plc ref 6833,4
IZ *NATIONAL EXPRESS,zero_rated,iz national express,4
pos amazon uk 7146 bristol plc,standard_rate,pos amazon uk 7146 bristol plc,3
"Statement Period: March 1 – March 31, 2025",standard_rate,statement period march 1 march 31 2025,3
SQ *BRITISH GAS 4446 LEEDS DIRECT,reduced_rate,sq british gas 4446 leeds direct,2
IZ *HMRC SHIPLEY GLASGOW UK REF-3312,outside_scope,iz hmrc shipley glasgow uk ref 3312,1
PAYMENT TO AA BREAKDOWN 8315 LONDON,exempt,payment to aa breakdown 8315 london,0
HMRC PAYMENTS 2282 ONLINE UK,outside_scope,hmrc payments 2282 online uk,1
"NET PROFIT (Q1 2024) $45,621.35",standard_rate,net profit q1 2024 45 621 35,3
Pos Hmrc Shipley 6429 Manchester,outside_scope,pos hmrc shipley 6429 manchester,1
dd aldi stores 9984,zero_rated,dd aldi stores 9984,4
DD TRAINLINE 4517 UK ONLINE,zero_rated,dd trainline 4517 uk online,4
POS DIRECTOR DRAWINGS 3075  UK,outside_scope,pos director drawings 3075 uk,1
"Mar 19 Sysco Foods Inc - Inventory ACH-7746 4,840.00 67,904.80",standard_rate,mar 19 sysco foods inc inventory ach 7746 4 840 00 67 904 80,3
SQ *HMRC PAYMENTS 856 MANCHESTER STORE,outside_scope,sq hmrc payments 856 manchester store,1
Payment To Hsbc Bank Fees Online Ltd Ref-5887,exempt,payment to hsbc bank fees online ltd ref 5887,0
DD TFL TRAVEL 4884 MANCHESTER ONLINE,zero_rated,dd tfl travel 4884 manchester online,4
PAYMENT TO TRAINLINE 8865  REF-2189,zero_rated,payment to trainline 8865 ref 2189,4
EDF ENERGY BIRMINGHAM REF-2957,reduced_rate,edf energy birmingham ref 2957,2
DELIVEROO 695 BRISTOL DIRECT,standard_rate,deliveroo 695 bristol direct,3
Dd Eon Next Glasgow Ltd Ref-1464,reduced_rate,dd eon next glasgow ltd ref 1464,2
Pos Tesco Stores 4395  Direct,zero_rated,pos tesco stores 4395 direct,4
"Mar 26 Republic Services - Trash ACH-2211 310.00 82,464.80",standard_rate,mar 26 republic services trash ach 2211 310 00 82 464 80,3
PAYMENT TO EON NEXT  DIRECT,reduced_rate,payment to eon next direct,2
PAYMENT TO ROYAL MAIL 2763 UK LTD,exempt,payment to royal mail 2763 uk ltd,0
CARD ROYAL MAIL 4593 LONDON PLC REF-7913,exempt,card royal mail 4593 london plc ref 7913,0
lidl gb  uk ref-2431,zero_rated,lidl gb uk ref 2431,4
IZ *WESTMINSTER COUNCIL 3267 GLASGOW UK,outside_scope,iz westminster council 3267 glasgow uk,1
SQ *PAYROLL TRANSFER BIRMINGHAM LTD,outside_scope,sq payroll transfer birmingham ltd,1
DD AMAZON EU 5203 ONLINE PLC,standard_rate,dd amazon eu 5203 online plc,3
HSBC BANK FEES 7274 LONDON STORE REF-8378,exempt,hsbc bank fees 7274 london store ref 8378,0
CARD OCTOPUS ENERGY 6516 UK PLC,reduced_rate,card octopus energy 6516 uk plc,2
payment to tesco stores 1086 online uk ref-2625,zero_rated,payment to tesco stores 1086 online uk ref 2625,4
"Feb 19 Sysco Foods Inc - Inventory ACH-7744 4,100.00 54,434.80",standard_rate,feb 19 sysco foods inc inventory ach 7744 4 100 00 54 434 80,3
sq *aldi stores  uk ref-1214,zero_rated,sq aldi stores uk ref 1214,4
iz *amazon eu uk uk,standard_rate,iz amazon eu uk uk,3
POS LNER TICKETS  UK REF-6262,zero_rated,pos lner tickets uk ref 6262,4
IZ *BRITISH GAS 683 LEEDS REF-1130,reduced_rate,iz british gas 683 leeds ref 1130,2
POS SAGE SUBSCRIPTION 1627  DIRECT REF-7852,standard_rate,pos sage subscription 1627 direct ref 7852,3
IZ *HMRC PAYMENTS 1025 UK DIRECT,outside_scope,iz hmrc payments 1025 uk direct,1
octopus energy uk online,reduced_rate,octopus energy uk online,2
POS AMAZON KINDLE BRISTOL PLC,zero_rated,pos amazon kindle bristol plc,4
PAYMENT TO XERO SOFTWARE UK DIRECT,standard_rate,payment to xero software uk direct,3
CARD AMAZON EU  PLC,standard_rate,card amazon eu plc,3
IZ *AMAZON EU 4919 LEEDS PLC REF-6368,standard_rate,iz amazon eu 4919 leeds plc ref 6368,3
PAYMENT TO AMAZON EU 8302 BRISTOL PLC REF-7271,standard_rate,payment to amazon eu 8302 bristol plc ref 7271,3
PAYMENT TO AMAZON UK 397  UK,standard_rate,payment to amazon uk 397 uk,3
CARD SAGE SUBSCRIPTION 6275 BIRMINGHAM DIRECT REF-2802,standard_rate,card sage subscription 6275 birmingham direct ref 2802,3
DD DIRECTOR DRAWINGS 4218  LTD REF-9551,outside_scope,dd director drawings 4218 ltd ref 9551,1
IZ *ADOBE CREATIVE 6286  PLC,standard_rate,iz adobe creative 6286 plc,3
dd sage subscription 6969 leeds uk ref-4360,standard_rate,dd sage subscription 6969 leeds uk ref 4360,3
PAYMENT TO POST OFFICE 4354  STORE REF-1299,exempt,payment to post office 4354 store ref 1299,0
IZ *BARCLAYS BANK 8721 ONLINE LTD,exempt,iz barclays bank 8721 online ltd,0
Sq *Intra Account Transfer 6263 Manchester Online Ref-4482,outside_scope,sq intra account transfer 6263 manchester online ref 4482,1
AA BREAKDOWN 8068 ONLINE STORE REF-5210,exempt,aa breakdown 8068 online store ref 5210,0
CARD LNER TICKETS BRISTOL STORE,zero_rated,card lner tickets bristol store,4
sq *director drawings 6351  direct,outside_scope,sq director drawings 6351 direct,1
CARD DELIVEROO 7018  DIRECT,standard_rate,card deliveroo 7018 direct,3
IZ *OCTOPUS ENERGY 3670  DIRECT,reduced_rate,iz octopus energy 3670 direct,2
amazon eu 8499 london direct ref-3445,standard_rate,amazon eu 8499 london direct ref 3445,3
POS PAYROLL TRANSFER LONDON LTD,outside_scope,pos payroll transfer london ltd,1
SQ *HSBC BANK FEES MANCHESTER UK,exempt,sq hsbc bank fees manchester uk,0
POS LINKEDIN PREMIUM 4345,standard_rate,pos linkedin premium 4345,3
PAYMENT TO PAYROLL TRANSFER 9400 LONDON UK REF-8198,outside_scope,payment to payroll transfer 9400 london uk ref 8198,1
IZ *INTRA ACCOUNT TRANSFER 591  LTD REF-4976,outside_scope,iz intra account transfer 591 ltd ref 4976,1
PAYMENT TO TESCO EXPRESS ONLINE PLC,zero_rated,payment to tesco express online plc,4
DD AMAZON KINDLE MANCHESTER DIRECT REF-6022,zero_rated,dd amazon kindle manchester direct ref 6022,4
"03/11 SYSCO FOODS 0311 LOUISVILLE KY FoodCost $1,050.00 $17,713.50",standard_rate,03 11 sysco foods 0311 louisville ky foodcost 1 050 00 17 713 50,3
DD TESCO EXPRESS 8111 LEEDS UK,zero_rated,dd tesco express 8111 leeds uk,4
POS DELIVEROO 8974 GLASGOW ONLINE,standard_rate,pos deliveroo 8974 glasgow online,3
IZ *XERO SOFTWARE 3913  UK,standard_rate,iz xero software 3913 uk,3
OCTOPUS ENERGY 5167 LEEDS DIRECT REF-4449,reduced_rate,octopus energy 5167 leeds direct ref 4449,2
pos uber eats 6759  online,standard_rate,pos uber eats 6759 online,3
dd waterstones 1028 bristol,zero_rated,dd waterstones 1028 bristol,4
PAYMENT TO WATERSTONES BRISTOL UK,zero_rated,payment to waterstones bristol uk,4
Pos Amazon Eu 6576 Manchester Plc Ref-3288,standard_rate,pos amazon eu 6576 manchester plc ref 3288,3
Dd Eon Next 5898,reduced_rate,dd eon next 5898,2
AMAZON UK  ONLINE,standard_rate,amazon uk online,3
DD WATERSTONES 7029,zero_rated,dd waterstones 7029,4
CARD ROYAL MAIL 3076 UK PLC,exempt,card royal mail 3076 uk plc,0
sq *stationery station 5651 london,standard_rate,sq stationery station 5651 london,3
adobe creative 6290 london direct,standard_rate,adobe creative 6290 london direct,3
payment to waterstones glasgow store ref-9174,zero_rated,payment to waterstones glasgow store ref 9174,4
PAYMENT TO SAGE SUBSCRIPTION 9458  LTD,standard_rate,payment to sage subscription 9458 ltd,3
payment to aldi stores  store,zero_rated,payment to aldi stores store,4
PAYMENT TO AMAZON KINDLE 3693 ONLINE LTD REF-4853,zero_rated,payment to amazon kindle 3693 online ltd ref 4853,4
CARD DIRECTOR DRAWINGS 8457  ONLINE REF-3720,outside_scope,card director drawings 8457 online ref 3720,1
PAYMENT TO LNER TICKETS 8737 ONLINE PLC,zero_rated,payment to lner tickets 8737 online plc,4
Payment To Intra Account Transfer Glasgow Ltd,outside_scope,payment to intra account transfer glasgow ltd,1
Linkedin Premium 1892  Uk,standard_rate,linkedin premium 1892 uk,3
Sq *Linkedin Premium 4743 Leeds Uk,standard_rate,sq linkedin premium 4743 leeds uk,3
POS LNER TICKETS 5263 GLASGOW DIRECT REF-5391,zero_rated,pos lner tickets 5263 glasgow direct ref 5391,4
CARD GOOGLE WORKSPACE 7892 UK UK REF-2876,standard_rate,card google workspace 7892 uk uk ref 2876,3
POS AMAZON UK 5631  ONLINE,standard_rate,pos amazon uk 5631 online,3
PAYMENT TO EON NEXT 9515 BIRMINGHAM,reduced_rate,payment to eon next 9515 birmingham,2
card aa breakdown 4775 london plc,exempt,card aa breakdown 4775 london plc,0
PAYMENT TO DELIVEROO GLASGOW STORE,standard_rate,payment to deliveroo glasgow store,3
payment to deliveroo 1752  store ref-8476,standard_rate,payment to deliveroo 1752 store ref 8476,3
SQ *NATIONAL EXPRESS 1140  DIRECT REF-8559,zero_rated,sq national express 1140 direct ref 8559,4
lidl gb,zero_rated,lidl gb,4
edf energy 2070 london ref-6106,reduced_rate,edf energy 2070 london ref 6106,2
PAYMENT TO STATIONERY STATION 656 BRISTOL LTD REF-9931,standard_rate,payment to stationery station 656 bristol ltd ref 9931,3
SQ *BRITISH GAS 2065 BRISTOL PLC,reduced_rate,sq british gas 2065 bristol plc,2
PAYMENT TO LIDL GB 2540  STORE REF-1083,zero_rated,payment to lidl gb 2540 store ref 1083,4
SQ *ROYAL MAIL 5476 MANCHESTER REF-9669,exempt,sq royal mail 5476 manchester ref 9669,0
Sq *Octopus Energy 9288,reduced_rate,sq octopus energy 9288,2
Cardmember: Louisville BBQ Co. Closing Date: 03/31/2025,standard_rate,cardmember louisville bbq co closing date 03 31 2025,3
IZ *TESCO EXPRESS BRISTOL ONLINE,zero_rated,iz tesco express bristol online,4
PAYMENT TO TESCO STORES 7632 GLASGOW LTD REF-8135,zero_rated,payment to tesco stores 7632 glasgow ltd ref 8135,4
Waterstones 6838,zero_rated,waterstones 6838,4
IZ *NATIONAL EXPRESS 7292 LEEDS PLC REF-7792,zero_rated,iz national express 7292 leeds plc ref 7792,4
"2026-01-30 CLOVER SALES DEPOSIT 2,870.15 33,658.86",standard_rate,2026 01 30 clover sales deposit 2 870 15 33 658 86,3
Pos Hmrc Shipley London Plc Ref-4888,outside_scope,pos hmrc shipley london plc ref 4888,1
Iz *Tesco Express 6521 Bristol Plc,zero_rated,iz tesco express 6521 bristol plc,4
CARD HMRC SHIPLEY 4998 LONDON,outside_scope,card hmrc shipley 4998 london,1
Iz *Amazon Eu 2744  Plc,standard_rate,iz amazon eu 2744 plc,3
CARD HMRC PAYMENTS 2460  UK,outside_scope,card hmrc payments 2460 uk,1
CARD OCTOPUS ENERGY 6182 BIRMINGHAM DIRECT REF-9859,reduced_rate,card octopus energy 6182 birmingham direct ref 9859,2
LNER TICKETS 8522  ONLINE,zero_rated,lner tickets 8522 online,4
"Reward Points: 14,820 pts New Balance: $4,506.69",standard_rate,reward points 14 820 pts new balance 4 506 69,3
payment to google workspace 2250 bristol ltd,standard_rate,payment to google workspace 2250 bristol ltd,3
CARD POST OFFICE 1909 ONLINE ONLINE,exempt,card post office 1909 online online,0
INTRA ACCOUNT TRANSFER 4243 ONLINE PLC,outside_scope,intra account transfer 4243 online plc,1
CARD GOOGLE WORKSPACE 6516  STORE,standard_rate,card google workspace 6516 store,3
"2026-01-16 CATERING INVOICE - SMITH WEDDING 2,450.00 27,779.46",standard_rate,2026 01 16 catering invoice smith wedding 2 450 00 27 779 46,3
DD AMAZON UK 6822 BIRMINGHAM PLC REF-6233,standard_rate,dd amazon uk 6822 birmingham plc ref 6233,3
"Mar 01 ADP Payroll Processing ACH-3305 8,450.00 73,814.80",standard_rate,mar 01 adp payroll processing ach 3305 8 450 00 73 814 80,3
CARD GOOGLE WORKSPACE 5461  LTD,standard_rate,card google workspace 5461 ltd,3
Business Checking — Louisville BBQ Co.,standard_rate,business checking louisville bbq co,3
IZ *BRITISH GAS ONLINE DIRECT,reduced_rate,iz british gas online direct,2
CARD LINKEDIN PREMIUM ONLINE ONLINE,standard_rate,card linkedin premium online online,3
POS DELIVEROO 429 LONDON ONLINE,standard_rate,pos deliveroo 429 london online,3
IZ *TRAINLINE 9098 ONLINE LTD REF-3412,zero_rated,iz trainline 9098 online ltd ref 3412,4
Iz *Adobe Creative 271  Store,standard_rate,iz adobe creative 271 store,3
IZ *LIDL GB 3538  UK,zero_rated,iz lidl gb 3538 uk,4
iz *linkedin premium 980 bristol ltd,standard_rate,iz linkedin premium 980 bristol ltd,3
BOOTS UK 8326 UK STORE,standard_rate,boots uk 8326 uk store,3
octopus energy 5627 manchester online,reduced_rate,octopus energy 5627 manchester online,2
AVIVA INSURANCE 7127 GLASGOW PLC,exempt,aviva insurance 7127 glasgow plc,0
SQ *WATERSTONES 9253 GLASGOW REF-2100,zero_rated,sq waterstones 9253 glasgow ref 2100,4
POS LIDL GB 6717 UK STORE REF-2148,zero_rated,pos lidl gb 6717 uk store ref 2148,4
Card Eon Next 4308 Birmingham Direct Ref-2298,reduced_rate,card eon next 4308 birmingham direct ref 2298,2
Sq *Tfl Travel  Direct Ref-2979,zero_rated,sq tfl travel direct ref 2979,4
PAYMENT TO BARCLAYS BANK LONDON ONLINE REF-4969,exempt,payment to barclays bank london online ref 4969,0
card british gas  plc,reduced_rate,card british gas plc,2
IZ *AVIVA INSURANCE 6126 BRISTOL,exempt,iz aviva insurance 6126 bristol,0
LNER TICKETS 6593 MANCHESTER,zero_rated,lner tickets 6593 manchester,4
CARD WESTMINSTER COUNCIL 8635 LEEDS LTD,outside_scope,card westminster council 8635 leeds ltd,1
Pos Deliveroo  Direct,standard_rate,pos deliveroo direct,3
SQ *LIDL GB 8987  LTD,zero_rated,sq lidl gb 8987 ltd,4
CARD EDF ENERGY 6624 BRISTOL PLC,reduced_rate,card edf energy 6624 bristol plc,2
ADOBE CREATIVE 4134 MANCHESTER,standard_rate,adobe creative 4134 manchester,3
PAYMENT TO DELIVEROO  LTD,standard_rate,payment to deliveroo ltd,3
IZ *ALDI STORES  LTD,zero_rated,iz aldi stores ltd,4
"Jan 08 Gordon Food Service - Produce ACH-5522 1,240.00 35,124.80",standard_rate,jan 08 gordon food service produce ach 5522 1 240 00 35 124 80,3
IZ *GOOGLE WORKSPACE 7502  LTD,standard_rate,iz google workspace 7502 ltd,3
IZ *INTRA ACCOUNT TRANSFER 2805 UK LTD REF-8232,outside_scope,iz intra account transfer 2805 uk ltd ref 8232,1
CARD BARCLAYS BANK 4757 LEEDS ONLINE REF-2158,exempt,card barclays bank 4757 leeds online ref 2158,0
Card Intra Account Transfer 1371  Online Ref-5604,outside_scope,card intra account transfer 1371 online ref 5604,1
sq *asda supermarket birmingham uk ref-7113,zero_rated,sq asda supermarket birmingham uk ref 7113,4
iz *tesco express  online,zero_rated,iz tesco express online,4
SQ *HMRC SHIPLEY 8901 ONLINE,outside_scope,sq hmrc shipley 8901 online,1
PAYROLL TRANSFER 782 ONLINE,outside_scope,payroll transfer 782 online,1
Sq *Aldi Stores 7316 Uk,zero_rated,sq aldi stores 7316 uk,4
PAYMENT TO ASDA SUPERMARKET ONLINE PLC,zero_rated,payment to asda supermarket online plc,4
POS HMRC SHIPLEY ONLINE PLC REF-6512,outside_scope,pos hmrc shipley online plc ref 6512,1
DD ADOBE CREATIVE 9176 LONDON ONLINE,standard_rate,dd adobe creative 9176 london online,3
Card Stationery Station 8771  Uk,standard_rate,card stationery station 8771 uk,3
POS MICROSOFT 365 4513  STORE,standard_rate,pos microsoft 365 4513 store,3
POS QUICKBOOKS,standard_rate,pos quickbooks,3
PAYMENT TO UBER EATS 990 ONLINE,standard_rate,payment to uber eats 990 online,3
PAYMENT TO HMRC SHIPLEY MANCHESTER LTD,outside_scope,payment to hmrc shipley manchester ltd,1
PAYMENT TO AMAZON EU BRISTOL PLC,standard_rate,payment to amazon eu bristol plc,3
PAYMENT TO TESCO EXPRESS 5149 UK DIRECT REF-7487,zero_rated,payment to tesco express 5149 uk direct ref 7487,4
Card Royal Mail London,exempt,card royal mail london,0
SQ *XERO SOFTWARE 9172  ONLINE,standard_rate,sq xero software 9172 online,3
PAYMENT TO AMAZON EU BIRMINGHAM REF-8900,standard_rate,payment to amazon eu birmingham ref 8900,3
DD ASDA SUPERMARKET 6603  UK REF-3029,zero_rated,dd asda supermarket 6603 uk ref 3029,4
national express glasgow online ref-1102,zero_rated,national express glasgow online ref 1102,4
SQ *GOOGLE WORKSPACE 3837  ONLINE REF-6624,standard_rate,sq google workspace 3837 online ref 6624,3
DD WATERSTONES 2958 ONLINE UK REF-6764,zero_rated,dd waterstones 2958 online uk ref 6764,4
CARD HSBC BANK FEES 5496 BRISTOL ONLINE,exempt,card hsbc bank fees 5496 bristol online,0
CARD ROYAL MAIL 4975  ONLINE,exempt,card royal mail 4975 online,0
SQ *SAGE SUBSCRIPTION 7143  ONLINE,standard_rate,sq sage subscription 7143 online,3
CARD LIDL GB 9167 BIRMINGHAM PLC,zero_rated,card lidl gb 9167 birmingham plc,4
Payment To Waterstones  Online,zero_rated,payment to waterstones online,4
IZ *INTRA ACCOUNT TRANSFER 8773  ONLINE,outside_scope,iz intra account transfer 8773 online,1
dd hsbc bank fees online plc,exempt,dd hsbc bank fees online plc,0
sq *aldi stores  online ref-7436,zero_rated,sq aldi stores online ref 7436,4
DD QUICKBOOKS 1637 BRISTOL ONLINE,standard_rate,dd quickbooks 1637 bristol online,3
Card Waterstones Online Direct Ref-9082,zero_rated,card waterstones online direct ref 9082,4
IZ *STATIONERY STATION 3453 LONDON STORE REF-6748,standard_rate,iz stationery station 3453 london store ref 6748,3
"2025-03-21 GUSTO PAYROLL 3,828.02 15,709.09",standard_rate,2025 03 21 gusto payroll 3 828 02 15 709 09,3
IZ *BARCLAYS BANK 8927 MANCHESTER PLC,exempt,iz barclays bank 8927 manchester plc,0
POS HSBC BANK FEES ONLINE LTD REF-3603,exempt,pos hsbc bank fees online ltd ref 3603,0
POS LNER TICKETS BRISTOL STORE,zero_rated,pos lner tickets bristol store,4
Dd Amazon Kindle  Uk,zero_rated,dd amazon kindle uk,4
stationery station  direct,standard_rate,stationery station direct,3
Sq *Octopus Energy  Ltd,reduced_rate,sq octopus energy ltd,2
sq *hmrc shipley 4299 online plc,outside_scope,sq hmrc shipley 4299 online plc,1
Iz *Aviva Insurance Online Uk,exempt,iz aviva insurance online uk,0
payment to aa breakdown 8271  uk,exempt,payment to aa breakdown 8271 uk,0
PAYMENT TO GOOGLE WORKSPACE 9566 BIRMINGHAM ONLINE REF-4723,standard_rate,payment to google workspace 9566 birmingham online ref 4723,3
PAYMENT TO BOOTS UK 1146 BIRMINGHAM UK,standard_rate,payment to boots uk 1146 birmingham uk,3
SQ *GOOGLE WORKSPACE 2944 LONDON,standard_rate,sq google workspace 2944 london,3
PAYMENT TO HMRC SHIPLEY 7807 UK LTD,outside_scope,payment to hmrc shipley 7807 uk ltd,1
sq *adobe creative 632  direct,standard_rate,sq adobe creative 632 direct,3
SQ *PAYROLL TRANSFER 6213 LEEDS UK,outside_scope,sq payroll transfer 6213 leeds uk,1
PAYMENT TO QUICKBOOKS 5666  STORE REF-8404,standard_rate,payment to quickbooks 5666 store ref 8404,3
Payment To Tesco Stores 190  Direct Ref-2746,zero_rated,payment to tesco stores 190 direct ref 2746,4
Intra Account Transfer 2438  Plc,outside_scope,intra account transfer 2438 plc,1
DD SAINSBURYS 4021  ONLINE,zero_rated,dd sainsburys 4021 online,4
POS POST OFFICE  ONLINE,exempt,pos post office online,0
DD STATIONERY STATION 6804 BIRMINGHAM REF-8680,standard_rate,dd stationery station 6804 birmingham ref 8680,3
DD TESCO EXPRESS GLASGOW DIRECT,zero_rated,dd tesco express glasgow direct,4
PAYMENT TO BARCLAYS BANK  REF-6799,exempt,payment to barclays bank ref 6799,0
"Rent - $3,500.00 $-3,500.00",standard_rate,rent 3 500 00 3 500 00,3
SQ *GOOGLE WORKSPACE 5797 GLASGOW DIRECT,standard_rate,sq google workspace 5797 glasgow direct,3
DD QUICKBOOKS 320 LONDON DIRECT REF-1603,standard_rate,dd quickbooks 320 london direct ref 1603,3
pos sage subscription 5000 uk plc,standard_rate,pos sage subscription 5000 uk plc,3
sq *amazon kindle bristol ltd,zero_rated,sq amazon kindle bristol ltd,4
PAYMENT TO SAGE SUBSCRIPTION 2510,standard_rate,payment to sage subscription 2510,3
POST OFFICE 7767 LONDON DIRECT,exempt,post office 7767 london direct,0
03/17/2025 AT&T BUSINESS AT&T BUSINESS $184.45,standard_rate,03 17 2025 at t business at t business 184 45,3
Pos Amazon Uk 7676 Leeds Store,standard_rate,pos amazon uk 7676 leeds store,3
SQ *AMAZON EU 8581  UK,standard_rate,sq amazon eu 8581 uk,3
CARD AMAZON KINDLE 3639 BIRMINGHAM,zero_rated,card amazon kindle 3639 birmingham,4
sq *hsbc bank fees 9512  uk ref-1405,exempt,sq hsbc bank fees 9512 uk ref 1405,0
CARD AA BREAKDOWN 2462 ONLINE DIRECT,exempt,card aa breakdown 2462 online direct,0
ADOBE CREATIVE 5862 LEEDS UK,standard_rate,adobe creative 5862 leeds uk,3
SQ *INTRA ACCOUNT TRANSFER UK UK,outside_scope,sq intra account transfer uk uk,1
"Mar 05 ComEd Electric Bill ACH-8823 1,760.00 66,954.80",standard_rate,mar 05 comed electric bill ach 8823 1 760 00 66 954 80,3
SQ *ALDI STORES 3176  DIRECT,zero_rated,sq aldi stores 3176 direct,4
Pos Hmrc Shipley 6082  Store Ref-7861,outside_scope,pos hmrc shipley 6082 store ref 7861,1
POS TESCO STORES  REF-3496,zero_rated,pos tesco stores ref 3496,4
"Mar 31 Interest Earned - Q1 INT-0331 3,000.00 107,876.15",standard_rate,mar 31 interest earned q1 int 0331 3 000 00 107 876 15,3
PAYMENT TO GOOGLE WORKSPACE 1805,standard_rate,payment to google workspace 1805,3
SQ *LIDL GB 2870  UK,zero_rated,sq lidl gb 2870 uk,4
CARD INTRA ACCOUNT TRANSFER 7746 UK LTD REF-1657,outside_scope,card intra account transfer 7746 uk ltd ref 1657,1
POS BARCLAYS BANK 8765  ONLINE,exempt,pos barclays bank 8765 online,0
SQ *BOOTS UK 5155 ONLINE ONLINE,standard_rate,sq boots uk 5155 online online,3
Payment To Trainline Birmingham Ltd,zero_rated,payment to trainline birmingham ltd,4
POS INTRA ACCOUNT TRANSFER 6661 BRISTOL,outside_scope,pos intra account transfer 6661 bristol,1
card adobe creative 3495 glasgow online ref-5078,standard_rate,card adobe creative 3495 glasgow online ref 5078,3
PAYMENT TO PAYROLL TRANSFER 3994 BIRMINGHAM ONLINE,outside_scope,payment to payroll transfer 3994 birmingham online,1
BOOTS UK 2634 GLASGOW UK,standard_rate,boots uk 2634 glasgow uk,3
IZ *MICROSOFT 365 1783 ONLINE STORE,standard_rate,iz microsoft 365 1783 online store,3
IZ *DELIVEROO GLASGOW LTD,standard_rate,iz deliveroo glasgow ltd,3
CARD AMAZON EU 4934  STORE,standard_rate,card amazon eu 4934 store,3
SQ *EON NEXT UK,reduced_rate,sq eon next uk,2
TESCO EXPRESS 8314 GLASGOW STORE,zero_rated,tesco express 8314 glasgow store,4
Opening Balance Closing Balance,standard_rate,opening balance closing balance,3
POS TESCO EXPRESS UK PLC REF-9189,zero_rated,pos tesco express uk plc ref 9189,4
Iz *Aa Breakdown 2700 Leeds Online,exempt,iz aa breakdown 2700 leeds online,0
Payment To Amazon Eu 8219  Uk,standard_rate,payment to amazon eu 8219 uk,3
SQ *INTRA ACCOUNT TRANSFER 4917 LEEDS DIRECT REF-7600,outside_scope,sq intra account transfer 4917 leeds direct ref 7600,1
card eon next 2401 bristol store ref-2114,reduced_rate,card eon next 2401 bristol store ref 2114,2
"Account Holder: The Golden Fork LLC Statement Period: January 1 - March 31, 2024",standard_rate,account holder the golden fork llc statement period january 1 march 31 2024,3
CARD UBER EATS LEEDS STORE REF-8220,standard_rate,card uber eats leeds store ref 8220,3
POS WATERSTONES ONLINE LTD,zero_rated,pos waterstones online ltd,4
PAYMENT TO HMRC PAYMENTS 3867  LTD,outside_scope,payment to hmrc payments 3867 ltd,1
iz *uber eats uk online,standard_rate,iz uber eats uk online,3
CARD AMAZON UK 5691 LONDON UK,standard_rate,card amazon uk 5691 london uk,3
PAYMENT TO AVIVA INSURANCE 988 LONDON ONLINE REF-2893,exempt,payment to aviva insurance 988 london online ref 2893,0
IZ *ROYAL MAIL 7533 GLASGOW PLC,exempt,iz royal mail 7533 glasgow plc,0
SQ *TFL TRAVEL 8109  REF-6997,zero_rated,sq tfl travel 8109 ref 6997,4
PAYMENT TO SAGE SUBSCRIPTION LONDON UK REF-2182,standard_rate,payment to sage subscription london uk ref 2182,3
SQ *MICROSOFT 365 BRISTOL REF-1494,standard_rate,sq microsoft 365 bristol ref 1494,3
"2026-02-17 LGE ELECTRIC BILL 432.70 38,864.27",standard_rate,2026 02 17 lge electric bill 432 70 38 864 27,3
PAYMENT TO ADOBE CREATIVE UK DIRECT REF-7810,standard_rate,payment to adobe creative uk direct ref 7810,3
03/27/2025 AT&T BUSINESS AT&T BUSINESS $186.43,standard_rate,03 27 2025 at t business at t business 186 43,3
national express 7868 uk ltd ref-1781,zero_rated,national express 7868 uk ltd ref 1781,4
POS STATIONERY STATION 4558  LTD,standard_rate,pos stationery station 4558 ltd,3
POS OCTOPUS ENERGY 7492  UK,reduced_rate,pos octopus energy 7492 uk,2
IZ *SAGE SUBSCRIPTION 1457 BIRMINGHAM REF-8679,standard_rate,iz sage subscription 1457 birmingham ref 8679,3
PAYMENT TO ASDA SUPERMARKET  REF-3140,zero_rated,payment to asda supermarket ref 3140,4
DD HMRC PAYMENTS 6498 BIRMINGHAM ONLINE REF-8556,outside_scope,dd hmrc payments 6498 birmingham online ref 8556,1
DD TRAINLINE 9902  STORE,zero_rated,dd trainline 9902 store,4
Card Westminster Council Uk Store Ref-8130,outside_scope,card westminster council uk store ref 8130,1
DD ALDI STORES 4472  PLC REF-4783,zero_rated,dd aldi stores 4472 plc ref 4783,4
PAYMENT TO MICROSOFT 365 1245 GLASGOW ONLINE REF-7710,standard_rate,payment to microsoft 365 1245 glasgow online ref 7710,3
DD TRAINLINE 1790 LONDON DIRECT,zero_rated,dd trainline 1790 london direct,4
Dd Sage Subscription 859  Online Ref-2865,standard_rate,dd sage subscription 859 online ref 2865,3
sq *lidl gb 3793 leeds ltd,zero_rated,sq lidl gb 3793 leeds ltd,4
"2026-03-23 RENT - LOUISVILLE COMMERCIAL PROPERTIES 3,200.00 45,236.94",standard_rate,2026 03 23 rent louisville commercial properties 3 200 00 45 236 94,3
CARD MICROSOFT 365 2096 UK PLC,standard_rate,card microsoft 365 2096 uk plc,3
PAYMENT TO TESCO EXPRESS  STORE,zero_rated,payment to tesco express store,4
DD INTRA ACCOUNT TRANSFER MANCHESTER UK REF-2505,outside_scope,dd intra account transfer manchester uk ref 2505,1
iz *aa breakdown manchester ltd ref-7265,exempt,iz aa breakdown manchester ltd ref 7265,0
PAYMENT TO BRITISH GAS 7162  LTD,reduced_rate,payment to british gas 7162 ltd,2
PAYMENT TO AA BREAKDOWN BIRMINGHAM DIRECT,exempt,payment to aa breakdown birmingham direct,0
SQ *ROYAL MAIL 9455 UK UK,exempt,sq royal mail 9455 uk uk,0
SQ *HMRC PAYMENTS 419 ONLINE LTD,outside_scope,sq hmrc payments 419 online ltd,1
dd director drawings  online,outside_scope,dd director drawings online,1
SQ *HMRC SHIPLEY 500 GLASGOW STORE REF-1547,outside_scope,sq hmrc shipley 500 glasgow store ref 1547,1
CARD HMRC SHIPLEY UK ONLINE REF-1911,outside_scope,card hmrc shipley uk online ref 1911,1
DD DIRECTOR DRAWINGS  STORE,outside_scope,dd director drawings store,1
DD EON NEXT 6050 BRISTOL DIRECT REF-6206,reduced_rate,dd eon next 6050 bristol direct ref 6206,2
CARD TESCO STORES 7006 BRISTOL,zero_rated,card tesco stores 7006 bristol,4
DD STATIONERY STATION LONDON PLC REF-1524,standard_rate,dd stationery station london plc ref 1524,3
DD WESTMINSTER COUNCIL 6271 MANCHESTER UK,outside_scope,dd westminster council 6271 manchester uk,1
PAYMENT TO DELIVEROO 5579  STORE REF-4951,standard_rate,payment to deliveroo 5579 store ref 4951,3
DD PAYROLL TRANSFER 3884 UK UK,outside_scope,dd payroll transfer 3884 uk uk,1
POS UBER EATS GLASGOW REF-1981,standard_rate,pos uber eats glasgow ref 1981,3
PAYMENT TO TRAINLINE 5799 MANCHESTER,zero_rated,payment to trainline 5799 manchester,4
CARD NATIONAL EXPRESS  DIRECT REF-3984,zero_rated,card national express direct ref 3984,4
DD POST OFFICE LONDON ONLINE REF-5360,exempt,dd post office london online ref 5360,0
DD ROYAL MAIL 8854  LTD,exempt,dd royal mail 8854 ltd,0
PAYMENT TO ALDI STORES 2689,zero_rated,payment to aldi stores 2689,4
ROYAL MAIL 1152  REF-2371,exempt,royal mail 1152 ref 2371,0
card quickbooks 2230 bristol,standard_rate,card quickbooks 2230 bristol,3
Payment To Lner Tickets 6824 Online Online,zero_rated,payment to lner tickets 6824 online online,4
POS UBER EATS LONDON REF-8490,standard_rate,pos uber eats london ref 8490,3
pos tesco express 9215 glasgow ltd,zero_rated,pos tesco express 9215 glasgow ltd,4
Payment To Aldi Stores 7916  Store,zero_rated,payment to aldi stores 7916 store,4
IZ *LNER TICKETS 2483 UK LTD,zero_rated,iz lner tickets 2483 uk ltd,4
CARD LNER TICKETS  STORE,zero_rated,card lner tickets store,4
payment to royal mail 5614 bristol,exempt,payment to royal mail 5614 bristol,0
CARD UBER EATS 7943 LONDON ONLINE,standard_rate,card uber eats 7943 london online,3
CARD STATIONERY STATION LONDON,standard_rate,card stationery station london,3
PAYMENT TO ASDA SUPERMARKET 9944 LEEDS,zero_rated,payment to asda supermarket 9944 leeds,4
sq *royal mail 9571 manchester uk,exempt,sq royal mail 9571 manchester uk,0
ALDI STORES  ONLINE REF-6316,zero_rated,aldi stores online ref 6316,4
SQ *SAGE SUBSCRIPTION UK LTD,standard_rate,sq sage subscription uk ltd,3
Payment To Director Drawings  Uk,outside_scope,payment to director drawings uk,1
PAYMENT TO OCTOPUS ENERGY 1590 BIRMINGHAM STORE REF-6610,reduced_rate,payment to octopus energy 1590 birmingham store ref 6610,2
SQ *TESCO EXPRESS BRISTOL UK REF-4920,zero_rated,sq tesco express bristol uk ref 4920,4
PAYMENT TO AA BREAKDOWN 3186 GLASGOW ONLINE REF-5628,exempt,payment to aa breakdown 3186 glasgow online ref 5628,0
"Feb 16 ADP Payroll Processing ACH-3304 8,450.00 61,954.80",standard_rate,feb 16 adp payroll processing ach 3304 8 450 00 61 954 80,3
SQ *AA BREAKDOWN BIRMINGHAM UK REF-1846,exempt,sq aa breakdown birmingham uk ref 1846,0
Pos Aa Breakdown 3412 Online,exempt,pos aa breakdown 3412 online,0
DD WESTMINSTER COUNCIL 6447  PLC,outside_scope,dd westminster council 6447 plc,1
NATIONAL EXPRESS 4624 MANCHESTER DIRECT REF-2474,zero_rated,national express 4624 manchester direct ref 2474,4
POS QUICKBOOKS 2869  LTD,standard_rate,pos quickbooks 2869 ltd,3
SQ *EON NEXT 6041 LONDON,reduced_rate,sq eon next 6041 london,2
SQ *LINKEDIN PREMIUM 9509 MANCHESTER LTD,standard_rate,sq linkedin premium 9509 manchester ltd,3
Card Barclays Bank  Uk,exempt,card barclays bank uk,0
PAYMENT TO AMAZON UK 1943 UK LTD REF-3425,standard_rate,payment to amazon uk 1943 uk ltd ref 3425,3
IZ *TESCO EXPRESS 3971  STORE,zero_rated,iz tesco express 3971 store,4
pos hsbc bank fees 8383 online ref-8912,exempt,pos hsbc bank fees 8383 online ref 8912,0
Pos Trainline 4524  Plc Ref-2857,zero_rated,pos trainline 4524 plc ref 2857,4
PAYROLL TRANSFER BIRMINGHAM ONLINE,outside_scope,payroll transfer birmingham online,1
DD BARCLAYS BANK 9800 ONLINE UK,exempt,dd barclays bank 9800 online uk,0
card xero software 4352  uk ref-8067,standard_rate,card xero software 4352 uk ref 8067,3
AVIVA INSURANCE BRISTOL LTD,exempt,aviva insurance bristol ltd,0
PAYMENT TO AVIVA INSURANCE 8753  DIRECT,exempt,payment to aviva insurance 8753 direct,0
IZ *WESTMINSTER COUNCIL UK DIRECT,outside_scope,iz westminster council uk direct,1
IZ *EON NEXT 3477 LEEDS,reduced_rate,iz eon next 3477 leeds,2
"Jan 25 POS Sales Deposit - Weekly DEP-0125 16,820.00 51,364.80",standard_rate,jan 25 pos sales deposit weekly dep 0125 16 820 00 51 364 80,3
IZ *TESCO EXPRESS 1098  STORE,zero_rated,iz tesco express 1098 store,4
IZ *BRITISH GAS 8772 BIRMINGHAM PLC REF-7919,reduced_rate,iz british gas 8772 birmingham plc ref 7919,2
QUICKBOOKS 4124 LONDON,standard_rate,quickbooks 4124 london,3
SQ *ADOBE CREATIVE 9547 BIRMINGHAM,standard_rate,sq adobe creative 9547 birmingham,3
SQ *LIDL GB  DIRECT,zero_rated,sq lidl gb direct,4
iz *quickbooks 7415 leeds ltd,standard_rate,iz quickbooks 7415 leeds ltd,3
Sq *Trainline 6203  Uk Ref-7808,zero_rated,sq trainline 6203 uk ref 7808,4
IZ *UBER EATS LONDON DIRECT REF-9852,standard_rate,iz uber eats london direct ref 9852,3
CARD SAGE SUBSCRIPTION ONLINE UK,standard_rate,card sage subscription online uk,3
SQ *AMAZON KINDLE 5552 MANCHESTER ONLINE REF-2059,zero_rated,sq amazon kindle 5552 manchester online ref 2059,4
DD LINKEDIN PREMIUM 599 ONLINE ONLINE,standard_rate,dd linkedin premium 599 online online,3
"Opening Balance (Jan 1, 2024) $42,318.55",standard_rate,opening balance jan 1 2024 42 318 55,3
IZ *AMAZON UK 8137 MANCHESTER DIRECT REF-9837,standard_rate,iz amazon uk 8137 manchester direct ref 9837,3
SQ *AA BREAKDOWN 904 LONDON UK REF-8867,exempt,sq aa breakdown 904 london uk ref 8867,0
DD NATIONAL EXPRESS 1615 GLASGOW ONLINE,zero_rated,dd national express 1615 glasgow online,4
UBER EATS 9220  UK,standard_rate,uber eats 9220 uk,3
"2026-03-25 GRUBHUB TRANSFER 388.95 42,321.95",standard_rate,2026 03 25 grubhub transfer 388 95 42 321 95,3
PAYMENT TO TFL TRAVEL  UK REF-4936,zero_rated,payment to tfl travel uk ref 4936,4
PAYMENT TO UBER EATS 3686,standard_rate,payment to uber eats 3686,3
AVIVA INSURANCE BIRMINGHAM REF-7667,exempt,aviva insurance birmingham ref 7667,0
IZ *PAYROLL TRANSFER LONDON UK,outside_scope,iz payroll transfer london uk,1
PAYMENT TO SAINSBURYS 2393  REF-7291,zero_rated,payment to sainsburys 2393 ref 7291,4
CARD TFL TRAVEL  DIRECT,zero_rated,card tfl travel direct,4
03/18/2025 SPECTRUM INTERNET SPECTRUM INTERNET $97.64,standard_rate,03 18 2025 spectrum internet spectrum internet 97 64,3
"2025-04-21 US FOODS INC 1,661.07 28,888.67",standard_rate,2025 04 21 us foods inc 1 661 07 28 888 67,3
AMAZON EU LEEDS STORE,standard_rate,amazon eu leeds store,3
PAYMENT TO EDF ENERGY 9100  DIRECT,reduced_rate,payment to edf energy 9100 direct,2
POS AA BREAKDOWN LONDON PLC REF-8169,exempt,pos aa breakdown london plc ref 8169,0
Iz *Sage Subscription Online Uk Ref-7169,standard_rate,iz sage subscription online uk ref 7169,3
payment to tesco express london ltd,zero_rated,payment to tesco express london ltd,4
HMRC PAYMENTS 7826 ONLINE PLC REF-3059,outside_scope,hmrc payments 7826 online plc ref 3059,1
SQ *ALDI STORES 1567 UK UK,zero_rated,sq aldi stores 1567 uk uk,4
dd eon next 9165  ref-2359,reduced_rate,dd eon next 9165 ref 2359,2
"Mar 29 POS Sales Deposit - Weekly DEP-0329 18,200.00 100,515.80",standard_rate,mar 29 pos sales deposit weekly dep 0329 18 200 00 100 515 80,3
Date Description Debit Credit Balance,standard_rate,date description debit credit balance,3
Iz *Tesco Express 3904 Manchester Ltd,zero_rated,iz tesco express 3904 manchester ltd,4
Dd Octopus Energy Uk Uk,reduced_rate,dd octopus energy uk uk,2
EDF ENERGY 782 LONDON UK,reduced_rate,edf energy 782 london uk,2
"2025-03-16 SQUARE *LOUISVILLE BBQ DEPOSIT 4,178.25 28,569.34",standard_rate,2025 03 16 square louisville bbq deposit 4 178 25 28 569 34,3
DD TFL TRAVEL 3946 LEEDS DIRECT REF-6144,zero_rated,dd tfl travel 3946 leeds direct ref 6144,4
Pos Tfl Travel 3315 Glasgow Direct Ref-3073,zero_rated,pos tfl travel 3315 glasgow direct ref 3073,4
Sq *Linkedin Premium 5115 Glasgow,standard_rate,sq linkedin premium 5115 glasgow,3
Total Credits Total Debits Net Cash Flow Transactions,standard_rate,total credits total debits net cash flow transactions,3
CARD EDF ENERGY 7910  LTD REF-3317,reduced_rate,card edf energy 7910 ltd ref 3317,2
sq *google workspace 9446 glasgow store,standard_rate,sq google workspace 9446 glasgow store,3
PAYMENT TO POST OFFICE 5283 MANCHESTER STORE REF-1767,exempt,payment to post office 5283 manchester store ref 1767,0
Card Linkedin Premium 2827  Uk Ref-4701,standard_rate,card linkedin premium 2827 uk ref 4701,3
Dd Amazon Eu  Plc,standard_rate,dd amazon eu plc,3
POS SAGE SUBSCRIPTION LONDON UK,standard_rate,pos sage subscription london uk,3
AMAZON UK 2357  LTD,standard_rate,amazon uk 2357 ltd,3
DD NATIONAL EXPRESS 5955 GLASGOW ONLINE,zero_rated,dd national express 5955 glasgow online,4
POS ASDA SUPERMARKET BIRMINGHAM STORE,zero_rated,pos asda supermarket birmingham store,4
Payment To Royal Mail 732 Birmingham,exempt,payment to royal mail 732 birmingham,0
CARD GOOGLE WORKSPACE GLASGOW UK,standard_rate,card google workspace glasgow uk,3
Dd Deliveroo 9205  Online,standard_rate,dd deliveroo 9205 online,3
PAYMENT TO BRITISH GAS 3868  LTD REF-5051,reduced_rate,payment to british gas 3868 ltd ref 5051,2
"2026-02-07 DOORDASH TRANSFER 510.35 31,934.07",standard_rate,2026 02 07 doordash transfer 510 35 31 934 07,3
DD GOOGLE WORKSPACE MANCHESTER ONLINE REF-9670,standard_rate,dd google workspace manchester online ref 9670,3
PAYMENT TO TRAINLINE 2949 LONDON REF-6070,zero_rated,payment to trainline 2949 london ref 6070,4
POS AVIVA INSURANCE 5959 UK PLC REF-7912,exempt,pos aviva insurance 5959 uk plc ref 7912,0
SAGE SUBSCRIPTION 5492  PLC,standard_rate,sage subscription 5492 plc,3
Sq *Lner Tickets 1493 Leeds Uk,zero_rated,sq lner tickets 1493 leeds uk,4
PAYMENT TO DIRECTOR DRAWINGS BRISTOL DIRECT REF-7398,outside_scope,payment to director drawings bristol direct ref 7398,1
DD PAYROLL TRANSFER 6123 BIRMINGHAM DIRECT,outside_scope,dd payroll transfer 6123 birmingham direct,1
CARD DIRECTOR DRAWINGS 1880 MANCHESTER REF-6122,outside_scope,card director drawings 1880 manchester ref 6122,1
POS HSBC BANK FEES 9044,exempt,pos hsbc bank fees 9044,0
PAYMENT TO UBER EATS 6658 UK UK REF-2337,standard_rate,payment to uber eats 6658 uk uk ref 2337,3
BOOTS UK 9136 BIRMINGHAM DIRECT REF-7276,standard_rate,boots uk 9136 birmingham direct ref 7276,3
POS BOOTS UK 6974 BIRMINGHAM PLC,standard_rate,pos boots uk 6974 birmingham plc,3
Sq *Uber Eats 7699  Plc Ref-5593,standard_rate,sq uber eats 7699 plc ref 5593,3
PAYMENT TO DELIVEROO 8547  REF-8794,standard_rate,payment to deliveroo 8547 ref 8794,3
03/21/2025 WALMART SUPERCENTER #4421 WALMART SUPERCENTER #4421 $221.70,standard_rate,03 21 2025 walmart supercenter 4421 walmart supercenter 4421 221 70,3
"2026-01-18 LGE ELECTRIC BILL 408.55 30,251.36",standard_rate,2026 01 18 lge electric bill 408 55 30 251 36,3
DD TESCO EXPRESS 6915  DIRECT REF-6120,zero_rated,dd tesco express 6915 direct ref 6120,4
SQ *SAINSBURYS BIRMINGHAM,zero_rated,sq sainsburys birmingham,4
"2026-01-20 TOAST POS DEPOSIT 2,995.20 30,537.40",standard_rate,2026 01 20 toast pos deposit 2 995 20 30 537 40,3
HSBC BANK FEES  LTD,exempt,hsbc bank fees ltd,0
iz *aa breakdown 3331  ltd,exempt,iz aa breakdown 3331 ltd,0
Card Hmrc Payments Glasgow Plc Ref-7394,outside_scope,card hmrc payments glasgow plc ref 7394,1
POS HMRC SHIPLEY 9818  PLC,outside_scope,pos hmrc shipley 9818 plc,1
PAYMENT TO ADOBE CREATIVE 7936 LEEDS DIRECT,standard_rate,payment to adobe creative 7936 leeds direct,3
dd director drawings leeds online,outside_scope,dd director drawings leeds online,1
POS WESTMINSTER COUNCIL,outside_scope,pos westminster council,1
LIDL GB MANCHESTER ONLINE REF-2430,zero_rated,lidl gb manchester online ref 2430,4
SQ *AA BREAKDOWN 6992  STORE,exempt,sq aa breakdown 6992 store,0
payment to aviva insurance 643  plc,exempt,payment to aviva insurance 643 plc,0
DD MICROSOFT 365 5784  REF-7033,standard_rate,dd microsoft 365 5784 ref 7033,3
POS BOOTS UK,standard_rate,pos boots uk,3
PAYMENT TO SAINSBURYS 2392 GLASGOW ONLINE REF-2284,zero_rated,payment to sainsburys 2392 glasgow online ref 2284,4
SQ *DELIVEROO 4029 ONLINE STORE REF-1759,standard_rate,sq deliveroo 4029 online store ref 1759,3
CARD TRAINLINE LEEDS PLC,zero_rated,card trainline leeds plc,4
PAYMENT TO BOOTS UK 7598 ONLINE ONLINE REF-8453,standard_rate,payment to boots uk 7598 online online ref 8453,3
Sq *Tesco Stores 1269 Bristol Plc,zero_rated,sq tesco stores 1269 bristol plc,4
DD GOOGLE WORKSPACE 9155  ONLINE REF-6314,standard_rate,dd google workspace 9155 online ref 6314,3
PAYMENT TO SAGE SUBSCRIPTION 441,standard_rate,payment to sage subscription 441,3
"Mar 31 CLOSING BALANCE BAL-END 67,876.15",standard_rate,mar 31 closing balance bal end 67 876 15,3
"03/14 CENTERPOINT ENERGY GAS SVC Utilities $210.00 $17,423.50",standard_rate,03 14 centerpoint energy gas svc utilities 210 00 17 423 50,3
LIDL GB,zero_rated,lidl gb,4
SQ *UBER EATS 4802  ONLINE REF-9681,standard_rate,sq uber eats 4802 online ref 9681,3
dd tesco express 9399  uk,zero_rated,dd tesco express 9399 uk,4
IZ *TRAINLINE 4176 MANCHESTER PLC,zero_rated,iz trainline 4176 manchester plc,4
ALDI STORES  UK,zero_rated,aldi stores uk,4
IZ *POST OFFICE 124 GLASGOW PLC REF-4568,exempt,iz post office 124 glasgow plc ref 4568,0
CARD HMRC SHIPLEY 8724  LTD REF-4056,outside_scope,card hmrc shipley 8724 ltd ref 4056,1
amazon kindle 4682 leeds ltd,zero_rated,amazon kindle 4682 leeds ltd,4
DD DELIVEROO 3511 ONLINE DIRECT,standard_rate,dd deliveroo 3511 online direct,3
Iz *Amazon Kindle 2560  Store,zero_rated,iz amazon kindle 2560 store,4
Payment To Amazon Uk Online Plc,standard_rate,payment to amazon uk online plc,3
Pos Post Office 5912 Birmingham Online Ref-1834,exempt,pos post office 5912 birmingham online ref 1834,0
Card Payroll Transfer 4314  Store,outside_scope,card payroll transfer 4314 store,1
UBER EATS 4416 ONLINE UK REF-9195,standard_rate,uber eats 4416 online uk ref 9195,3
"Jan 22 ADP Payroll Processing ACH-3302 8,450.00 34,544.80",standard_rate,jan 22 adp payroll processing ach 3302 8 450 00 34 544 80,3
Pos Microsoft 365 574 Leeds Plc Ref-4953,standard_rate,pos microsoft 365 574 leeds plc ref 4953,3
Sq *Xero Software Online Uk,standard_rate,sq xero software online uk,3
DD AMAZON KINDLE 4845  STORE,zero_rated,dd amazon kindle 4845 store,4
Pos Eon Next Glasgow Online Ref-9102,reduced_rate,pos eon next glasgow online ref 9102,2
POS BRITISH GAS  LTD,reduced_rate,pos british gas ltd,2
TRAINLINE 8756  ONLINE,zero_rated,trainline 8756 online,4
SQ *NATIONAL EXPRESS 2008 UK,zero_rated,sq national express 2008 uk,4
DD STATIONERY STATION 5636 GLASGOW LTD,standard_rate,dd stationery station 5636 glasgow ltd,3
Waste Management Republic Services 2 $620.00,standard_rate,waste management republic services 2 620 00,3
SQ *INTRA ACCOUNT TRANSFER LEEDS LTD REF-8961,outside_scope,sq intra account transfer leeds ltd ref 8961,1
DD TESCO EXPRESS 3276 MANCHESTER LTD REF-6724,zero_rated,dd tesco express 3276 manchester ltd ref 6724,4
iz *barclays bank online online ref-2103,exempt,iz barclays bank online online ref 2103,0
CARD HMRC SHIPLEY 2080 BIRMINGHAM DIRECT,outside_scope,card hmrc shipley 2080 birmingham direct,1
POS GOOGLE WORKSPACE 6752  LTD REF-5838,standard_rate,pos google workspace 6752 ltd ref 5838,3
iz *hmrc payments 7779 leeds ref-9484,outside_scope,iz hmrc payments 7779 leeds ref 9484,1
SQ *MICROSOFT 365 2455  DIRECT,standard_rate,sq microsoft 365 2455 direct,3
DD AMAZON EU GLASGOW ONLINE,standard_rate,dd amazon eu glasgow online,3
PAYMENT TO HSBC BANK FEES 5218,exempt,payment to hsbc bank fees 5218,0
card adobe creative 4654 london store,standard_rate,card adobe creative 4654 london store,3
deliveroo 5531 manchester online ref-4163,standard_rate,deliveroo 5531 manchester online ref 4163,3
Iz *Hmrc Payments Leeds,outside_scope,iz hmrc payments leeds,1
Iz *Linkedin Premium 6439  Ref-5098,standard_rate,iz linkedin premium 6439 ref 5098,3
IZ *EDF ENERGY 1959 GLASGOW LTD,reduced_rate,iz edf energy 1959 glasgow ltd,2
iz *amazon eu 9622 uk direct,standard_rate,iz amazon eu 9622 uk direct,3
PAYMENT TO EON NEXT 6900  LTD REF-9793,reduced_rate,payment to eon next 6900 ltd ref 9793,2
03/11/2025 03/11/2025 5678 WALMART SUPERCENTER #4421 FoodCost $202.87,standard_rate,03 11 2025 03 11 2025 5678 walmart supercenter 4421 foodcost 202 87,3
pos lidl gb 9374 birmingham ltd ref-4027,zero_rated,pos lidl gb 9374 birmingham ltd ref 4027,4
IZ *TESCO STORES 7853  PLC,zero_rated,iz tesco stores 7853 plc,4
ROYAL MAIL 3563  STORE REF-7746,exempt,royal mail 3563 store ref 7746,0
CARD LNER TICKETS 5448 MANCHESTER DIRECT REF-7463,zero_rated,card lner tickets 5448 manchester direct ref 7463,4
Iz *Microsoft 365 3397  Online,standard_rate,iz microsoft 365 3397 online,3
POS AVIVA INSURANCE 1879 BRISTOL PLC REF-2571,exempt,pos aviva insurance 1879 bristol plc ref 2571,0
SQ *EON NEXT 7352 MANCHESTER DIRECT REF-4191,reduced_rate,sq eon next 7352 manchester direct ref 4191,2
POS ROYAL MAIL 740  PLC,exempt,pos royal mail 740 plc,0
POS ALDI STORES 8971 UK LTD REF-8901,zero_rated,pos aldi stores 8971 uk ltd ref 8901,4
PAYMENT TO XERO SOFTWARE LONDON STORE,standard_rate,payment to xero software london store,3
DD AMAZON KINDLE 1802 BRISTOL ONLINE,zero_rated,dd amazon kindle 1802 bristol online,4
SQ *ALDI STORES LEEDS PLC,zero_rated,sq aldi stores leeds plc,4
DD STATIONERY STATION 7332,standard_rate,dd stationery station 7332,3
card octopus energy  direct,reduced_rate,card octopus energy direct,2
IZ *ALDI STORES 8689  STORE,zero_rated,iz aldi stores 8689 store,4
Payroll Transfer 9907 Online,outside_scope,payroll transfer 9907 online,1
Iz *Hsbc Bank Fees Manchester Ltd,exempt,iz hsbc bank fees manchester ltd,0
SQ *MICROSOFT 365 ONLINE PLC REF-1361,standard_rate,sq microsoft 365 online plc ref 1361,3
POS EDF ENERGY 9305  UK,reduced_rate,pos edf energy 9305 uk,2
"2025-03-05 PAYCHEX INC PAYROLL 3,447.85 15,779.29",standard_rate,2025 03 05 paychex inc payroll 3 447 85 15 779 29,3
PAYMENT TO AMAZON UK 1870 BIRMINGHAM DIRECT,standard_rate,payment to amazon uk 1870 birmingham direct,3
"2025-03-10 TOAST POS DEPOSIT 3,413.05 21,036.07",standard_rate,2025 03 10 toast pos deposit 3 413 05 21 036 07,3
SQ *AMAZON UK 4026 LONDON LTD,standard_rate,sq amazon uk 4026 london ltd,3
PAYMENT TO ALDI STORES LONDON PLC REF-2539,zero_rated,payment to aldi stores london plc ref 2539,4
PAYMENT TO UBER EATS 4578  PLC,standard_rate,payment to uber eats 4578 plc,3
card amazon eu  direct ref-4305,standard_rate,card amazon eu direct ref 4305,3
POS TESCO EXPRESS  PLC,zero_rated,pos tesco express plc,4
SQ *HSBC BANK FEES 3749 UK LTD,exempt,sq hsbc bank fees 3749 uk ltd,0
SQ *OCTOPUS ENERGY 7955  DIRECT,reduced_rate,sq octopus energy 7955 direct,2
dd microsoft 365 5021 online plc ref-2133,standard_rate,dd microsoft 365 5021 online plc ref 2133,3
PAYMENT TO POST OFFICE ONLINE UK,exempt,payment to post office online uk,0
Sq *Microsoft 365  Store,standard_rate,sq microsoft 365 store,3
CARD STATIONERY STATION 8067 BIRMINGHAM STORE REF-8757,standard_rate,card stationery station 8067 birmingham store ref 8757,3
IZ *HMRC SHIPLEY 3561 MANCHESTER DIRECT,outside_scope,iz hmrc shipley 3561 manchester direct,1
sq *lidl gb 6262  ltd ref-1256,zero_rated,sq lidl gb 6262 ltd ref 1256,4
IZ *MICROSOFT 365 7674 LONDON STORE,standard_rate,iz microsoft 365 7674 london store,3
DD HMRC PAYMENTS GLASGOW DIRECT,outside_scope,dd hmrc payments glasgow direct,1
Dd Hsbc Bank Fees 9450 Leeds Ltd Ref-9874,exempt,dd hsbc bank fees 9450 leeds ltd ref 9874,0
Sainsburys 5978  Plc Ref-1462,zero_rated,sainsburys 5978 plc ref 1462,4
Payment To Tesco Stores 8766 Bristol,zero_rated,payment to tesco stores 8766 bristol,4
POS MICROSOFT 365 8520  DIRECT,standard_rate,pos microsoft 365 8520 direct,3
Pos Aa Breakdown  Uk,exempt,pos aa breakdown uk,0
DD ROYAL MAIL 3047 BRISTOL,exempt,dd royal mail 3047 bristol,0
POS INTRA ACCOUNT TRANSFER 5338  ONLINE,outside_scope,pos intra account transfer 5338 online,1
PAYMENT TO AVIVA INSURANCE 912  STORE REF-4513,exempt,payment to aviva insurance 912 store ref 4513,0
NATIONAL EXPRESS 2552 BRISTOL DIRECT REF-3125,zero_rated,national express 2552 bristol direct ref 3125,4
Pos Waterstones 6522 Manchester Online Ref-5263,zero_rated,pos waterstones 6522 manchester online ref 5263,4
PAYMENT TO PAYROLL TRANSFER 5348 UK PLC,outside_scope,payment to payroll transfer 5348 uk plc,1
"2025-03-16 ADP PAYROLL SVCS 3,860.18 23,185.88",standard_rate,2025 03 16 adp payroll svcs 3 860 18 23 185 88,3
POS WATERSTONES UK ONLINE REF-3282,zero_rated,pos waterstones uk online ref 3282,4
IZ *STATIONERY STATION 3571 GLASGOW LTD,standard_rate,iz stationery station 3571 glasgow ltd,3
DD LIDL GB 6002  DIRECT REF-3527,zero_rated,dd lidl gb 6002 direct ref 3527,4
CARD DELIVEROO 7715 ONLINE DIRECT,standard_rate,card deliveroo 7715 online direct,3
"2025-03-13 ATMOS GAS COMPANY 88.44 26,734.73",standard_rate,2025 03 13 atmos gas company 88 44 26 734 73,3
"Jan 18 POS Sales Deposit - Weekly DEP-0118 15,640.00 46,944.80",standard_rate,jan 18 pos sales deposit weekly dep 0118 15 640 00 46 944 80,3
dd octopus energy  online ref-8695,reduced_rate,dd octopus energy online ref 8695,2
POS SAGE SUBSCRIPTION GLASGOW UK,standard_rate,pos sage subscription glasgow uk,3
"2026-03-04 GORDON FOOD SERVICE 2,992.95 37,493.69",standard_rate,2026 03 04 gordon food service 2 992 95 37 493 69,3
Pos Google Workspace 7571 Leeds Ltd,standard_rate,pos google workspace 7571 leeds ltd,3
IZ *LINKEDIN PREMIUM 952  REF-2664,standard_rate,iz linkedin premium 952 ref 2664,3
SQ *ASDA SUPERMARKET 3254 BRISTOL DIRECT,zero_rated,sq asda supermarket 3254 bristol direct,4
DD AVIVA INSURANCE 6040 MANCHESTER LTD REF-9197,exempt,dd aviva insurance 6040 manchester ltd ref 9197,0
DD STATIONERY STATION ONLINE STORE,standard_rate,dd stationery station online store,3
IZ *LIDL GB  REF-5183,zero_rated,iz lidl gb ref 5183,4
amazon eu 897  plc ref-5999,standard_rate,amazon eu 897 plc ref 5999,3
SQ *AMAZON EU 2277 ONLINE UK,standard_rate,sq amazon eu 2277 online uk,3
CARD LNER TICKETS 2407  ONLINE REF-9550,zero_rated,card lner tickets 2407 online ref 9550,4
DD AMAZON KINDLE  LTD REF-9401,zero_rated,dd amazon kindle ltd ref 9401,4
PAYMENT TO AMAZON UK,standard_rate,payment to amazon uk,3
sq *national express bristol ltd ref-2198,zero_rated,sq national express bristol ltd ref 2198,4
SQ *EON NEXT 7047 BIRMINGHAM PLC REF-5561,reduced_rate,sq eon next 7047 birmingham plc ref 5561,2
payment to edf energy 6706 glasgow direct,reduced_rate,payment to edf energy 6706 glasgow direct,2
payment to lner tickets manchester ltd,zero_rated,payment to lner tickets manchester ltd,4
"Mar 16 ADP Payroll Processing ACH-3306 8,450.00 72,744.80",standard_rate,mar 16 adp payroll processing ach 3306 8 450 00 72 744 80,3
tesco express 1177  store,zero_rated,tesco express 1177 store,4
PAYMENT TO ASDA SUPERMARKET 7850  UK,zero_rated,payment to asda supermarket 7850 uk,4
Sq *Stationery Station 8383 Glasgow Ltd,standard_rate,sq stationery station 8383 glasgow ltd,3
IZ *BOOTS UK 7281 LONDON STORE,standard_rate,iz boots uk 7281 london store,3
IZ *BRITISH GAS 3938  DIRECT REF-9306,reduced_rate,iz british gas 3938 direct ref 9306,2
google workspace 5169  store ref-4573,standard_rate,google workspace 5169 store ref 4573,3
SQ *HMRC PAYMENTS 5422 LONDON UK REF-8388,outside_scope,sq hmrc payments 5422 london uk ref 8388,1
"2026-03-09 SYSCO FOODS 3,647.29 36,922.20",standard_rate,2026 03 09 sysco foods 3 647 29 36 922 20,3
IZ *AMAZON KINDLE 6628 LEEDS UK,zero_rated,iz amazon kindle 6628 leeds uk,4
"2025-03-29 LGE ELECTRIC BILL 397.11 35,178.22",standard_rate,2025 03 29 lge electric bill 397 11 35 178 22,3
Payment To Tesco Stores  Plc Ref-8260,zero_rated,payment to tesco stores plc ref 8260,4
CARD LIDL GB 5032,zero_rated,card lidl gb 5032,4
Pos British Gas 5608 London Store Ref-5301,reduced_rate,pos british gas 5608 london store ref 5301,2
CARD OCTOPUS ENERGY 6134 LONDON REF-2742,reduced_rate,card octopus energy 6134 london ref 2742,2
IZ *STATIONERY STATION 391  LTD,standard_rate,iz stationery station 391 ltd,3
"TOTAL EXPENSES 35 $141,828.65",standard_rate,total expenses 35 141 828 65,3
SQ *HMRC PAYMENTS 1539 ONLINE LTD,outside_scope,sq hmrc payments 1539 online ltd,1
national express 5089  store ref-2944,zero_rated,national express 5089 store ref 2944,4
CARD QUICKBOOKS  ONLINE,standard_rate,card quickbooks online,3
Sq *Barclays Bank 6940 London Plc,exempt,sq barclays bank 6940 london plc,0
card amazon uk uk online,standard_rate,card amazon uk uk online,3
Business Checking — Louisville BBQ Co.,standard_rate,business checking louisville bbq co,3
GOOGLE WORKSPACE 9838 UK STORE,standard_rate,google workspace 9838 uk store,3
IZ *DELIVEROO 9569 LONDON ONLINE,standard_rate,iz deliveroo 9569 london online,3
SQ *QUICKBOOKS 9745  PLC,standard_rate,sq quickbooks 9745 plc,3
IZ *SAINSBURYS 8122 BIRMINGHAM STORE,zero_rated,iz sainsburys 8122 birmingham store,4
Dd Tfl Travel 8228  Online,zero_rated,dd tfl travel 8228 online,4
CARD LNER TICKETS 3878 GLASGOW ONLINE REF-2077,zero_rated,card lner tickets 3878 glasgow online ref 2077,4
STATIONERY STATION 355 BIRMINGHAM STORE REF-3795,standard_rate,stationery station 355 birmingham store ref 3795,3
PAYMENT TO ASDA SUPERMARKET 3896  UK,zero_rated,payment to asda supermarket 3896 uk,4
Pos Barclays Bank 6405 Manchester Direct Ref-3809,exempt,pos barclays bank 6405 manchester direct ref 3809,0
POS AMAZON EU LONDON ONLINE,standard_rate,pos amazon eu london online,3
POS ADOBE CREATIVE 3029  LTD,standard_rate,pos adobe creative 3029 ltd,3
POS AMAZON UK 1358 BIRMINGHAM STORE,standard_rate,pos amazon uk 1358 birmingham store,3
SQ *DIRECTOR DRAWINGS GLASGOW ONLINE,outside_scope,sq director drawings glasgow online,1
POS AMAZON KINDLE  DIRECT REF-4094,zero_rated,pos amazon kindle direct ref 4094,4
Payment To Linkedin Premium 5395 Birmingham Online Ref-2930,standard_rate,payment to linkedin premium 5395 birmingham online ref 2930,3
pos amazon eu 6838 leeds online ref-2986,standard_rate,pos amazon eu 6838 leeds online ref 2986,3
SQ *ASDA SUPERMARKET 2803 ONLINE DIRECT REF-8113,zero_rated,sq asda supermarket 2803 online direct ref 8113,4
Transaction History — Q1 2024,standard_rate,transaction history q1 2024,3
PAYMENT TO EDF ENERGY 7605  UK REF-6454,reduced_rate,payment to edf energy 7605 uk ref 6454,2
CARD XERO SOFTWARE  PLC REF-9898,standard_rate,card xero software plc ref 9898,3
SQ *ROYAL MAIL 9853 LONDON DIRECT,exempt,sq royal mail 9853 london direct,0
CARD ADOBE CREATIVE GLASGOW LTD REF-3576,standard_rate,card adobe creative glasgow ltd ref 3576,3
POS AMAZON EU BIRMINGHAM PLC REF-5782,standard_rate,pos amazon eu birmingham plc ref 5782,3
"$12,430.55 $23,664.60",standard_rate,12 430 55 23 664 60,3
Dd Hsbc Bank Fees Manchester Ltd Ref-6553,exempt,dd hsbc bank fees manchester ltd ref 6553,0
SQ *BARCLAYS BANK 1039  ONLINE REF-6464,exempt,sq barclays bank 1039 online ref 6464,0
PAYMENT TO POST OFFICE 8809  REF-4766,exempt,payment to post office 8809 ref 4766,0
"2025-03-03 ATMOS GAS COMPANY 96.02 14,903.98",standard_rate,2025 03 03 atmos gas company 96 02 14 903 98,3
IZ *AA BREAKDOWN  LTD REF-3914,exempt,iz aa breakdown ltd ref 3914,0
Card Aldi Stores 6855 Glasgow Store Ref-8054,zero_rated,card aldi stores 6855 glasgow store ref 8054,4
SQ *AVIVA INSURANCE 9174 MANCHESTER STORE REF-2616,exempt,sq aviva insurance 9174 manchester store ref 2616,0
Card Aldi Stores 4614 Online Uk Ref-7511,zero_rated,card aldi stores 4614 online uk ref 7511,4
"Jan 03 Sysco Foods Inc - Inventory ACH-7741 4,820.00 37,498.55",standard_rate,jan 03 sysco foods inc inventory ach 7741 4 820 00 37 498 55,3
PAYMENT TO NATIONAL EXPRESS 9644 LEEDS REF-1479,zero_rated,payment to national express 9644 leeds ref 1479,4
POS STATIONERY STATION 1373  STORE REF-6008,standard_rate,pos stationery station 1373 store ref 6008,3
POS EDF ENERGY 9388  STORE,reduced_rate,pos edf energy 9388 store,2
DD QUICKBOOKS 7450 GLASGOW STORE REF-7789,standard_rate,dd quickbooks 7450 glasgow store ref 7789,3
CARD TESCO EXPRESS 9660 LEEDS ONLINE,zero_rated,card tesco express 9660 leeds online,4
"Mar 31 CLOSING BALANCE BAL-END 67,876.15",standard_rate,mar 31 closing balance bal end 67 876 15,3
POS UBER EATS 6749 BIRMINGHAM DIRECT REF-6688,standard_rate,pos uber eats 6749 birmingham direct ref 6688,3
DD LINKEDIN PREMIUM 2123  ONLINE,standard_rate,dd linkedin premium 2123 online,3
iz *tesco stores 706 birmingham,zero_rated,iz tesco stores 706 birmingham,4
SQ *NATIONAL EXPRESS GLASGOW PLC,zero_rated,sq national express glasgow plc,4
edf energy london,reduced_rate,edf energy london,2
iz *lidl gb 998 glasgow ltd,zero_rated,iz lidl gb 998 glasgow ltd,4
TRAINLINE GLASGOW LTD,zero_rated,trainline glasgow ltd,4
CARD HSBC BANK FEES 248 BIRMINGHAM DIRECT REF-8917,exempt,card hsbc bank fees 248 birmingham direct ref 8917,0
Card Google Workspace 3463  Store,standard_rate,card google workspace 3463 store,3
Iz *Tfl Travel 930  Ltd,zero_rated,iz tfl travel 930 ltd,4
Card Linkedin Premium 2099  Uk,standard_rate,card linkedin premium 2099 uk,3
IZ *INTRA ACCOUNT TRANSFER  STORE,outside_scope,iz intra account transfer store,1
CARD BRITISH GAS 7307,reduced_rate,card british gas 7307,2
SQ *LNER TICKETS 6243  REF-1336,zero_rated,sq lner tickets 6243 ref 1336,4
Dd National Express 2065  Ltd Ref-9393,zero_rated,dd national express 2065 ltd ref 9393,4
POS AMAZON KINDLE GLASGOW STORE REF-4586,zero_rated,pos amazon kindle glasgow store ref 4586,4
PAYMENT TO OCTOPUS ENERGY MANCHESTER STORE,reduced_rate,payment to octopus energy manchester store,2
IZ *SAINSBURYS 5328 BIRMINGHAM PLC,zero_rated,iz sainsburys 5328 birmingham plc,4
SQ *BRITISH GAS BRISTOL STORE REF-5230,reduced_rate,sq british gas bristol store ref 5230,2
IZ *WESTMINSTER COUNCIL 7179  PLC REF-1623,outside_scope,iz westminster council 7179 plc ref 1623,1
PAYMENT TO ALDI STORES 2559 GLASGOW LTD,zero_rated,payment to aldi stores 2559 glasgow ltd,4
SQ *ALDI STORES 9470 GLASGOW ONLINE,zero_rated,sq aldi stores 9470 glasgow online,4
PAYMENT TO BARCLAYS BANK 7207 GLASGOW DIRECT,exempt,payment to barclays bank 7207 glasgow direct,0
POS UBER EATS 1883 LONDON UK,standard_rate,pos uber eats 1883 london uk,3
CARD OCTOPUS ENERGY 2381 LEEDS UK REF-5833,reduced_rate,card octopus energy 2381 leeds uk ref 5833,2
Pos Trainline Glasgow Direct Ref-1423,zero_rated,pos trainline glasgow direct ref 1423,4
"Feb 26 Beverage Distributor - Liquor ACH-6613 2,350.00 67,064.80",standard_rate,feb 26 beverage distributor liquor ach 6613 2 350 00 67 064 80,3
dd quickbooks 8426 manchester uk,standard_rate,dd quickbooks 8426 manchester uk,3
"Mar 31 Bank Service Fee - Q1 FEE-0331 399.65 104,876.15",standard_rate,mar 31 bank service fee q1 fee 0331 399 65 104 876 15,3
Iz *Linkedin Premium 2121 Uk Ltd,standard_rate,iz linkedin premium 2121 uk ltd,3
POS AA BREAKDOWN 655 GLASGOW REF-3257,exempt,pos aa breakdown 655 glasgow ref 3257,0
Waste Management Republic Services 2 $620.00,standard_rate,waste management republic services 2 620 00,3
03/09/2025 03/09/2025 AMAZON BUSINESS PRIME Other $58.58,standard_rate,03 09 2025 03 09 2025 amazon business prime other 58 58,3
Iz *Deliveroo Uk Online,standard_rate,iz deliveroo uk online,3
SQ *AMAZON EU 3105 ONLINE ONLINE REF-2565,standard_rate,sq amazon eu 3105 online online ref 2565,3
PAYMENT TO ASDA SUPERMARKET 220 ONLINE UK,zero_rated,payment to asda supermarket 220 online uk,4
CARD EON NEXT LONDON DIRECT,reduced_rate,card eon next london direct,2
POS STATIONERY STATION 7660 BIRMINGHAM ONLINE,standard_rate,pos stationery station 7660 birmingham online,3
SAGE SUBSCRIPTION 5799 ONLINE LTD REF-1484,standard_rate,sage subscription 5799 online ltd ref 1484,3
Dd Barclays Bank 4813 Online Plc,exempt,dd barclays bank 4813 online plc,0
IZ *LIDL GB 9525 MANCHESTER DIRECT,zero_rated,iz lidl gb 9525 manchester direct,4
"2026-03-24 US FOODS 3,303.94 41,933.00",standard_rate,2026 03 24 us foods 3 303 94 41 933 00,3
sq *payroll transfer leeds uk,outside_scope,sq payroll transfer leeds uk,1
dd tesco express 2700 uk online,zero_rated,dd tesco express 2700 uk online,4
"Total Deposits & Credits $187,450.00",standard_rate,total deposits credits 187 450 00,3
POS INTRA ACCOUNT TRANSFER  UK REF-5144,outside_scope,pos intra account transfer uk ref 5144,1
Adobe Creative 5174  Online,standard_rate,adobe creative 5174 online,3
"Jan 22 ADP Payroll Processing ACH-3302 8,450.00 34,544.80",standard_rate,jan 22 adp payroll processing ach 3302 8 450 00 34 544 80,3
Director Drawings 4300 Uk Direct Ref-1980,outside_scope,director drawings 4300 uk direct ref 1980,1
PAYMENT TO AMAZON KINDLE 8537 BIRMINGHAM ONLINE REF-9722,zero_rated,payment to amazon kindle 8537 birmingham online ref 9722,4
POS WATERSTONES 6728  UK,zero_rated,pos waterstones 6728 uk,4
Quickbooks Glasgow Ltd Ref-9569,standard_rate,quickbooks glasgow ltd ref 9569,3
PAYMENT TO GOOGLE WORKSPACE 7686 ONLINE PLC REF-2705,standard_rate,payment to google workspace 7686 online plc ref 2705,3
"Mar 31 Bank Service Fee - Q1 FEE-0331 399.65 104,876.15",standard_rate,mar 31 bank service fee q1 fee 0331 399 65 104 876 15,3
PAYMENT TO BOOTS UK 656 LONDON UK REF-2481,standard_rate,payment to boots uk 656 london uk ref 2481,3
ASDA SUPERMARKET MANCHESTER UK,zero_rated,asda supermarket manchester uk,4
POS LIDL GB 8670  DIRECT,zero_rated,pos lidl gb 8670 direct,4
CARD HMRC PAYMENTS 9250 LEEDS STORE REF-6990,outside_scope,card hmrc payments 9250 leeds store ref 6990,1
"Mar 25 Beverage Distributor - Liquor ACH-6614 2,580.00 82,774.80",standard_rate,mar 25 beverage distributor liquor ach 6614 2 580 00 82 774 80,3
MICROSOFT 365 2343  DIRECT REF-5060,standard_rate,microsoft 365 2343 direct ref 5060,3
PAYMENT TO BARCLAYS BANK ONLINE DIRECT,exempt,payment to barclays bank online direct,0
DD ADOBE CREATIVE BRISTOL PLC,standard_rate,dd adobe creative bristol plc,3
PAYMENT TO AVIVA INSURANCE 7149 BIRMINGHAM LTD REF-2446,exempt,payment to aviva insurance 7149 birmingham ltd ref 2446,0
IZ *ADOBE CREATIVE 4868  LTD,standard_rate,iz adobe creative 4868 ltd,3
SQ *HMRC SHIPLEY 4197  DIRECT REF-1303,outside_scope,sq hmrc shipley 4197 direct ref 1303,1
IZ *NATIONAL EXPRESS 3849 LONDON STORE REF-2943,zero_rated,iz national express 3849 london store ref 2943,4
Sq *Adobe Creative 3573 Bristol Direct Ref-4001,standard_rate,sq adobe creative 3573 bristol direct ref 4001,3
"2026-03-04 CLOVER SALES DEPOSIT 2,815.45 40,486.64",standard_rate,2026 03 04 clover sales deposit 2 815 45 40 486 64,3
iz *sainsburys 4002  uk,zero_rated,iz sainsburys 4002 uk,4
DD BOOTS UK 3006  REF-4843,standard_rate,dd boots uk 3006 ref 4843,3
Adobe Creative 9605 Manchester Ltd Ref-3051,standard_rate,adobe creative 9605 manchester ltd ref 3051,3
PAYMENT TO SAINSBURYS 8746  LTD REF-6134,zero_rated,payment to sainsburys 8746 ltd ref 6134,4
DD SAINSBURYS 6970 LONDON PLC,zero_rated,dd sainsburys 6970 london plc,4
POS BARCLAYS BANK  PLC,exempt,pos barclays bank plc,0
POS SAINSBURYS 1606 UK PLC REF-6432,zero_rated,pos sainsburys 1606 uk plc ref 6432,4
CARD PAYROLL TRANSFER 2405  DIRECT REF-8527,outside_scope,card payroll transfer 2405 direct ref 8527,1
DIRECTOR DRAWINGS 6213 UK PLC REF-1439,outside_scope,director drawings 6213 uk plc ref 1439,1
Iz *Asda Supermarket Leeds Ltd,zero_rated,iz asda supermarket leeds ltd,4
POST OFFICE UK DIRECT REF-1326,exempt,post office uk direct ref 1326,0
SQ *SAGE SUBSCRIPTION 8274 MANCHESTER ONLINE,standard_rate,sq sage subscription 8274 manchester online,3
IZ *TFL TRAVEL  PLC,zero_rated,iz tfl travel plc,4
POS AA BREAKDOWN 3129  STORE,exempt,pos aa breakdown 3129 store,0
dd edf energy 9628 glasgow store ref-9341,reduced_rate,dd edf energy 9628 glasgow store ref 9341,2
CARD ADOBE CREATIVE BIRMINGHAM STORE,standard_rate,card adobe creative birmingham store,3
CARD ASDA SUPERMARKET 6301 BIRMINGHAM STORE,zero_rated,card asda supermarket 6301 birmingham store,4
Payment To Octopus Energy Online Direct,reduced_rate,payment to octopus energy online direct,2
DD XERO SOFTWARE BIRMINGHAM DIRECT REF-8896,standard_rate,dd xero software birmingham direct ref 8896,3
IZ *WATERSTONES GLASGOW PLC REF-4633,zero_rated,iz waterstones glasgow plc ref 4633,4
PAYMENT TO DIRECTOR DRAWINGS 7490 MANCHESTER ONLINE REF-6909,outside_scope,payment to director drawings 7490 manchester online ref 6909,1
Card Edf Energy 2303  Plc,reduced_rate,card edf energy 2303 plc,2
CARD LIDL GB 595 GLASGOW,zero_rated,card lidl gb 595 glasgow,4
SQ *UBER EATS 9256 UK DIRECT,standard_rate,sq uber eats 9256 uk direct,3
IZ *QUICKBOOKS 248 LEEDS,standard_rate,iz quickbooks 248 leeds,3
dd xero software 7758 leeds,standard_rate,dd xero software 7758 leeds,3
PAYMENT TO WATERSTONES 9576 UK,zero_rated,payment to waterstones 9576 uk,4
trainline 8756 birmingham plc,zero_rated,trainline 8756 birmingham plc,4
POS WATERSTONES 7863 LONDON PLC,zero_rated,pos waterstones 7863 london plc,4
Pos Stationery Station 6782 Leeds Store Ref-5404,standard_rate,pos stationery station 6782 leeds store ref 5404,3
OCTOPUS ENERGY 9078 LONDON DIRECT REF-9289,reduced_rate,octopus energy 9078 london direct ref 9289,2
CARD ADOBE CREATIVE 1900  UK REF-1517,standard_rate,card adobe creative 1900 uk ref 1517,3
payment to tfl travel 7331 birmingham uk,zero_rated,payment to tfl travel 7331 birmingham uk,4
PAYMENT TO SAGE SUBSCRIPTION 1548 LEEDS,standard_rate,payment to sage subscription 1548 leeds,3
pos amazon uk  plc ref-4083,standard_rate,pos amazon uk plc ref 4083,3
SQ *WESTMINSTER COUNCIL 4855 UK REF-1494,outside_scope,sq westminster council 4855 uk ref 1494,1
CARD WESTMINSTER COUNCIL 8154 ONLINE LTD,outside_scope,card westminster council 8154 online ltd,1
dd trainline birmingham store,zero_rated,dd trainline birmingham store,4
POS PAYROLL TRANSFER UK REF-3227,outside_scope,pos payroll transfer uk ref 3227,1
STATIONERY STATION 4875  STORE,standard_rate,stationery station 4875 store,3
CARD ALDI STORES 8631 MANCHESTER DIRECT REF-4726,zero_rated,card aldi stores 8631 manchester direct ref 4726,4
POS HMRC PAYMENTS 8692 BRISTOL DIRECT REF-7567,outside_scope,pos hmrc payments 8692 bristol direct ref 7567,1
"Jan 04 POS Sales Deposit - Daily DEP-0104 3,210.50 40,709.05",standard_rate,jan 04 pos sales deposit daily dep 0104 3 210 50 40 709 05,3
Card Post Office  Ltd,exempt,card post office ltd,0
IZ *SAGE SUBSCRIPTION 5907 MANCHESTER PLC REF-9193,standard_rate,iz sage subscription 5907 manchester plc ref 9193,3
DD MICROSOFT 365 218,standard_rate,dd microsoft 365 218,3
"2025-03-20 SQUARE *LOUISVILLE BBQ DEPOSIT 4,898.47 34,086.84",standard_rate,2025 03 20 square louisville bbq deposit 4 898 47 34 086 84,3
Sq *Asda Supermarket 6053 Uk Plc Ref-4652,zero_rated,sq asda supermarket 6053 uk plc ref 4652,4
PAYMENT TO ADOBE CREATIVE 6953  UK,standard_rate,payment to adobe creative 6953 uk,3
DD DIRECTOR DRAWINGS 8866 MANCHESTER PLC,outside_scope,dd director drawings 8866 manchester plc,1
"Card Type: Chase Ink Business Cash New Balance: $3,364.36",standard_rate,card type chase ink business cash new balance 3 364 36,3
SQ *DELIVEROO  PLC,standard_rate,sq deliveroo plc,3
POS STATIONERY STATION 4689 GLASGOW UK REF-1190,standard_rate,pos stationery station 4689 glasgow uk ref 1190,3
PAYMENT TO PAYROLL TRANSFER 4346 GLASGOW LTD,outside_scope,payment to payroll transfer 4346 glasgow ltd,1
Dd Hsbc Bank Fees Uk Direct Ref-7447,exempt,dd hsbc bank fees uk direct ref 7447,0
AMAZON KINDLE BIRMINGHAM ONLINE,zero_rated,amazon kindle birmingham online,4
PAYMENT TO STATIONERY STATION 9026 ONLINE DIRECT,standard_rate,payment to stationery station 9026 online direct,3
Hmrc Shipley 7461 London Uk,outside_scope,hmrc shipley 7461 london uk,1
SQ *WESTMINSTER COUNCIL BRISTOL LTD,outside_scope,sq westminster council bristol ltd,1
payment to tesco stores online uk ref-7381,zero_rated,payment to tesco stores online uk ref 7381,4
SQ *STATIONERY STATION,standard_rate,sq stationery station,3
DD AMAZON UK  PLC,standard_rate,dd amazon uk plc,3
"This statement is generated for testing purposes only. Chase Bank N.A. | P.O. Box 15123, Wilmington, DE 19850 | Member FDIC",standard_rate,this statement is generated for testing purposes only chase bank n a p o box 15123 wilmington de 19850 member fdic,3
CARD ALDI STORES  PLC REF-3233,zero_rated,card aldi stores plc ref 3233,4
Dd Google Workspace 5981 Leeds Online Ref-6174,standard_rate,dd google workspace 5981 leeds online ref 6174,3
POS QUICKBOOKS 2952 MANCHESTER REF-2675,standard_rate,pos quickbooks 2952 manchester ref 2675,3
DD NATIONAL EXPRESS 5299 MANCHESTER PLC,zero_rated,dd national express 5299 manchester plc,4
IZ *WATERSTONES 365 GLASGOW STORE,zero_rated,iz waterstones 365 glasgow store,4
Payment To Hmrc Shipley  Ltd,outside_scope,payment to hmrc shipley ltd,1
DD BARCLAYS BANK 2198 LEEDS LTD REF-5490,exempt,dd barclays bank 2198 leeds ltd ref 5490,0
Iz *Aa Breakdown 6424 Bristol Plc,exempt,iz aa breakdown 6424 bristol plc,0
IZ *LNER TICKETS 7318 LEEDS LTD,zero_rated,iz lner tickets 7318 leeds ltd,4
SQ *INTRA ACCOUNT TRANSFER 8386  LTD,outside_scope,sq intra account transfer 8386 ltd,1
DD WESTMINSTER COUNCIL 3551 LONDON STORE,outside_scope,dd westminster council 3551 london store,1
POS LINKEDIN PREMIUM 9004 UK DIRECT,standard_rate,pos linkedin premium 9004 uk direct,3
PAYMENT TO NATIONAL EXPRESS  UK,zero_rated,payment to national express uk,4
CARD SAGE SUBSCRIPTION GLASGOW LTD REF-2769,standard_rate,card sage subscription glasgow ltd ref 2769,3
POS EON NEXT GLASGOW,reduced_rate,pos eon next glasgow,2
POS INTRA ACCOUNT TRANSFER 8898 UK,outside_scope,pos intra account transfer 8898 uk,1
IZ *MICROSOFT 365 3254  DIRECT,standard_rate,iz microsoft 365 3254 direct,3
PAYMENT TO AMAZON KINDLE 8629  STORE REF-4748,zero_rated,payment to amazon kindle 8629 store ref 4748,4
SQ *AVIVA INSURANCE UK ONLINE REF-4612,exempt,sq aviva insurance uk online ref 4612,0
IZ *WATERSTONES  LTD REF-1579,zero_rated,iz waterstones ltd ref 1579,4
pos tesco express 3748 online plc ref-1372,zero_rated,pos tesco express 3748 online plc ref 1372,4
"2025-03-03 LOUISVILLE WATER CO 71.48 22,363.86",standard_rate,2025 03 03 louisville water co 71 48 22 363 86,3
LINKEDIN PREMIUM 2060  UK REF-4010,standard_rate,linkedin premium 2060 uk ref 4010,3
OCTOPUS ENERGY BIRMINGHAM,reduced_rate,octopus energy birmingham,2
POS LIDL GB 7163  UK REF-8132,zero_rated,pos lidl gb 7163 uk ref 8132,4
IZ *HMRC PAYMENTS,outside_scope,iz hmrc payments,1
DD HSBC BANK FEES 6178,exempt,dd hsbc bank fees 6178,0
IZ *WESTMINSTER COUNCIL 333 BIRMINGHAM DIRECT,outside_scope,iz westminster council 333 birmingham direct,1
03/26/2025 03/26/2025 5678 STAPLES INC #0392 Other $59.93,standard_rate,03 26 2025 03 26 2025 5678 staples inc 0392 other 59 93,3
SQ *DIRECTOR DRAWINGS 7285 BRISTOL PLC,outside_scope,sq director drawings 7285 bristol plc,1
PAYMENT TO AMAZON UK 8068 MANCHESTER LTD,standard_rate,payment to amazon uk 8068 manchester ltd,3
POS TESCO EXPRESS 1481 GLASGOW,zero_rated,pos tesco express 1481 glasgow,4
payment to british gas 1681  store,reduced_rate,payment to british gas 1681 store,2
PAYMENT TO AMAZON EU 1162 UK PLC,standard_rate,payment to amazon eu 1162 uk plc,3
PAYMENT TO DIRECTOR DRAWINGS BIRMINGHAM DIRECT REF-3635,outside_scope,payment to director drawings birmingham direct ref 3635,1
IZ *AA BREAKDOWN 1316 BIRMINGHAM DIRECT,exempt,iz aa breakdown 1316 birmingham direct,0
DELIVEROO 4486 BRISTOL LTD,standard_rate,deliveroo 4486 bristol ltd,3
"2025-04-11 TOAST POS DEPOSIT 2,985.63 33,690.68",standard_rate,2025 04 11 toast pos deposit 2 985 63 33 690 68,3
CARD HSBC BANK FEES 3404  LTD,exempt,card hsbc bank fees 3404 ltd,0
SQ *HMRC SHIPLEY 5498  ONLINE REF-6364,outside_scope,sq hmrc shipley 5498 online ref 6364,1
DELIVEROO 7566 LEEDS DIRECT,standard_rate,deliveroo 7566 leeds direct,3
DD EDF ENERGY UK DIRECT,reduced_rate,dd edf energy uk direct,2
Pos Royal Mail Glasgow Ref-1327,exempt,pos royal mail glasgow ref 1327,0
Card Waterstones 4534 Birmingham,zero_rated,card waterstones 4534 birmingham,4
PAYMENT TO HMRC PAYMENTS 119 BIRMINGHAM UK REF-4095,outside_scope,payment to hmrc payments 119 birmingham uk ref 4095,1
Pos Hmrc Shipley 7555 London,outside_scope,pos hmrc shipley 7555 london,1
DD BOOTS UK 5090 BIRMINGHAM UK REF-7241,standard_rate,dd boots uk 5090 birmingham uk ref 7241,3
DD BRITISH GAS 5768 UK LTD REF-4502,reduced_rate,dd british gas 5768 uk ltd ref 4502,2
SQ *SAINSBURYS 585  STORE REF-8381,zero_rated,sq sainsburys 585 store ref 8381,4
DD LINKEDIN PREMIUM 1915 LONDON ONLINE,standard_rate,dd linkedin premium 1915 london online,3
INTRA ACCOUNT TRANSFER 4615  ONLINE,outside_scope,intra account transfer 4615 online,1
IZ *XERO SOFTWARE ONLINE,standard_rate,iz xero software online,3
TFL TRAVEL 3881  LTD REF-8208,zero_rated,tfl travel 3881 ltd ref 8208,4
AMAZON EU 9195 ONLINE PLC,standard_rate,amazon eu 9195 online plc,3
PAYMENT TO STATIONERY STATION 6926 UK,standard_rate,payment to stationery station 6926 uk,3
iz *octopus energy 104 manchester ref-1819,reduced_rate,iz octopus energy 104 manchester ref 1819,2
Dd Waterstones 7156 Leeds Uk,zero_rated,dd waterstones 7156 leeds uk,4
CARD STATIONERY STATION  PLC REF-2137,standard_rate,card stationery station plc ref 2137,3
Card Hmrc Shipley 8608 Glasgow Plc Ref-8130,outside_scope,card hmrc shipley 8608 glasgow plc ref 8130,1
sq *sage subscription 5741  store,standard_rate,sq sage subscription 5741 store,3
POS AMAZON UK 8164  REF-4308,standard_rate,pos amazon uk 8164 ref 4308,3
payment to tesco express 8935  direct,zero_rated,payment to tesco express 8935 direct,4
DD AMAZON KINDLE GLASGOW LTD,zero_rated,dd amazon kindle glasgow ltd,4
Business Name: The Golden Fork Restaurant Account Number: ****4872,standard_rate,business name the golden fork restaurant account number 4872,3
SQ *XERO SOFTWARE 4866  LTD,standard_rate,sq xero software 4866 ltd,3
IZ *HMRC PAYMENTS GLASGOW PLC,outside_scope,iz hmrc payments glasgow plc,1
CARD XERO SOFTWARE BIRMINGHAM ONLINE,standard_rate,card xero software birmingham online,3
BOOTS UK 2389 MANCHESTER ONLINE,standard_rate,boots uk 2389 manchester online,3
Iz *Royal Mail  Direct,exempt,iz royal mail direct,0
Pos Deliveroo Glasgow Plc Ref-9806,standard_rate,pos deliveroo glasgow plc ref 9806,3
CARD DELIVEROO 5195 GLASGOW REF-5073,standard_rate,card deliveroo 5195 glasgow ref 5073,3
PAYMENT TO STATIONERY STATION 5926  DIRECT,standard_rate,payment to stationery station 5926 direct,3
Sq *Adobe Creative 3493 Manchester Plc,standard_rate,sq adobe creative 3493 manchester plc,3
IZ *ADOBE CREATIVE  LTD REF-1059,standard_rate,iz adobe creative ltd ref 1059,3
"Ending Balance (Mar 31, 2024) $67,876.15",standard_rate,ending balance mar 31 2024 67 876 15,3
POS BARCLAYS BANK 1174 LONDON STORE,exempt,pos barclays bank 1174 london store,0
WESTMINSTER COUNCIL 9988  UK,outside_scope,westminster council 9988 uk,1
PAYMENT TO BOOTS UK 5609,standard_rate,payment to boots uk 5609,3
POS TFL TRAVEL 7486 LEEDS STORE,zero_rated,pos tfl travel 7486 leeds store,4
PAYMENT TO BOOTS UK 7516,standard_rate,payment to boots uk 7516,3
sq *sainsburys 7601 glasgow direct ref-5873,zero_rated,sq sainsburys 7601 glasgow direct ref 5873,4
SQ *LIDL GB  REF-5478,zero_rated,sq lidl gb ref 5478,4
westminster council 1181  uk,outside_scope,westminster council 1181 uk,1
CARD SAINSBURYS BRISTOL LTD REF-3711,zero_rated,card sainsburys bristol ltd ref 3711,4
DD WESTMINSTER COUNCIL 9874,outside_scope,dd westminster council 9874,1
ROYAL MAIL 8277  LTD,exempt,royal mail 8277 ltd,0
IZ *BRITISH GAS  UK,reduced_rate,iz british gas uk,2
Sq *Quickbooks London Store,standard_rate,sq quickbooks london store,3
IZ *AA BREAKDOWN 282 GLASGOW STORE REF-1905,exempt,iz aa breakdown 282 glasgow store ref 1905,0
SQ *TRAINLINE 5656  LTD,zero_rated,sq trainline 5656 ltd,4
CARD AMAZON EU 5991 MANCHESTER,standard_rate,card amazon eu 5991 manchester,3
"2025-03-02 TOAST POS DEPOSIT 2,705.14 17,705.14",standard_rate,2025 03 02 toast pos deposit 2 705 14 17 705 14,3
Pos Director Drawings 249  Online Ref-1354,outside_scope,pos director drawings 249 online ref 1354,1
Transaction Detail — March 2025,standard_rate,transaction detail march 2025,3
DD NATIONAL EXPRESS 4961  DIRECT,zero_rated,dd national express 4961 direct,4
DD BARCLAYS BANK 7807 LONDON UK,exempt,dd barclays bank 7807 london uk,0
CARD SAINSBURYS 4340 MANCHESTER ONLINE REF-2228,zero_rated,card sainsburys 4340 manchester online ref 2228,4
IZ *AVIVA INSURANCE  STORE REF-9004,exempt,iz aviva insurance store ref 9004,0
Pos Microsoft 365 735 Manchester Plc,standard_rate,pos microsoft 365 735 manchester plc,3
"2026-01-29 ADP PAYROLL SVCS 5,030.49 28,118.31",standard_rate,2026 01 29 adp payroll svcs 5 030 49 28 118 31,3
DD BARCLAYS BANK  LTD,exempt,dd barclays bank ltd,0
IZ *ADOBE CREATIVE  DIRECT REF-1012,standard_rate,iz adobe creative direct ref 1012,3
IZ *XERO SOFTWARE MANCHESTER PLC,standard_rate,iz xero software manchester plc,3
POS STATIONERY STATION 6683 UK LTD,standard_rate,pos stationery station 6683 uk ltd,3
IZ *UBER EATS BRISTOL UK REF-1794,standard_rate,iz uber eats bristol uk ref 1794,3
"2026-01-21 DOORDASH TRANSFER 502.65 30,943.65",standard_rate,2026 01 21 doordash transfer 502 65 30 943 65,3
sq *intra account transfer 5637  uk,outside_scope,sq intra account transfer 5637 uk,1
POS LINKEDIN PREMIUM 8975  LTD,standard_rate,pos linkedin premium 8975 ltd,3
TRAINLINE 3569  DIRECT,zero_rated,trainline 3569 direct,4
DD XERO SOFTWARE 1103  UK,standard_rate,dd xero software 1103 uk,3
PAYMENT TO AMAZON UK LEEDS ONLINE,standard_rate,payment to amazon uk leeds online,3
"Feb 26 Beverage Distributor - Liquor ACH-6613 2,350.00 67,064.80",standard_rate,feb 26 beverage distributor liquor ach 6613 2 350 00 67 064 80,3
POS POST OFFICE  PLC REF-9055,exempt,pos post office plc ref 9055,0
iz *deliveroo 9448  plc,standard_rate,iz deliveroo 9448 plc,3
POST OFFICE BIRMINGHAM LTD,exempt,post office birmingham ltd,0
CARD HSBC BANK FEES ONLINE PLC,exempt,card hsbc bank fees online plc,0
LNER TICKETS GLASGOW PLC,zero_rated,lner tickets glasgow plc,4
SQ *ADOBE CREATIVE 7167  LTD,standard_rate,sq adobe creative 7167 ltd,3
DD INTRA ACCOUNT TRANSFER GLASGOW PLC,outside_scope,dd intra account transfer glasgow plc,1
SQ *EDF ENERGY 2718 ONLINE ONLINE,reduced_rate,sq edf energy 2718 online online,2
POS LINKEDIN PREMIUM 3178 MANCHESTER PLC,standard_rate,pos linkedin premium 3178 manchester plc,3
DELIVEROO 169 BIRMINGHAM REF-6157,standard_rate,deliveroo 169 birmingham ref 6157,3
TFL TRAVEL 8260  DIRECT,zero_rated,tfl travel 8260 direct,4
PAYMENT TO BARCLAYS BANK 1200,exempt,payment to barclays bank 1200,0
sq *post office  ltd,exempt,sq post office ltd,0
"2025-04-22 PAYCHEX INC PAYROLL 3,430.50 25,458.17",standard_rate,2025 04 22 paychex inc payroll 3 430 50 25 458 17,3
POS XERO SOFTWARE  ONLINE REF-9786,standard_rate,pos xero software online ref 9786,3
SQ *LNER TICKETS 1511 MANCHESTER PLC,zero_rated,sq lner tickets 1511 manchester plc,4
SQ *LIDL GB GLASGOW PLC,zero_rated,sq lidl gb glasgow plc,4
iz *director drawings 605  store,outside_scope,iz director drawings 605 store,1
POS POST OFFICE 1220  STORE,exempt,pos post office 1220 store,0
BARCLAYS BANK 9383 MANCHESTER STORE REF-3617,exempt,barclays bank 9383 manchester store ref 3617,0
PAYMENT TO ASDA SUPERMARKET 4741,zero_rated,payment to asda supermarket 4741,4
dd waterstones 1794  online,zero_rated,dd waterstones 1794 online,4
IZ *BRITISH GAS LEEDS DIRECT,reduced_rate,iz british gas leeds direct,2
CARD UBER EATS 9137  DIRECT,standard_rate,card uber eats 9137 direct,3
DD UBER EATS 1733  DIRECT,standard_rate,dd uber eats 1733 direct,3
british gas 6239  uk,reduced_rate,british gas 6239 uk,2
Sq *Royal Mail 5823  Online,exempt,sq royal mail 5823 online,0
CARD DELIVEROO 7601 GLASGOW DIRECT REF-3219,standard_rate,card deliveroo 7601 glasgow direct ref 3219,3
"2026-03-23 TOAST POS DEPOSIT 3,080.60 48,436.94",standard_rate,2026 03 23 toast pos deposit 3 080 60 48 436 94,3
ADOBE CREATIVE 2086  REF-7427,standard_rate,adobe creative 2086 ref 7427,3
payment to tfl travel glasgow online ref-4407,zero_rated,payment to tfl travel glasgow online ref 4407,4
PAYMENT TO HSBC BANK FEES 3978 LEEDS UK,exempt,payment to hsbc bank fees 3978 leeds uk,0
Sq *Aviva Insurance 8393  Plc Ref-4690,exempt,sq aviva insurance 8393 plc ref 4690,0
POS AMAZON UK 7524  DIRECT,standard_rate,pos amazon uk 7524 direct,3
CARD UBER EATS 3947 MANCHESTER DIRECT,standard_rate,card uber eats 3947 manchester direct,3
SQ *ROYAL MAIL 419 UK LTD REF-9696,exempt,sq royal mail 419 uk ltd ref 9696,0
GOOGLE WORKSPACE 6291 BIRMINGHAM LTD REF-3403,standard_rate,google workspace 6291 birmingham ltd ref 3403,3
payment to tfl travel 7108 manchester direct ref-6983,zero_rated,payment to tfl travel 7108 manchester direct ref 6983,4
BRITISH GAS 2417 BRISTOL LTD REF-8515,reduced_rate,british gas 2417 bristol ltd ref 8515,2
"TOTAL REVENUE (POS Deposits) 18 $187,450.00",standard_rate,total revenue pos deposits 18 187 450 00,3
card tesco stores 2406  ref-4696,zero_rated,card tesco stores 2406 ref 4696,4
SQ *BRITISH GAS  PLC,reduced_rate,sq british gas plc,2
SQ *ASDA SUPERMARKET 3758 BIRMINGHAM DIRECT REF-5767,zero_rated,sq asda supermarket 3758 birmingham direct ref 5767,4
CARD BOOTS UK 8407 BRISTOL ONLINE,standard_rate,card boots uk 8407 bristol online,3
Iz *Tfl Travel 6674  Ltd Ref-9334,zero_rated,iz tfl travel 6674 ltd ref 9334,4
DD AVIVA INSURANCE 139 UK UK REF-8960,exempt,dd aviva insurance 139 uk uk ref 8960,0
dd lner tickets 9165  direct ref-7038,zero_rated,dd lner tickets 9165 direct ref 7038,4
CARD TFL TRAVEL  DIRECT REF-3612,zero_rated,card tfl travel direct ref 3612,4
POS OCTOPUS ENERGY 6211  ONLINE,reduced_rate,pos octopus energy 6211 online,2
XERO SOFTWARE 1788  UK,standard_rate,xero software 1788 uk,3
CARD STATIONERY STATION 7024  STORE,standard_rate,card stationery station 7024 store,3
payment to lidl gb london uk,zero_rated,payment to lidl gb london uk,4
IZ *BARCLAYS BANK ONLINE LTD REF-4744,exempt,iz barclays bank online ltd ref 4744,0
POS ASDA SUPERMARKET 1846 GLASGOW DIRECT,zero_rated,pos asda supermarket 1846 glasgow direct,4
IZ *EON NEXT 2206 BIRMINGHAM DIRECT,reduced_rate,iz eon next 2206 birmingham direct,2
"Feb 05 ComEd Electric Bill ACH-8822 1,920.00 48,914.80",standard_rate,feb 05 comed electric bill ach 8822 1 920 00 48 914 80,3
SQ *HMRC SHIPLEY  PLC,outside_scope,sq hmrc shipley plc,1
PAYMENT TO PAYROLL TRANSFER 1823  STORE,outside_scope,payment to payroll transfer 1823 store,1
POS LNER TICKETS 8347  LTD REF-5115,zero_rated,pos lner tickets 8347 ltd ref 5115,4
Sq *Quickbooks  Direct,standard_rate,sq quickbooks direct,3
AMAZON EU 2522 LONDON UK,standard_rate,amazon eu 2522 london uk,3
IZ *LINKEDIN PREMIUM  PLC,standard_rate,iz linkedin premium plc,3
IZ *AA BREAKDOWN  DIRECT,exempt,iz aa breakdown direct,0
CARD TRAINLINE 4587 LEEDS PLC,zero_rated,card trainline 4587 leeds plc,4
POS WATERSTONES 8584  REF-8935,zero_rated,pos waterstones 8584 ref 8935,4
Dd Adobe Creative 6810 Birmingham Plc,standard_rate,dd adobe creative 6810 birmingham plc,3
DD MICROSOFT 365 LONDON UK REF-9044,standard_rate,dd microsoft 365 london uk ref 9044,3
TESCO EXPRESS ONLINE PLC,zero_rated,tesco express online plc,4
IZ *GOOGLE WORKSPACE  LTD REF-4955,standard_rate,iz google workspace ltd ref 4955,3
POS GOOGLE WORKSPACE 9655 ONLINE ONLINE REF-6932,standard_rate,pos google workspace 9655 online online ref 6932,3
sq *barclays bank 5227  uk,exempt,sq barclays bank 5227 uk,0
POS POST OFFICE 5654 UK ONLINE,exempt,pos post office 5654 uk online,0
"Feb 18 US Foods - Meat & Dairy ACH-9922 3,420.00 58,534.80",standard_rate,feb 18 us foods meat dairy ach 9922 3 420 00 58 534 80,3
POS MICROSOFT 365 9327 LEEDS LTD,standard_rate,pos microsoft 365 9327 leeds ltd,3
NATIONAL EXPRESS 8388 UK STORE REF-8182,zero_rated,national express 8388 uk store ref 8182,4
SQ *UBER EATS 8786  LTD,standard_rate,sq uber eats 8786 ltd,3
CARD NATIONAL EXPRESS 7686 UK UK REF-9078,zero_rated,card national express 7686 uk uk ref 9078,4
iz *waterstones 4759 london,zero_rated,iz waterstones 4759 london,4
pos lner tickets 6617 london direct,zero_rated,pos lner tickets 6617 london direct,4
DD ASDA SUPERMARKET BRISTOL ONLINE,zero_rated,dd asda supermarket bristol online,4
PAYMENT TO TFL TRAVEL ONLINE UK,zero_rated,payment to tfl travel online uk,4
iz *tfl travel 924  ltd ref-6565,zero_rated,iz tfl travel 924 ltd ref 6565,4
FirstTrust Commercial Bank,standard_rate,firsttrust commercial bank,3
"03/07 AT&T; BUSINESS INTERNET SVC Utilities $189.00 $18,462.90",standard_rate,03 07 at t business internet svc utilities 189 00 18 462 90,3
ADOBE CREATIVE 1700  DIRECT,standard_rate,adobe creative 1700 direct,3
SQ *AA BREAKDOWN 6034 GLASGOW DIRECT,exempt,sq aa breakdown 6034 glasgow direct,0
IZ *INTRA ACCOUNT TRANSFER  ONLINE,outside_scope,iz intra account transfer online,1
DD TFL TRAVEL  STORE REF-3448,zero_rated,dd tfl travel store ref 3448,4
card linkedin premium birmingham online ref-8672,standard_rate,card linkedin premium birmingham online ref 8672,3
DD XERO SOFTWARE 2304  DIRECT,standard_rate,dd xero software 2304 direct,3
TRAINLINE 597 LONDON LTD,zero_rated,trainline 597 london ltd,4
CARD PAYROLL TRANSFER 5337  STORE REF-7858,outside_scope,card payroll transfer 5337 store ref 7858,1
CARD QUICKBOOKS  UK REF-1096,standard_rate,card quickbooks uk ref 1096,3
03/10/2025 03/10/2025 DOORDASH FEE PLATFORM DeliveryFees $87.10,standard_rate,03 10 2025 03 10 2025 doordash fee platform deliveryfees 87 10,3
"Mar 07 POS Sales Deposit - Weekly DEP-0307 15,640.00 82,594.80",standard_rate,mar 07 pos sales deposit weekly dep 0307 15 640 00 82 594 80,3
CARD DIRECTOR DRAWINGS 9980 GLASGOW UK,outside_scope,card director drawings 9980 glasgow uk,1
"Software / Services OpenTable, Square POS 2 $149.00",standard_rate,software services opentable square pos 2 149 00,3
POS PAYROLL TRANSFER 6910 MANCHESTER LTD REF-2861,outside_scope,pos payroll transfer 6910 manchester ltd ref 2861,1
DD LNER TICKETS 1774 BIRMINGHAM LTD,zero_rated,dd lner tickets 1774 birmingham ltd,4
aviva insurance 4236  ltd,exempt,aviva insurance 4236 ltd,0
POS HMRC PAYMENTS 5161  STORE REF-2024,outside_scope,pos hmrc payments 5161 store ref 2024,1
IZ *HMRC SHIPLEY 1828 BRISTOL ONLINE,outside_scope,iz hmrc shipley 1828 bristol online,1
"Jan 15 Rent Payment - 2214 W Maple CHK-1021 12,500.00 31,304.80",standard_rate,jan 15 rent payment 2214 w maple chk 1021 12 500 00 31 304 80,3
HSBC BANK FEES 6935  STORE,exempt,hsbc bank fees 6935 store,0
CARD AMAZON EU 238  DIRECT,standard_rate,card amazon eu 238 direct,3
sq *boots uk online ltd,standard_rate,sq boots uk online ltd,3
sq *post office london store ref-1531,exempt,sq post office london store ref 1531,0
Dd British Gas 9680  Store Ref-5264,reduced_rate,dd british gas 9680 store ref 5264,2
CARD INTRA ACCOUNT TRANSFER 6527  PLC,outside_scope,card intra account transfer 6527 plc,1
CARD TESCO STORES 2340 BRISTOL PLC REF-1645,zero_rated,card tesco stores 2340 bristol plc ref 1645,4
dd microsoft 365 6352  ltd,standard_rate,dd microsoft 365 6352 ltd,3
Sq *Boots Uk 5012  Ltd Ref-4909,standard_rate,sq boots uk 5012 ltd ref 4909,3
DD OCTOPUS ENERGY 8876  DIRECT REF-1798,reduced_rate,dd octopus energy 8876 direct ref 1798,2
OCTOPUS ENERGY 990 BRISTOL ONLINE REF-4765,reduced_rate,octopus energy 990 bristol online ref 4765,2
iz *linkedin premium  online,standard_rate,iz linkedin premium online,3
UBER EATS 4306 MANCHESTER,standard_rate,uber eats 4306 manchester,3
sq *aviva insurance 7925  ltd ref-4013,exempt,sq aviva insurance 7925 ltd ref 4013,0
POS SAINSBURYS BIRMINGHAM STORE,zero_rated,pos sainsburys birmingham store,4
PAYMENT TO POST OFFICE LONDON DIRECT,exempt,payment to post office london direct,0
dd waterstones 3641 birmingham direct,zero_rated,dd waterstones 3641 birmingham direct,4
POS GOOGLE WORKSPACE 6728 BRISTOL ONLINE,standard_rate,pos google workspace 6728 bristol online,3
Sq *Lidl Gb 1411 Manchester Direct,zero_rated,sq lidl gb 1411 manchester direct,4
"TOTAL CHARGES $4,506.69",standard_rate,total charges 4 506 69,3
"03/20 AMAZON MARKETPLACE PMTS Supplies $340.00 $17,753.80",standard_rate,03 20 amazon marketplace pmts supplies 340 00 17 753 80,3
SQ *AA BREAKDOWN 7805 GLASGOW ONLINE REF-1536,exempt,sq aa breakdown 7805 glasgow online ref 1536,0
DD ADOBE CREATIVE 6543 BRISTOL ONLINE,standard_rate,dd adobe creative 6543 bristol online,3
"2026-02-12 LINEN SERVICE WEEKLY 96.40 34,486.60",standard_rate,2026 02 12 linen service weekly 96 40 34 486 60,3
Category Summary Total In Total Out Net Tax Estimates (Kentucky),standard_rate,category summary total in total out net tax estimates kentucky,3
PAYMENT TO TESCO STORES MANCHESTER UK REF-2638,zero_rated,payment to tesco stores manchester uk ref 2638,4
POS BARCLAYS BANK 1372 LEEDS,exempt,pos barclays bank 1372 leeds,0
Microsoft 365 1987 Uk Ref-7172,standard_rate,microsoft 365 1987 uk ref 7172,3
westminster council 890  online,outside_scope,westminster council 890 online,1
POS XERO SOFTWARE  ONLINE REF-4846,standard_rate,pos xero software online ref 4846,3
sq *sage subscription  ref-3885,standard_rate,sq sage subscription ref 3885,3
PAYMENT TO ROYAL MAIL 3750 GLASGOW UK REF-6345,exempt,payment to royal mail 3750 glasgow uk ref 6345,0
hsbc bank fees 6097  ltd,exempt,hsbc bank fees 6097 ltd,0
Dd Tesco Stores 1233 Manchester Store Ref-9727,zero_rated,dd tesco stores 1233 manchester store ref 9727,4
Dd Post Office 162 Birmingham,exempt,dd post office 162 birmingham,0
Card Intra Account Transfer 7416 Online Plc,outside_scope,card intra account transfer 7416 online plc,1
CARD LIDL GB 7729 MANCHESTER UK,zero_rated,card lidl gb 7729 manchester uk,4
QUICKBOOKS  ONLINE REF-2754,standard_rate,quickbooks online ref 2754,3
DD DIRECTOR DRAWINGS  LTD,outside_scope,dd director drawings ltd,1
SQ *STATIONERY STATION 2585  LTD,standard_rate,sq stationery station 2585 ltd,3
SQ *EDF ENERGY 1797  UK REF-5815,reduced_rate,sq edf energy 1797 uk ref 5815,2
iz *payroll transfer 9677 leeds store,outside_scope,iz payroll transfer 9677 leeds store,1
DD TFL TRAVEL LEEDS STORE,zero_rated,dd tfl travel leeds store,4
IZ *SAGE SUBSCRIPTION 9218 GLASGOW ONLINE REF-8608,standard_rate,iz sage subscription 9218 glasgow online ref 8608,3
SQ *BRITISH GAS UK UK REF-5524,reduced_rate,sq british gas uk uk ref 5524,2
IZ *TFL TRAVEL 9398 LEEDS UK,zero_rated,iz tfl travel 9398 leeds uk,4
"Jan 03 Sysco Foods Inc - Inventory ACH-7741 4,820.00 37,498.55",standard_rate,jan 03 sysco foods inc inventory ach 7741 4 820 00 37 498 55,3
HMRC SHIPLEY 4397 LONDON UK REF-8851,outside_scope,hmrc shipley 4397 london uk ref 8851,1
"2026-03-14 CATERING INVOICE - CORPORATE LUNCHEON 2,780.00 41,305.93",standard_rate,2026 03 14 catering invoice corporate luncheon 2 780 00 41 305 93,3
Card Stationery Station 8913 Online Plc Ref-9176,standard_rate,card stationery station 8913 online plc ref 9176,3
SQ *SAINSBURYS 5401 GLASGOW PLC,zero_rated,sq sainsburys 5401 glasgow plc,4
CARD WESTMINSTER COUNCIL 5343  ONLINE,outside_scope,card westminster council 5343 online,1
sq *tfl travel 7915 birmingham uk ref-4580,zero_rated,sq tfl travel 7915 birmingham uk ref 4580,4
PAYMENT TO AVIVA INSURANCE LONDON REF-6833,exempt,payment to aviva insurance london ref 6833,0
Tesco Stores 7994  Plc Ref-5835,zero_rated,tesco stores 7994 plc ref 5835,4
Pos Eon Next  Plc Ref-6384,reduced_rate,pos eon next plc ref 6384,2
Iz *Amazon Kindle London Plc,zero_rated,iz amazon kindle london plc,4
PAYMENT TO AMAZON EU  DIRECT,standard_rate,payment to amazon eu direct,3
DD UBER EATS 446  PLC,standard_rate,dd uber eats 446 plc,3
DD WATERSTONES 2380 GLASGOW STORE REF-4268,zero_rated,dd waterstones 2380 glasgow store ref 4268,4
IZ *NATIONAL EXPRESS GLASGOW PLC REF-5817,zero_rated,iz national express glasgow plc ref 5817,4
IZ *AMAZON EU 2157  LTD,standard_rate,iz amazon eu 2157 ltd,3
CARD MICROSOFT 365 7640 BRISTOL,standard_rate,card microsoft 365 7640 bristol,3
DD QUICKBOOKS BRISTOL UK REF-1504,standard_rate,dd quickbooks bristol uk ref 1504,3
SQ *AMAZON EU 478 LEEDS ONLINE REF-9731,standard_rate,sq amazon eu 478 leeds online ref 9731,3
IZ *LIDL GB  DIRECT,zero_rated,iz lidl gb direct,4
Pos Trainline 4553 Bristol Uk Ref-9462,zero_rated,pos trainline 4553 bristol uk ref 9462,4
POS BOOTS UK BRISTOL UK,standard_rate,pos boots uk bristol uk,3
"2025-04-08 COMMERCIAL LEASE PMT 3,484.22 30,705.05",standard_rate,2025 04 08 commercial lease pmt 3 484 22 30 705 05,3
Sq *Hsbc Bank Fees 2747 Uk Online,exempt,sq hsbc bank fees 2747 uk online,0
POS NATIONAL EXPRESS 9706 GLASGOW PLC REF-4802,zero_rated,pos national express 9706 glasgow plc ref 4802,4
dd westminster council 4944  store,outside_scope,dd westminster council 4944 store,1
IZ *HMRC SHIPLEY 8104  STORE,outside_scope,iz hmrc shipley 8104 store,1
CARD BOOTS UK 9510 UK STORE,standard_rate,card boots uk 9510 uk store,3
DD BARCLAYS BANK 9403 BIRMINGHAM DIRECT,exempt,dd barclays bank 9403 birmingham direct,0
IZ *XERO SOFTWARE 2644  DIRECT,standard_rate,iz xero software 2644 direct,3
POS ASDA SUPERMARKET 2267 LONDON REF-1138,zero_rated,pos asda supermarket 2267 london ref 1138,4
ASDA SUPERMARKET 423 LONDON STORE,zero_rated,asda supermarket 423 london store,4
Dd Sage Subscription 4981  Store Ref-8015,standard_rate,dd sage subscription 4981 store ref 8015,3
Pos Tfl Travel 9464  Plc,zero_rated,pos tfl travel 9464 plc,4
CARD SAINSBURYS 9062 BIRMINGHAM PLC REF-2525,zero_rated,card sainsburys 9062 birmingham plc ref 2525,4
SQ *QUICKBOOKS 8975 LEEDS ONLINE,standard_rate,sq quickbooks 8975 leeds online,3
IZ *WATERSTONES 4316 GLASGOW UK REF-5153,zero_rated,iz waterstones 4316 glasgow uk ref 5153,4
Dd Xero Software 4519  Online,standard_rate,dd xero software 4519 online,3
IZ *INTRA ACCOUNT TRANSFER 2848 BIRMINGHAM STORE,outside_scope,iz intra account transfer 2848 birmingham store,1
CARD HSBC BANK FEES LONDON STORE REF-1017,exempt,card hsbc bank fees london store ref 1017,0
Dd Boots Uk 6741 Birmingham Ltd,standard_rate,dd boots uk 6741 birmingham ltd,3
POST OFFICE 5506  PLC,exempt,post office 5506 plc,0
PAYMENT TO LIDL GB 1849  ONLINE REF-6886,zero_rated,payment to lidl gb 1849 online ref 6886,4
IZ *MICROSOFT 365 6931 LONDON UK REF-1318,standard_rate,iz microsoft 365 6931 london uk ref 1318,3
SQ *EON NEXT 8948 LONDON STORE,reduced_rate,sq eon next 8948 london store,2
iz *amazon eu 646 manchester direct,standard_rate,iz amazon eu 646 manchester direct,3
DD BRITISH GAS MANCHESTER ONLINE,reduced_rate,dd british gas manchester online,2
POS HMRC PAYMENTS 4592  DIRECT,outside_scope,pos hmrc payments 4592 direct,1
dd trainline 9139 uk ltd,zero_rated,dd trainline 9139 uk ltd,4
dd amazon uk uk uk,standard_rate,dd amazon uk uk uk,3
DD HSBC BANK FEES 1553 UK ONLINE,exempt,dd hsbc bank fees 1553 uk online,0
CARD LIDL GB 2763  UK,zero_rated,card lidl gb 2763 uk,4
AMAZON KINDLE 4842 LONDON UK,zero_rated,amazon kindle 4842 london uk,4
CARD POST OFFICE 8932 BIRMINGHAM ONLINE REF-9306,exempt,card post office 8932 birmingham online ref 9306,0
pos trainline 2342  online,zero_rated,pos trainline 2342 online,4
TESCO STORES 8198 ONLINE DIRECT REF-3979,zero_rated,tesco stores 8198 online direct ref 3979,4
CARD SAINSBURYS ONLINE STORE,zero_rated,card sainsburys online store,4
PAYMENT TO MICROSOFT 365 7470 LEEDS STORE REF-8506,standard_rate,payment to microsoft 365 7470 leeds store ref 8506,3
payment to amazon kindle 1954 uk direct,zero_rated,payment to amazon kindle 1954 uk direct,4
DD ROYAL MAIL 4464 MANCHESTER LTD,exempt,dd royal mail 4464 manchester ltd,0
CARD XERO SOFTWARE 951  DIRECT,standard_rate,card xero software 951 direct,3
ADOBE CREATIVE 3711  PLC,standard_rate,adobe creative 3711 plc,3
IZ *AA BREAKDOWN 8340 LEEDS ONLINE REF-6096,exempt,iz aa breakdown 8340 leeds online ref 6096,0
DD ALDI STORES  STORE REF-3931,zero_rated,dd aldi stores store ref 3931,4
DELIVEROO 7510 BRISTOL DIRECT REF-9833,standard_rate,deliveroo 7510 bristol direct ref 9833,3
POS POST OFFICE UK REF-1309,exempt,pos post office uk ref 1309,0
DD SAINSBURYS 5907  PLC,zero_rated,dd sainsburys 5907 plc,4
sq *director drawings 3479 glasgow uk ref-6460,outside_scope,sq director drawings 3479 glasgow uk ref 6460,1
POS XERO SOFTWARE 7108 BRISTOL LTD,standard_rate,pos xero software 7108 bristol ltd,3
CARD EDF ENERGY 3183 LEEDS DIRECT REF-2972,reduced_rate,card edf energy 3183 leeds direct ref 2972,2
"Mar 28 OpenTable - Reservation Fee ACH-1105 149.00 82,315.80",standard_rate,mar 28 opentable reservation fee ach 1105 149 00 82 315 80,3
PAYMENT TO ALDI STORES 6199  DIRECT,zero_rated,payment to aldi stores 6199 direct,4
PAYMENT TO NATIONAL EXPRESS 8759 BIRMINGHAM LTD,zero_rated,payment to national express 8759 birmingham ltd,4
IZ *AMAZON KINDLE  DIRECT,zero_rated,iz amazon kindle direct,4
dd aldi stores 300  plc,zero_rated,dd aldi stores 300 plc,4
iz *octopus energy 9145 manchester direct ref-5956,reduced_rate,iz octopus energy 9145 manchester direct ref 5956,2
CARD WATERSTONES 5488  LTD,zero_rated,card waterstones 5488 ltd,4
SAGE SUBSCRIPTION 4845 BRISTOL STORE,standard_rate,sage subscription 4845 bristol store,3
Date Description Reference Debit (-) Credit (+) Balance,standard_rate,date description reference debit credit balance,3
PAYMENT TO POST OFFICE  DIRECT,exempt,payment to post office direct,0
Payment To Hsbc Bank Fees 7140  Plc Ref-1225,exempt,payment to hsbc bank fees 7140 plc ref 1225,0
"Mar 01 ADP Payroll Processing ACH-3305 8,450.00 73,814.80",standard_rate,mar 01 adp payroll processing ach 3305 8 450 00 73 814 80,3
Card Linkedin Premium 5112 Leeds Online,standard_rate,card linkedin premium 5112 leeds online,3
POS WESTMINSTER COUNCIL 4653 GLASGOW ONLINE REF-1519,outside_scope,pos westminster council 4653 glasgow online ref 1519,1
Dd Barclays Bank 4653  Uk Ref-5019,exempt,dd barclays bank 4653 uk ref 5019,0
DD AMAZON EU 9185 BIRMINGHAM PLC,standard_rate,dd amazon eu 9185 birmingham plc,3
Iz *Google Workspace 7084  Direct Ref-8720,standard_rate,iz google workspace 7084 direct ref 8720,3
Quickbooks 2831 London Plc Ref-2864,standard_rate,quickbooks 2831 london plc ref 2864,3
Lidl Gb London Direct,zero_rated,lidl gb london direct,4
PAYMENT TO AA BREAKDOWN 8030  DIRECT,exempt,payment to aa breakdown 8030 direct,0
SQ *GOOGLE WORKSPACE 6541 GLASGOW STORE,standard_rate,sq google workspace 6541 glasgow store,3
Card Waterstones 2089 Glasgow Store Ref-9369,zero_rated,card waterstones 2089 glasgow store ref 9369,4
National Express 8459  Plc,zero_rated,national express 8459 plc,4
SQ *TRAINLINE 7787  LTD REF-7651,zero_rated,sq trainline 7787 ltd ref 7651,4
PAYMENT TO STATIONERY STATION BIRMINGHAM PLC REF-6971,standard_rate,payment to stationery station birmingham plc ref 6971,3
Waterstones 960 London Uk,zero_rated,waterstones 960 london uk,4
stationery station 5207 manchester store,standard_rate,stationery station 5207 manchester store,3
CARD HMRC SHIPLEY 8179 UK UK,outside_scope,card hmrc shipley 8179 uk uk,1
CARD SAINSBURYS 9838  DIRECT,zero_rated,card sainsburys 9838 direct,4
iz *aldi stores manchester plc ref-8197,zero_rated,iz aldi stores manchester plc ref 8197,4
sq *national express 2178 london store ref-1619,zero_rated,sq national express 2178 london store ref 1619,4
IZ *TESCO EXPRESS 9974  DIRECT REF-6461,zero_rated,iz tesco express 9974 direct ref 6461,4
Payment To Royal Mail 1333 Bristol Uk Ref-4170,exempt,payment to royal mail 1333 bristol uk ref 4170,0
IZ *DELIVEROO ONLINE LTD REF-1045,standard_rate,iz deliveroo online ltd ref 1045,3
SQ *TRAINLINE 8756  PLC REF-7548,zero_rated,sq trainline 8756 plc ref 7548,4
Payment To Xero Software 7035  Online,standard_rate,payment to xero software 7035 online,3
EDF ENERGY 757 ONLINE UK,reduced_rate,edf energy 757 online uk,2
Card Octopus Energy Online Plc,reduced_rate,card octopus energy online plc,2
DD AMAZON EU BIRMINGHAM UK REF-3973,standard_rate,dd amazon eu birmingham uk ref 3973,3
SQ *AA BREAKDOWN 1818  PLC,exempt,sq aa breakdown 1818 plc,0
DD XERO SOFTWARE 9734  UK,standard_rate,dd xero software 9734 uk,3
POS SAINSBURYS  ONLINE,zero_rated,pos sainsburys online,4
DD LNER TICKETS 5407  UK,zero_rated,dd lner tickets 5407 uk,4
Card Octopus Energy 6571 Glasgow Online,reduced_rate,card octopus energy 6571 glasgow online,2
IZ *MICROSOFT 365 6505 BRISTOL LTD,standard_rate,iz microsoft 365 6505 bristol ltd,3
"Jan 29 Republic Services - Trash ACH-2210 310.00 48,954.80",standard_rate,jan 29 republic services trash ach 2210 310 00 48 954 80,3
IZ *AMAZON UK  ONLINE,standard_rate,iz amazon uk online,3
PAYMENT TO HMRC SHIPLEY 7518  STORE,outside_scope,payment to hmrc shipley 7518 store,1
CARD AMAZON EU 9368 BIRMINGHAM STORE REF-3875,standard_rate,card amazon eu 9368 birmingham store ref 3875,3
iz *barclays bank uk plc ref-3622,exempt,iz barclays bank uk plc ref 3622,0
IZ *ASDA SUPERMARKET BIRMINGHAM REF-5140,zero_rated,iz asda supermarket birmingham ref 5140,4
PAYMENT TO TESCO STORES 987 UK UK REF-2612,zero_rated,payment to tesco stores 987 uk uk ref 2612,4
IZ *SAINSBURYS,zero_rated,iz sainsburys,4
IZ *TFL TRAVEL 778  LTD REF-3140,zero_rated,iz tfl travel 778 ltd ref 3140,4
IZ *TESCO EXPRESS 6170,zero_rated,iz tesco express 6170,4
Iz *Microsoft 365  Store Ref-9573,standard_rate,iz microsoft 365 store ref 9573,3
BARCLAYS BANK 4002 BRISTOL LTD REF-5579,exempt,barclays bank 4002 bristol ltd ref 5579,0
"2025-04-30 GUSTO PAYROLL 3,879.50 19,675.41",standard_rate,2025 04 30 gusto payroll 3 879 50 19 675 41,3
AMAZON UK 6458 UK UK,standard_rate,amazon uk 6458 uk uk,3
IZ *AMAZON UK 4461  PLC,standard_rate,iz amazon uk 4461 plc,3
HMRC SHIPLEY 5645 MANCHESTER STORE,outside_scope,hmrc shipley 5645 manchester store,1
IZ *QUICKBOOKS 7946  ONLINE REF-7232,standard_rate,iz quickbooks 7946 online ref 7232,3
CARD OCTOPUS ENERGY 4357  PLC,reduced_rate,card octopus energy 4357 plc,2
IZ *ALDI STORES 5331  DIRECT,zero_rated,iz aldi stores 5331 direct,4
EON NEXT 7792 LONDON STORE REF-5208,reduced_rate,eon next 7792 london store ref 5208,2
DD ALDI STORES 907  UK,zero_rated,dd aldi stores 907 uk,4
IZ *MICROSOFT 365 9557  DIRECT REF-2050,standard_rate,iz microsoft 365 9557 direct ref 2050,3
google workspace 1845  online,standard_rate,google workspace 1845 online,3
DD EDF ENERGY 8214 MANCHESTER PLC,reduced_rate,dd edf energy 8214 manchester plc,2
EDF ENERGY 6723  PLC,reduced_rate,edf energy 6723 plc,2
Sq *Lner Tickets 5252 London Store,zero_rated,sq lner tickets 5252 london store,4
Payment To Director Drawings 7713 Leeds Uk Ref-3110,outside_scope,payment to director drawings 7713 leeds uk ref 3110,1
IZ *AA BREAKDOWN MANCHESTER,exempt,iz aa breakdown manchester,0
03/11/2025 03/11/2025 UBER EATS PLATFORM FEE DeliveryFees $68.67,standard_rate,03 11 2025 03 11 2025 uber eats platform fee deliveryfees 68 67,3
PAYMENT TO GOOGLE WORKSPACE  STORE REF-1447,standard_rate,payment to google workspace store ref 1447,3
sq *lner tickets 6524 birmingham online,zero_rated,sq lner tickets 6524 birmingham online,4
PAYMENT TO ASDA SUPERMARKET 2945 BIRMINGHAM REF-3103,zero_rated,payment to asda supermarket 2945 birmingham ref 3103,4
IZ *TRAINLINE 938 BRISTOL,zero_rated,iz trainline 938 bristol,4
CARD NATIONAL EXPRESS 4712 UK LTD,zero_rated,card national express 4712 uk ltd,4
Sq *Post Office 6759 Uk Direct Ref-1494,exempt,sq post office 6759 uk direct ref 1494,0
PAYMENT TO MICROSOFT 365 2977 LEEDS PLC,standard_rate,payment to microsoft 365 2977 leeds plc,3
Iz *Hmrc Shipley 3598  Direct,outside_scope,iz hmrc shipley 3598 direct,1
Octopus Energy 6349 Leeds Store,reduced_rate,octopus energy 6349 leeds store,2
IZ *STATIONERY STATION ONLINE DIRECT,standard_rate,iz stationery station online direct,3
CARD DELIVEROO 6989  PLC REF-5214,standard_rate,card deliveroo 6989 plc ref 5214,3
SQ *SAINSBURYS 6909 ONLINE STORE REF-8272,zero_rated,sq sainsburys 6909 online store ref 8272,4
CARD TRAINLINE 6060 MANCHESTER UK,zero_rated,card trainline 6060 manchester uk,4
POS LIDL GB  ONLINE,zero_rated,pos lidl gb online,4
payment to asda supermarket 6868 online plc,zero_rated,payment to asda supermarket 6868 online plc,4
SQ *AMAZON UK 6657  STORE,standard_rate,sq amazon uk 6657 store,3
payment to trainline 2119  plc ref-6326,zero_rated,payment to trainline 2119 plc ref 6326,4
POS MICROSOFT 365 9623 BIRMINGHAM LTD REF-4490,standard_rate,pos microsoft 365 9623 birmingham ltd ref 4490,3
PAYMENT TO SAINSBURYS 3220,zero_rated,payment to sainsburys 3220,4
DD TRAINLINE 1659 MANCHESTER STORE REF-6468,zero_rated,dd trainline 1659 manchester store ref 6468,4
IZ *LINKEDIN PREMIUM GLASGOW STORE,standard_rate,iz linkedin premium glasgow store,3
PAYMENT TO BOOTS UK BIRMINGHAM UK,standard_rate,payment to boots uk birmingham uk,3
dd barclays bank online online,exempt,dd barclays bank online online,0
pos amazon kindle  store,zero_rated,pos amazon kindle store,4
DD DIRECTOR DRAWINGS 493 MANCHESTER,outside_scope,dd director drawings 493 manchester,1
POS POST OFFICE 6967  UK REF-4052,exempt,pos post office 6967 uk ref 4052,0
Card Google Workspace London Online,standard_rate,card google workspace london online,3
POS HMRC PAYMENTS 7097  REF-3412,outside_scope,pos hmrc payments 7097 ref 3412,1
pos boots uk 614  online,standard_rate,pos boots uk 614 online,3
POS MICROSOFT 365 8553  UK REF-1545,standard_rate,pos microsoft 365 8553 uk ref 1545,3
Payment To Tesco Express London Plc Ref-4836,zero_rated,payment to tesco express london plc ref 4836,4
DD AMAZON EU  REF-3248,standard_rate,dd amazon eu ref 3248,3
IZ *HMRC SHIPLEY 4919,outside_scope,iz hmrc shipley 4919,1
"Jan 18 POS Sales Deposit - Weekly DEP-0118 15,640.00 46,944.80",standard_rate,jan 18 pos sales deposit weekly dep 0118 15 640 00 46 944 80,3
SQ *SAINSBURYS 2404 MANCHESTER PLC,zero_rated,sq sainsburys 2404 manchester plc,4
CARD AMAZON EU 736 MANCHESTER ONLINE REF-3039,standard_rate,card amazon eu 736 manchester online ref 3039,3
pos octopus energy 4404 manchester uk,reduced_rate,pos octopus energy 4404 manchester uk,2
POS BARCLAYS BANK 3345  PLC,exempt,pos barclays bank 3345 plc,0
PAYMENT TO WESTMINSTER COUNCIL 8476 ONLINE LTD REF-7190,outside_scope,payment to westminster council 8476 online ltd ref 7190,1
DD AVIVA INSURANCE 7223  UK,exempt,dd aviva insurance 7223 uk,0
CARD QUICKBOOKS GLASGOW PLC REF-8196,standard_rate,card quickbooks glasgow plc ref 8196,3
CARD ROYAL MAIL 5106 ONLINE STORE REF-1015,exempt,card royal mail 5106 online store ref 1015,0
Pos Sainsburys 7828 London,zero_rated,pos sainsburys 7828 london,4
IZ *UBER EATS 6884,standard_rate,iz uber eats 6884,3
BARCLAYS BANK 3247  REF-9871,exempt,barclays bank 3247 ref 9871,0
GOOGLE WORKSPACE 7233 GLASGOW PLC REF-8585,standard_rate,google workspace 7233 glasgow plc ref 8585,3
XERO SOFTWARE  UK REF-1522,standard_rate,xero software uk ref 1522,3
SQ *WATERSTONES 1862  ONLINE REF-8033,zero_rated,sq waterstones 1862 online ref 8033,4
PAYMENT TO INTRA ACCOUNT TRANSFER UK PLC REF-9986,outside_scope,payment to intra account transfer uk plc ref 9986,1
PAYMENT TO TESCO EXPRESS 2499,zero_rated,payment to tesco express 2499,4
SQ *BRITISH GAS 7578 UK PLC,reduced_rate,sq british gas 7578 uk plc,2
PAYMENT TO EON NEXT 7001  UK REF-8667,reduced_rate,payment to eon next 7001 uk ref 8667,2
CARD AMAZON UK 4482  REF-9444,standard_rate,card amazon uk 4482 ref 9444,3
IZ *XERO SOFTWARE GLASGOW DIRECT,standard_rate,iz xero software glasgow direct,3
PAYMENT TO TRAINLINE 1076  DIRECT REF-9589,zero_rated,payment to trainline 1076 direct ref 9589,4
Dd Hsbc Bank Fees 9991 Birmingham Plc Ref-4484,exempt,dd hsbc bank fees 9991 birmingham plc ref 4484,0
Sq *Linkedin Premium Online Ltd Ref-9698,standard_rate,sq linkedin premium online ltd ref 9698,3
POS AA BREAKDOWN 242 MANCHESTER UK,exempt,pos aa breakdown 242 manchester uk,0
Iz *Tfl Travel 4219 London Uk,zero_rated,iz tfl travel 4219 london uk,4
SAINSBURYS 8223  LTD,zero_rated,sainsburys 8223 ltd,4
CARD AA BREAKDOWN 7934  DIRECT REF-7997,exempt,card aa breakdown 7934 direct ref 7997,0
payment to amazon uk 2573  ref-1947,standard_rate,payment to amazon uk 2573 ref 1947,3
Sq *Xero Software Birmingham Uk Ref-5718,standard_rate,sq xero software birmingham uk ref 5718,3
"2025-05-05 COMCAST BUSINESS 151.22 19,095.26",standard_rate,2025 05 05 comcast business 151 22 19 095 26,3
PAYMENT TO TESCO EXPRESS 3367 UK ONLINE REF-5706,zero_rated,payment to tesco express 3367 uk online ref 5706,4
PAYMENT TO EDF ENERGY 3924  PLC REF-6120,reduced_rate,payment to edf energy 3924 plc ref 6120,2
Lidl Gb  Online Ref-3359,zero_rated,lidl gb online ref 3359,4
"2025-04-03 CASH DEPOSIT 498.56 38,039.89",standard_rate,2025 04 03 cash deposit 498 56 38 039 89,3
PAYMENT TO TFL TRAVEL BIRMINGHAM DIRECT,zero_rated,payment to tfl travel birmingham direct,4
CARD SAGE SUBSCRIPTION 412 UK STORE,standard_rate,card sage subscription 412 uk store,3
SQ *WESTMINSTER COUNCIL LEEDS PLC REF-6863,outside_scope,sq westminster council leeds plc ref 6863,1
SQ *TFL TRAVEL 2531 ONLINE DIRECT REF-4660,zero_rated,sq tfl travel 2531 online direct ref 4660,4
DD WESTMINSTER COUNCIL 5447  STORE REF-1148,outside_scope,dd westminster council 5447 store ref 1148,1
DD EDF ENERGY 414 LONDON,reduced_rate,dd edf energy 414 london,2
PAYMENT TO AMAZON UK 8205 LONDON STORE,standard_rate,payment to amazon uk 8205 london store,3
SQ *UBER EATS 8067  REF-4591,standard_rate,sq uber eats 8067 ref 4591,3
iz *edf energy manchester ltd ref-8805,reduced_rate,iz edf energy manchester ltd ref 8805,2
POS POST OFFICE 2594 MANCHESTER STORE REF-3275,exempt,pos post office 2594 manchester store ref 3275,0
Iz *Director Drawings 4794 Leeds Plc,outside_scope,iz director drawings 4794 leeds plc,1
CARD DIRECTOR DRAWINGS UK STORE REF-2924,outside_scope,card director drawings uk store ref 2924,1
POS HMRC PAYMENTS 2560 LONDON UK,outside_scope,pos hmrc payments 2560 london uk,1
PAYMENT TO XERO SOFTWARE 6678 BIRMINGHAM,standard_rate,payment to xero software 6678 birmingham,3
Iz *Adobe Creative 286 Glasgow Direct Ref-7208,standard_rate,iz adobe creative 286 glasgow direct ref 7208,3
SQ *LIDL GB  DIRECT,zero_rated,sq lidl gb direct,4
card hmrc shipley leeds ltd,outside_scope,card hmrc shipley leeds ltd,1
CARD TESCO STORES BIRMINGHAM LTD REF-5786,zero_rated,card tesco stores birmingham ltd ref 5786,4
IZ *SAGE SUBSCRIPTION 9687 LEEDS ONLINE REF-3390,standard_rate,iz sage subscription 9687 leeds online ref 3390,3
POS DELIVEROO 5706 ONLINE LTD,standard_rate,pos deliveroo 5706 online ltd,3
"2026-02-27 SQUARE *LOUISVILLE BBQ DEPOSIT 3,180.45 35,000.04",standard_rate,2026 02 27 square louisville bbq deposit 3 180 45 35 000 04,3
Payment To Octopus Energy Manchester,reduced_rate,payment to octopus energy manchester,2
CARD GOOGLE WORKSPACE 8240 LEEDS DIRECT,standard_rate,card google workspace 8240 leeds direct,3
payment to linkedin premium 1673 uk,standard_rate,payment to linkedin premium 1673 uk,3
WATERSTONES 7571,zero_rated,waterstones 7571,4
AVIVA INSURANCE GLASGOW REF-4510,exempt,aviva insurance glasgow ref 4510,0
PAYMENT TO OCTOPUS ENERGY 3952 ONLINE DIRECT,reduced_rate,payment to octopus energy 3952 online direct,2
Sq *Hmrc Payments 4325 Uk Online Ref-1642,outside_scope,sq hmrc payments 4325 uk online ref 1642,1
POS TESCO STORES  LTD,zero_rated,pos tesco stores ltd,4
Pos Hsbc Bank Fees 9973  Plc,exempt,pos hsbc bank fees 9973 plc,0
SQ *ADOBE CREATIVE  DIRECT,standard_rate,sq adobe creative direct,3
PAYMENT TO XERO SOFTWARE 6633 ONLINE UK,standard_rate,payment to xero software 6633 online uk,3
PAYMENT TO BARCLAYS BANK 7908 ONLINE PLC REF-1518,exempt,payment to barclays bank 7908 online plc ref 1518,0
AVIVA INSURANCE 3886  DIRECT,exempt,aviva insurance 3886 direct,0
SQ *XERO SOFTWARE 9472  LTD,standard_rate,sq xero software 9472 ltd,3
CARD HMRC PAYMENTS BIRMINGHAM REF-3416,outside_scope,card hmrc payments birmingham ref 3416,1
IZ *ROYAL MAIL 8961,exempt,iz royal mail 8961,0
IZ *AMAZON EU 3032 UK,standard_rate,iz amazon eu 3032 uk,3
sq *sage subscription 9794  online,standard_rate,sq sage subscription 9794 online,3
POS NATIONAL EXPRESS 2698  UK REF-1124,zero_rated,pos national express 2698 uk ref 1124,4
Pos Amazon Uk 7174  Uk Ref-9121,standard_rate,pos amazon uk 7174 uk ref 9121,3
POS INTRA ACCOUNT TRANSFER 6113  DIRECT,outside_scope,pos intra account transfer 6113 direct,1
DD AA BREAKDOWN 9058 GLASGOW PLC,exempt,dd aa breakdown 9058 glasgow plc,0
CARD AVIVA INSURANCE 1173  LTD REF-5710,exempt,card aviva insurance 1173 ltd ref 5710,0
CARD POST OFFICE BIRMINGHAM,exempt,card post office birmingham,0
"Opening Balance: 26,084.86 Closing Balance: 31,493.44",standard_rate,opening balance 26 084 86 closing balance 31 493 44,3
Payment To Amazon Eu 5229 Glasgow Online Ref-8025,standard_rate,payment to amazon eu 5229 glasgow online ref 8025,3
DD BRITISH GAS 1669 UK DIRECT,reduced_rate,dd british gas 1669 uk direct,2
ROYAL MAIL 4073 MANCHESTER STORE,exempt,royal mail 4073 manchester store,0
DD ROYAL MAIL LEEDS DIRECT REF-8123,exempt,dd royal mail leeds direct ref 8123,0
Pos Uber Eats London Ltd Ref-5175,standard_rate,pos uber eats london ltd ref 5175,3
POS TRAINLINE 7849 LONDON DIRECT,zero_rated,pos trainline 7849 london direct,4
CARD AMAZON KINDLE 7903 LEEDS DIRECT REF-3016,zero_rated,card amazon kindle 7903 leeds direct ref 3016,4
PAYMENT TO EON NEXT 2257 BRISTOL ONLINE,reduced_rate,payment to eon next 2257 bristol online,2
sq *microsoft 365 2661 birmingham store ref-9726,standard_rate,sq microsoft 365 2661 birmingham store ref 9726,3
DD SAGE SUBSCRIPTION GLASGOW PLC,standard_rate,dd sage subscription glasgow plc,3
PAYMENT TO ADOBE CREATIVE 1194  UK,standard_rate,payment to adobe creative 1194 uk,3
QUICKBOOKS  DIRECT,standard_rate,quickbooks direct,3
dd director drawings 5954 leeds online,outside_scope,dd director drawings 5954 leeds online,1
Iz *Lner Tickets 7063 Birmingham Direct,zero_rated,iz lner tickets 7063 birmingham direct,4
WATERSTONES 7294 BRISTOL PLC REF-3018,zero_rated,waterstones 7294 bristol plc ref 3018,4
Sq *Director Drawings 3023 Online Ref-3286,outside_scope,sq director drawings 3023 online ref 3286,1
WATERSTONES 8145 LEEDS UK REF-7778,zero_rated,waterstones 8145 leeds uk ref 7778,4
PAYMENT TO TFL TRAVEL 4108 UK PLC,zero_rated,payment to tfl travel 4108 uk plc,4
DD WESTMINSTER COUNCIL 115  ONLINE REF-7418,outside_scope,dd westminster council 115 online ref 7418,1
SQ *INTRA ACCOUNT TRANSFER 9793  UK REF-4246,outside_scope,sq intra account transfer 9793 uk ref 4246,1
POS AMAZON EU 2164 LEEDS STORE REF-5198,standard_rate,pos amazon eu 2164 leeds store ref 5198,3
CARD HSBC BANK FEES 1448 GLASGOW ONLINE REF-8979,exempt,card hsbc bank fees 1448 glasgow online ref 8979,0
IZ *ADOBE CREATIVE 4948 ONLINE UK REF-9246,standard_rate,iz adobe creative 4948 online uk ref 9246,3
DD GOOGLE WORKSPACE 6614 MANCHESTER LTD REF-2991,standard_rate,dd google workspace 6614 manchester ltd ref 2991,3
SQ *LIDL GB BRISTOL DIRECT REF-1870,zero_rated,sq lidl gb bristol direct ref 1870,4
SQ *PAYROLL TRANSFER 9370 UK LTD,outside_scope,sq payroll transfer 9370 uk ltd,1
POS UBER EATS 882  PLC,standard_rate,pos uber eats 882 plc,3
IZ *EON NEXT  UK,reduced_rate,iz eon next uk,2
CARD POST OFFICE 2311 LEEDS ONLINE,exempt,card post office 2311 leeds online,0
Amazon Kindle  Ltd,zero_rated,amazon kindle ltd,4
PAYMENT TO QUICKBOOKS 4185 MANCHESTER,standard_rate,payment to quickbooks 4185 manchester,3
SQ *LIDL GB 2319  LTD,zero_rated,sq lidl gb 2319 ltd,4
HMRC SHIPLEY MANCHESTER,outside_scope,hmrc shipley manchester,1
SQ *AMAZON EU 3744 LEEDS LTD REF-7250,standard_rate,sq amazon eu 3744 leeds ltd ref 7250,3
CARD TFL TRAVEL  DIRECT,zero_rated,card tfl travel direct,4
PAYMENT TO SAINSBURYS 5288 BIRMINGHAM ONLINE,zero_rated,payment to sainsburys 5288 birmingham online,4
IZ *ADOBE CREATIVE  ONLINE REF-5655,standard_rate,iz adobe creative online ref 5655,3
PAYMENT TO AMAZON EU LONDON ONLINE REF-6615,standard_rate,payment to amazon eu london online ref 6615,3
Payment To Hmrc Payments 6426 London Store,outside_scope,payment to hmrc payments 6426 london store,1
iz *asda supermarket 1393 leeds,zero_rated,iz asda supermarket 1393 leeds,4
card linkedin premium online plc ref-8938,standard_rate,card linkedin premium online plc ref 8938,3
SQ *ASDA SUPERMARKET,zero_rated,sq asda supermarket,4
POS SAGE SUBSCRIPTION 488 LONDON PLC REF-2676,standard_rate,pos sage subscription 488 london plc ref 2676,3
CARD EDF ENERGY  STORE,reduced_rate,card edf energy store,2
amazon eu 837 glasgow store,standard_rate,amazon eu 837 glasgow store,3
POS NATIONAL EXPRESS  UK REF-8431,zero_rated,pos national express uk ref 8431,4
DD TFL TRAVEL  UK,zero_rated,dd tfl travel uk,4
IZ *HMRC SHIPLEY 3723 LONDON,outside_scope,iz hmrc shipley 3723 london,1
POS UBER EATS 7920 LEEDS ONLINE,standard_rate,pos uber eats 7920 leeds online,3
BRITISH GAS 9939,reduced_rate,british gas 9939,2
PAYMENT TO OCTOPUS ENERGY 5000  ONLINE,reduced_rate,payment to octopus energy 5000 online,2
DD BRITISH GAS 7056 BRISTOL DIRECT,reduced_rate,dd british gas 7056 bristol direct,2
DD ALDI STORES  STORE REF-6621,zero_rated,dd aldi stores store ref 6621,4
DD EDF ENERGY UK PLC,reduced_rate,dd edf energy uk plc,2
Sq *Hmrc Payments 9776  Uk Ref-6446,outside_scope,sq hmrc payments 9776 uk ref 6446,1
"Address: 2214 W. Maple Ave, Chicago, IL 60614 Routing Number: 071000013",standard_rate,address 2214 w maple ave chicago il 60614 routing number 071000013,3
POS AMAZON EU 6503  PLC,standard_rate,pos amazon eu 6503 plc,3
Pos Tesco Stores Bristol Uk,zero_rated,pos tesco stores bristol uk,4
CARD XERO SOFTWARE  STORE REF-4746,standard_rate,card xero software store ref 4746,3
PAYMENT TO UBER EATS LONDON REF-1093,standard_rate,payment to uber eats london ref 1093,3
CARD HSBC BANK FEES 2275 ONLINE STORE,exempt,card hsbc bank fees 2275 online store,0
SQ *BRITISH GAS 3419 BRISTOL,reduced_rate,sq british gas 3419 bristol,2
Iz *Payroll Transfer,outside_scope,iz payroll transfer,1
IZ *TRAINLINE 1855  DIRECT,zero_rated,iz trainline 1855 direct,4
DD BOOTS UK ONLINE PLC,standard_rate,dd boots uk online plc,3
DD WESTMINSTER COUNCIL 5737  ONLINE,outside_scope,dd westminster council 5737 online,1
SQ *BRITISH GAS  LTD REF-1418,reduced_rate,sq british gas ltd ref 1418,2
POS AVIVA INSURANCE  STORE REF-7246,exempt,pos aviva insurance store ref 7246,0
PAYMENT TO TFL TRAVEL 1558 BRISTOL STORE,zero_rated,payment to tfl travel 1558 bristol store,4
dd aviva insurance 4659  store ref-8170,exempt,dd aviva insurance 4659 store ref 8170,0
iz *royal mail uk,exempt,iz royal mail uk,0
Pos Waterstones 8753 Manchester Uk,zero_rated,pos waterstones 8753 manchester uk,4
POS LNER TICKETS 4351  STORE,zero_rated,pos lner tickets 4351 store,4
Stationery Station 2730 Manchester Online,standard_rate,stationery station 2730 manchester online,3
DD UBER EATS 2996 ONLINE DIRECT,standard_rate,dd uber eats 2996 online direct,3
PAYMENT TO TRAINLINE 9054 BRISTOL LTD REF-1267,zero_rated,payment to trainline 9054 bristol ltd ref 1267,4
PAYMENT TO INTRA ACCOUNT TRANSFER 9694 BRISTOL STORE,outside_scope,payment to intra account transfer 9694 bristol store,1
Card Payroll Transfer 2122 London Direct Ref-6598,outside_scope,card payroll transfer 2122 london direct ref 6598,1
HMRC SHIPLEY 7212 UK ONLINE,outside_scope,hmrc shipley 7212 uk online,1
PAYMENT TO TESCO EXPRESS 9861 LEEDS REF-2341,zero_rated,payment to tesco express 9861 leeds ref 2341,4
PAYMENT TO BARCLAYS BANK BIRMINGHAM STORE REF-3078,exempt,payment to barclays bank birmingham store ref 3078,0
UBER EATS LONDON REF-8869,standard_rate,uber eats london ref 8869,3
HMRC SHIPLEY  ONLINE,outside_scope,hmrc shipley online,1
DD POST OFFICE 3256  DIRECT,exempt,dd post office 3256 direct,0
CARD POST OFFICE 7805  UK,exempt,card post office 7805 uk,0
sq *google workspace 8623 bristol direct,standard_rate,sq google workspace 8623 bristol direct,3
CARD AMAZON EU 1751 UK LTD,standard_rate,card amazon eu 1751 uk ltd,3
IZ *AVIVA INSURANCE BIRMINGHAM STORE,exempt,iz aviva insurance birmingham store,0
IZ *BRITISH GAS 4829  DIRECT,reduced_rate,iz british gas 4829 direct,2
"Mar 31 Bank Service Fee - Q1 FEE-0331 399.65 104,876.15",standard_rate,mar 31 bank service fee q1 fee 0331 399 65 104 876 15,3
CARD MICROSOFT 365 6271 GLASGOW STORE,standard_rate,card microsoft 365 6271 glasgow store,3
Pos Payroll Transfer 9362 London Plc Ref-5395,outside_scope,pos payroll transfer 9362 london plc ref 5395,1
UBER EATS 195 LEEDS,standard_rate,uber eats 195 leeds,3
IZ *INTRA ACCOUNT TRANSFER LONDON REF-3148,outside_scope,iz intra account transfer london ref 3148,1
DD LIDL GB 7698 LONDON ONLINE REF-7641,zero_rated,dd lidl gb 7698 london online ref 7641,4
BOOTS UK 7114 BRISTOL ONLINE,standard_rate,boots uk 7114 bristol online,3
PAYMENT TO PAYROLL TRANSFER 6243 LONDON,outside_scope,payment to payroll transfer 6243 london,1
PAYMENT TO TESCO STORES 3027 BRISTOL LTD,zero_rated,payment to tesco stores 3027 bristol ltd,4
PAYMENT TO ASDA SUPERMARKET  LTD,zero_rated,payment to asda supermarket ltd,4
PAYROLL TRANSFER 6361 UK UK REF-1109,outside_scope,payroll transfer 6361 uk uk ref 1109,1
DD BOOTS UK 2872 LEEDS REF-2209,standard_rate,dd boots uk 2872 leeds ref 2209,3
CARD EDF ENERGY  ONLINE REF-5123,reduced_rate,card edf energy online ref 5123,2
EON NEXT  PLC,reduced_rate,eon next plc,2
CARD AMAZON EU 2300 BIRMINGHAM ONLINE,standard_rate,card amazon eu 2300 birmingham online,3
IZ *TFL TRAVEL,zero_rated,iz tfl travel,4
Dataset 2 — Cash Flow Analysis Set (Expanded),standard_rate,dataset 2 cash flow analysis set expanded,3
WATERSTONES GLASGOW STORE,zero_rated,waterstones glasgow store,4
PAYMENT TO AVIVA INSURANCE 4517 BIRMINGHAM REF-4550,exempt,payment to aviva insurance 4517 birmingham ref 4550,0
AMAZON EU  LTD,standard_rate,amazon eu ltd,3
DD ASDA SUPERMARKET LEEDS,zero_rated,dd asda supermarket leeds,4
"Food & Beverage (COGS) Sysco Foods, Gordon Food, US Foods 12 $37,870.00",standard_rate,food beverage cogs sysco foods gordon food us foods 12 37 870 00,3
"03/10 GUSTO PAYROLL 031025 Labor $2,100.00 $18,763.50",standard_rate,03 10 gusto payroll 031025 labor 2 100 00 18 763 50,3
Iz *Eon Next 1679  Store,reduced_rate,iz eon next 1679 store,2
iz *royal mail  ltd,exempt,iz royal mail ltd,0
"03/01 SQUARE INC PAYMENT LOUISVILLE Revenue $3,240.50 $15,671.05",standard_rate,03 01 square inc payment louisville revenue 3 240 50 15 671 05,3
PAYMENT TO STATIONERY STATION  ONLINE REF-8402,standard_rate,payment to stationery station online ref 8402,3
POS PAYROLL TRANSFER 7240 BRISTOL STORE REF-9244,outside_scope,pos payroll transfer 7240 bristol store ref 9244,1
IZ *HMRC SHIPLEY 4422 GLASGOW DIRECT REF-9490,outside_scope,iz hmrc shipley 4422 glasgow direct ref 9490,1
PAYMENT TO AA BREAKDOWN 7843  STORE REF-1761,exempt,payment to aa breakdown 7843 store ref 1761,0
SQ *ALDI STORES 8254 UK UK,zero_rated,sq aldi stores 8254 uk uk,4
IZ *HMRC SHIPLEY 9151 GLASGOW DIRECT REF-7099,outside_scope,iz hmrc shipley 9151 glasgow direct ref 7099,1
dd eon next  ref-3300,reduced_rate,dd eon next ref 3300,2
POS BRITISH GAS 8125 LEEDS LTD,reduced_rate,pos british gas 8125 leeds ltd,2
IZ *WATERSTONES 6869 GLASGOW PLC,zero_rated,iz waterstones 6869 glasgow plc,4
DD ROYAL MAIL MANCHESTER STORE REF-1486,exempt,dd royal mail manchester store ref 1486,0
CARD BOOTS UK 1445  REF-5634,standard_rate,card boots uk 1445 ref 5634,3
POS GOOGLE WORKSPACE LEEDS PLC REF-5451,standard_rate,pos google workspace leeds plc ref 5451,3
sq *google workspace 5528 london,standard_rate,sq google workspace 5528 london,3
"Total Deposits & Credits $187,450.00",standard_rate,total deposits credits 187 450 00,3
POS TRAINLINE 5369 BRISTOL PLC,zero_rated,pos trainline 5369 bristol plc,4
CARD EON NEXT 2891 ONLINE UK REF-3553,reduced_rate,card eon next 2891 online uk ref 3553,2
intra account transfer  uk,outside_scope,intra account transfer uk,1
HSBC BANK FEES 8391 BRISTOL STORE,exempt,hsbc bank fees 8391 bristol store,0
DD AMAZON KINDLE 2237  STORE REF-2971,zero_rated,dd amazon kindle 2237 store ref 2971,4
card google workspace 4265  ltd,standard_rate,card google workspace 4265 ltd,3
CARD HMRC SHIPLEY 9611,outside_scope,card hmrc shipley 9611,1
DD XERO SOFTWARE ONLINE ONLINE REF-7453,standard_rate,dd xero software online online ref 7453,3
PAYMENT TO PAYROLL TRANSFER 6134 LONDON PLC REF-4170,outside_scope,payment to payroll transfer 6134 london plc ref 4170,1
PAYMENT TO EON NEXT 9902  PLC,reduced_rate,payment to eon next 9902 plc,2
SQ *SAINSBURYS 7817  DIRECT REF-2195,zero_rated,sq sainsburys 7817 direct ref 2195,4
IZ *AMAZON EU 2128 BRISTOL LTD REF-2395,standard_rate,iz amazon eu 2128 bristol ltd ref 2395,3
PAYMENT TO DELIVEROO 4246  STORE REF-2883,standard_rate,payment to deliveroo 4246 store ref 2883,3
"2026-01-08 ADP PAYROLL SVCS 5,013.89 22,141.01",standard_rate,2026 01 08 adp payroll svcs 5 013 89 22 141 01,3
SQ *TESCO STORES 9346  STORE REF-2375,zero_rated,sq tesco stores 9346 store ref 2375,4
IZ *STATIONERY STATION 2994 GLASGOW DIRECT,standard_rate,iz stationery station 2994 glasgow direct,3
POS TRAINLINE 1162  STORE REF-5681,zero_rated,pos trainline 1162 store ref 5681,4
"Mar 29 POS Sales Deposit - Weekly DEP-0329 18,200.00 100,515.80",standard_rate,mar 29 pos sales deposit weekly dep 0329 18 200 00 100 515 80,3
PAYMENT TO HMRC SHIPLEY  DIRECT,outside_scope,payment to hmrc shipley direct,1
Dd British Gas 4717 London Ltd Ref-7987,reduced_rate,dd british gas 4717 london ltd ref 7987,2
STATIONERY STATION 6060 MANCHESTER ONLINE,standard_rate,stationery station 6060 manchester online,3
hmrc shipley 5608  uk ref-6956,outside_scope,hmrc shipley 5608 uk ref 6956,1
LINKEDIN PREMIUM 5975  PLC REF-8816,standard_rate,linkedin premium 5975 plc ref 8816,3
CARD EDF ENERGY 6244 BIRMINGHAM STORE,reduced_rate,card edf energy 6244 birmingham store,2
CARD EON NEXT 566 BRISTOL DIRECT REF-6432,reduced_rate,card eon next 566 bristol direct ref 6432,2
Payment To Hsbc Bank Fees Glasgow,exempt,payment to hsbc bank fees glasgow,0
DD LNER TICKETS  LTD REF-8843,zero_rated,dd lner tickets ltd ref 8843,4
CARD SAGE SUBSCRIPTION 8371 LEEDS ONLINE,standard_rate,card sage subscription 8371 leeds online,3
SQ *SAGE SUBSCRIPTION  PLC,standard_rate,sq sage subscription plc,3
AMAZON UK 4768  PLC REF-3525,standard_rate,amazon uk 4768 plc ref 3525,3
SQ *LIDL GB LONDON ONLINE,zero_rated,sq lidl gb london online,4
HMRC PAYMENTS 1617 MANCHESTER UK REF-1897,outside_scope,hmrc payments 1617 manchester uk ref 1897,1
"2025-04-23 COMCAST BUSINESS 162.46 25,295.71",standard_rate,2025 04 23 comcast business 162 46 25 295 71,3
card xero software 3389 leeds direct ref-2464,standard_rate,card xero software 3389 leeds direct ref 2464,3
"Jan 11 POS Sales Deposit - Weekly DEP-0111 14,320.00 47,604.80",standard_rate,jan 11 pos sales deposit weekly dep 0111 14 320 00 47 604 80,3
SQ *HSBC BANK FEES ONLINE PLC,exempt,sq hsbc bank fees online plc,0
"03/28 FACEBOOK ADS MARKETING Marketing $250.00 $20,779.60",standard_rate,03 28 facebook ads marketing marketing 250 00 20 779 60,3
card edf energy 8993  plc ref-5920,reduced_rate,card edf energy 8993 plc ref 5920,2
Pos Edf Energy 6347 Online Direct Ref-3269,reduced_rate,pos edf energy 6347 online direct ref 3269,2
Card Xero Software 3942 Online Ltd,standard_rate,card xero software 3942 online ltd,3
pos trainline 2343  ref-7219,zero_rated,pos trainline 2343 ref 7219,4
POS MICROSOFT 365 3053 BRISTOL DIRECT,standard_rate,pos microsoft 365 3053 bristol direct,3
Pos Post Office 7172 Online Plc,exempt,pos post office 7172 online plc,0
DD BRITISH GAS 3047 GLASGOW UK,reduced_rate,dd british gas 3047 glasgow uk,2
IZ *WATERSTONES 2902 BRISTOL REF-6695,zero_rated,iz waterstones 2902 bristol ref 6695,4
Dd Aa Breakdown 1503 London Uk,exempt,dd aa breakdown 1503 london uk,0
SQ *WESTMINSTER COUNCIL ONLINE LTD,outside_scope,sq westminster council online ltd,1
Asda Supermarket 6125 Leeds Ref-9955,zero_rated,asda supermarket 6125 leeds ref 9955,4
Dd Xero Software 5957 Online Direct,standard_rate,dd xero software 5957 online direct,3
03/07/2025 03/07/2025 SYSCO SMALLWARES Other $341.23,standard_rate,03 07 2025 03 07 2025 sysco smallwares other 341 23,3
CARD SAINSBURYS 9570  STORE REF-4695,zero_rated,card sainsburys 9570 store ref 4695,4
"2026-03-03 SQUARE *LOUISVILLE BBQ DEPOSIT 3,240.10 37,671.19",standard_rate,2026 03 03 square louisville bbq deposit 3 240 10 37 671 19,3
"Rewards Cash Back:$187.42 New Balance: $5,034.75",standard_rate,rewards cash back 187 42 new balance 5 034 75,3
PAYMENT TO BOOTS UK 5950 UK UK,standard_rate,payment to boots uk 5950 uk uk,3
PAYMENT TO AMAZON EU LEEDS LTD,standard_rate,payment to amazon eu leeds ltd,3
Sq *Intra Account Transfer 4057  Plc Ref-3117,outside_scope,sq intra account transfer 4057 plc ref 3117,1
IZ *AA BREAKDOWN 3975 LEEDS ONLINE,exempt,iz aa breakdown 3975 leeds online,0
SQ *TRAINLINE 3735 MANCHESTER UK REF-2674,zero_rated,sq trainline 3735 manchester uk ref 2674,4
card amazon eu 7359  store ref-2450,standard_rate,card amazon eu 7359 store ref 2450,3
Pos Post Office  Store,exempt,pos post office store,0
"Mar 05 ComEd Electric Bill ACH-8823 1,760.00 66,954.80",standard_rate,mar 05 comed electric bill ach 8823 1 760 00 66 954 80,3
PAYMENT TO QUICKBOOKS 7119 BRISTOL ONLINE,standard_rate,payment to quickbooks 7119 bristol online,3
POS MICROSOFT 365 7184  PLC REF-8564,standard_rate,pos microsoft 365 7184 plc ref 8564,3
PAYMENT TO BARCLAYS BANK 6053 ONLINE UK REF-1355,exempt,payment to barclays bank 6053 online uk ref 1355,0
pos stationery station 9931  ltd,standard_rate,pos stationery station 9931 ltd,3
EON NEXT,reduced_rate,eon next,2
CARD BRITISH GAS LONDON DIRECT REF-4852,reduced_rate,card british gas london direct ref 4852,2
"2026-03-19 CLOVER SALES DEPOSIT 2,935.85 44,833.54",standard_rate,2026 03 19 clover sales deposit 2 935 85 44 833 54,3
iz *stationery station 520 leeds plc,standard_rate,iz stationery station 520 leeds plc,3
"2026-03-06 TOAST POS DEPOSIT 3,155.40 37,028.04",standard_rate,2026 03 06 toast pos deposit 3 155 40 37 028 04,3
CARD AVIVA INSURANCE  DIRECT,exempt,card aviva insurance direct,0
ALDI STORES 5852  UK REF-4259,zero_rated,aldi stores 5852 uk ref 4259,4
TRAINLINE 715  ONLINE,zero_rated,trainline 715 online,4
"2026-03-31 MARKETING - META ADS 280.00 41,485.85",standard_rate,2026 03 31 marketing meta ads 280 00 41 485 85,3
DD POST OFFICE 2233  DIRECT,exempt,dd post office 2233 direct,0
POS TESCO STORES 5673 BRISTOL ONLINE,zero_rated,pos tesco stores 5673 bristol online,4
dd tfl travel  store,zero_rated,dd tfl travel store,4
SQ *TESCO STORES 3190 UK REF-4912,zero_rated,sq tesco stores 3190 uk ref 4912,4
Pos Waterstones 7944 Manchester Direct Ref-5432,zero_rated,pos waterstones 7944 manchester direct ref 5432,4
Sage Subscription 4370 Online Direct,standard_rate,sage subscription 4370 online direct,3
Quickbooks 626 Birmingham Store,standard_rate,quickbooks 626 birmingham store,3
TRAINLINE 8409  LTD,zero_rated,trainline 8409 ltd,4
IZ *PAYROLL TRANSFER,outside_scope,iz payroll transfer,1
pos director drawings 4530 leeds uk ref-6307,outside_scope,pos director drawings 4530 leeds uk ref 6307,1
IZ *EON NEXT 3028 LONDON UK,reduced_rate,iz eon next 3028 london uk,2
SQ *AMAZON UK 6794 MANCHESTER UK,standard_rate,sq amazon uk 6794 manchester uk,3
IZ *INTRA ACCOUNT TRANSFER LONDON ONLINE REF-8441,outside_scope,iz intra account transfer london online ref 8441,1
AA BREAKDOWN 6393 ONLINE REF-5844,exempt,aa breakdown 6393 online ref 5844,0
PAYMENT TO AMAZON KINDLE LONDON STORE,zero_rated,payment to amazon kindle london store,4
POS ASDA SUPERMARKET  PLC,zero_rated,pos asda supermarket plc,4
SQ *BRITISH GAS 9802 GLASGOW ONLINE REF-8756,reduced_rate,sq british gas 9802 glasgow online ref 8756,2
PAYMENT TO EON NEXT 5709  DIRECT,reduced_rate,payment to eon next 5709 direct,2
PAYMENT TO LNER TICKETS 9619  UK REF-7523,zero_rated,payment to lner tickets 9619 uk ref 7523,4
Sq *Stationery Station 2326  Ltd,standard_rate,sq stationery station 2326 ltd,3
SQ *ALDI STORES 5692 MANCHESTER UK,zero_rated,sq aldi stores 5692 manchester uk,4
AVIVA INSURANCE 6061 BRISTOL ONLINE,exempt,aviva insurance 6061 bristol online,0
Sq *Microsoft 365 7042  Ref-7479,standard_rate,sq microsoft 365 7042 ref 7479,3
PAYMENT TO MICROSOFT 365 4702 LONDON,standard_rate,payment to microsoft 365 4702 london,3
Hmrc Shipley 1547 Uk Direct,outside_scope,hmrc shipley 1547 uk direct,1
SQ *LNER TICKETS ONLINE STORE,zero_rated,sq lner tickets online store,4
PAYROLL TRANSFER 6192 UK UK REF-8542,outside_scope,payroll transfer 6192 uk uk ref 8542,1
"This statement is for the period January 1 - March 31, 2024. Questions? Call 1-800-555-0199",standard_rate,this statement is for the period january 1 march 31 2024 questions call 1 800 555 0199,3
SQ *ASDA SUPERMARKET 3487 LEEDS,zero_rated,sq asda supermarket 3487 leeds,4
IZ *OCTOPUS ENERGY 6154,reduced_rate,iz octopus energy 6154,2
SQ *NATIONAL EXPRESS GLASGOW ONLINE REF-2140,zero_rated,sq national express glasgow online ref 2140,4
POS AA BREAKDOWN 7316 LONDON PLC REF-6837,exempt,pos aa breakdown 7316 london plc ref 6837,0
"Mar 15 POS Sales Deposit - Weekly DEP-0315 16,980.00 81,194.80",standard_rate,mar 15 pos sales deposit weekly dep 0315 16 980 00 81 194 80,3
DD SAGE SUBSCRIPTION 2012  UK REF-3593,standard_rate,dd sage subscription 2012 uk ref 3593,3
SQ *ALDI STORES 3215  UK,zero_rated,sq aldi stores 3215 uk,4
pos sainsburys 2825  ltd ref-9078,zero_rated,pos sainsburys 2825 ltd ref 9078,4
MICROSOFT 365 7442  PLC REF-1371,standard_rate,microsoft 365 7442 plc ref 1371,3
payment to octopus energy 8570 bristol uk,reduced_rate,payment to octopus energy 8570 bristol uk,2
SQ *TFL TRAVEL 9152 BRISTOL PLC,zero_rated,sq tfl travel 9152 bristol plc,4
LINKEDIN PREMIUM  ONLINE,standard_rate,linkedin premium online,3
CARD EON NEXT 2226 LONDON LTD,reduced_rate,card eon next 2226 london ltd,2
POS LINKEDIN PREMIUM 5190  REF-7607,standard_rate,pos linkedin premium 5190 ref 7607,3
CARD AMAZON KINDLE 2617 LEEDS UK,zero_rated,card amazon kindle 2617 leeds uk,4
DD NATIONAL EXPRESS 2793 MANCHESTER,zero_rated,dd national express 2793 manchester,4
POS TRAINLINE  PLC REF-2748,zero_rated,pos trainline plc ref 2748,4
IZ *BARCLAYS BANK ONLINE REF-6952,exempt,iz barclays bank online ref 6952,0
DD PAYROLL TRANSFER 1455,outside_scope,dd payroll transfer 1455,1
POS HMRC SHIPLEY ONLINE DIRECT,outside_scope,pos hmrc shipley online direct,1
pos quickbooks 1444,standard_rate,pos quickbooks 1444,3
payment to director drawings 4679 london uk,outside_scope,payment to director drawings 4679 london uk,1
"Federal Est (27%): $3,033.19",standard_rate,federal est 27 3 033 19,3
DD ASDA SUPERMARKET 7569 BRISTOL LTD REF-9587,zero_rated,dd asda supermarket 7569 bristol ltd ref 9587,4
SQ *TFL TRAVEL LEEDS UK REF-1969,zero_rated,sq tfl travel leeds uk ref 1969,4
POS ROYAL MAIL BRISTOL UK,exempt,pos royal mail bristol uk,0
IZ *OCTOPUS ENERGY BIRMINGHAM STORE,reduced_rate,iz octopus energy birmingham store,2
pos boots uk leeds plc,standard_rate,pos boots uk leeds plc,3
pos uber eats 9524 bristol online ref-1327,standard_rate,pos uber eats 9524 bristol online ref 1327,3
"2025-03-14 UBER EATS TRANSFER 707.62 27,442.35",standard_rate,2025 03 14 uber eats transfer 707 62 27 442 35,3
Dd Waterstones Online Ltd,zero_rated,dd waterstones online ltd,4
CARD BARCLAYS BANK 4615  STORE,exempt,card barclays bank 4615 store,0
DD XERO SOFTWARE  ONLINE REF-3733,standard_rate,dd xero software online ref 3733,3
ALDI STORES 7462  STORE,zero_rated,aldi stores 7462 store,4
CARD PAYROLL TRANSFER 9646  ONLINE,outside_scope,card payroll transfer 9646 online,1
POS GOOGLE WORKSPACE 2356 LONDON STORE,standard_rate,pos google workspace 2356 london store,3
Payment To Asda Supermarket  Plc,zero_rated,payment to asda supermarket plc,4
dd microsoft 365 1101 glasgow uk ref-5625,standard_rate,dd microsoft 365 1101 glasgow uk ref 5625,3
DD DIRECTOR DRAWINGS BIRMINGHAM STORE REF-5783,outside_scope,dd director drawings birmingham store ref 5783,1
IZ *POST OFFICE GLASGOW STORE REF-4684,exempt,iz post office glasgow store ref 4684,0
CARD UBER EATS 6445 UK DIRECT REF-2663,standard_rate,card uber eats 6445 uk direct ref 2663,3
DD ROYAL MAIL 581 BRISTOL PLC,exempt,dd royal mail 581 bristol plc,0
PAYMENT TO ADOBE CREATIVE 7646 ONLINE STORE REF-6014,standard_rate,payment to adobe creative 7646 online store ref 6014,3
Card Lner Tickets  Uk,zero_rated,card lner tickets uk,4
POS HMRC PAYMENTS 5986 LONDON STORE,outside_scope,pos hmrc payments 5986 london store,1
payment to tfl travel 9170  ltd,zero_rated,payment to tfl travel 9170 ltd,4
LINKEDIN PREMIUM 5482  ONLINE REF-5205,standard_rate,linkedin premium 5482 online ref 5205,3
IZ *XERO SOFTWARE 1315 LONDON UK REF-1980,standard_rate,iz xero software 1315 london uk ref 1980,3
SQ *DIRECTOR DRAWINGS 966  PLC,outside_scope,sq director drawings 966 plc,1
PAYMENT TO MICROSOFT 365 7821  ONLINE REF-1953,standard_rate,payment to microsoft 365 7821 online ref 1953,3
Dd Octopus Energy 4470  Plc Ref-6792,reduced_rate,dd octopus energy 4470 plc ref 6792,2
Dd Waterstones 1561  Ltd,zero_rated,dd waterstones 1561 ltd,4
SQ *AMAZON UK 1578 BRISTOL LTD,standard_rate,sq amazon uk 1578 bristol ltd,3
PAYMENT TO AA BREAKDOWN GLASGOW PLC,exempt,payment to aa breakdown glasgow plc,0
Sq *Linkedin Premium  Ltd,standard_rate,sq linkedin premium ltd,3
Card Linkedin Premium 6955  Plc Ref-9757,standard_rate,card linkedin premium 6955 plc ref 9757,3
Sq *Asda Supermarket 6537  Plc,zero_rated,sq asda supermarket 6537 plc,4
CARD XERO SOFTWARE  LTD REF-3314,standard_rate,card xero software ltd ref 3314,3
PAYMENT TO MICROSOFT 365 9069 BRISTOL STORE REF-5274,standard_rate,payment to microsoft 365 9069 bristol store ref 5274,3
Card Lner Tickets 3662  Online,zero_rated,card lner tickets 3662 online,4
CARD UBER EATS 7256 GLASGOW PLC,standard_rate,card uber eats 7256 glasgow plc,3
SQ *TESCO EXPRESS 1938  ONLINE,zero_rated,sq tesco express 1938 online,4
TFL TRAVEL 5895 BIRMINGHAM PLC,zero_rated,tfl travel 5895 birmingham plc,4
Date Description Debit Credit Balance,standard_rate,date description debit credit balance,3
SQ *ADOBE CREATIVE MANCHESTER UK,standard_rate,sq adobe creative manchester uk,3
Sq *Director Drawings 9582 London Store Ref-6106,outside_scope,sq director drawings 9582 london store ref 6106,1
SQ *AA BREAKDOWN 7398 GLASGOW UK REF-7221,exempt,sq aa breakdown 7398 glasgow uk ref 7221,0
POS INTRA ACCOUNT TRANSFER LEEDS LTD,outside_scope,pos intra account transfer leeds ltd,1
IZ *DIRECTOR DRAWINGS 5126  DIRECT,outside_scope,iz director drawings 5126 direct,1
POS HMRC PAYMENTS LEEDS STORE,outside_scope,pos hmrc payments leeds store,1
DD UBER EATS 4047  ONLINE,standard_rate,dd uber eats 4047 online,3
CARD AVIVA INSURANCE 7084 LONDON STORE,exempt,card aviva insurance 7084 london store,0
SQ *LINKEDIN PREMIUM 4474  UK,standard_rate,sq linkedin premium 4474 uk,3
POS LNER TICKETS 2955 GLASGOW PLC REF-6884,zero_rated,pos lner tickets 2955 glasgow plc ref 6884,4
"2025-03-03 SQUARE *LOUISVILLE BBQ DEPOSIT 4,730.20 22,435.34",standard_rate,2025 03 03 square louisville bbq deposit 4 730 20 22 435 34,3
iz *lidl gb birmingham direct,zero_rated,iz lidl gb birmingham direct,4
Dd Director Drawings Bristol Ltd Ref-7944,outside_scope,dd director drawings bristol ltd ref 7944,1
CARD LINKEDIN PREMIUM 7281 LONDON STORE REF-7278,standard_rate,card linkedin premium 7281 london store ref 7278,3
PAYMENT TO HMRC PAYMENTS ONLINE ONLINE REF-9447,outside_scope,payment to hmrc payments online online ref 9447,1
PAYMENT TO SAGE SUBSCRIPTION  PLC,standard_rate,payment to sage subscription plc,3
CARD TRAINLINE 123 ONLINE,zero_rated,card trainline 123 online,4
PAYMENT TO XERO SOFTWARE GLASGOW ONLINE,standard_rate,payment to xero software glasgow online,3
Payment To Payroll Transfer 4047 Leeds,outside_scope,payment to payroll transfer 4047 leeds,1
"Mar 22 POS Sales Deposit - Weekly DEP-0322 17,450.00 85,354.80",standard_rate,mar 22 pos sales deposit weekly dep 0322 17 450 00 85 354 80,3
CARD ROYAL MAIL  UK,exempt,card royal mail uk,0
POS ADOBE CREATIVE 489 BRISTOL PLC REF-6604,standard_rate,pos adobe creative 489 bristol plc ref 6604,3
"2026-03-27 SQUARE *LOUISVILLE BBQ DEPOSIT 3,215.20 41,162.90",standard_rate,2026 03 27 square louisville bbq deposit 3 215 20 41 162 90,3
Sq *Linkedin Premium Glasgow Direct Ref-6826,standard_rate,sq linkedin premium glasgow direct ref 6826,3
CARD SAGE SUBSCRIPTION  DIRECT REF-8805,standard_rate,card sage subscription direct ref 8805,3
DD BARCLAYS BANK BRISTOL,exempt,dd barclays bank bristol,0
PAYMENT TO ADOBE CREATIVE 255 LONDON LTD REF-7864,standard_rate,payment to adobe creative 255 london ltd ref 7864,3
pos aviva insurance  store,exempt,pos aviva insurance store,0
PAYMENT TO INTRA ACCOUNT TRANSFER  ONLINE,outside_scope,payment to intra account transfer online,1
"Jan 25 POS Sales Deposit - Weekly DEP-0125 16,820.00 51,364.80",standard_rate,jan 25 pos sales deposit weekly dep 0125 16 820 00 51 364 80,3
POS EON NEXT LEEDS PLC,reduced_rate,pos eon next leeds plc,2
Hmrc Payments 9543 Glasgow Direct,outside_scope,hmrc payments 9543 glasgow direct,1
westminster council 6218  online,outside_scope,westminster council 6218 online,1
IZ *AMAZON KINDLE  PLC REF-7089,zero_rated,iz amazon kindle plc ref 7089,4
IZ *EON NEXT  STORE,reduced_rate,iz eon next store,2
Pos Sainsburys 3741  Ltd,zero_rated,pos sainsburys 3741 ltd,4
"Account Holder: The Golden Fork LLC Statement Period: January 1 - March 31, 2024",standard_rate,account holder the golden fork llc statement period january 1 march 31 2024,3
EDF ENERGY  LTD,reduced_rate,edf energy ltd,2
DD ASDA SUPERMARKET 4925  LTD REF-8869,zero_rated,dd asda supermarket 4925 ltd ref 8869,4
IZ *AMAZON UK 561 BRISTOL UK,standard_rate,iz amazon uk 561 bristol uk,3
Sq *Tfl Travel 8157  Ltd,zero_rated,sq tfl travel 8157 ltd,4
Dd Amazon Eu Bristol,standard_rate,dd amazon eu bristol,3
SQ *POST OFFICE 9197  LTD REF-5245,exempt,sq post office 9197 ltd ref 5245,0
DD STATIONERY STATION  LTD REF-8965,standard_rate,dd stationery station ltd ref 8965,3
SQ *DELIVEROO 2151  ONLINE,standard_rate,sq deliveroo 2151 online,3
hmrc payments 1334 london ref-9184,outside_scope,hmrc payments 1334 london ref 9184,1
SQ *TESCO EXPRESS BIRMINGHAM PLC REF-8239,zero_rated,sq tesco express birmingham plc ref 8239,4
payment to aa breakdown 4848 uk online,exempt,payment to aa breakdown 4848 uk online,0
DD MICROSOFT 365 3892 BRISTOL DIRECT,standard_rate,dd microsoft 365 3892 bristol direct,3
SQ *AA BREAKDOWN 5267 LONDON ONLINE REF-1036,exempt,sq aa breakdown 5267 london online ref 1036,0
SQ *STATIONERY STATION  STORE REF-7611,standard_rate,sq stationery station store ref 7611,3
"2026-03-31 POS SOFTWARE FEES (TOAST/SQUARE/CLOVER) 178.00 42,059.60",standard_rate,2026 03 31 pos software fees toast square clover 178 00 42 059 60,3
SAGE SUBSCRIPTION BRISTOL,standard_rate,sage subscription bristol,3
CARD EON NEXT 305  STORE,reduced_rate,card eon next 305 store,2
Pos Sainsburys 5543  Plc Ref-7224,zero_rated,pos sainsburys 5543 plc ref 7224,4
DD ROYAL MAIL UK STORE REF-3430,exempt,dd royal mail uk store ref 3430,0
DD ROYAL MAIL 8330 MANCHESTER ONLINE,exempt,dd royal mail 8330 manchester online,0
payment to sainsburys 5285 london online,zero_rated,payment to sainsburys 5285 london online,4
CARD GOOGLE WORKSPACE 2210 BRISTOL ONLINE,standard_rate,card google workspace 2210 bristol online,3
POS LNER TICKETS 323 GLASGOW PLC REF-5476,zero_rated,pos lner tickets 323 glasgow plc ref 5476,4
payment to microsoft 365 manchester store ref-4877,standard_rate,payment to microsoft 365 manchester store ref 4877,3
"2026-01-28 LINEN SERVICE WEEKLY 96.40 33,148.80",standard_rate,2026 01 28 linen service weekly 96 40 33 148 80,3
sq *intra account transfer online plc,outside_scope,sq intra account transfer online plc,1
sq *payroll transfer  online ref-1615,outside_scope,sq payroll transfer online ref 1615,1
SQ *QUICKBOOKS BRISTOL REF-7103,standard_rate,sq quickbooks bristol ref 7103,3
INTRA ACCOUNT TRANSFER BRISTOL LTD,outside_scope,intra account transfer bristol ltd,1
"Feb 08 POS Sales Deposit - Weekly DEP-0208 13,750.00 62,664.80",standard_rate,feb 08 pos sales deposit weekly dep 0208 13 750 00 62 664 80,3
DD BOOTS UK 1638 MANCHESTER ONLINE REF-3680,standard_rate,dd boots uk 1638 manchester online ref 3680,3
STATIONERY STATION 9134 GLASGOW PLC,standard_rate,stationery station 9134 glasgow plc,3
AA BREAKDOWN 1162 ONLINE LTD REF-9761,exempt,aa breakdown 1162 online ltd ref 9761,0
"Mar 16 ADP Payroll Processing ACH-3306 8,450.00 72,744.80",standard_rate,mar 16 adp payroll processing ach 3306 8 450 00 72 744 80,3
PAYMENT TO STATIONERY STATION  UK,standard_rate,payment to stationery station uk,3
sq *sainsburys 7331 london,zero_rated,sq sainsburys 7331 london,4
"2026-01-03 LOUISVILLE WATER CO 74.10 24,386.85",standard_rate,2026 01 03 louisville water co 74 10 24 386 85,3
IZ *LINKEDIN PREMIUM 3013 BRISTOL LTD,standard_rate,iz linkedin premium 3013 bristol ltd,3
SQ *HMRC PAYMENTS GLASGOW UK REF-1661,outside_scope,sq hmrc payments glasgow uk ref 1661,1
POS AMAZON KINDLE 5586 BIRMINGHAM LTD,zero_rated,pos amazon kindle 5586 birmingham ltd,4
dd national express 6446 glasgow direct,zero_rated,dd national express 6446 glasgow direct,4
Dd Boots Uk 9413  Direct Ref-8335,standard_rate,dd boots uk 9413 direct ref 8335,3
payment to director drawings 1777 birmingham,outside_scope,payment to director drawings 1777 birmingham,1
WESTMINSTER COUNCIL BIRMINGHAM PLC REF-6891,outside_scope,westminster council birmingham plc ref 6891,1
IZ *ASDA SUPERMARKET UK LTD,zero_rated,iz asda supermarket uk ltd,4
"03/12 SQUARE INC PAYMENT LOUISVILLE Revenue $3,420.00 $21,133.50",standard_rate,03 12 square inc payment louisville revenue 3 420 00 21 133 50,3
Payment To Aldi Stores 4455,zero_rated,payment to aldi stores 4455,4
IZ *INTRA ACCOUNT TRANSFER 9034 LONDON ONLINE REF-4311,outside_scope,iz intra account transfer 9034 london online ref 4311,1
IZ *NATIONAL EXPRESS  DIRECT REF-9502,zero_rated,iz national express direct ref 9502,4
IZ *STATIONERY STATION 7639  ONLINE,standard_rate,iz stationery station 7639 online,3
IZ *SAINSBURYS  DIRECT,zero_rated,iz sainsburys direct,4
card asda supermarket 6442 leeds ref-7858,zero_rated,card asda supermarket 6442 leeds ref 7858,4
"2026-03-31 KENTUCKY SBA LOAN PMT 1,125.40 42,237.60",standard_rate,2026 03 31 kentucky sba loan pmt 1 125 40 42 237 60,3
Payment To Payroll Transfer 260 Glasgow Plc Ref-6491,outside_scope,payment to payroll transfer 260 glasgow plc ref 6491,1
dd royal mail  direct,exempt,dd royal mail direct,0
Iz *Edf Energy Birmingham Plc Ref-9314,reduced_rate,iz edf energy birmingham plc ref 9314,2
IZ *GOOGLE WORKSPACE 1423  LTD,standard_rate,iz google workspace 1423 ltd,3
Octopus Energy 4400 Glasgow Direct,reduced_rate,octopus energy 4400 glasgow direct,2
"2025-04-13 CLOVER SALES DEPOSIT 3,034.94 35,705.61",standard_rate,2025 04 13 clover sales deposit 3 034 94 35 705 61,3
IZ *ASDA SUPERMARKET 8624  LTD,zero_rated,iz asda supermarket 8624 ltd,4
POS LNER TICKETS 7021  UK REF-2013,zero_rated,pos lner tickets 7021 uk ref 2013,4
"2025-03-24 WIRE FEE 34.84 15,674.25",standard_rate,2025 03 24 wire fee 34 84 15 674 25,3
"Jan 13 US Foods - Meat & Dairy ACH-9921 3,180.00 43,804.80",standard_rate,jan 13 us foods meat dairy ach 9921 3 180 00 43 804 80,3
IZ *EON NEXT 6056 LEEDS LTD REF-7528,reduced_rate,iz eon next 6056 leeds ltd ref 7528,2
pos lidl gb uk direct,zero_rated,pos lidl gb uk direct,4
"Utilities - Gas Peoples Gas 3 $2,040.00",standard_rate,utilities gas peoples gas 3 2 040 00,3
PAYMENT TO BRITISH GAS 9816,reduced_rate,payment to british gas 9816,2
Payment To Tesco Express 5859 Birmingham Store,zero_rated,payment to tesco express 5859 birmingham store,4
CARD POST OFFICE 1883  LTD REF-5969,exempt,card post office 1883 ltd ref 5969,0
Iz *Aa Breakdown 9507 Manchester Direct,exempt,iz aa breakdown 9507 manchester direct,0
google workspace 4076 uk plc,standard_rate,google workspace 4076 uk plc,3
PAYMENT TO AVIVA INSURANCE BIRMINGHAM ONLINE,exempt,payment to aviva insurance birmingham online,0
OCTOPUS ENERGY  PLC,reduced_rate,octopus energy plc,2
Hmrc Shipley 7373 Glasgow Ref-3571,outside_scope,hmrc shipley 7373 glasgow ref 3571,1
"03/19 DOORDASH TRANSFER DASHER INC Revenue $710.30 $18,093.80",standard_rate,03 19 doordash transfer dasher inc revenue 710 30 18 093 80,3
DELIVEROO  UK REF-4549,standard_rate,deliveroo uk ref 4549,3
SQ *HMRC SHIPLEY 7331  DIRECT,outside_scope,sq hmrc shipley 7331 direct,1
hmrc payments 8490 london plc ref-7830,outside_scope,hmrc payments 8490 london plc ref 7830,1
CARD AMAZON EU  DIRECT,standard_rate,card amazon eu direct,3
card amazon uk 2043 london plc,standard_rate,card amazon uk 2043 london plc,3
SQ *AA BREAKDOWN 6826 UK ONLINE,exempt,sq aa breakdown 6826 uk online,0
Hmrc Payments Birmingham Store,outside_scope,hmrc payments birmingham store,1
Dd Tfl Travel  Uk,zero_rated,dd tfl travel uk,4
POS OCTOPUS ENERGY 9925 ONLINE PLC REF-8309,reduced_rate,pos octopus energy 9925 online plc ref 8309,2
"03/26 UBER EATS PAYOUT MARCH Revenue $490.80 $17,979.60",standard_rate,03 26 uber eats payout march revenue 490 80 17 979 60,3
"Feb 18 US Foods - Meat & Dairy ACH-9922 3,420.00 58,534.80",standard_rate,feb 18 us foods meat dairy ach 9922 3 420 00 58 534 80,3
Pos Waterstones 7169 Leeds Ltd,zero_rated,pos waterstones 7169 leeds ltd,4
PAYMENT TO MICROSOFT 365  LTD,standard_rate,payment to microsoft 365 ltd,3
iz *amazon kindle 2861 london ref-9577,zero_rated,iz amazon kindle 2861 london ref 9577,4
SQ *TFL TRAVEL 5812 GLASGOW STORE REF-7782,zero_rated,sq tfl travel 5812 glasgow store ref 7782,4
PAYMENT TO TRAINLINE 5765 LEEDS LTD,zero_rated,payment to trainline 5765 leeds ltd,4
SQ *OCTOPUS ENERGY  UK REF-7934,reduced_rate,sq octopus energy uk ref 7934,2
CARD BOOTS UK 4294 LEEDS STORE REF-6240,standard_rate,card boots uk 4294 leeds store ref 6240,3
sq *waterstones bristol plc,zero_rated,sq waterstones bristol plc,4
"2025-03-07 STRIPE PAYOUT 1,062.79 16,842.08",standard_rate,2025 03 07 stripe payout 1 062 79 16 842 08,3
Card Royal Mail 3476 Bristol Uk,exempt,card royal mail 3476 bristol uk,0
CARD ALDI STORES 8930 GLASGOW REF-4110,zero_rated,card aldi stores 8930 glasgow ref 4110,4
DD GOOGLE WORKSPACE 4765 GLASGOW UK REF-3553,standard_rate,dd google workspace 4765 glasgow uk ref 3553,3
Iz *National Express 2049 Online Store,zero_rated,iz national express 2049 online store,4
SQ *UBER EATS 4403 GLASGOW DIRECT,standard_rate,sq uber eats 4403 glasgow direct,3
payment to payroll transfer  online ref-9992,outside_scope,payment to payroll transfer online ref 9992,1
PAYMENT TO XERO SOFTWARE 8736 MANCHESTER REF-4345,standard_rate,payment to xero software 8736 manchester ref 4345,3
Dd Post Office 5098 London Online Ref-8308,exempt,dd post office 5098 london online ref 8308,0
CARD DELIVEROO MANCHESTER STORE,standard_rate,card deliveroo manchester store,3
PAYMENT TO TESCO EXPRESS UK STORE,zero_rated,payment to tesco express uk store,4
Dd Linkedin Premium 7779 Online Ltd Ref-1757,standard_rate,dd linkedin premium 7779 online ltd ref 1757,3
SQ *ASDA SUPERMARKET 7020 BRISTOL ONLINE REF-9564,zero_rated,sq asda supermarket 7020 bristol online ref 9564,4
OCTOPUS ENERGY 6561  PLC,reduced_rate,octopus energy 6561 plc,2
"2025-04-14 WIRE FEE 35.52 31,988.02",standard_rate,2025 04 14 wire fee 35 52 31 988 02,3
IZ *MICROSOFT 365,standard_rate,iz microsoft 365,3
POS ALDI STORES 9260 MANCHESTER ONLINE REF-6703,zero_rated,pos aldi stores 9260 manchester online ref 6703,4
IZ *QUICKBOOKS 5046 ONLINE,standard_rate,iz quickbooks 5046 online,3
IZ *OCTOPUS ENERGY  ONLINE,reduced_rate,iz octopus energy online,2
sq *payroll transfer 3890,outside_scope,sq payroll transfer 3890,1
PAYMENT TO EDF ENERGY BRISTOL DIRECT,reduced_rate,payment to edf energy bristol direct,2
Pos Deliveroo 2234 Bristol Direct Ref-9043,standard_rate,pos deliveroo 2234 bristol direct ref 9043,3
payment to westminster council 7154 birmingham,outside_scope,payment to westminster council 7154 birmingham,1
DD HMRC PAYMENTS 5506  UK,outside_scope,dd hmrc payments 5506 uk,1
PAYMENT TO WESTMINSTER COUNCIL BRISTOL STORE,outside_scope,payment to westminster council bristol store,1
PAYMENT TO TFL TRAVEL BIRMINGHAM UK REF-1221,zero_rated,payment to tfl travel birmingham uk ref 1221,4
Payment To Waterstones  Ltd,zero_rated,payment to waterstones ltd,4
PAYMENT TO STATIONERY STATION 2842  PLC REF-4741,standard_rate,payment to stationery station 2842 plc ref 4741,3
IZ *HSBC BANK FEES  PLC REF-1002,exempt,iz hsbc bank fees plc ref 1002,0
AA BREAKDOWN  LTD,exempt,aa breakdown ltd,0
DD STATIONERY STATION  DIRECT REF-8557,standard_rate,dd stationery station direct ref 8557,3
DD TESCO STORES LONDON,zero_rated,dd tesco stores london,4
CARD TESCO EXPRESS BIRMINGHAM ONLINE,zero_rated,card tesco express birmingham online,4
PAYMENT TO AVIVA INSURANCE GLASGOW DIRECT,exempt,payment to aviva insurance glasgow direct,0
SQ *DELIVEROO 2999  ONLINE,standard_rate,sq deliveroo 2999 online,3
DD AMAZON UK 1351 MANCHESTER,standard_rate,dd amazon uk 1351 manchester,3
pos sage subscription 5169 manchester plc ref-1265,standard_rate,pos sage subscription 5169 manchester plc ref 1265,3
POS OCTOPUS ENERGY 2345 LONDON STORE,reduced_rate,pos octopus energy 2345 london store,2
payroll transfer 427  ltd ref-1432,outside_scope,payroll transfer 427 ltd ref 1432,1
CARD DIRECTOR DRAWINGS  LTD,outside_scope,card director drawings ltd,1
DD INTRA ACCOUNT TRANSFER 8384 BRISTOL,outside_scope,dd intra account transfer 8384 bristol,1
QUICKBOOKS  PLC REF-2156,standard_rate,quickbooks plc ref 2156,3
SQ *BRITISH GAS 5319 BRISTOL REF-3346,reduced_rate,sq british gas 5319 bristol ref 3346,2
"Mar 12 US Foods - Meat & Dairy ACH-9923 3,680.00 76,714.80",standard_rate,mar 12 us foods meat dairy ach 9923 3 680 00 76 714 80,3
xero software 2362  ltd,standard_rate,xero software 2362 ltd,3
Payment To Aa Breakdown 1576 Bristol Store,exempt,payment to aa breakdown 1576 bristol store,0
xero software 4225 leeds online,standard_rate,xero software 4225 leeds online,3
CARD WESTMINSTER COUNCIL  REF-9739,outside_scope,card westminster council ref 9739,1
POS EON NEXT UK REF-7144,reduced_rate,pos eon next uk ref 7144,2
dd quickbooks 917  uk,standard_rate,dd quickbooks 917 uk,3
Hsbc Bank Fees Uk Ltd,exempt,hsbc bank fees uk ltd,0
SQ *ASDA SUPERMARKET 9417  DIRECT,zero_rated,sq asda supermarket 9417 direct,4
microsoft 365 3174 manchester online,standard_rate,microsoft 365 3174 manchester online,3
POS MICROSOFT 365 LEEDS PLC,standard_rate,pos microsoft 365 leeds plc,3
"2026-02-26 LINEN SERVICE WEEKLY 96.40 36,069.54",standard_rate,2026 02 26 linen service weekly 96 40 36 069 54,3
IZ *DIRECTOR DRAWINGS 3828,outside_scope,iz director drawings 3828,1
dd royal mail 4491 glasgow plc,exempt,dd royal mail 4491 glasgow plc,0
DD DIRECTOR DRAWINGS 5429  STORE,outside_scope,dd director drawings 5429 store,1
SQ *BARCLAYS BANK 8920  LTD REF-4776,exempt,sq barclays bank 8920 ltd ref 4776,0
CARD PAYROLL TRANSFER 516 MANCHESTER PLC REF-2611,outside_scope,card payroll transfer 516 manchester plc ref 2611,1
DD ALDI STORES  ONLINE REF-3196,zero_rated,dd aldi stores online ref 3196,4
TRAINLINE 1885 LONDON STORE,zero_rated,trainline 1885 london store,4
DD SAINSBURYS GLASGOW DIRECT REF-9037,zero_rated,dd sainsburys glasgow direct ref 9037,4
IZ *POST OFFICE 6805  PLC REF-1510,exempt,iz post office 6805 plc ref 1510,0
SQ *ALDI STORES 582 BRISTOL UK REF-5590,zero_rated,sq aldi stores 582 bristol uk ref 5590,4
PAYMENT TO LNER TICKETS 6213  LTD,zero_rated,payment to lner tickets 6213 ltd,4
SQ *BRITISH GAS 8861 BRISTOL DIRECT,reduced_rate,sq british gas 8861 bristol direct,2
DD TRAINLINE GLASGOW UK,zero_rated,dd trainline glasgow uk,4
PAYMENT TO SAGE SUBSCRIPTION 6880 ONLINE DIRECT,standard_rate,payment to sage subscription 6880 online direct,3
POS SAGE SUBSCRIPTION 3668  ONLINE,standard_rate,pos sage subscription 3668 online,3
iz *uber eats 7596 birmingham uk ref-6318,standard_rate,iz uber eats 7596 birmingham uk ref 6318,3
SQ *TFL TRAVEL 860 ONLINE LTD,zero_rated,sq tfl travel 860 online ltd,4
POS AMAZON UK 317 LONDON DIRECT,standard_rate,pos amazon uk 317 london direct,3
POS SAINSBURYS 8273 LEEDS STORE,zero_rated,pos sainsburys 8273 leeds store,4
Pos Asda Supermarket 431 Bristol Online,zero_rated,pos asda supermarket 431 bristol online,4
Pos National Express 3685  Store Ref-4898,zero_rated,pos national express 3685 store ref 4898,4
payment to xero software  ref-9810,standard_rate,payment to xero software ref 9810,3
payment to post office 9713  plc ref-9199,exempt,payment to post office 9713 plc ref 9199,0
DD ASDA SUPERMARKET 2506 LONDON PLC,zero_rated,dd asda supermarket 2506 london plc,4
POS AVIVA INSURANCE ONLINE UK REF-8903,exempt,pos aviva insurance online uk ref 8903,0
DD BOOTS UK 5697  DIRECT,standard_rate,dd boots uk 5697 direct,3
HMRC SHIPLEY 3515 BIRMINGHAM REF-1421,outside_scope,hmrc shipley 3515 birmingham ref 1421,1
DD GOOGLE WORKSPACE 3240 UK PLC,standard_rate,dd google workspace 3240 uk plc,3
PAYMENT TO TRAINLINE 8050  STORE,zero_rated,payment to trainline 8050 store,4
Card Hsbc Bank Fees Uk Ref-5596,exempt,card hsbc bank fees uk ref 5596,0
Dd Tfl Travel 4046 London Uk,zero_rated,dd tfl travel 4046 london uk,4
Iz *Waterstones 5237  Ltd Ref-8387,zero_rated,iz waterstones 5237 ltd ref 8387,4
POS DIRECTOR DRAWINGS  LTD,outside_scope,pos director drawings ltd,1
sq *boots uk 2420 uk uk ref-6973,standard_rate,sq boots uk 2420 uk uk ref 6973,3
IZ *GOOGLE WORKSPACE BRISTOL UK REF-1708,standard_rate,iz google workspace bristol uk ref 1708,3
PAYMENT TO OCTOPUS ENERGY 9382  ONLINE REF-4014,reduced_rate,payment to octopus energy 9382 online ref 4014,2
Pos Asda Supermarket  Plc,zero_rated,pos asda supermarket plc,4
Account Summary,standard_rate,account summary,3
SQ *ROYAL MAIL 4997 LEEDS DIRECT,exempt,sq royal mail 4997 leeds direct,0
SQ *WATERSTONES  STORE,zero_rated,sq waterstones store,4
pos xero software glasgow ltd ref-5612,standard_rate,pos xero software glasgow ltd ref 5612,3
POS EDF ENERGY 791 LEEDS LTD,reduced_rate,pos edf energy 791 leeds ltd,2
IZ *HMRC PAYMENTS 3868  ONLINE REF-4631,outside_scope,iz hmrc payments 3868 online ref 4631,1
IZ *WESTMINSTER COUNCIL 7206 LONDON LTD,outside_scope,iz westminster council 7206 london ltd,1
sq *tesco stores  store,zero_rated,sq tesco stores store,4
SQ *TESCO EXPRESS 5011 UK,zero_rated,sq tesco express 5011 uk,4
EDF ENERGY 3983 LEEDS ONLINE REF-5081,reduced_rate,edf energy 3983 leeds online ref 5081,2
payment to aldi stores 7021 bristol direct,zero_rated,payment to aldi stores 7021 bristol direct,4
Iz *Amazon Kindle 8479  Online Ref-7876,zero_rated,iz amazon kindle 8479 online ref 7876,4
Iz *Intra Account Transfer 5328  Direct Ref-7437,outside_scope,iz intra account transfer 5328 direct ref 7437,1
CARD TRAINLINE LEEDS LTD,zero_rated,card trainline leeds ltd,4
Pos Deliveroo 9404 Uk Uk,standard_rate,pos deliveroo 9404 uk uk,3
iz *google workspace 6861 leeds direct ref-6944,standard_rate,iz google workspace 6861 leeds direct ref 6944,3
POS HMRC SHIPLEY LONDON LTD,outside_scope,pos hmrc shipley london ltd,1
SQ *PAYROLL TRANSFER 2392,outside_scope,sq payroll transfer 2392,1
card hmrc payments,outside_scope,card hmrc payments,1
lidl gb  ltd,zero_rated,lidl gb ltd,4
"Total Withdrawals & Debits ($161,892.40)",standard_rate,total withdrawals debits 161 892 40,3
SQ *ADOBE CREATIVE 1535  PLC,standard_rate,sq adobe creative 1535 plc,3
DD ASDA SUPERMARKET BIRMINGHAM PLC,zero_rated,dd asda supermarket birmingham plc,4
POS TESCO EXPRESS 8724 GLASGOW UK,zero_rated,pos tesco express 8724 glasgow uk,4
PAYMENT TO XERO SOFTWARE GLASGOW PLC REF-6658,standard_rate,payment to xero software glasgow plc ref 6658,3
SQ *WATERSTONES 6294  REF-1847,zero_rated,sq waterstones 6294 ref 1847,4
payment to amazon kindle birmingham plc ref-5317,zero_rated,payment to amazon kindle birmingham plc ref 5317,4
POS QUICKBOOKS 7964 LONDON UK,standard_rate,pos quickbooks 7964 london uk,3
IZ *PAYROLL TRANSFER 1876 GLASGOW,outside_scope,iz payroll transfer 1876 glasgow,1
sq *waterstones 5285  store,zero_rated,sq waterstones 5285 store,4
CARD INTRA ACCOUNT TRANSFER 357,outside_scope,card intra account transfer 357,1
IZ *AMAZON EU  UK,standard_rate,iz amazon eu uk,3
CARD HMRC PAYMENTS 7337 LEEDS STORE,outside_scope,card hmrc payments 7337 leeds store,1
sq *british gas london ltd ref-8354,reduced_rate,sq british gas london ltd ref 8354,2
Sq *Google Workspace 1705  Ltd Ref-1259,standard_rate,sq google workspace 1705 ltd ref 1259,3
SQ *ROYAL MAIL 3467 MANCHESTER STORE,exempt,sq royal mail 3467 manchester store,0
PAYMENT TO EON NEXT 2997 UK PLC REF-9195,reduced_rate,payment to eon next 2997 uk plc ref 9195,2
SQ *PAYROLL TRANSFER 2296 UK ONLINE,outside_scope,sq payroll transfer 2296 uk online,1
DD EON NEXT LONDON PLC REF-8203,reduced_rate,dd eon next london plc ref 8203,2
sq *hmrc payments 5088 online plc,outside_scope,sq hmrc payments 5088 online plc,1
IZ *AMAZON KINDLE 7885 GLASGOW,zero_rated,iz amazon kindle 7885 glasgow,4
POS SAINSBURYS 5346 UK REF-7073,zero_rated,pos sainsburys 5346 uk ref 7073,4
TRAINLINE 9137 UK LTD REF-6582,zero_rated,trainline 9137 uk ltd ref 6582,4
Dd Google Workspace 3312 Birmingham Uk Ref-6717,standard_rate,dd google workspace 3312 birmingham uk ref 6717,3
SQ *LNER TICKETS 6368 GLASGOW UK REF-5881,zero_rated,sq lner tickets 6368 glasgow uk ref 5881,4
SQ *HMRC PAYMENTS 4641 LEEDS UK REF-2230,outside_scope,sq hmrc payments 4641 leeds uk ref 2230,1
EDF ENERGY 1024 GLASGOW UK,reduced_rate,edf energy 1024 glasgow uk,2
SQ *AVIVA INSURANCE 8711 BRISTOL STORE REF-1216,exempt,sq aviva insurance 8711 bristol store ref 1216,0
DD STATIONERY STATION ONLINE REF-2686,standard_rate,dd stationery station online ref 2686,3
CARD TRAINLINE BIRMINGHAM,zero_rated,card trainline birmingham,4
pos eon next 6981  direct,reduced_rate,pos eon next 6981 direct,2
sq *uber eats 5369 uk direct,standard_rate,sq uber eats 5369 uk direct,3
"Mar 31 CLOSING BALANCE BAL-END 67,876.15",standard_rate,mar 31 closing balance bal end 67 876 15,3
POS ROYAL MAIL LONDON UK REF-9714,exempt,pos royal mail london uk ref 9714,0
Pos Octopus Energy  Direct Ref-7287,reduced_rate,pos octopus energy direct ref 7287,2
ASDA SUPERMARKET 4731,zero_rated,asda supermarket 4731,4
card linkedin premium 8660 london store,standard_rate,card linkedin premium 8660 london store,3
HMRC SHIPLEY  ONLINE REF-8772,outside_scope,hmrc shipley online ref 8772,1
dd payroll transfer manchester direct ref-6836,outside_scope,dd payroll transfer manchester direct ref 6836,1
POS WESTMINSTER COUNCIL 8780 BIRMINGHAM REF-4916,outside_scope,pos westminster council 8780 birmingham ref 4916,1
SQ *NATIONAL EXPRESS  DIRECT REF-8151,zero_rated,sq national express direct ref 8151,4
"2026-02-19 CLOVER SALES DEPOSIT 2,895.65 39,385.65",standard_rate,2026 02 19 clover sales deposit 2 895 65 39 385 65,3
03/05/2025 03/05/2025 5678 GORDON FOOD SERVICE FoodCost $771.74,standard_rate,03 05 2025 03 05 2025 5678 gordon food service foodcost 771 74,3
IZ *PAYROLL TRANSFER  STORE REF-3390,outside_scope,iz payroll transfer store ref 3390,1
POS AMAZON UK 7000 ONLINE DIRECT,standard_rate,pos amazon uk 7000 online direct,3
PAYMENT TO HSBC BANK FEES BIRMINGHAM ONLINE,exempt,payment to hsbc bank fees birmingham online,0
IZ *EON NEXT 849  REF-3969,reduced_rate,iz eon next 849 ref 3969,2
Date Description Debit Credit Balance,standard_rate,date description debit credit balance,3
IZ *EDF ENERGY 7467  DIRECT REF-4893,reduced_rate,iz edf energy 7467 direct ref 4893,2
"Jan 06 POS Sales Deposit - Daily DEP-0106 4,105.75 36,364.80",standard_rate,jan 06 pos sales deposit daily dep 0106 4 105 75 36 364 80,3
Payment To Aldi Stores 4554  Online,zero_rated,payment to aldi stores 4554 online,4
PAYMENT TO INTRA ACCOUNT TRANSFER 8892 LEEDS ONLINE,outside_scope,payment to intra account transfer 8892 leeds online,1
IZ *LNER TICKETS 9041  ONLINE REF-2371,zero_rated,iz lner tickets 9041 online ref 2371,4
PAYMENT TO WESTMINSTER COUNCIL 3046  ONLINE REF-4532,outside_scope,payment to westminster council 3046 online ref 4532,1
WESTMINSTER COUNCIL 6683 MANCHESTER,outside_scope,westminster council 6683 manchester,1
CARD ADOBE CREATIVE 8019 ONLINE LTD REF-1453,standard_rate,card adobe creative 8019 online ltd ref 1453,3
pos westminster council 2519 uk direct,outside_scope,pos westminster council 2519 uk direct,1
"Mar 31 Interest Earned - Q1 INT-0331 3,000.00 107,876.15",standard_rate,mar 31 interest earned q1 int 0331 3 000 00 107 876 15,3
ALDI STORES 8956 UK UK REF-9987,zero_rated,aldi stores 8956 uk uk ref 9987,4
IZ *TFL TRAVEL 6006 GLASGOW REF-8153,zero_rated,iz tfl travel 6006 glasgow ref 8153,4
SQ *SAGE SUBSCRIPTION 9931  DIRECT,standard_rate,sq sage subscription 9931 direct,3
PAYMENT TO EDF ENERGY 4528  DIRECT REF-6499,reduced_rate,payment to edf energy 4528 direct ref 6499,2
PAYMENT TO EDF ENERGY 4330  LTD REF-7927,reduced_rate,payment to edf energy 4330 ltd ref 7927,2
POS LNER TICKETS 2029 GLASGOW,zero_rated,pos lner tickets 2029 glasgow,4
"2026-01-30 COMMERCIAL INSURANCE CO 455.00 30,873.71",standard_rate,2026 01 30 commercial insurance co 455 00 30 873 71,3
BOOTS UK LONDON STORE,standard_rate,boots uk london store,3
"2026-03-27 COMMERCIAL INSURANCE CO 455.00 40,707.90",standard_rate,2026 03 27 commercial insurance co 455 00 40 707 90,3
Category Vendor(s) Transactions Total Amount,standard_rate,category vendor s transactions total amount,3
POS DELIVEROO 4043  UK REF-9489,standard_rate,pos deliveroo 4043 uk ref 9489,3
DD TRAINLINE BIRMINGHAM STORE,zero_rated,dd trainline birmingham store,4
IZ *GOOGLE WORKSPACE 8566 BRISTOL STORE,standard_rate,iz google workspace 8566 bristol store,3
"Jan 29 Republic Services - Trash ACH-2210 310.00 48,954.80",standard_rate,jan 29 republic services trash ach 2210 310 00 48 954 80,3
DD BOOTS UK 7443  ONLINE REF-6407,standard_rate,dd boots uk 7443 online ref 6407,3
dd lidl gb leeds online,zero_rated,dd lidl gb leeds online,4
POS DELIVEROO  REF-8119,standard_rate,pos deliveroo ref 8119,3
SQ *AMAZON EU 8648 LONDON STORE,standard_rate,sq amazon eu 8648 london store,3
SQ *ROYAL MAIL 5263  DIRECT,exempt,sq royal mail 5263 direct,0
SQ *TFL TRAVEL 9379 UK DIRECT REF-8775,zero_rated,sq tfl travel 9379 uk direct ref 8775,4
IZ *LINKEDIN PREMIUM 1219 BRISTOL DIRECT,standard_rate,iz linkedin premium 1219 bristol direct,3
payment to eon next 9556,reduced_rate,payment to eon next 9556,2
SQ *WESTMINSTER COUNCIL 6408 MANCHESTER ONLINE,outside_scope,sq westminster council 6408 manchester online,1
POS STATIONERY STATION 760 MANCHESTER PLC,standard_rate,pos stationery station 760 manchester plc,3
"Jan 05 ADP Payroll Processing ACH-3301 8,450.00 32,259.05",standard_rate,jan 05 adp payroll processing ach 3301 8 450 00 32 259 05,3
CARD TESCO EXPRESS 5140  ONLINE REF-1436,zero_rated,card tesco express 5140 online ref 1436,4
payment to amazon kindle  online,zero_rated,payment to amazon kindle online,4
DD BARCLAYS BANK 2070 UK LTD,exempt,dd barclays bank 2070 uk ltd,0
Pos Adobe Creative 2146 Glasgow Uk,standard_rate,pos adobe creative 2146 glasgow uk,3
DD DELIVEROO 961 UK LTD,standard_rate,dd deliveroo 961 uk ltd,3
payment to eon next  direct ref-5519,reduced_rate,payment to eon next direct ref 5519,2
"2026-01-22 SQUARE *LOUISVILLE BBQ DEPOSIT 3,105.85 34,049.50",standard_rate,2026 01 22 square louisville bbq deposit 3 105 85 34 049 50,3
AA BREAKDOWN  PLC,exempt,aa breakdown plc,0
PAYMENT TO EDF ENERGY 2148 LEEDS ONLINE REF-6782,reduced_rate,payment to edf energy 2148 leeds online ref 6782,2
Pos Amazon Eu Birmingham Ltd,standard_rate,pos amazon eu birmingham ltd,3
Card Sainsburys Birmingham Online,zero_rated,card sainsburys birmingham online,4
DD OCTOPUS ENERGY 6168 LONDON DIRECT,reduced_rate,dd octopus energy 6168 london direct,2
IZ *WESTMINSTER COUNCIL 5309 ONLINE STORE,outside_scope,iz westminster council 5309 online store,1
POS WATERSTONES  ONLINE REF-9115,zero_rated,pos waterstones online ref 9115,4
Pos Aldi Stores 5568 Online Online,zero_rated,pos aldi stores 5568 online online,4
dd aviva insurance glasgow plc,exempt,dd aviva insurance glasgow plc,0
PAYMENT TO TESCO STORES 4236  DIRECT REF-8827,zero_rated,payment to tesco stores 4236 direct ref 8827,4
"03/29 MONTHLY SERVICE FEE CHASE BUS Banking $15.00 $20,764.60",standard_rate,03 29 monthly service fee chase bus banking 15 00 20 764 60,3
POS NATIONAL EXPRESS 2256 UK ONLINE REF-1110,zero_rated,pos national express 2256 uk online ref 1110,4
BARCLAYS BANK 1495 BIRMINGHAM UK,exempt,barclays bank 1495 birmingham uk,0
Pos Aa Breakdown  Uk,exempt,pos aa breakdown uk,0
CARD STATIONERY STATION 6382  UK,standard_rate,card stationery station 6382 uk,3
Card Director Drawings 1140 Glasgow Plc,outside_scope,card director drawings 1140 glasgow plc,1
Pos Amazon Eu 3301 London Plc Ref-4297,standard_rate,pos amazon eu 3301 london plc ref 4297,3
"Feb 22 POS Sales Deposit - Weekly DEP-0222 14,980.00 69,414.80",standard_rate,feb 22 pos sales deposit weekly dep 0222 14 980 00 69 414 80,3
POS XERO SOFTWARE 8711  ONLINE,standard_rate,pos xero software 8711 online,3
iz *linkedin premium 1435  uk,standard_rate,iz linkedin premium 1435 uk,3
SQ *BOOTS UK 7219 LEEDS DIRECT,standard_rate,sq boots uk 7219 leeds direct,3
PAYMENT TO BARCLAYS BANK 1302 LONDON PLC,exempt,payment to barclays bank 1302 london plc,0
HMRC PAYMENTS  ONLINE,outside_scope,hmrc payments online,1
DD OCTOPUS ENERGY 6274  UK REF-2649,reduced_rate,dd octopus energy 6274 uk ref 2649,2
IZ *MICROSOFT 365 9493 LONDON REF-4371,standard_rate,iz microsoft 365 9493 london ref 4371,3
Sq *British Gas Uk Ref-3990,reduced_rate,sq british gas uk ref 3990,2
dd xero software 356 manchester direct,standard_rate,dd xero software 356 manchester direct,3
CARD EON NEXT 8083 ONLINE LTD REF-4680,reduced_rate,card eon next 8083 online ltd ref 4680,2
POS EON NEXT 6671  STORE,reduced_rate,pos eon next 6671 store,2
"Opening Balance (Jan 1, 2024) $42,318.55",standard_rate,opening balance jan 1 2024 42 318 55,3
pos payroll transfer 9242 leeds plc ref-1872,outside_scope,pos payroll transfer 9242 leeds plc ref 1872,1
03/04/2025 ULINE SHIPPING SUPPLY ULINE SHIPPING SUPPLY $200.79,standard_rate,03 04 2025 uline shipping supply uline shipping supply 200 79,3
SQ *TRAINLINE 4627 GLASGOW LTD REF-6532,zero_rated,sq trainline 4627 glasgow ltd ref 6532,4
IZ *STATIONERY STATION GLASGOW REF-4953,standard_rate,iz stationery station glasgow ref 4953,3
CARD AMAZON KINDLE 3099 ONLINE ONLINE,zero_rated,card amazon kindle 3099 online online,4
TFL TRAVEL 6580 BRISTOL LTD,zero_rated,tfl travel 6580 bristol ltd,4
IZ *TESCO EXPRESS ONLINE STORE REF-1517,zero_rated,iz tesco express online store ref 1517,4
WATERSTONES 2686  UK REF-2225,zero_rated,waterstones 2686 uk ref 2225,4
POS BOOTS UK 1582 LEEDS LTD,standard_rate,pos boots uk 1582 leeds ltd,3
CARD XERO SOFTWARE 6923 ONLINE ONLINE REF-4536,standard_rate,card xero software 6923 online online ref 4536,3
Card Waterstones 1858  Online,zero_rated,card waterstones 1858 online,4
POS OCTOPUS ENERGY 3421 BRISTOL REF-1399,reduced_rate,pos octopus energy 3421 bristol ref 1399,2
Sq *Sainsburys Online Store,zero_rated,sq sainsburys online store,4
PAYMENT TO POST OFFICE 1247  PLC,exempt,payment to post office 1247 plc,0
"Jan 08 Gordon Food Service - Produce ACH-5522 1,240.00 35,124.80",standard_rate,jan 08 gordon food service produce ach 5522 1 240 00 35 124 80,3
"2026-02-03 SQUARE *LOUISVILLE BBQ DEPOSIT 3,205.60 32,124.06",standard_rate,2026 02 03 square louisville bbq deposit 3 205 60 32 124 06,3
POS BOOTS UK 812 BRISTOL LTD REF-4743,standard_rate,pos boots uk 812 bristol ltd ref 4743,3
PAYMENT TO PAYROLL TRANSFER 7132 GLASGOW LTD,outside_scope,payment to payroll transfer 7132 glasgow ltd,1
"03/10 GRUBHUB HOLDINGS INC PAYOUT Revenue $380.60 $20,863.50",standard_rate,03 10 grubhub holdings inc payout revenue 380 60 20 863 50,3
SQ *EDF ENERGY 3832  UK REF-4669,reduced_rate,sq edf energy 3832 uk ref 4669,2
LIDL GB BIRMINGHAM DIRECT,zero_rated,lidl gb birmingham direct,4
pos lidl gb 8706  plc ref-2083,zero_rated,pos lidl gb 8706 plc ref 2083,4
"Mar 15 Rent Payment - 2214 W Maple CHK-1023 12,500.00 64,214.80",standard_rate,mar 15 rent payment 2214 w maple chk 1023 12 500 00 64 214 80,3
EON NEXT 6368 ONLINE,reduced_rate,eon next 6368 online,2
Pos Post Office 8748 London Ltd,exempt,pos post office 8748 london ltd,0
SQ *INTRA ACCOUNT TRANSFER  STORE,outside_scope,sq intra account transfer store,1
DD OCTOPUS ENERGY 4675 GLASGOW,reduced_rate,dd octopus energy 4675 glasgow,2
PAYMENT TO SAGE SUBSCRIPTION 1609,standard_rate,payment to sage subscription 1609,3
Iz *Amazon Kindle 9531  Online,zero_rated,iz amazon kindle 9531 online,4
SQ *STATIONERY STATION 1887 GLASGOW DIRECT,standard_rate,sq stationery station 1887 glasgow direct,3
Card Intra Account Transfer Glasgow Ltd Ref-4479,outside_scope,card intra account transfer glasgow ltd ref 4479,1
PAYMENT TO SAGE SUBSCRIPTION 9152 GLASGOW STORE,standard_rate,payment to sage subscription 9152 glasgow store,3
PAYMENT TO TESCO EXPRESS 1120 UK STORE REF-9498,zero_rated,payment to tesco express 1120 uk store ref 9498,4
Iz *Uber Eats 1584  Direct,standard_rate,iz uber eats 1584 direct,3
POS HSBC BANK FEES 2024  STORE,exempt,pos hsbc bank fees 2024 store,0
Google Workspace 2002 Online Online,standard_rate,google workspace 2002 online online,3
dd tfl travel 8259 birmingham plc,zero_rated,dd tfl travel 8259 birmingham plc,4
pos quickbooks 4892  online,standard_rate,pos quickbooks 4892 online,3
SQ *AMAZON KINDLE 6737 UK STORE REF-3700,zero_rated,sq amazon kindle 6737 uk store ref 3700,4
PAYMENT TO LIDL GB 9366 GLASGOW LTD,zero_rated,payment to lidl gb 9366 glasgow ltd,4
CARD HSBC BANK FEES 5704,exempt,card hsbc bank fees 5704,0
CARD ROYAL MAIL 5134 BRISTOL UK,exempt,card royal mail 5134 bristol uk,0
PAYMENT TO LNER TICKETS 6067 GLASGOW UK REF-3612,zero_rated,payment to lner tickets 6067 glasgow uk ref 3612,4
PAYROLL TRANSFER BIRMINGHAM DIRECT,outside_scope,payroll transfer birmingham direct,1
EON NEXT  ONLINE,reduced_rate,eon next online,2
BRITISH GAS 373  STORE,reduced_rate,british gas 373 store,2
POS BRITISH GAS 5560  REF-2039,reduced_rate,pos british gas 5560 ref 2039,2
stationery station 3970  uk ref-1587,standard_rate,stationery station 3970 uk ref 1587,3
CARD STATIONERY STATION 7666 GLASGOW DIRECT REF-7178,standard_rate,card stationery station 7666 glasgow direct ref 7178,3
"2026-01-12 GRUBHUB TRANSFER 355.20 24,831.55",standard_rate,2026 01 12 grubhub transfer 355 20 24 831 55,3
"2025-04-04 ADP PAYROLL SVCS 3,454.59 34,585.30",standard_rate,2025 04 04 adp payroll svcs 3 454 59 34 585 30,3
POS BRITISH GAS 8066  LTD,reduced_rate,pos british gas 8066 ltd,2
CARD TESCO STORES LONDON STORE,zero_rated,card tesco stores london store,4
CARD BARCLAYS BANK 1036  LTD,exempt,card barclays bank 1036 ltd,0
SQ *BARCLAYS BANK  STORE,exempt,sq barclays bank store,0
QUICKBOOKS  STORE,standard_rate,quickbooks store,3
IZ *AA BREAKDOWN  ONLINE REF-2302,exempt,iz aa breakdown online ref 2302,0
"2026-01-02 TOAST POS DEPOSIT 2,840.55 21,340.55",standard_rate,2026 01 02 toast pos deposit 2 840 55 21 340 55,3
Iz *Waterstones 8129 Leeds Ltd Ref-6274,zero_rated,iz waterstones 8129 leeds ltd ref 6274,4
DD AMAZON KINDLE LONDON LTD,zero_rated,dd amazon kindle london ltd,4
POS AA BREAKDOWN 9153 BRISTOL DIRECT REF-7316,exempt,pos aa breakdown 9153 bristol direct ref 7316,0
SQ *ADOBE CREATIVE 6946 ONLINE LTD,standard_rate,sq adobe creative 6946 online ltd,3
payment to uber eats 3921 london uk,standard_rate,payment to uber eats 3921 london uk,3
Pos Lidl Gb 6560 London Ltd,zero_rated,pos lidl gb 6560 london ltd,4
dd barclays bank 9922 leeds store,exempt,dd barclays bank 9922 leeds store,0
CARD BARCLAYS BANK 9749  DIRECT REF-3953,exempt,card barclays bank 9749 direct ref 3953,0
Dd Hmrc Shipley 1036  Direct,outside_scope,dd hmrc shipley 1036 direct,1
CARD QUICKBOOKS 7730 LEEDS,standard_rate,card quickbooks 7730 leeds,3
PAYMENT TO TESCO EXPRESS 9503  UK,zero_rated,payment to tesco express 9503 uk,4
CARD MICROSOFT 365 761  UK REF-3220,standard_rate,card microsoft 365 761 uk ref 3220,3
sq *stationery station 4170 glasgow,standard_rate,sq stationery station 4170 glasgow,3
QUICKBOOKS 359 BIRMINGHAM REF-3181,standard_rate,quickbooks 359 birmingham ref 3181,3
IZ *GOOGLE WORKSPACE 5527  STORE,standard_rate,iz google workspace 5527 store,3
CARD INTRA ACCOUNT TRANSFER 4843 GLASGOW UK,outside_scope,card intra account transfer 4843 glasgow uk,1
payment to post office manchester uk,exempt,payment to post office manchester uk,0
03/23/2025 03/23/2025 5678 AMAZON BUSINESS PRIME Other $130.25,standard_rate,03 23 2025 03 23 2025 5678 amazon business prime other 130 25,3
DD MICROSOFT 365 1104  STORE REF-3233,standard_rate,dd microsoft 365 1104 store ref 3233,3
PAYMENT TO INTRA ACCOUNT TRANSFER 7174  PLC,outside_scope,payment to intra account transfer 7174 plc,1
SQ *HSBC BANK FEES 8569  DIRECT,exempt,sq hsbc bank fees 8569 direct,0
POS AVIVA INSURANCE 2786,exempt,pos aviva insurance 2786,0
EDF ENERGY 5233  REF-6844,reduced_rate,edf energy 5233 ref 6844,2
IZ *GOOGLE WORKSPACE 3888 LEEDS LTD,standard_rate,iz google workspace 3888 leeds ltd,3
Linkedin Premium 9402 Glasgow Online,standard_rate,linkedin premium 9402 glasgow online,3
Dd Stationery Station 7988 Bristol Ltd Ref-4751,standard_rate,dd stationery station 7988 bristol ltd ref 4751,3
POS OCTOPUS ENERGY 9157 MANCHESTER ONLINE,reduced_rate,pos octopus energy 9157 manchester online,2
IZ *ADOBE CREATIVE 8330  LTD,standard_rate,iz adobe creative 8330 ltd,3
DD BARCLAYS BANK MANCHESTER UK,exempt,dd barclays bank manchester uk,0
"Address: 2214 W. Maple Ave, Chicago, IL 60614 Routing Number: 071000013",standard_rate,address 2214 w maple ave chicago il 60614 routing number 071000013,3
"FirstTrust Commercial Bank | Member FDIC | Equal Housing Lender Generated: April 1, 2024",standard_rate,firsttrust commercial bank member fdic equal housing lender generated april 1 2024,3
POS MICROSOFT 365 4182 BRISTOL ONLINE,standard_rate,pos microsoft 365 4182 bristol online,3
IZ *BRITISH GAS 3725,reduced_rate,iz british gas 3725,2
pos aa breakdown glasgow plc,exempt,pos aa breakdown glasgow plc,0
SQ *TESCO STORES 2444  ONLINE,zero_rated,sq tesco stores 2444 online,4
Dd Sainsburys 4466  Plc,zero_rated,dd sainsburys 4466 plc,4
LIDL GB 4850  UK REF-3893,zero_rated,lidl gb 4850 uk ref 3893,4
"Mar 31 Interest Earned - Q1 INT-0331 3,000.00 107,876.15",standard_rate,mar 31 interest earned q1 int 0331 3 000 00 107 876 15,3
DD DELIVEROO 7124 ONLINE,standard_rate,dd deliveroo 7124 online,3
Q1 2024 Expense Category Summary,standard_rate,q1 2024 expense category summary,3
Dd Stationery Station 377 Manchester Ltd,standard_rate,dd stationery station 377 manchester ltd,3
IZ *STATIONERY STATION  LTD REF-1592,standard_rate,iz stationery station ltd ref 1592,3
IZ *WESTMINSTER COUNCIL,outside_scope,iz westminster council,1
SQ *QUICKBOOKS 3514  UK,standard_rate,sq quickbooks 3514 uk,3
POS ALDI STORES 2473 UK DIRECT REF-6527,zero_rated,pos aldi stores 2473 uk direct ref 6527,4
PAYMENT TO PAYROLL TRANSFER LEEDS DIRECT,outside_scope,payment to payroll transfer leeds direct,1
dd tesco stores 6094  plc,zero_rated,dd tesco stores 6094 plc,4
SQ *ALDI STORES UK ONLINE,zero_rated,sq aldi stores uk online,4
IZ *HSBC BANK FEES 5261  LTD,exempt,iz hsbc bank fees 5261 ltd,0
Card Hmrc Payments 334 Glasgow Online,outside_scope,card hmrc payments 334 glasgow online,1
SQ *EON NEXT 3897,reduced_rate,sq eon next 3897,2
SQ *HSBC BANK FEES 4690 LEEDS DIRECT,exempt,sq hsbc bank fees 4690 leeds direct,0
SQ *WESTMINSTER COUNCIL 7617  STORE,outside_scope,sq westminster council 7617 store,1
INTRA ACCOUNT TRANSFER 5221  DIRECT,outside_scope,intra account transfer 5221 direct,1
CARD ASDA SUPERMARKET 4441,zero_rated,card asda supermarket 4441,4
Iz *Tesco Stores  Ltd,zero_rated,iz tesco stores ltd,4
IZ *LIDL GB 2000,zero_rated,iz lidl gb 2000,4
CARD ALDI STORES 3814 MANCHESTER REF-1187,zero_rated,card aldi stores 3814 manchester ref 1187,4
iz *microsoft 365 570,standard_rate,iz microsoft 365 570,3
POS WESTMINSTER COUNCIL  ONLINE REF-1161,outside_scope,pos westminster council online ref 1161,1
dd aviva insurance 2750 uk direct ref-6810,exempt,dd aviva insurance 2750 uk direct ref 6810,0
CARD BRITISH GAS 7755 BIRMINGHAM LTD,reduced_rate,card british gas 7755 birmingham ltd,2
Pos Post Office  Plc,exempt,pos post office plc,0
PAYMENT TO AVIVA INSURANCE BRISTOL REF-1008,exempt,payment to aviva insurance bristol ref 1008,0
CARD TESCO EXPRESS 8601  ONLINE REF-2292,zero_rated,card tesco express 8601 online ref 2292,4
CARD DIRECTOR DRAWINGS 1844 BIRMINGHAM ONLINE,outside_scope,card director drawings 1844 birmingham online,1
IZ *QUICKBOOKS 8006  STORE REF-7280,standard_rate,iz quickbooks 8006 store ref 7280,3
DD WESTMINSTER COUNCIL 865  UK,outside_scope,dd westminster council 865 uk,1
Card Aldi Stores Online Ltd,zero_rated,card aldi stores online ltd,4
Iz *Lner Tickets 8652 Uk,zero_rated,iz lner tickets 8652 uk,4
CARD LINKEDIN PREMIUM 9894 GLASGOW UK,standard_rate,card linkedin premium 9894 glasgow uk,3
POS DIRECTOR DRAWINGS LEEDS ONLINE REF-5224,outside_scope,pos director drawings leeds online ref 5224,1
SQ *TESCO EXPRESS 9887 GLASGOW ONLINE,zero_rated,sq tesco express 9887 glasgow online,4
IZ *BOOTS UK 631 UK UK REF-9114,standard_rate,iz boots uk 631 uk uk ref 9114,3
DD LNER TICKETS 5560 LONDON ONLINE REF-6317,zero_rated,dd lner tickets 5560 london online ref 6317,4
"2026-02-09 SQUARE *LOUISVILLE BBQ DEPOSIT 2,985.90 34,919.97",standard_rate,2026 02 09 square louisville bbq deposit 2 985 90 34 919 97,3
IZ *TFL TRAVEL 4697 BIRMINGHAM UK,zero_rated,iz tfl travel 4697 birmingham uk,4
POS AMAZON UK 2098  UK,standard_rate,pos amazon uk 2098 uk,3
IZ *EDF ENERGY 3150 GLASGOW LTD REF-4312,reduced_rate,iz edf energy 3150 glasgow ltd ref 4312,2
PAYMENT TO DIRECTOR DRAWINGS BRISTOL DIRECT REF-6215,outside_scope,payment to director drawings bristol direct ref 6215,1
SAGE SUBSCRIPTION 7535 LEEDS STORE REF-8758,standard_rate,sage subscription 7535 leeds store ref 8758,3
SQ *WESTMINSTER COUNCIL 3532 LEEDS LTD REF-4659,outside_scope,sq westminster council 3532 leeds ltd ref 4659,1
pos octopus energy 7350,reduced_rate,pos octopus energy 7350,2
CARD BARCLAYS BANK 4220  STORE REF-5047,exempt,card barclays bank 4220 store ref 5047,0
"2026-03-30 CLOVER SALES DEPOSIT 2,985.10 43,363.00",standard_rate,2026 03 30 clover sales deposit 2 985 10 43 363 00,3
Eon Next 3227  Ref-8060,reduced_rate,eon next 3227 ref 8060,2
dd tesco stores 6118,zero_rated,dd tesco stores 6118,4
"2026-03-13 TOAST POS DEPOSIT 2,920.75 42,788.50",standard_rate,2026 03 13 toast pos deposit 2 920 75 42 788 50,3
POS LIDL GB BRISTOL LTD,zero_rated,pos lidl gb bristol ltd,4
Pos Boots Uk Glasgow Ltd,standard_rate,pos boots uk glasgow ltd,3
Payment To Eon Next  Uk,reduced_rate,payment to eon next uk,2
POS HMRC PAYMENTS 2777 LONDON REF-7654,outside_scope,pos hmrc payments 2777 london ref 7654,1
CARD QUICKBOOKS  REF-1914,standard_rate,card quickbooks ref 1914,3
IZ *BRITISH GAS 7943 BIRMINGHAM PLC REF-2258,reduced_rate,iz british gas 7943 birmingham plc ref 2258,2
DD WATERSTONES MANCHESTER PLC REF-7771,zero_rated,dd waterstones manchester plc ref 7771,4
EON NEXT 8448 GLASGOW PLC,reduced_rate,eon next 8448 glasgow plc,2
payment to amazon kindle  plc ref-2920,zero_rated,payment to amazon kindle plc ref 2920,4
Pos Post Office,exempt,pos post office,0
tesco stores 3978 birmingham direct ref-3900,zero_rated,tesco stores 3978 birmingham direct ref 3900,4
card amazon uk  direct ref-6556,standard_rate,card amazon uk direct ref 6556,3
PAYMENT TO QUICKBOOKS 113 LEEDS PLC,standard_rate,payment to quickbooks 113 leeds plc,3
PAYMENT TO BRITISH GAS LONDON ONLINE REF-3941,reduced_rate,payment to british gas london online ref 3941,2
IZ *TESCO STORES 8842 GLASGOW DIRECT,zero_rated,iz tesco stores 8842 glasgow direct,4
PAYMENT TO TRAINLINE 9246 LEEDS LTD,zero_rated,payment to trainline 9246 leeds ltd,4
CARD OCTOPUS ENERGY  DIRECT REF-4262,reduced_rate,card octopus energy direct ref 4262,2
Pos Westminster Council 4476 Uk Ref-5115,outside_scope,pos westminster council 4476 uk ref 5115,1
POST OFFICE 3642 LONDON STORE REF-2465,exempt,post office 3642 london store ref 2465,0
PAYMENT TO LNER TICKETS 8821 ONLINE UK,zero_rated,payment to lner tickets 8821 online uk,4
octopus energy 6466  uk ref-8501,reduced_rate,octopus energy 6466 uk ref 8501,2
eon next 4020 birmingham plc,reduced_rate,eon next 4020 birmingham plc,2
DD AMAZON UK 2545 ONLINE LTD,standard_rate,dd amazon uk 2545 online ltd,3
SQ *EDF ENERGY 684 BIRMINGHAM,reduced_rate,sq edf energy 684 birmingham,2
DD ADOBE CREATIVE GLASGOW,standard_rate,dd adobe creative glasgow,3
AA BREAKDOWN 2042 GLASGOW UK,exempt,aa breakdown 2042 glasgow uk,0
CARD TFL TRAVEL 9123,zero_rated,card tfl travel 9123,4
iz *adobe creative glasgow ltd,standard_rate,iz adobe creative glasgow ltd,3
CARD AMAZON KINDLE 832 LEEDS STORE,zero_rated,card amazon kindle 832 leeds store,4
SQ *TESCO STORES 6582  ONLINE REF-8517,zero_rated,sq tesco stores 6582 online ref 8517,4
Trans. Date Posted Date Card No. Description Category Debit,standard_rate,trans date posted date card no description category debit,3
DD EDF ENERGY  PLC,reduced_rate,dd edf energy plc,2
IZ *HMRC PAYMENTS 2677 UK STORE,outside_scope,iz hmrc payments 2677 uk store,1
DD STATIONERY STATION 8618  LTD REF-2513,standard_rate,dd stationery station 8618 ltd ref 2513,3
sainsburys 797 manchester uk,zero_rated,sainsburys 797 manchester uk,4
Sq *Aviva Insurance 4498  Online Ref-4176,exempt,sq aviva insurance 4498 online ref 4176,0
BRITISH GAS GLASGOW,reduced_rate,british gas glasgow,2
DELIVEROO GLASGOW LTD REF-8583,standard_rate,deliveroo glasgow ltd ref 8583,3
pos sage subscription london online,standard_rate,pos sage subscription london online,3
Dd Payroll Transfer  Store,outside_scope,dd payroll transfer store,1
SQ *BARCLAYS BANK 9748 LEEDS PLC,exempt,sq barclays bank 9748 leeds plc,0
POS LINKEDIN PREMIUM 3311  ONLINE REF-1180,standard_rate,pos linkedin premium 3311 online ref 1180,3
pos aldi stores 5636  ref-8849,zero_rated,pos aldi stores 5636 ref 8849,4
MICROSOFT 365 4966  REF-5563,standard_rate,microsoft 365 4966 ref 5563,3
CARD SAGE SUBSCRIPTION 8240 BIRMINGHAM PLC REF-2229,standard_rate,card sage subscription 8240 birmingham plc ref 2229,3
CARD LIDL GB 769  LTD,zero_rated,card lidl gb 769 ltd,4
Westminster Council 8872 Birmingham Store,outside_scope,westminster council 8872 birmingham store,1
POS LINKEDIN PREMIUM 1002 BRISTOL PLC,standard_rate,pos linkedin premium 1002 bristol plc,3
POS AMAZON EU 3205 GLASGOW DIRECT REF-9875,standard_rate,pos amazon eu 3205 glasgow direct ref 9875,3
Dd Tfl Travel 5161 Bristol Direct,zero_rated,dd tfl travel 5161 bristol direct,4
dd intra account transfer  online ref-6734,outside_scope,dd intra account transfer online ref 6734,1
CARD TESCO EXPRESS 4933 BRISTOL PLC,zero_rated,card tesco express 4933 bristol plc,4
POS INTRA ACCOUNT TRANSFER BRISTOL ONLINE REF-3413,outside_scope,pos intra account transfer bristol online ref 3413,1
SQ *NATIONAL EXPRESS  PLC REF-2614,zero_rated,sq national express plc ref 2614,4
PAYMENT TO NATIONAL EXPRESS 9869 ONLINE PLC,zero_rated,payment to national express 9869 online plc,4
POS AMAZON UK 5663 GLASGOW ONLINE,standard_rate,pos amazon uk 5663 glasgow online,3
payment to uber eats 7427 manchester online,standard_rate,payment to uber eats 7427 manchester online,3
IZ *EON NEXT 3625  REF-8158,reduced_rate,iz eon next 3625 ref 8158,2
DD BRITISH GAS 3803  LTD,reduced_rate,dd british gas 3803 ltd,2
dd post office 4778 online ref-9779,exempt,dd post office 4778 online ref 9779,0
PAYMENT TO QUICKBOOKS 6278 BRISTOL UK,standard_rate,payment to quickbooks 6278 bristol uk,3
PAYMENT TO ASDA SUPERMARKET  DIRECT REF-4366,zero_rated,payment to asda supermarket direct ref 4366,4
SQ *EON NEXT 8050 ONLINE UK REF-9605,reduced_rate,sq eon next 8050 online uk ref 9605,2
pos hmrc shipley  store,outside_scope,pos hmrc shipley store,1
IZ *UBER EATS 2452 LEEDS UK,standard_rate,iz uber eats 2452 leeds uk,3
card deliveroo 7931  ref-7352,standard_rate,card deliveroo 7931 ref 7352,3
IZ *XERO SOFTWARE 7788  DIRECT REF-5262,standard_rate,iz xero software 7788 direct ref 5262,3
"2026-01-23 GRUBHUB TRANSFER 372.40 34,421.90",standard_rate,2026 01 23 grubhub transfer 372 40 34 421 90,3
SQ *EDF ENERGY 885 BIRMINGHAM ONLINE,reduced_rate,sq edf energy 885 birmingham online,2
PAYMENT TO OCTOPUS ENERGY UK,reduced_rate,payment to octopus energy uk,2
POS EDF ENERGY 7458 LONDON ONLINE,reduced_rate,pos edf energy 7458 london online,2
CARD XERO SOFTWARE 8438  PLC,standard_rate,card xero software 8438 plc,3
CARD AMAZON UK GLASGOW DIRECT,standard_rate,card amazon uk glasgow direct,3
IZ *STATIONERY STATION 2396  STORE,standard_rate,iz stationery station 2396 store,3
DD AMAZON KINDLE GLASGOW ONLINE,zero_rated,dd amazon kindle glasgow online,4
POS SAGE SUBSCRIPTION 9062 ONLINE PLC REF-6308,standard_rate,pos sage subscription 9062 online plc ref 6308,3
CARD TESCO STORES 9047 ONLINE UK REF-4613,zero_rated,card tesco stores 9047 online uk ref 4613,4
Payroll Transfer 9019 Glasgow Online,outside_scope,payroll transfer 9019 glasgow online,1
IZ *EDF ENERGY BRISTOL REF-5466,reduced_rate,iz edf energy bristol ref 5466,2
DD HSBC BANK FEES UK PLC REF-5753,exempt,dd hsbc bank fees uk plc ref 5753,0
POS STATIONERY STATION 5587  LTD REF-2754,standard_rate,pos stationery station 5587 ltd ref 2754,3
"2026-02-09 SYSCO FOODS 3,624.92 31,295.05",standard_rate,2026 02 09 sysco foods 3 624 92 31 295 05,3
CARD HMRC SHIPLEY ONLINE REF-4374,outside_scope,card hmrc shipley online ref 4374,1
SQ *BARCLAYS BANK 5809 BIRMINGHAM LTD REF-5051,exempt,sq barclays bank 5809 birmingham ltd ref 5051,0
Account Summary,standard_rate,account summary,3
SQ *MICROSOFT 365 8204 BRISTOL UK,standard_rate,sq microsoft 365 8204 bristol uk,3
HMRC SHIPLEY LEEDS ONLINE REF-6347,outside_scope,hmrc shipley leeds online ref 6347,1
DD ADOBE CREATIVE 9138  DIRECT REF-5617,standard_rate,dd adobe creative 9138 direct ref 5617,3
payment to sainsburys 8855 uk ltd,zero_rated,payment to sainsburys 8855 uk ltd,4
"Mar 12 US Foods - Meat & Dairy ACH-9923 3,680.00 76,714.80",standard_rate,mar 12 us foods meat dairy ach 9923 3 680 00 76 714 80,3
CARD HMRC SHIPLEY 2297 LONDON STORE REF-8317,outside_scope,card hmrc shipley 2297 london store ref 8317,1
DD DIRECTOR DRAWINGS ONLINE ONLINE REF-5335,outside_scope,dd director drawings online online ref 5335,1
Date Description Category Debit Credit Balance,standard_rate,date description category debit credit balance,3
SQ *TESCO STORES 8267 LEEDS DIRECT REF-1845,zero_rated,sq tesco stores 8267 leeds direct ref 1845,4
DD BOOTS UK 2200 GLASGOW REF-1456,standard_rate,dd boots uk 2200 glasgow ref 1456,3
Xero Software 6342 Uk Plc,standard_rate,xero software 6342 uk plc,3
IZ *TRAINLINE 2758 MANCHESTER LTD,zero_rated,iz trainline 2758 manchester ltd,4
IZ *TFL TRAVEL LONDON UK,zero_rated,iz tfl travel london uk,4
DD MICROSOFT 365 6287 MANCHESTER DIRECT,standard_rate,dd microsoft 365 6287 manchester direct,3
SQ *TESCO STORES  DIRECT,zero_rated,sq tesco stores direct,4
CARD ADOBE CREATIVE 4003  PLC,standard_rate,card adobe creative 4003 plc,3
PAYMENT TO AMAZON EU UK,standard_rate,payment to amazon eu uk,3
dd tfl travel  online,zero_rated,dd tfl travel online,4
PAYMENT TO INTRA ACCOUNT TRANSFER 1059  STORE REF-8408,outside_scope,payment to intra account transfer 1059 store ref 8408,1
"Feb 15 Rent Payment - 2214 W Maple CHK-1022 12,500.00 70,404.80",standard_rate,feb 15 rent payment 2214 w maple chk 1022 12 500 00 70 404 80,3
Card Hmrc Payments 8119 Bristol Plc,outside_scope,card hmrc payments 8119 bristol plc,1
"2025-04-29 SYSCO FOODS LLC 2,200.89 23,554.91",standard_rate,2025 04 29 sysco foods llc 2 200 89 23 554 91,3
Pos Trainline 3290  Store,zero_rated,pos trainline 3290 store,4
"Feb 02 ADP Payroll Processing ACH-3303 8,450.00 50,834.80",standard_rate,feb 02 adp payroll processing ach 3303 8 450 00 50 834 80,3
Pos Waterstones 3821  Plc,zero_rated,pos waterstones 3821 plc,4
iz *intra account transfer 5725  plc,outside_scope,iz intra account transfer 5725 plc,1
Sq *Amazon Uk 5382 Online Ltd,standard_rate,sq amazon uk 5382 online ltd,3
POS HMRC PAYMENTS 9069  PLC REF-1207,outside_scope,pos hmrc payments 9069 plc ref 1207,1
IZ *ADOBE CREATIVE 6780  STORE,standard_rate,iz adobe creative 6780 store,3
TESCO EXPRESS 6012  PLC,zero_rated,tesco express 6012 plc,4
card microsoft 365 2614 uk ltd,standard_rate,card microsoft 365 2614 uk ltd,3
IZ *PAYROLL TRANSFER GLASGOW ONLINE,outside_scope,iz payroll transfer glasgow online,1
pos adobe creative 7290  store,standard_rate,pos adobe creative 7290 store,3
PAYMENT TO ADOBE CREATIVE GLASGOW UK,standard_rate,payment to adobe creative glasgow uk,3
PAYMENT TO TRAINLINE BIRMINGHAM PLC,zero_rated,payment to trainline birmingham plc,4
IZ *SAINSBURYS 8009  STORE,zero_rated,iz sainsburys 8009 store,4
TESCO EXPRESS  DIRECT REF-1686,zero_rated,tesco express direct ref 1686,4
AVIVA INSURANCE 8910  LTD,exempt,aviva insurance 8910 ltd,0
XERO SOFTWARE 5885 LONDON UK,standard_rate,xero software 5885 london uk,3
IZ *HMRC PAYMENTS 3450,outside_scope,iz hmrc payments 3450,1
CARD STATIONERY STATION  STORE,standard_rate,card stationery station store,3
"American Express — Test Statement Only | P.O. Box 981535, El Paso TX 79998-1535",standard_rate,american express test statement only p o box 981535 el paso tx 79998 1535,3
IZ *ASDA SUPERMARKET  ONLINE,zero_rated,iz asda supermarket online,4
card royal mail 8922 glasgow ltd ref-8613,exempt,card royal mail 8922 glasgow ltd ref 8613,0
HMRC PAYMENTS 9096 LEEDS PLC REF-6334,outside_scope,hmrc payments 9096 leeds plc ref 6334,1
DD MICROSOFT 365 4450 GLASGOW UK,standard_rate,dd microsoft 365 4450 glasgow uk,3
CARD AA BREAKDOWN 692 LEEDS,exempt,card aa breakdown 692 leeds,0
DD HSBC BANK FEES 6834  STORE,exempt,dd hsbc bank fees 6834 store,0
POS BOOTS UK 9772  DIRECT REF-6598,standard_rate,pos boots uk 9772 direct ref 6598,3
PAYMENT TO EDF ENERGY 7173 GLASGOW UK REF-3359,reduced_rate,payment to edf energy 7173 glasgow uk ref 3359,2
iz *british gas 9362 london uk,reduced_rate,iz british gas 9362 london uk,2
PAYMENT TO DELIVEROO  STORE REF-6764,standard_rate,payment to deliveroo store ref 6764,3
sq *british gas 3295 uk direct ref-5801,reduced_rate,sq british gas 3295 uk direct ref 5801,2
IZ *TESCO EXPRESS  UK REF-2099,zero_rated,iz tesco express uk ref 2099,4
IZ *XERO SOFTWARE MANCHESTER LTD,standard_rate,iz xero software manchester ltd,3
DD TESCO EXPRESS 251 BRISTOL ONLINE,zero_rated,dd tesco express 251 bristol online,4
CARD BRITISH GAS  LTD REF-9281,reduced_rate,card british gas ltd ref 9281,2
SQ *LNER TICKETS 8827 BRISTOL REF-4734,zero_rated,sq lner tickets 8827 bristol ref 4734,4
ROYAL MAIL 757  LTD REF-6623,exempt,royal mail 757 ltd ref 6623,0
POS EON NEXT 9623  PLC,reduced_rate,pos eon next 9623 plc,2
national express 3003 manchester,zero_rated,national express 3003 manchester,4
03/24/2025 03/24/2025 5678 SAMS CLUB #6342 FoodCost $389.54,standard_rate,03 24 2025 03 24 2025 5678 sams club 6342 foodcost 389 54,3
PAYMENT TO QUICKBOOKS  REF-5459,standard_rate,payment to quickbooks ref 5459,3
PAYMENT TO ALDI STORES 7979 BIRMINGHAM STORE,zero_rated,payment to aldi stores 7979 birmingham store,4
PAYMENT TO AA BREAKDOWN 3458  ONLINE REF-9662,exempt,payment to aa breakdown 3458 online ref 9662,0
pos asda supermarket 9999 london direct ref-5990,zero_rated,pos asda supermarket 9999 london direct ref 5990,4
Iz *Xero Software 3709 London Uk,standard_rate,iz xero software 3709 london uk,3
"2026-03-26 LINEN SERVICE WEEKLY 96.40 42,225.55",standard_rate,2026 03 26 linen service weekly 96 40 42 225 55,3
Sq *Hsbc Bank Fees 5314  Direct Ref-1686,exempt,sq hsbc bank fees 5314 direct ref 1686,0
SQ *HSBC BANK FEES 1710  ONLINE,exempt,sq hsbc bank fees 1710 online,0
Dd National Express 1617 London Plc,zero_rated,dd national express 1617 london plc,4
IZ *AVIVA INSURANCE  LTD REF-5427,exempt,iz aviva insurance ltd ref 5427,0
sq *aviva insurance glasgow online,exempt,sq aviva insurance glasgow online,0
Dd Tesco Stores 2336  Direct Ref-5526,zero_rated,dd tesco stores 2336 direct ref 5526,4
Pos Barclays Bank  Store,exempt,pos barclays bank store,0
DD AMAZON EU 7497  DIRECT REF-5991,standard_rate,dd amazon eu 7497 direct ref 5991,3
INTRA ACCOUNT TRANSFER 1534  UK REF-3961,outside_scope,intra account transfer 1534 uk ref 3961,1
POS POST OFFICE 9012 BIRMINGHAM ONLINE REF-1461,exempt,pos post office 9012 birmingham online ref 1461,0
"Chase Business Banking Member FDIC · Business ChecAkincgc Aocuconuntt Statement March 1, 2025 – March 31, 2025",standard_rate,chase business banking member fdic business checakincgc aocuconuntt statement march 1 2025 march 31 2025,3
03/03/2025 03/03/2025 5678 WHOLE FOODS MARKET FoodCost $176.23,standard_rate,03 03 2025 03 03 2025 5678 whole foods market foodcost 176 23,3
POS SAINSBURYS LEEDS ONLINE REF-8368,zero_rated,pos sainsburys leeds online ref 8368,4
PAYMENT TO BARCLAYS BANK LEEDS STORE,exempt,payment to barclays bank leeds store,0
SQ *HSBC BANK FEES 6787 UK UK,exempt,sq hsbc bank fees 6787 uk uk,0
Dd Intra Account Transfer  Ltd,outside_scope,dd intra account transfer ltd,1
POS STATIONERY STATION 4904 GLASGOW STORE REF-6022,standard_rate,pos stationery station 4904 glasgow store ref 6022,3
PAYMENT TO HMRC PAYMENTS 9872 BRISTOL PLC,outside_scope,payment to hmrc payments 9872 bristol plc,1
CARD GOOGLE WORKSPACE GLASGOW,standard_rate,card google workspace glasgow,3
CARD INTRA ACCOUNT TRANSFER 2327 BIRMINGHAM DIRECT,outside_scope,card intra account transfer 2327 birmingham direct,1
IZ *NATIONAL EXPRESS 2387 ONLINE ONLINE,zero_rated,iz national express 2387 online online,4
IZ *EDF ENERGY 5388 BIRMINGHAM STORE REF-3030,reduced_rate,iz edf energy 5388 birmingham store ref 3030,2
EON NEXT 2024 MANCHESTER REF-4909,reduced_rate,eon next 2024 manchester ref 4909,2
Sq *Asda Supermarket 302 Uk Uk Ref-9561,zero_rated,sq asda supermarket 302 uk uk ref 9561,4
POS TFL TRAVEL UK UK REF-5601,zero_rated,pos tfl travel uk uk ref 5601,4
IZ *UBER EATS 9468 BIRMINGHAM ONLINE,standard_rate,iz uber eats 9468 birmingham online,3
Payment To Linkedin Premium 6674  Uk,standard_rate,payment to linkedin premium 6674 uk,3
PAYMENT TO TRAINLINE 4916  LTD,zero_rated,payment to trainline 4916 ltd,4
DD SAGE SUBSCRIPTION BIRMINGHAM PLC REF-5552,standard_rate,dd sage subscription birmingham plc ref 5552,3
Pos Stationery Station 8427 Bristol Online Ref-1618,standard_rate,pos stationery station 8427 bristol online ref 1618,3
IZ *SAINSBURYS  UK REF-2560,zero_rated,iz sainsburys uk ref 2560,4
"Jan 04 POS Sales Deposit - Daily DEP-0104 3,210.50 40,709.05",standard_rate,jan 04 pos sales deposit daily dep 0104 3 210 50 40 709 05,3
POS HMRC PAYMENTS 3995  REF-7636,outside_scope,pos hmrc payments 3995 ref 7636,1
POS SAINSBURYS LONDON ONLINE,zero_rated,pos sainsburys london online,4
DD POST OFFICE  DIRECT REF-3879,exempt,dd post office direct ref 3879,0
POS AMAZON UK  STORE,standard_rate,pos amazon uk store,3
microsoft 365 9538  ltd ref-1392,standard_rate,microsoft 365 9538 ltd ref 1392,3
03/12/2025 SYSCO SMALLWARES SYSCO SMALLWARES $299.30,standard_rate,03 12 2025 sysco smallwares sysco smallwares 299 30,3
DD TFL TRAVEL GLASGOW LTD,zero_rated,dd tfl travel glasgow ltd,4
PAYMENT TO AMAZON UK 7351 GLASGOW,standard_rate,payment to amazon uk 7351 glasgow,3
IZ *XERO SOFTWARE,standard_rate,iz xero software,3
SQ *HSBC BANK FEES BIRMINGHAM LTD REF-5374,exempt,sq hsbc bank fees birmingham ltd ref 5374,0
PAYMENT TO MICROSOFT 365 1117 LEEDS PLC REF-8624,standard_rate,payment to microsoft 365 1117 leeds plc ref 8624,3
dd waterstones 9027 bristol direct ref-8360,zero_rated,dd waterstones 9027 bristol direct ref 8360,4
POST OFFICE 7198 BRISTOL REF-1087,exempt,post office 7198 bristol ref 1087,0
PAYMENT TO WATERSTONES 6124  STORE,zero_rated,payment to waterstones 6124 store,4
IZ *NATIONAL EXPRESS 110 GLASGOW LTD,zero_rated,iz national express 110 glasgow ltd,4
POS HSBC BANK FEES 6287  DIRECT REF-9063,exempt,pos hsbc bank fees 6287 direct ref 9063,0
Payment To Hsbc Bank Fees 297  Ltd,exempt,payment to hsbc bank fees 297 ltd,0
POS LIDL GB UK STORE,zero_rated,pos lidl gb uk store,4
DD MICROSOFT 365 2331 UK,standard_rate,dd microsoft 365 2331 uk,3
"2026-02-28 CC PROCESSING FEES 258.40 32,553.24",standard_rate,2026 02 28 cc processing fees 258 40 32 553 24,3
DD ROYAL MAIL 9887  LTD,exempt,dd royal mail 9887 ltd,0
payment to amazon eu 791  uk,standard_rate,payment to amazon eu 791 uk,3
GOOGLE WORKSPACE 9210  PLC,standard_rate,google workspace 9210 plc,3
Tesco Express 1982  Ltd Ref-4705,zero_rated,tesco express 1982 ltd ref 4705,4
"2026-03-11 ATMOS GAS COMPANY 138.90 37,193.85",standard_rate,2026 03 11 atmos gas company 138 90 37 193 85,3
POS NATIONAL EXPRESS  DIRECT,zero_rated,pos national express direct,4
SQ *ROYAL MAIL 3035  ONLINE,exempt,sq royal mail 3035 online,0
IZ *DIRECTOR DRAWINGS 9676,outside_scope,iz director drawings 9676,1
PAYMENT TO BOOTS UK  LTD,standard_rate,payment to boots uk ltd,3
Iz *Deliveroo 8258 Birmingham Store,standard_rate,iz deliveroo 8258 birmingham store,3
SQ *HMRC SHIPLEY MANCHESTER,outside_scope,sq hmrc shipley manchester,1
card tesco stores uk ltd ref-6374,zero_rated,card tesco stores uk ltd ref 6374,4
CARD PAYROLL TRANSFER 2432 UK LTD,outside_scope,card payroll transfer 2432 uk ltd,1
IZ *LNER TICKETS 4358  ONLINE,zero_rated,iz lner tickets 4358 online,4
POS WATERSTONES 7512  PLC REF-9412,zero_rated,pos waterstones 7512 plc ref 9412,4
Card Linkedin Premium 738 Manchester Plc,standard_rate,card linkedin premium 738 manchester plc,3
"Mar 15 Rent Payment - 2214 W Maple CHK-1023 12,500.00 64,214.80",standard_rate,mar 15 rent payment 2214 w maple chk 1023 12 500 00 64 214 80,3
SQ *ASDA SUPERMARKET 3006 BIRMINGHAM ONLINE,zero_rated,sq asda supermarket 3006 birmingham online,4
CARD XERO SOFTWARE 9920 BRISTOL ONLINE,standard_rate,card xero software 9920 bristol online,3
PAYMENT TO LNER TICKETS  UK REF-6476,zero_rated,payment to lner tickets uk ref 6476,4
"Feb 10 Peoples Gas - Utilities ACH-4411 780.00 60,504.80",standard_rate,feb 10 peoples gas utilities ach 4411 780 00 60 504 80,3
SQ *LNER TICKETS 9226 LONDON PLC REF-3748,zero_rated,sq lner tickets 9226 london plc ref 3748,4
CARD HMRC PAYMENTS 5325 BRISTOL DIRECT,outside_scope,card hmrc payments 5325 bristol direct,1
DD LIDL GB 4820  REF-1775,zero_rated,dd lidl gb 4820 ref 1775,4
Card Asda Supermarket 746 Manchester Uk Ref-6901,zero_rated,card asda supermarket 746 manchester uk ref 6901,4
DD ROYAL MAIL  UK REF-5201,exempt,dd royal mail uk ref 5201,0
"Ending Balance (Mar 31, 2024) $67,876.15",standard_rate,ending balance mar 31 2024 67 876 15,3
SQ *POST OFFICE 2294,exempt,sq post office 2294,0
03/14/2025 03/14/2025 AMAZON BUSINESS PRIME Other $141.77,standard_rate,03 14 2025 03 14 2025 amazon business prime other 141 77,3
IZ *BOOTS UK 5387 GLASGOW DIRECT,standard_rate,iz boots uk 5387 glasgow direct,3
CARD TESCO STORES ONLINE LTD,zero_rated,card tesco stores online ltd,4
microsoft 365 9079 uk store ref-3308,standard_rate,microsoft 365 9079 uk store ref 3308,3
INTRA ACCOUNT TRANSFER 1026 ONLINE UK REF-7734,outside_scope,intra account transfer 1026 online uk ref 7734,1
Aa Breakdown 9144  Online,exempt,aa breakdown 9144 online,0
DD AMAZON EU UK STORE,standard_rate,dd amazon eu uk store,3
ALDI STORES MANCHESTER UK,zero_rated,aldi stores manchester uk,4
POS ROYAL MAIL MANCHESTER UK REF-8315,exempt,pos royal mail manchester uk ref 8315,0
IZ *OCTOPUS ENERGY 8437 UK PLC,reduced_rate,iz octopus energy 8437 uk plc,2
PAYMENT TO SAINSBURYS LEEDS PLC,zero_rated,payment to sainsburys leeds plc,4
Iz *Uber Eats Uk Online,standard_rate,iz uber eats uk online,3
hmrc payments 3126 glasgow online,outside_scope,hmrc payments 3126 glasgow online,1
PAYMENT TO DELIVEROO ONLINE UK,standard_rate,payment to deliveroo online uk,3
payment to national express 8591 leeds ref-3400,zero_rated,payment to national express 8591 leeds ref 3400,4
PAYMENT TO ADOBE CREATIVE 2095  ONLINE REF-2991,standard_rate,payment to adobe creative 2095 online ref 2991,3
Payment To Xero Software 2723  Ltd,standard_rate,payment to xero software 2723 ltd,3
PAYMENT TO DIRECTOR DRAWINGS 7614  ONLINE,outside_scope,payment to director drawings 7614 online,1
DELIVEROO 7157 UK STORE REF-2702,standard_rate,deliveroo 7157 uk store ref 2702,3
Card Aldi Stores 2362  Store Ref-2951,zero_rated,card aldi stores 2362 store ref 2951,4
SQ *ALDI STORES  LTD,zero_rated,sq aldi stores ltd,4
XERO SOFTWARE 8992  DIRECT REF-4412,standard_rate,xero software 8992 direct ref 4412,3
sq *stationery station  plc,standard_rate,sq stationery station plc,3
DD XERO SOFTWARE 9063 ONLINE LTD REF-8238,standard_rate,dd xero software 9063 online ltd ref 8238,3
Dd Aa Breakdown  Direct Ref-6964,exempt,dd aa breakdown direct ref 6964,0
IZ *HMRC PAYMENTS 4212  STORE REF-1557,outside_scope,iz hmrc payments 4212 store ref 1557,1
Card National Express 5512 Manchester Direct Ref-1408,zero_rated,card national express 5512 manchester direct ref 1408,4
POS UBER EATS BRISTOL PLC REF-8477,standard_rate,pos uber eats bristol plc ref 8477,3
pos barclays bank leeds ref-1674,exempt,pos barclays bank leeds ref 1674,0
sq *royal mail 9157  ltd,exempt,sq royal mail 9157 ltd,0
EDF ENERGY 7858 GLASGOW ONLINE,reduced_rate,edf energy 7858 glasgow online,2
"Mar 25 Beverage Distributor - Liquor ACH-6614 2,580.00 82,774.80",standard_rate,mar 25 beverage distributor liquor ach 6614 2 580 00 82 774 80,3
sq *national express 4417 manchester online,zero_rated,sq national express 4417 manchester online,4
PAYMENT TO EDF ENERGY 6393  LTD REF-6269,reduced_rate,payment to edf energy 6393 ltd ref 6269,2
Iz *Xero Software 3766,standard_rate,iz xero software 3766,3
DIRECTOR DRAWINGS  LTD REF-7932,outside_scope,director drawings ltd ref 7932,1
iz *amazon kindle 8546 leeds online ref-1580,zero_rated,iz amazon kindle 8546 leeds online ref 1580,4
Supplies - $340.00 $-340.00,standard_rate,supplies 340 00 340 00,3
pos stationery station 8202 bristol store,standard_rate,pos stationery station 8202 bristol store,3
Sq *Eon Next Uk Plc,reduced_rate,sq eon next uk plc,2
DD ASDA SUPERMARKET UK UK REF-6730,zero_rated,dd asda supermarket uk uk ref 6730,4
AMAZON EU  LTD,standard_rate,amazon eu ltd,3
CARD EON NEXT 2693  ONLINE,reduced_rate,card eon next 2693 online,2
pos national express 1498 london plc,zero_rated,pos national express 1498 london plc,4
POS MICROSOFT 365 1548 GLASGOW REF-8500,standard_rate,pos microsoft 365 1548 glasgow ref 8500,3
CARD AMAZON UK 1606 LEEDS STORE REF-2552,standard_rate,card amazon uk 1606 leeds store ref 2552,3
Business Checking Account Statement,standard_rate,business checking account statement,3
03/13/2025 03/13/2025 5678 DOORDASH FEE PLATFORM DeliveryFees $84.62,standard_rate,03 13 2025 03 13 2025 5678 doordash fee platform deliveryfees 84 62,3
IZ *LINKEDIN PREMIUM 5487  DIRECT REF-7129,standard_rate,iz linkedin premium 5487 direct ref 7129,3
CARD AMAZON EU  PLC,standard_rate,card amazon eu plc,3
IZ *TRAINLINE 7497  LTD REF-1295,zero_rated,iz trainline 7497 ltd ref 1295,4
card deliveroo 4415  plc,standard_rate,card deliveroo 4415 plc,3
Lidl Gb  Uk,zero_rated,lidl gb uk,4
CARD ASDA SUPERMARKET LONDON PLC REF-2584,zero_rated,card asda supermarket london plc ref 2584,4
Director Drawings,outside_scope,director drawings,1
PAYROLL TRANSFER LONDON DIRECT REF-8604,outside_scope,payroll transfer london direct ref 8604,1
SQ *AMAZON EU MANCHESTER,standard_rate,sq amazon eu manchester,3
IZ *DELIVEROO ONLINE STORE,standard_rate,iz deliveroo online store,3
PAYMENT TO EON NEXT 6677 ONLINE STORE,reduced_rate,payment to eon next 6677 online store,2
Date Description Reference Debit (-) Credit (+) Balance,standard_rate,date description reference debit credit balance,3
dd amazon eu 515  uk ref-4696,standard_rate,dd amazon eu 515 uk ref 4696,3
IZ *ASDA SUPERMARKET 4495  PLC REF-2522,zero_rated,iz asda supermarket 4495 plc ref 2522,4
SQ *LIDL GB BIRMINGHAM DIRECT REF-5742,zero_rated,sq lidl gb birmingham direct ref 5742,4
PAYMENT TO AMAZON EU 7047 LONDON ONLINE REF-4970,standard_rate,payment to amazon eu 7047 london online ref 4970,3
Iz *Linkedin Premium 9276 Glasgow Uk,standard_rate,iz linkedin premium 9276 glasgow uk,3
payment to xero software  online ref-4246,standard_rate,payment to xero software online ref 4246,3
IZ *TESCO STORES  REF-5033,zero_rated,iz tesco stores ref 5033,4
DD LINKEDIN PREMIUM 8009 LONDON ONLINE REF-2076,standard_rate,dd linkedin premium 8009 london online ref 2076,3
National Express 1834  Ref-4119,zero_rated,national express 1834 ref 4119,4
Sq *Intra Account Transfer Manchester Direct Ref-5171,outside_scope,sq intra account transfer manchester direct ref 5171,1
PAYMENT TO LIDL GB 9745 LEEDS DIRECT REF-9518,zero_rated,payment to lidl gb 9745 leeds direct ref 9518,4
SQ *TESCO EXPRESS 3250 BRISTOL UK REF-5571,zero_rated,sq tesco express 3250 bristol uk ref 5571,4
"Jan 15 Rent Payment - 2214 W Maple CHK-1021 12,500.00 31,304.80",standard_rate,jan 15 rent payment 2214 w maple chk 1021 12 500 00 31 304 80,3
POS UBER EATS  STORE,standard_rate,pos uber eats store,3
POS WESTMINSTER COUNCIL 6241 BIRMINGHAM ONLINE,outside_scope,pos westminster council 6241 birmingham online,1
DD LINKEDIN PREMIUM ONLINE LTD,standard_rate,dd linkedin premium online ltd,3
POS GOOGLE WORKSPACE 2648 LEEDS ONLINE,standard_rate,pos google workspace 2648 leeds online,3
CARD AMAZON UK 8738 BIRMINGHAM DIRECT REF-9596,standard_rate,card amazon uk 8738 birmingham direct ref 9596,3
IZ *UBER EATS  STORE REF-1091,standard_rate,iz uber eats store ref 1091,3
IZ *AVIVA INSURANCE  ONLINE,exempt,iz aviva insurance online,0
Payment To Boots Uk 4049 Uk Store Ref-1820,standard_rate,payment to boots uk 4049 uk store ref 1820,3
CARD BARCLAYS BANK 4479  STORE,exempt,card barclays bank 4479 store,0
payment to boots uk 3035 uk uk ref-4296,standard_rate,payment to boots uk 3035 uk uk ref 4296,3
IZ *EON NEXT UK ONLINE REF-6296,reduced_rate,iz eon next uk online ref 6296,2
AVIVA INSURANCE 7850 BRISTOL LTD,exempt,aviva insurance 7850 bristol ltd,0
DD DIRECTOR DRAWINGS GLASGOW STORE REF-6179,outside_scope,dd director drawings glasgow store ref 6179,1
Boots Uk 2804  Ltd,standard_rate,boots uk 2804 ltd,3
CARD LINKEDIN PREMIUM 2210  STORE,standard_rate,card linkedin premium 2210 store,3
payment to payroll transfer 747 uk ref-4255,outside_scope,payment to payroll transfer 747 uk ref 4255,1
POS INTRA ACCOUNT TRANSFER UK ONLINE REF-4947,outside_scope,pos intra account transfer uk online ref 4947,1
Sq *Eon Next 8470  Plc,reduced_rate,sq eon next 8470 plc,2
CARD HSBC BANK FEES 5084  STORE,exempt,card hsbc bank fees 5084 store,0
POS TRAINLINE 7470 BRISTOL STORE REF-2531,zero_rated,pos trainline 7470 bristol store ref 2531,4
DD LIDL GB 3998 ONLINE REF-3740,zero_rated,dd lidl gb 3998 online ref 3740,4
POS MICROSOFT 365 2534  ONLINE,standard_rate,pos microsoft 365 2534 online,3
CARD HMRC PAYMENTS 480 ONLINE LTD,outside_scope,card hmrc payments 480 online ltd,1
CARD NATIONAL EXPRESS 2403 ONLINE LTD REF-1143,zero_rated,card national express 2403 online ltd ref 1143,4
eon next manchester direct,reduced_rate,eon next manchester direct,2
POS WATERSTONES 110  DIRECT,zero_rated,pos waterstones 110 direct,4
IZ *GOOGLE WORKSPACE LEEDS LTD,standard_rate,iz google workspace leeds ltd,3
trainline 6492  uk,zero_rated,trainline 6492 uk,4
POST OFFICE 2516  REF-4046,exempt,post office 2516 ref 4046,0
Sq *Director Drawings Bristol Store,outside_scope,sq director drawings bristol store,1
"Jan 15 Rent Payment - 2214 W Maple CHK-1021 12,500.00 31,304.80",standard_rate,jan 15 rent payment 2214 w maple chk 1021 12 500 00 31 304 80,3
Payment To Westminster Council 940  Store,outside_scope,payment to westminster council 940 store,1
Payment To Amazon Kindle 9306 Online Online Ref-8159,zero_rated,payment to amazon kindle 9306 online online ref 8159,4
"2025-03-11 ADP PAYROLL SVCS 3,923.02 26,823.17",standard_rate,2025 03 11 adp payroll svcs 3 923 02 26 823 17,3
ALDI STORES 2621  ONLINE REF-2759,zero_rated,aldi stores 2621 online ref 2759,4
dd tesco stores birmingham store,zero_rated,dd tesco stores birmingham store,4
DD OCTOPUS ENERGY 3413 UK PLC REF-7846,reduced_rate,dd octopus energy 3413 uk plc ref 7846,2
CARD TFL TRAVEL 6225 UK REF-5375,zero_rated,card tfl travel 6225 uk ref 5375,4
IZ *AVIVA INSURANCE 8658 LEEDS PLC REF-2439,exempt,iz aviva insurance 8658 leeds plc ref 2439,0
SQ *STATIONERY STATION 7883  REF-3643,standard_rate,sq stationery station 7883 ref 3643,3
SQ *DELIVEROO  LTD,standard_rate,sq deliveroo ltd,3
POS UBER EATS  UK,standard_rate,pos uber eats uk,3
Sq *Aldi Stores  Ltd,zero_rated,sq aldi stores ltd,4
pos hsbc bank fees 6879 uk direct ref-4691,exempt,pos hsbc bank fees 6879 uk direct ref 4691,0
CARD AMAZON KINDLE 9956 BIRMINGHAM,zero_rated,card amazon kindle 9956 birmingham,4
DD ASDA SUPERMARKET 9092 LONDON ONLINE,zero_rated,dd asda supermarket 9092 london online,4
"2026-01-31 OWNER DISTRIBUTION - J. HARRISON 6,000.00 26,084.86",standard_rate,2026 01 31 owner distribution j harrison 6 000 00 26 084 86,3
POS AMAZON EU 5577 LONDON LTD REF-5049,standard_rate,pos amazon eu 5577 london ltd ref 5049,3
payment to adobe creative 1484 london ref-5397,standard_rate,payment to adobe creative 1484 london ref 5397,3
card trainline  ref-9934,zero_rated,card trainline ref 9934,4
SQ *ALDI STORES 5495 BRISTOL PLC,zero_rated,sq aldi stores 5495 bristol plc,4
HMRC SHIPLEY 5197  UK,outside_scope,hmrc shipley 5197 uk,1
DD TFL TRAVEL GLASGOW,zero_rated,dd tfl travel glasgow,4
CARD GOOGLE WORKSPACE 5943  UK,standard_rate,card google workspace 5943 uk,3
Card Barclays Bank 8942 Glasgow Online Ref-3954,exempt,card barclays bank 8942 glasgow online ref 3954,0
"Mar 04 Sysco Foods Inc - Inventory ACH-7745 5,100.00 68,714.80",standard_rate,mar 04 sysco foods inc inventory ach 7745 5 100 00 68 714 80,3
DD SAINSBURYS 6538  UK REF-6345,zero_rated,dd sainsburys 6538 uk ref 6345,4
Sq *Stationery Station 3753 Birmingham Online Ref-7395,standard_rate,sq stationery station 3753 birmingham online ref 7395,3
PAYMENT TO ROYAL MAIL 1880  LTD,exempt,payment to royal mail 1880 ltd,0
iz *trainline  direct,zero_rated,iz trainline direct,4
POS SAGE SUBSCRIPTION 7970 LONDON UK,standard_rate,pos sage subscription 7970 london uk,3
DIRECTOR DRAWINGS 2705 LEEDS,outside_scope,director drawings 2705 leeds,1
SQ *LNER TICKETS 7622 BIRMINGHAM STORE REF-9650,zero_rated,sq lner tickets 7622 birmingham store ref 9650,4
CARD POST OFFICE 3912 ONLINE UK,exempt,card post office 3912 online uk,0
PAYMENT TO EON NEXT 9952  ONLINE REF-7378,reduced_rate,payment to eon next 9952 online ref 7378,2
PAYMENT TO PAYROLL TRANSFER ONLINE ONLINE,outside_scope,payment to payroll transfer online online,1
WATERSTONES 9747 BIRMINGHAM ONLINE REF-6703,zero_rated,waterstones 9747 birmingham online ref 6703,4
03/13/2025 GORDON FOOD SERVICE GORDON FOOD SERVICE $730.83,standard_rate,03 13 2025 gordon food service gordon food service 730 83,3
sq *trainline 2175 london online,zero_rated,sq trainline 2175 london online,4
iz *google workspace 7269 online ref-2693,standard_rate,iz google workspace 7269 online ref 2693,3
PAYMENT TO HMRC PAYMENTS  LTD REF-4221,outside_scope,payment to hmrc payments ltd ref 4221,1
"Jan 31 POS Sales Deposit - Weekly DEP-0131 14,950.00 63,904.80",standard_rate,jan 31 pos sales deposit weekly dep 0131 14 950 00 63 904 80,3
card payroll transfer 6135 manchester,outside_scope,card payroll transfer 6135 manchester,1
PAYMENT TO TESCO EXPRESS 3862 ONLINE ONLINE,zero_rated,payment to tesco express 3862 online online,4
payment to payroll transfer 5046 birmingham uk ref-6477,outside_scope,payment to payroll transfer 5046 birmingham uk ref 6477,1
CARD BOOTS UK 2246 LONDON ONLINE,standard_rate,card boots uk 2246 london online,3
SQ *WATERSTONES 945  DIRECT REF-8030,zero_rated,sq waterstones 945 direct ref 8030,4
DD EON NEXT,reduced_rate,dd eon next,2
PAYMENT TO TESCO EXPRESS 6943 ONLINE LTD,zero_rated,payment to tesco express 6943 online ltd,4
PAYMENT TO OCTOPUS ENERGY 6989 BRISTOL DIRECT,reduced_rate,payment to octopus energy 6989 bristol direct,2
SQ *DIRECTOR DRAWINGS 2632 BRISTOL STORE,outside_scope,sq director drawings 2632 bristol store,1
DD TESCO EXPRESS 2408  DIRECT,zero_rated,dd tesco express 2408 direct,4
boots uk 1097 glasgow plc,standard_rate,boots uk 1097 glasgow plc,3
IZ *ROYAL MAIL 8486 LEEDS PLC,exempt,iz royal mail 8486 leeds plc,0
CARD EON NEXT 9904 BRISTOL LTD,reduced_rate,card eon next 9904 bristol ltd,2
pos barclays bank bristol store ref-9477,exempt,pos barclays bank bristol store ref 9477,0
SQ *LIDL GB 3454  ONLINE,zero_rated,sq lidl gb 3454 online,4
DD AMAZON KINDLE LONDON LTD,zero_rated,dd amazon kindle london ltd,4
IZ *TRAINLINE 3644 UK LTD REF-6418,zero_rated,iz trainline 3644 uk ltd ref 6418,4
PAYMENT TO EDF ENERGY LEEDS UK,reduced_rate,payment to edf energy leeds uk,2
sq *waterstones birmingham uk ref-5963,zero_rated,sq waterstones birmingham uk ref 5963,4
POS PAYROLL TRANSFER LEEDS LTD REF-5060,outside_scope,pos payroll transfer leeds ltd ref 5060,1
CARD LNER TICKETS 5529 UK ONLINE,zero_rated,card lner tickets 5529 uk online,4
SQ *AVIVA INSURANCE GLASGOW REF-6175,exempt,sq aviva insurance glasgow ref 6175,0
Pos Barclays Bank 882,exempt,pos barclays bank 882,0
ASDA SUPERMARKET 9539 ONLINE DIRECT,zero_rated,asda supermarket 9539 online direct,4
Iz *Director Drawings  Direct,outside_scope,iz director drawings direct,1
ROYAL MAIL  STORE REF-6856,exempt,royal mail store ref 6856,0
"03/06 UBER EATS PAYOUT MARCH Revenue $520.40 $18,651.90",standard_rate,03 06 uber eats payout march revenue 520 40 18 651 90,3
CARD BARCLAYS BANK 9846  UK,exempt,card barclays bank 9846 uk,0
SQ *MICROSOFT 365 BIRMINGHAM STORE REF-6199,standard_rate,sq microsoft 365 birmingham store ref 6199,3
"Mar 08 Gordon Food Service - Produce ACH-5524 1,560.00 81,034.80",standard_rate,mar 08 gordon food service produce ach 5524 1 560 00 81 034 80,3
DD TESCO STORES 3073 UK DIRECT REF-8141,zero_rated,dd tesco stores 3073 uk direct ref 8141,4
Dd Quickbooks Glasgow Plc Ref-2142,standard_rate,dd quickbooks glasgow plc ref 2142,3
POS HSBC BANK FEES 8663 BRISTOL STORE REF-4300,exempt,pos hsbc bank fees 8663 bristol store ref 4300,0
DD ALDI STORES 6466  LTD REF-9615,zero_rated,dd aldi stores 6466 ltd ref 9615,4
dd westminster council 5105 glasgow online,outside_scope,dd westminster council 5105 glasgow online,1
"Software / Services OpenTable, Square POS 2 $149.00",standard_rate,software services opentable square pos 2 149 00,3
WATERSTONES ONLINE DIRECT,zero_rated,waterstones online direct,4
payment to amazon uk 8956 glasgow direct,standard_rate,payment to amazon uk 8956 glasgow direct,3
payment to xero software  store ref-9711,standard_rate,payment to xero software store ref 9711,3
CARD MICROSOFT 365 8990 LEEDS STORE,standard_rate,card microsoft 365 8990 leeds store,3
Iz *Amazon Kindle 1842  Store,zero_rated,iz amazon kindle 1842 store,4
Iz *Sainsburys 6463 Leeds Ltd,zero_rated,iz sainsburys 6463 leeds ltd,4
POS NATIONAL EXPRESS 7882 LEEDS UK,zero_rated,pos national express 7882 leeds uk,4
dd westminster council manchester plc,outside_scope,dd westminster council manchester plc,1
TRAINLINE 3815 MANCHESTER STORE REF-9099,zero_rated,trainline 3815 manchester store ref 9099,4
CARD TRAINLINE MANCHESTER UK,zero_rated,card trainline manchester uk,4
DD TESCO EXPRESS 4558 LONDON PLC,zero_rated,dd tesco express 4558 london plc,4
Iz *Aviva Insurance 3035 London Ltd,exempt,iz aviva insurance 3035 london ltd,0
POS OCTOPUS ENERGY 317 UK DIRECT,reduced_rate,pos octopus energy 317 uk direct,2
sq *google workspace 5222 bristol,standard_rate,sq google workspace 5222 bristol,3
"2026-02-12 PROPANE - SMOKER FUEL DELIVERY 295.00 34,191.60",standard_rate,2026 02 12 propane smoker fuel delivery 295 00 34 191 60,3
DD TESCO EXPRESS 6897 GLASGOW,zero_rated,dd tesco express 6897 glasgow,4
PAYMENT TO EDF ENERGY 6063  ONLINE REF-5318,reduced_rate,payment to edf energy 6063 online ref 5318,2
PAYMENT TO DELIVEROO 1836 ONLINE UK,standard_rate,payment to deliveroo 1836 online uk,3
iz *sainsburys 6000 uk store,zero_rated,iz sainsburys 6000 uk store,4
CARD LNER TICKETS 8685 GLASGOW PLC REF-4964,zero_rated,card lner tickets 8685 glasgow plc ref 4964,4
CARD XERO SOFTWARE 7207 UK UK,standard_rate,card xero software 7207 uk uk,3
iz *aa breakdown 3187 manchester online ref-5046,exempt,iz aa breakdown 3187 manchester online ref 5046,0
Iz *Microsoft 365 Bristol Plc,standard_rate,iz microsoft 365 bristol plc,3
pos lidl gb 1997  direct,zero_rated,pos lidl gb 1997 direct,4
DIRECTOR DRAWINGS 9029  ONLINE,outside_scope,director drawings 9029 online,1
DD POST OFFICE 2366 ONLINE ONLINE,exempt,dd post office 2366 online online,0
CARD AMAZON KINDLE LEEDS UK REF-9906,zero_rated,card amazon kindle leeds uk ref 9906,4
"2025-04-18 SYSCO FOODS LLC 2,248.49 32,993.75",standard_rate,2025 04 18 sysco foods llc 2 248 49 32 993 75,3
PAYMENT TO ADOBE CREATIVE 1319 BIRMINGHAM LTD REF-9789,standard_rate,payment to adobe creative 1319 birmingham ltd ref 9789,3
IZ *MICROSOFT 365 7034  DIRECT REF-4918,standard_rate,iz microsoft 365 7034 direct ref 4918,3
POS UBER EATS MANCHESTER STORE REF-6657,standard_rate,pos uber eats manchester store ref 6657,3
"NET PROFIT (Q1 2024) $45,621.35",standard_rate,net profit q1 2024 45 621 35,3
"Jan 13 US Foods - Meat & Dairy ACH-9921 3,180.00 43,804.80",standard_rate,jan 13 us foods meat dairy ach 9921 3 180 00 43 804 80,3
First National Bank of Louisville,standard_rate,first national bank of louisville,3
HMRC SHIPLEY 5872 GLASGOW DIRECT REF-4446,outside_scope,hmrc shipley 5872 glasgow direct ref 4446,1
Card Google Workspace  Online,standard_rate,card google workspace online,3
EON NEXT 3367  DIRECT REF-9240,reduced_rate,eon next 3367 direct ref 9240,2
IZ *LINKEDIN PREMIUM 6588 LONDON STORE REF-1616,standard_rate,iz linkedin premium 6588 london store ref 1616,3
pos aviva insurance 5207  plc ref-6002,exempt,pos aviva insurance 5207 plc ref 6002,0
PAYMENT TO XERO SOFTWARE 6414  LTD,standard_rate,payment to xero software 6414 ltd,3
PAYMENT TO WESTMINSTER COUNCIL ONLINE ONLINE REF-8182,outside_scope,payment to westminster council online online ref 8182,1
POS EDF ENERGY 8253 BIRMINGHAM UK,reduced_rate,pos edf energy 8253 birmingham uk,2
DD TESCO EXPRESS GLASGOW STORE REF-1693,zero_rated,dd tesco express glasgow store ref 1693,4
DD SAGE SUBSCRIPTION MANCHESTER PLC REF-3643,standard_rate,dd sage subscription manchester plc ref 3643,3
DD DELIVEROO 2910 LONDON LTD,standard_rate,dd deliveroo 2910 london ltd,3
pos amazon uk 1141 glasgow ref-7668,standard_rate,pos amazon uk 1141 glasgow ref 7668,3
IZ *LINKEDIN PREMIUM 2273 GLASGOW,standard_rate,iz linkedin premium 2273 glasgow,3
"Feb 14 POS Sales Deposit - Valentine's DEP-0214 22,400.00 82,904.80",standard_rate,feb 14 pos sales deposit valentine s dep 0214 22 400 00 82 904 80,3
iz *westminster council 1219 uk plc ref-7952,outside_scope,iz westminster council 1219 uk plc ref 7952,1
IZ *EDF ENERGY 2518 GLASGOW,reduced_rate,iz edf energy 2518 glasgow,2
DIRECTOR DRAWINGS 4223 ONLINE DIRECT,outside_scope,director drawings 4223 online direct,1
IZ *DIRECTOR DRAWINGS 3506  DIRECT,outside_scope,iz director drawings 3506 direct,1
PAYMENT TO AMAZON UK 5021  DIRECT,standard_rate,payment to amazon uk 5021 direct,3
Dd Edf Energy  Plc Ref-2505,reduced_rate,dd edf energy plc ref 2505,2
DD TRAINLINE 1474 LONDON LTD REF-9272,zero_rated,dd trainline 1474 london ltd ref 9272,4
IZ *OCTOPUS ENERGY GLASGOW UK,reduced_rate,iz octopus energy glasgow uk,2
deliveroo 6818  uk,standard_rate,deliveroo 6818 uk,3
IZ *LNER TICKETS 6409 BIRMINGHAM LTD REF-2222,zero_rated,iz lner tickets 6409 birmingham ltd ref 2222,4
Pos Lidl Gb 7693 Bristol,zero_rated,pos lidl gb 7693 bristol,4
Amazon Uk 8348  Uk,standard_rate,amazon uk 8348 uk,3
Payroll Transfer 1214 London Plc,outside_scope,payroll transfer 1214 london plc,1
PAYMENT TO QUICKBOOKS 2005  LTD REF-9208,standard_rate,payment to quickbooks 2005 ltd ref 9208,3
03/15/2025 WHOLE FOODS MARKET WHOLE FOODS MARKET $195.46,standard_rate,03 15 2025 whole foods market whole foods market 195 46,3
"Feb 08 POS Sales Deposit - Weekly DEP-0208 13,750.00 62,664.80",standard_rate,feb 08 pos sales deposit weekly dep 0208 13 750 00 62 664 80,3
sq *hmrc payments  ltd ref-3970,outside_scope,sq hmrc payments ltd ref 3970,1
IZ *TESCO STORES BIRMINGHAM PLC REF-5342,zero_rated,iz tesco stores birmingham plc ref 5342,4
IZ *SAINSBURYS  UK,zero_rated,iz sainsburys uk,4
Card Aviva Insurance 6884 Birmingham Online Ref-5682,exempt,card aviva insurance 6884 birmingham online ref 5682,0
DIRECTOR DRAWINGS 437,outside_scope,director drawings 437,1
SQ *WESTMINSTER COUNCIL  UK REF-3765,outside_scope,sq westminster council uk ref 3765,1
IZ *AMAZON KINDLE 5626 BRISTOL PLC,zero_rated,iz amazon kindle 5626 bristol plc,4
card amazon uk 4442 uk store,standard_rate,card amazon uk 4442 uk store,3
card hmrc payments 6657  plc,outside_scope,card hmrc payments 6657 plc,1
IZ *SAGE SUBSCRIPTION 2569 UK,standard_rate,iz sage subscription 2569 uk,3
Sq *Google Workspace 5556 Birmingham Store Ref-1708,standard_rate,sq google workspace 5556 birmingham store ref 1708,3
"2026-01-27 TOAST POS DEPOSIT 3,050.85 33,245.20",standard_rate,2026 01 27 toast pos deposit 3 050 85 33 245 20,3
CARD UBER EATS 7934  PLC,standard_rate,card uber eats 7934 plc,3
Amazon Uk London Online,standard_rate,amazon uk london online,3
POS DIRECTOR DRAWINGS 8037 MANCHESTER PLC REF-9355,outside_scope,pos director drawings 8037 manchester plc ref 9355,1
Uber Eats 2180 Leeds Ltd,standard_rate,uber eats 2180 leeds ltd,3
iz *microsoft 365 1203 london uk,standard_rate,iz microsoft 365 1203 london uk,3
UBER EATS 2982 BIRMINGHAM ONLINE,standard_rate,uber eats 2982 birmingham online,3
POS AVIVA INSURANCE LEEDS STORE,exempt,pos aviva insurance leeds store,0
CARD MICROSOFT 365 GLASGOW PLC,standard_rate,card microsoft 365 glasgow plc,3
POS SAINSBURYS BRISTOL,zero_rated,pos sainsburys bristol,4
iz *tfl travel 9317 uk uk,zero_rated,iz tfl travel 9317 uk uk,4
"2026-02-27 COMMERCIAL INSURANCE CO 455.00 34,545.04",standard_rate,2026 02 27 commercial insurance co 455 00 34 545 04,3
"Statement Period: February 1 – February 28, 2026",standard_rate,statement period february 1 february 28 2026,3
POS AMAZON EU 3015  ONLINE,standard_rate,pos amazon eu 3015 online,3
payment to british gas 8082  direct,reduced_rate,payment to british gas 8082 direct,2
PAYMENT TO NATIONAL EXPRESS  DIRECT REF-7343,zero_rated,payment to national express direct ref 7343,4
dd royal mail  direct,exempt,dd royal mail direct,0
DD STATIONERY STATION 3879 ONLINE LTD,standard_rate,dd stationery station 3879 online ltd,3
SQ *TESCO EXPRESS 7834 MANCHESTER LTD,zero_rated,sq tesco express 7834 manchester ltd,4
CARD LNER TICKETS BRISTOL ONLINE,zero_rated,card lner tickets bristol online,4
BARCLAYS BANK 5076 BIRMINGHAM PLC,exempt,barclays bank 5076 birmingham plc,0
SQ *WESTMINSTER COUNCIL  PLC REF-6302,outside_scope,sq westminster council plc ref 6302,1
Director Drawings Leeds Direct,outside_scope,director drawings leeds direct,1
CARD WESTMINSTER COUNCIL 8285 LEEDS PLC REF-5173,outside_scope,card westminster council 8285 leeds plc ref 5173,1
DD GOOGLE WORKSPACE 4933 GLASGOW UK REF-6971,standard_rate,dd google workspace 4933 glasgow uk ref 6971,3
Business Checking — Louisville BBQ Co.,standard_rate,business checking louisville bbq co,3
Dataset 2 — Cash Flow Analysis Set (Expanded),standard_rate,dataset 2 cash flow analysis set expanded,3
card royal mail  ltd,exempt,card royal mail ltd,0
"Statement Period: January 1 – January 31, 2026",standard_rate,statement period january 1 january 31 2026,3
CARD UBER EATS UK PLC REF-8702,standard_rate,card uber eats uk plc ref 8702,3
SQ *STATIONERY STATION 7783 LONDON UK,standard_rate,sq stationery station 7783 london uk,3
IZ *GOOGLE WORKSPACE BIRMINGHAM PLC,standard_rate,iz google workspace birmingham plc,3
dd sage subscription 4828 birmingham store ref-4954,standard_rate,dd sage subscription 4828 birmingham store ref 4954,3
"2026-02-05 UBER EATS TRANSFER 645.80 32,566.78",standard_rate,2026 02 05 uber eats transfer 645 80 32 566 78,3
IZ *STATIONERY STATION 9894  PLC,standard_rate,iz stationery station 9894 plc,3
IZ *ROYAL MAIL 7690 BIRMINGHAM,exempt,iz royal mail 7690 birmingham,0
CARD ADOBE CREATIVE 4070  PLC REF-6292,standard_rate,card adobe creative 4070 plc ref 6292,3
microsoft 365 1370,standard_rate,microsoft 365 1370,3
"2025-03-17 MONTHLY SERVICE FEE 25.18 28,544.16",standard_rate,2025 03 17 monthly service fee 25 18 28 544 16,3
PAYMENT TO BRITISH GAS  PLC REF-1812,reduced_rate,payment to british gas plc ref 1812,2
SQ *TESCO STORES 3349 ONLINE ONLINE,zero_rated,sq tesco stores 3349 online online,4
CARD UBER EATS 6087  UK REF-9275,standard_rate,card uber eats 6087 uk ref 9275,3
POS INTRA ACCOUNT TRANSFER  DIRECT,outside_scope,pos intra account transfer direct,1
DD OCTOPUS ENERGY 6208  ONLINE,reduced_rate,dd octopus energy 6208 online,2
POS EDF ENERGY  ONLINE REF-2089,reduced_rate,pos edf energy online ref 2089,2
Royal Mail  Store,exempt,royal mail store,0
Date Description Reference Debit (-) Credit (+) Balance,standard_rate,date description reference debit credit balance,3
PAYMENT TO TRAINLINE 787  DIRECT,zero_rated,payment to trainline 787 direct,4
DD HMRC SHIPLEY 2167  UK,outside_scope,dd hmrc shipley 2167 uk,1
CARD NATIONAL EXPRESS 6376  UK,zero_rated,card national express 6376 uk,4
Pos Lidl Gb 7370 Leeds Uk,zero_rated,pos lidl gb 7370 leeds uk,4
Dd Aviva Insurance 6147 Leeds,exempt,dd aviva insurance 6147 leeds,0
PAYMENT TO AVIVA INSURANCE LEEDS LTD,exempt,payment to aviva insurance leeds ltd,0
MICROSOFT 365 5713 BRISTOL UK,standard_rate,microsoft 365 5713 bristol uk,3
Pos Aviva Insurance Manchester Uk,exempt,pos aviva insurance manchester uk,0
DD HMRC PAYMENTS 4939 UK,outside_scope,dd hmrc payments 4939 uk,1
"Feb 01 Sysco Foods Inc - Inventory ACH-7743 4,620.00 59,284.80",standard_rate,feb 01 sysco foods inc inventory ach 7743 4 620 00 59 284 80,3
DD GOOGLE WORKSPACE ONLINE DIRECT REF-4207,standard_rate,dd google workspace online direct ref 4207,3
CARD HSBC BANK FEES  PLC,exempt,card hsbc bank fees plc,0
"2026-03-05 UBER EATS TRANSFER 670.25 38,163.94",standard_rate,2026 03 05 uber eats transfer 670 25 38 163 94,3
PAYMENT TO INTRA ACCOUNT TRANSFER BRISTOL DIRECT REF-4524,outside_scope,payment to intra account transfer bristol direct ref 4524,1
CARD BARCLAYS BANK 8857 UK DIRECT,exempt,card barclays bank 8857 uk direct,0
PAYMENT TO TFL TRAVEL BIRMINGHAM UK,zero_rated,payment to tfl travel birmingham uk,4
QUICKBOOKS 7624 BRISTOL ONLINE REF-5875,standard_rate,quickbooks 7624 bristol online ref 5875,3
PAYMENT TO BRITISH GAS  DIRECT REF-5441,reduced_rate,payment to british gas direct ref 5441,2
SQ *ADOBE CREATIVE 8742  REF-5471,standard_rate,sq adobe creative 8742 ref 5471,3
Sq *Westminster Council Birmingham Online,outside_scope,sq westminster council birmingham online,1
Payment To Microsoft 365  Ltd Ref-9567,standard_rate,payment to microsoft 365 ltd ref 9567,3
IZ *OCTOPUS ENERGY 792 BIRMINGHAM LTD,reduced_rate,iz octopus energy 792 birmingham ltd,2
DD TRAINLINE 3572 BIRMINGHAM DIRECT,zero_rated,dd trainline 3572 birmingham direct,4
barclays bank 6747 glasgow ltd,exempt,barclays bank 6747 glasgow ltd,0
british gas 7313  ref-8434,reduced_rate,british gas 7313 ref 8434,2
SQ *TESCO STORES 9532  ONLINE,zero_rated,sq tesco stores 9532 online,4
POS LINKEDIN PREMIUM 9347 LEEDS ONLINE,standard_rate,pos linkedin premium 9347 leeds online,3
DD ALDI STORES 345  PLC REF-7767,zero_rated,dd aldi stores 345 plc ref 7767,4
Sainsburys 4021 Leeds Direct,zero_rated,sainsburys 4021 leeds direct,4
PAYMENT TO ASDA SUPERMARKET 2038  DIRECT,zero_rated,payment to asda supermarket 2038 direct,4
POS AMAZON UK 6008  UK REF-5021,standard_rate,pos amazon uk 6008 uk ref 5021,3
iz *tfl travel 3550  ltd,zero_rated,iz tfl travel 3550 ltd,4
DELIVEROO 7846  PLC,standard_rate,deliveroo 7846 plc,3
POS MICROSOFT 365 3147 LONDON PLC,standard_rate,pos microsoft 365 3147 london plc,3
CARD HMRC PAYMENTS 6044 ONLINE REF-1489,outside_scope,card hmrc payments 6044 online ref 1489,1
payment to aa breakdown 2523  plc,exempt,payment to aa breakdown 2523 plc,0
DD AMAZON KINDLE BIRMINGHAM,zero_rated,dd amazon kindle birmingham,4
POS INTRA ACCOUNT TRANSFER 3656  LTD REF-4863,outside_scope,pos intra account transfer 3656 ltd ref 4863,1
PAYMENT TO ROYAL MAIL  DIRECT REF-2797,exempt,payment to royal mail direct ref 2797,0
DD HMRC PAYMENTS 7763 LONDON ONLINE REF-7228,outside_scope,dd hmrc payments 7763 london online ref 7228,1
IZ *AA BREAKDOWN 7905 LEEDS UK REF-5036,exempt,iz aa breakdown 7905 leeds uk ref 5036,0
CARD LNER TICKETS BIRMINGHAM DIRECT,zero_rated,card lner tickets birmingham direct,4
iz *trainline online online,zero_rated,iz trainline online online,4
PAYMENT TO MICROSOFT 365 6313 BRISTOL PLC REF-2190,standard_rate,payment to microsoft 365 6313 bristol plc ref 2190,3
SQ *TRAINLINE 1405  ONLINE,zero_rated,sq trainline 1405 online,4
PAYMENT TO LIDL GB 6351  ONLINE,zero_rated,payment to lidl gb 6351 online,4
Card British Gas 6962 Leeds Online,reduced_rate,card british gas 6962 leeds online,2
SQ *DIRECTOR DRAWINGS UK LTD,outside_scope,sq director drawings uk ltd,1
payment to amazon uk  direct,standard_rate,payment to amazon uk direct,3
PAYMENT TO WATERSTONES 9217  DIRECT,zero_rated,payment to waterstones 9217 direct,4
SQ *LINKEDIN PREMIUM 4819  DIRECT,standard_rate,sq linkedin premium 4819 direct,3
Pos Adobe Creative 1010  Store,standard_rate,pos adobe creative 1010 store,3
CARD LINKEDIN PREMIUM 6199 BRISTOL DIRECT REF-3963,standard_rate,card linkedin premium 6199 bristol direct ref 3963,3
iz *aviva insurance  ref-2487,exempt,iz aviva insurance ref 2487,0
Iz *Quickbooks 5193 Leeds Store,standard_rate,iz quickbooks 5193 leeds store,3
SQ *HMRC SHIPLEY 1983 UK LTD,outside_scope,sq hmrc shipley 1983 uk ltd,1
"Opening Balance: 18,500.00 Closing Balance: 26,084.86",standard_rate,opening balance 18 500 00 closing balance 26 084 86,3
Card Hmrc Payments 4279,outside_scope,card hmrc payments 4279,1
IZ *DIRECTOR DRAWINGS 4712 BIRMINGHAM,outside_scope,iz director drawings 4712 birmingham,1
DD SAGE SUBSCRIPTION  STORE,standard_rate,dd sage subscription store,3
card royal mail 9818  direct,exempt,card royal mail 9818 direct,0
DD WATERSTONES  UK,zero_rated,dd waterstones uk,4
SQ *ASDA SUPERMARKET  REF-7620,zero_rated,sq asda supermarket ref 7620,4
Payment To Edf Energy 6974  Plc Ref-3284,reduced_rate,payment to edf energy 6974 plc ref 3284,2
Card Sainsburys 9794 Leeds Store Ref-4201,zero_rated,card sainsburys 9794 leeds store ref 4201,4
ALDI STORES 7411  ONLINE,zero_rated,aldi stores 7411 online,4
Pos Amazon Kindle 3060  Plc,zero_rated,pos amazon kindle 3060 plc,4
SQ *XERO SOFTWARE 3870,standard_rate,sq xero software 3870,3
POS AA BREAKDOWN BRISTOL PLC REF-6366,exempt,pos aa breakdown bristol plc ref 6366,0
SQ *AMAZON EU 7853 BRISTOL STORE REF-8036,standard_rate,sq amazon eu 7853 bristol store ref 8036,3
DD BRITISH GAS GLASGOW LTD,reduced_rate,dd british gas glasgow ltd,2
"03/08 RESTAURANT DEPOT LOUISVILLE FoodCost $740.00 $20,482.90",standard_rate,03 08 restaurant depot louisville foodcost 740 00 20 482 90,3
iz *royal mail  plc,exempt,iz royal mail plc,0
"2025-03-22 CLOVER SALES DEPOSIT 2,941.95 34,612.28",standard_rate,2025 03 22 clover sales deposit 2 941 95 34 612 28,3
IZ *HMRC PAYMENTS 2236 GLASGOW DIRECT,outside_scope,iz hmrc payments 2236 glasgow direct,1
POS WATERSTONES  ONLINE,zero_rated,pos waterstones online,4
"2025-03-30 GORDON FOOD SERVICE 870.22 11,264.38",standard_rate,2025 03 30 gordon food service 870 22 11 264 38,3
POS LIDL GB MANCHESTER LTD,zero_rated,pos lidl gb manchester ltd,4
CARD QUICKBOOKS,standard_rate,card quickbooks,3
lner tickets 1490 uk online,zero_rated,lner tickets 1490 uk online,4
DELIVEROO 8476 BIRMINGHAM LTD,standard_rate,deliveroo 8476 birmingham ltd,3
DD WATERSTONES 2764 BRISTOL DIRECT,zero_rated,dd waterstones 2764 bristol direct,4
SQ *AA BREAKDOWN 2314 BIRMINGHAM LTD,exempt,sq aa breakdown 2314 birmingham ltd,0
PAYROLL TRANSFER  ONLINE REF-3710,outside_scope,payroll transfer online ref 3710,1
DD AA BREAKDOWN 4718  UK REF-2199,exempt,dd aa breakdown 4718 uk ref 2199,0
PAYMENT TO WESTMINSTER COUNCIL 8285 BRISTOL UK,outside_scope,payment to westminster council 8285 bristol uk,1
CARD HSBC BANK FEES,exempt,card hsbc bank fees,0
PAYROLL TRANSFER BRISTOL LTD REF-9650,outside_scope,payroll transfer bristol ltd ref 9650,1
"2026-03-19 LINEN SERVICE WEEKLY 96.40 41,897.69",standard_rate,2026 03 19 linen service weekly 96 40 41 897 69,3
POS HMRC SHIPLEY 6726 LONDON DIRECT REF-6953,outside_scope,pos hmrc shipley 6726 london direct ref 6953,1
03/21/2025 03/21/2025 WALMART SUPERCENTER #4421 FoodCost $203.78,standard_rate,03 21 2025 03 21 2025 walmart supercenter 4421 foodcost 203 78,3
iz *aldi stores online uk,zero_rated,iz aldi stores online uk,4
POS PAYROLL TRANSFER GLASGOW ONLINE,outside_scope,pos payroll transfer glasgow online,1
Pos Eon Next  Ltd Ref-2831,reduced_rate,pos eon next ltd ref 2831,2
PAYMENT TO EON NEXT 1296 BIRMINGHAM DIRECT,reduced_rate,payment to eon next 1296 birmingham direct,2
tesco express  online ref-7220,zero_rated,tesco express online ref 7220,4
"2025-03-23 AT&T BUSINESS 188.09 34,424.19",standard_rate,2025 03 23 at t business 188 09 34 424 19,3
POS POST OFFICE 9885  DIRECT,exempt,pos post office 9885 direct,0
Payment To Aa Breakdown Birmingham Ltd,exempt,payment to aa breakdown birmingham ltd,0
OCTOPUS ENERGY 1289,reduced_rate,octopus energy 1289,2
card post office 7745 bristol ltd ref-6384,exempt,card post office 7745 bristol ltd ref 6384,0
"2026-02-26 ADP PAYROLL SVCS 4,249.95 31,819.59",standard_rate,2026 02 26 adp payroll svcs 4 249 95 31 819 59,3
CARD WESTMINSTER COUNCIL 7651  ONLINE,outside_scope,card westminster council 7651 online,1
PAYMENT TO HSBC BANK FEES 7779 LONDON DIRECT,exempt,payment to hsbc bank fees 7779 london direct,0
First National Bank of Louisville,standard_rate,first national bank of louisville,3
POS DELIVEROO 2580 LEEDS REF-2439,standard_rate,pos deliveroo 2580 leeds ref 2439,3
SQ *STATIONERY STATION 4180  PLC,standard_rate,sq stationery station 4180 plc,3
CARD AA BREAKDOWN 7022  DIRECT,exempt,card aa breakdown 7022 direct,0
card national express 8018 glasgow plc,zero_rated,card national express 8018 glasgow plc,4
IZ *QUICKBOOKS 5505 BRISTOL DIRECT REF-9844,standard_rate,iz quickbooks 5505 bristol direct ref 9844,3
"2026-03-18 UBER EATS TRANSFER 615.40 41,994.09",standard_rate,2026 03 18 uber eats transfer 615 40 41 994 09,3
DD ROYAL MAIL 4451 BRISTOL UK,exempt,dd royal mail 4451 bristol uk,0
Dd Trainline 7347 Manchester,zero_rated,dd trainline 7347 manchester,4
"STATEMENT TOTAL $5,034.75",standard_rate,statement total 5 034 75,3
IZ *EDF ENERGY 4776 ONLINE,reduced_rate,iz edf energy 4776 online,2
DD INTRA ACCOUNT TRANSFER 2787  UK,outside_scope,dd intra account transfer 2787 uk,1
CARD STATIONERY STATION 6954  DIRECT,standard_rate,card stationery station 6954 direct,3
ROYAL MAIL 8731 BRISTOL DIRECT,exempt,royal mail 8731 bristol direct,0
PAYMENT TO GOOGLE WORKSPACE  UK,standard_rate,payment to google workspace uk,3
IZ *TRAINLINE  PLC,zero_rated,iz trainline plc,4
DD HSBC BANK FEES BRISTOL UK,exempt,dd hsbc bank fees bristol uk,0
CARD ROYAL MAIL BRISTOL LTD,exempt,card royal mail bristol ltd,0
DD HSBC BANK FEES,exempt,dd hsbc bank fees,0
PAYMENT TO XERO SOFTWARE 3373 MANCHESTER PLC,standard_rate,payment to xero software 3373 manchester plc,3
POS BOOTS UK 4357  UK REF-7368,standard_rate,pos boots uk 4357 uk ref 7368,3
xero software 6123 bristol online,standard_rate,xero software 6123 bristol online,3
payment to tfl travel 9842  ref-7263,zero_rated,payment to tfl travel 9842 ref 7263,4
POST OFFICE 5407 MANCHESTER REF-5550,exempt,post office 5407 manchester ref 5550,0
IZ *ASDA SUPERMARKET 8376 BIRMINGHAM UK,zero_rated,iz asda supermarket 8376 birmingham uk,4
pos sage subscription  ltd ref-8073,standard_rate,pos sage subscription ltd ref 8073,3
pos amazon eu 2432 leeds,standard_rate,pos amazon eu 2432 leeds,3
POS ROYAL MAIL 2472  STORE,exempt,pos royal mail 2472 store,0
IZ *ADOBE CREATIVE 3744  UK,standard_rate,iz adobe creative 3744 uk,3
Google Workspace 6910 Online Ltd,standard_rate,google workspace 6910 online ltd,3
DD GOOGLE WORKSPACE 2842 LONDON PLC,standard_rate,dd google workspace 2842 london plc,3
sq *amazon eu 9425 manchester direct,standard_rate,sq amazon eu 9425 manchester direct,3
payment to edf energy 1590 manchester ref-6251,reduced_rate,payment to edf energy 1590 manchester ref 6251,2
DD EON NEXT BRISTOL PLC,reduced_rate,dd eon next bristol plc,2
Royal Mail  Direct,exempt,royal mail direct,0
uber eats bristol,standard_rate,uber eats bristol,3
IZ *BRITISH GAS LONDON,reduced_rate,iz british gas london,2
Iz *Asda Supermarket 5358 Leeds Store,zero_rated,iz asda supermarket 5358 leeds store,4
POS HMRC PAYMENTS 5184 LEEDS STORE,outside_scope,pos hmrc payments 5184 leeds store,1
POS MICROSOFT 365  ONLINE REF-8915,standard_rate,pos microsoft 365 online ref 8915,3
CARD INTRA ACCOUNT TRANSFER 4534 BIRMINGHAM ONLINE,outside_scope,card intra account transfer 4534 birmingham online,1
Iz *Amazon Eu Online Direct,standard_rate,iz amazon eu online direct,3
POS INTRA ACCOUNT TRANSFER MANCHESTER UK,outside_scope,pos intra account transfer manchester uk,1
Payment To Linkedin Premium 5726 London Store,standard_rate,payment to linkedin premium 5726 london store,3
Card Uber Eats 6817 Uk Online,standard_rate,card uber eats 6817 uk online,3
LIDL GB 1258 LONDON UK,zero_rated,lidl gb 1258 london uk,4
Iz *Director Drawings 3262 Birmingham Store Ref-9077,outside_scope,iz director drawings 3262 birmingham store ref 9077,1
POS UBER EATS 9923  STORE REF-5311,standard_rate,pos uber eats 9923 store ref 5311,3
card octopus energy manchester online ref-3713,reduced_rate,card octopus energy manchester online ref 3713,2
"Jan 05 ADP Payroll Processing ACH-3301 8,450.00 32,259.05",standard_rate,jan 05 adp payroll processing ach 3301 8 450 00 32 259 05,3
Payment To Stationery Station  Ltd,standard_rate,payment to stationery station ltd,3
DD WATERSTONES 1114 ONLINE ONLINE REF-2875,zero_rated,dd waterstones 1114 online online ref 2875,4
payment to amazon uk london plc ref-8295,standard_rate,payment to amazon uk london plc ref 8295,3
DD DIRECTOR DRAWINGS 4457 MANCHESTER UK,outside_scope,dd director drawings 4457 manchester uk,1
CARD LINKEDIN PREMIUM 1690 LEEDS,standard_rate,card linkedin premium 1690 leeds,3
Dd Lner Tickets 9040 Online Direct,zero_rated,dd lner tickets 9040 online direct,4
Card Boots Uk Online Ltd,standard_rate,card boots uk online ltd,3
card tesco stores,zero_rated,card tesco stores,4
PAYROLL TRANSFER 3769  STORE REF-8711,outside_scope,payroll transfer 3769 store ref 8711,1
IZ *DIRECTOR DRAWINGS 577 LEEDS UK,outside_scope,iz director drawings 577 leeds uk,1
Quickbooks 6666 Leeds Plc,standard_rate,quickbooks 6666 leeds plc,3
AA BREAKDOWN 4424 BRISTOL ONLINE REF-7394,exempt,aa breakdown 4424 bristol online ref 7394,0
SQ *TESCO EXPRESS 7802 LONDON,zero_rated,sq tesco express 7802 london,4
Intra Account Transfer 6434 Uk Online,outside_scope,intra account transfer 6434 uk online,1
DD ADOBE CREATIVE 3110  DIRECT REF-8275,standard_rate,dd adobe creative 3110 direct ref 8275,3
SQ *GOOGLE WORKSPACE 6727  UK REF-2160,standard_rate,sq google workspace 6727 uk ref 2160,3
SQ *DIRECTOR DRAWINGS 2947 MANCHESTER UK,outside_scope,sq director drawings 2947 manchester uk,1
Payment To Director Drawings,outside_scope,payment to director drawings,1
dd asda supermarket 7596  plc,zero_rated,dd asda supermarket 7596 plc,4
SQ *HSBC BANK FEES 3815 BRISTOL UK,exempt,sq hsbc bank fees 3815 bristol uk,0
Iz *Asda Supermarket 5717  Ref-8419,zero_rated,iz asda supermarket 5717 ref 8419,4
Amazon Kindle 1576 Online Ltd Ref-2256,zero_rated,amazon kindle 1576 online ltd ref 2256,4
DD ALDI STORES 7287 GLASGOW UK REF-1349,zero_rated,dd aldi stores 7287 glasgow uk ref 1349,4
PAYMENT TO ADOBE CREATIVE 549 UK STORE REF-1688,standard_rate,payment to adobe creative 549 uk store ref 1688,3
Iz *Aldi Stores 8463 Bristol Online,zero_rated,iz aldi stores 8463 bristol online,4
HSBC BANK FEES BIRMINGHAM LTD,exempt,hsbc bank fees birmingham ltd,0
Dd Tfl Travel 4886 Bristol Uk Ref-6036,zero_rated,dd tfl travel 4886 bristol uk ref 6036,4
Sq *Hmrc Payments 6895  Uk,outside_scope,sq hmrc payments 6895 uk,1
Pos Westminster Council Uk Direct,outside_scope,pos westminster council uk direct,1
BOOTS UK ONLINE REF-9885,standard_rate,boots uk online ref 9885,3
IZ *AVIVA INSURANCE  LTD,exempt,iz aviva insurance ltd,0
DD AMAZON UK 9818  LTD,standard_rate,dd amazon uk 9818 ltd,3
Amazon Uk 8277  Direct,standard_rate,amazon uk 8277 direct,3
POS AMAZON KINDLE 7205 ONLINE,zero_rated,pos amazon kindle 7205 online,4
PAYMENT TO LNER TICKETS 5613 BIRMINGHAM DIRECT REF-1887,zero_rated,payment to lner tickets 5613 birmingham direct ref 1887,4
Aldi Stores London Store Ref-1086,zero_rated,aldi stores london store ref 1086,4
IZ *TFL TRAVEL 6832 LONDON PLC REF-3418,zero_rated,iz tfl travel 6832 london plc ref 3418,4
DD MICROSOFT 365 4791  REF-8840,standard_rate,dd microsoft 365 4791 ref 8840,3
sq *stationery station 408 leeds plc,standard_rate,sq stationery station 408 leeds plc,3
SQ *ASDA SUPERMARKET 712  STORE,zero_rated,sq asda supermarket 712 store,4
barclays bank uk online,exempt,barclays bank uk online,0
sq *tesco stores 7779 bristol online ref-7594,zero_rated,sq tesco stores 7779 bristol online ref 7594,4
IZ *WESTMINSTER COUNCIL 7465  DIRECT REF-1605,outside_scope,iz westminster council 7465 direct ref 1605,1
pos quickbooks  uk ref-1825,standard_rate,pos quickbooks uk ref 1825,3
DD AVIVA INSURANCE 9835 LEEDS LTD,exempt,dd aviva insurance 9835 leeds ltd,0
iz *tfl travel 5937 uk online ref-3327,zero_rated,iz tfl travel 5937 uk online ref 3327,4
PAYMENT TO EDF ENERGY 9957 MANCHESTER LTD,reduced_rate,payment to edf energy 9957 manchester ltd,2
card quickbooks 5079 manchester ltd,standard_rate,card quickbooks 5079 manchester ltd,3
CARD BRITISH GAS 8107  ONLINE,reduced_rate,card british gas 8107 online,2
IZ *SAGE SUBSCRIPTION 7497 MANCHESTER UK REF-1419,standard_rate,iz sage subscription 7497 manchester uk ref 1419,3
payment to director drawings,outside_scope,payment to director drawings,1
Pos Eon Next 1940  Store,reduced_rate,pos eon next 1940 store,2
Sq *Post Office Leeds Store Ref-7070,exempt,sq post office leeds store ref 7070,0
POS ASDA SUPERMARKET 4378 GLASGOW UK REF-5895,zero_rated,pos asda supermarket 4378 glasgow uk ref 5895,4
POS ASDA SUPERMARKET  UK REF-9849,zero_rated,pos asda supermarket uk ref 9849,4
POS OCTOPUS ENERGY LONDON UK REF-3411,reduced_rate,pos octopus energy london uk ref 3411,2
DD UBER EATS 4666 BIRMINGHAM REF-2600,standard_rate,dd uber eats 4666 birmingham ref 2600,3
Iz *Royal Mail 3613 Leeds Uk,exempt,iz royal mail 3613 leeds uk,0
CARD WESTMINSTER COUNCIL 5090 UK STORE,outside_scope,card westminster council 5090 uk store,1
PAYMENT TO TRAINLINE 4861  PLC REF-1693,zero_rated,payment to trainline 4861 plc ref 1693,4
IZ *DELIVEROO 8649 GLASGOW STORE REF-8603,standard_rate,iz deliveroo 8649 glasgow store ref 8603,3
Payment To Amazon Uk Leeds Ltd,standard_rate,payment to amazon uk leeds ltd,3
PAYMENT TO HMRC SHIPLEY 4009  ONLINE,outside_scope,payment to hmrc shipley 4009 online,1
dd edf energy  ref-6589,reduced_rate,dd edf energy ref 6589,2
Dd Tesco Express 5538  Uk,zero_rated,dd tesco express 5538 uk,4
POS ROYAL MAIL MANCHESTER LTD REF-9726,exempt,pos royal mail manchester ltd ref 9726,0
PAYMENT TO ROYAL MAIL 5694 BRISTOL ONLINE,exempt,payment to royal mail 5694 bristol online,0
iz *sainsburys 285  plc,zero_rated,iz sainsburys 285 plc,4
IZ *QUICKBOOKS 4415  STORE,standard_rate,iz quickbooks 4415 store,3
PAYMENT TO AMAZON EU ONLINE LTD,standard_rate,payment to amazon eu online ltd,3
"Utilities - Gas Peoples Gas 3 $2,040.00",standard_rate,utilities gas peoples gas 3 2 040 00,3
Sq *Amazon Uk 9641  Online,standard_rate,sq amazon uk 9641 online,3
Card Sage Subscription 4735  Store,standard_rate,card sage subscription 4735 store,3
ALDI STORES LONDON UK REF-5078,zero_rated,aldi stores london uk ref 5078,4
IZ *TESCO STORES 620 MANCHESTER ONLINE,zero_rated,iz tesco stores 620 manchester online,4
CARD DIRECTOR DRAWINGS 8556 LONDON UK REF-7769,outside_scope,card director drawings 8556 london uk ref 7769,1
"2026-02-18 UBER EATS TRANSFER 602.40 36,586.40",standard_rate,2026 02 18 uber eats transfer 602 40 36 586 40,3
CARD HMRC PAYMENTS 853 ONLINE,outside_scope,card hmrc payments 853 online,1
LINKEDIN PREMIUM 5535 ONLINE STORE,standard_rate,linkedin premium 5535 online store,3
CARD AVIVA INSURANCE 5512 LONDON ONLINE,exempt,card aviva insurance 5512 london online,0
IZ *AA BREAKDOWN 6619,exempt,iz aa breakdown 6619,0
WESTMINSTER COUNCIL 8420 LONDON STORE,outside_scope,westminster council 8420 london store,1
PAYMENT TO SAINSBURYS 1491 UK ONLINE,zero_rated,payment to sainsburys 1491 uk online,4
Amazon Kindle 9680 Manchester,zero_rated,amazon kindle 9680 manchester,4
POS INTRA ACCOUNT TRANSFER 3617  LTD,outside_scope,pos intra account transfer 3617 ltd,1
BOOTS UK 2017 ONLINE STORE,standard_rate,boots uk 2017 online store,3
PAYMENT TO SAINSBURYS ONLINE STORE,zero_rated,payment to sainsburys online store,4
POS BARCLAYS BANK 9425 MANCHESTER DIRECT,exempt,pos barclays bank 9425 manchester direct,0
CARD ASDA SUPERMARKET 6052 UK STORE REF-2868,zero_rated,card asda supermarket 6052 uk store ref 2868,4
OCTOPUS ENERGY LEEDS,reduced_rate,octopus energy leeds,2
IZ *TFL TRAVEL 5656 LONDON DIRECT REF-9690,zero_rated,iz tfl travel 5656 london direct ref 9690,4
Dd Boots Uk 4097  Online Ref-4800,standard_rate,dd boots uk 4097 online ref 4800,3
IZ *UBER EATS 7985 UK UK REF-2818,standard_rate,iz uber eats 7985 uk uk ref 2818,3
POS DIRECTOR DRAWINGS 8098 MANCHESTER LTD REF-5648,outside_scope,pos director drawings 8098 manchester ltd ref 5648,1
"Feb 14 POS Sales Deposit - Valentine's DEP-0214 22,400.00 82,904.80",standard_rate,feb 14 pos sales deposit valentine s dep 0214 22 400 00 82 904 80,3
POS POST OFFICE 2512  ONLINE,exempt,pos post office 2512 online,0
IZ *POST OFFICE 1867 BIRMINGHAM ONLINE,exempt,iz post office 1867 birmingham online,0
POS TRAINLINE  STORE REF-4915,zero_rated,pos trainline store ref 4915,4
DD GOOGLE WORKSPACE 3980  REF-1432,standard_rate,dd google workspace 3980 ref 1432,3
"This statement is for the period January 1 - March 31, 2024. Questions? Call 1-800-555-0199",standard_rate,this statement is for the period january 1 march 31 2024 questions call 1 800 555 0199,3
03/06/2025 03/06/2025 5678 WALMART SUPERCENTER #4421 FoodCost $233.41,standard_rate,03 06 2025 03 06 2025 5678 walmart supercenter 4421 foodcost 233 41,3
DD TFL TRAVEL 5936 GLASGOW ONLINE,zero_rated,dd tfl travel 5936 glasgow online,4
IZ *BOOTS UK LEEDS,standard_rate,iz boots uk leeds,3
DIRECTOR DRAWINGS 4088  STORE REF-5879,outside_scope,director drawings 4088 store ref 5879,1
CARD BARCLAYS BANK LONDON DIRECT REF-9782,exempt,card barclays bank london direct ref 9782,0
PAYMENT TO AVIVA INSURANCE  UK,exempt,payment to aviva insurance uk,0
Iz *Eon Next 753 Online Online,reduced_rate,iz eon next 753 online online,2
CARD AMAZON EU LONDON ONLINE,standard_rate,card amazon eu london online,3
IZ *TESCO STORES 4789 UK LTD REF-4770,zero_rated,iz tesco stores 4789 uk ltd ref 4770,4
sq *boots uk  direct ref-8039,standard_rate,sq boots uk direct ref 8039,3
DD DELIVEROO  LTD,standard_rate,dd deliveroo ltd,3
Pos Linkedin Premium 7427 Bristol Uk Ref-2304,standard_rate,pos linkedin premium 7427 bristol uk ref 2304,3
pos tesco stores 9360  store,zero_rated,pos tesco stores 9360 store,4
NATIONAL EXPRESS LEEDS PLC REF-9419,zero_rated,national express leeds plc ref 9419,4
CARD LNER TICKETS ONLINE STORE,zero_rated,card lner tickets online store,4
POS SAINSBURYS 426  LTD,zero_rated,pos sainsburys 426 ltd,4
dd intra account transfer 9219  direct,outside_scope,dd intra account transfer 9219 direct,1
POS UBER EATS 5874  ONLINE REF-2930,standard_rate,pos uber eats 5874 online ref 2930,3
PAYMENT TO LINKEDIN PREMIUM 2304 GLASGOW UK,standard_rate,payment to linkedin premium 2304 glasgow uk,3
SQ *WESTMINSTER COUNCIL 5938  UK REF-1313,outside_scope,sq westminster council 5938 uk ref 1313,1
pos sainsburys uk plc ref-2975,zero_rated,pos sainsburys uk plc ref 2975,4
SQ *LNER TICKETS  ONLINE REF-9795,zero_rated,sq lner tickets online ref 9795,4
IZ *BRITISH GAS 9284 LONDON ONLINE,reduced_rate,iz british gas 9284 london online,2
POS ROYAL MAIL BIRMINGHAM UK,exempt,pos royal mail birmingham uk,0
CARD PAYROLL TRANSFER 9323  STORE REF-3740,outside_scope,card payroll transfer 9323 store ref 3740,1
Dd Sage Subscription Online Direct,standard_rate,dd sage subscription online direct,3
IZ *OCTOPUS ENERGY 9774 ONLINE ONLINE REF-4222,reduced_rate,iz octopus energy 9774 online online ref 4222,2
SQ *DELIVEROO 6946 MANCHESTER LTD,standard_rate,sq deliveroo 6946 manchester ltd,3
pos amazon kindle 1256 birmingham uk ref-5413,zero_rated,pos amazon kindle 1256 birmingham uk ref 5413,4
DD HMRC SHIPLEY ONLINE UK REF-6056,outside_scope,dd hmrc shipley online uk ref 6056,1
SQ *HSBC BANK FEES 1392 BRISTOL,exempt,sq hsbc bank fees 1392 bristol,0
STATIONERY STATION 159 MANCHESTER LTD,standard_rate,stationery station 159 manchester ltd,3
DD BARCLAYS BANK 3317  UK,exempt,dd barclays bank 3317 uk,0
"2026-01-03 SQUARE *LOUISVILLE BBQ DEPOSIT 3,120.40 24,460.95",standard_rate,2026 01 03 square louisville bbq deposit 3 120 40 24 460 95,3
IZ *INTRA ACCOUNT TRANSFER ONLINE STORE REF-6022,outside_scope,iz intra account transfer online store ref 6022,1
UBER EATS 8984  PLC,standard_rate,uber eats 8984 plc,3
PAYMENT TO NATIONAL EXPRESS BIRMINGHAM ONLINE,zero_rated,payment to national express birmingham online,4
03/21/2025 03/21/2025 5678 VERIZON WIRELESS Utilities $145.69,standard_rate,03 21 2025 03 21 2025 5678 verizon wireless utilities 145 69,3
POS HMRC SHIPLEY 3659 BRISTOL UK REF-6487,outside_scope,pos hmrc shipley 3659 bristol uk ref 6487,1
CARD BARCLAYS BANK 5309  DIRECT,exempt,card barclays bank 5309 direct,0
POS POST OFFICE 487 BRISTOL STORE,exempt,pos post office 487 bristol store,0
CARD ALDI STORES 6310  DIRECT REF-1306,zero_rated,card aldi stores 6310 direct ref 1306,4
PAYMENT TO HMRC SHIPLEY  UK,outside_scope,payment to hmrc shipley uk,1
IZ *LNER TICKETS 4737 ONLINE LTD REF-7165,zero_rated,iz lner tickets 4737 online ltd ref 7165,4
PAYMENT TO AMAZON EU 8908 ONLINE DIRECT,standard_rate,payment to amazon eu 8908 online direct,3
DD INTRA ACCOUNT TRANSFER UK PLC,outside_scope,dd intra account transfer uk plc,1
SQ *OCTOPUS ENERGY 8448 BIRMINGHAM REF-3576,reduced_rate,sq octopus energy 8448 birmingham ref 3576,2
DD HMRC PAYMENTS 9794  PLC REF-7388,outside_scope,dd hmrc payments 9794 plc ref 7388,1
DD PAYROLL TRANSFER 3095 BIRMINGHAM UK,outside_scope,dd payroll transfer 3095 birmingham uk,1
Sq *Google Workspace 1818 Online,standard_rate,sq google workspace 1818 online,3
Sq *Lner Tickets 8033 Manchester Direct Ref-2070,zero_rated,sq lner tickets 8033 manchester direct ref 2070,4
LIDL GB 1280  STORE,zero_rated,lidl gb 1280 store,4
DD ADOBE CREATIVE 3864 LEEDS LTD,standard_rate,dd adobe creative 3864 leeds ltd,3
POS OCTOPUS ENERGY 4728  DIRECT REF-6242,reduced_rate,pos octopus energy 4728 direct ref 6242,2
DD TESCO EXPRESS 6663 ONLINE UK,zero_rated,dd tesco express 6663 online uk,4
"2026-01-11 CLOVER SALES DEPOSIT 3,215.60 24,476.35",standard_rate,2026 01 11 clover sales deposit 3 215 60 24 476 35,3
Member FDIC | www.firsttrustbank.com | 1-800-555-0199,standard_rate,member fdic www firsttrustbank com 1 800 555 0199,3
Card Asda Supermarket  Uk,zero_rated,card asda supermarket uk,4
DD BARCLAYS BANK 1688 GLASGOW DIRECT,exempt,dd barclays bank 1688 glasgow direct,0
dd asda supermarket 2636 london store,zero_rated,dd asda supermarket 2636 london store,4
PAYMENT TO AVIVA INSURANCE LEEDS ONLINE,exempt,payment to aviva insurance leeds online,0
PAYROLL TRANSFER ONLINE UK,outside_scope,payroll transfer online uk,1
Payment To Boots Uk 6222 Glasgow Plc,standard_rate,payment to boots uk 6222 glasgow plc,3
Pos Boots Uk Manchester Ltd Ref-2233,standard_rate,pos boots uk manchester ltd ref 2233,3
IZ *WESTMINSTER COUNCIL  UK REF-8319,outside_scope,iz westminster council uk ref 8319,1
Dd Tesco Stores,zero_rated,dd tesco stores,4
CARD DELIVEROO 4243  LTD,standard_rate,card deliveroo 4243 ltd,3
PAYMENT TO BARCLAYS BANK 8331 ONLINE STORE REF-1764,exempt,payment to barclays bank 8331 online store ref 1764,0
TESCO STORES 3602  PLC REF-1960,zero_rated,tesco stores 3602 plc ref 1960,4
Sq *Sainsburys 5983 London Plc,zero_rated,sq sainsburys 5983 london plc,4
CARD LINKEDIN PREMIUM 1735 MANCHESTER LTD REF-7672,standard_rate,card linkedin premium 1735 manchester ltd ref 7672,3
EON NEXT 8481 GLASGOW ONLINE REF-8209,reduced_rate,eon next 8481 glasgow online ref 8209,2
PAYMENT TO AMAZON UK 7860 LEEDS,standard_rate,payment to amazon uk 7860 leeds,3
"Feb 14 POS Sales Deposit - Valentine's DEP-0214 22,400.00 82,904.80",standard_rate,feb 14 pos sales deposit valentine s dep 0214 22 400 00 82 904 80,3
CARD AMAZON KINDLE BRISTOL ONLINE,zero_rated,card amazon kindle bristol online,4
"TOTAL REVENUE (POS Deposits) 18 $187,450.00",standard_rate,total revenue pos deposits 18 187 450 00,3
SQ *TESCO EXPRESS 2247 LONDON,zero_rated,sq tesco express 2247 london,4
POS PAYROLL TRANSFER MANCHESTER LTD,outside_scope,pos payroll transfer manchester ltd,1
Dd Intra Account Transfer Uk Ref-4698,outside_scope,dd intra account transfer uk ref 4698,1
amazon uk 6488  uk ref-4865,standard_rate,amazon uk 6488 uk ref 4865,3
SQ *LINKEDIN PREMIUM 4362 UK,standard_rate,sq linkedin premium 4362 uk,3
"Jan 06 POS Sales Deposit - Daily DEP-0106 4,105.75 36,364.80",standard_rate,jan 06 pos sales deposit daily dep 0106 4 105 75 36 364 80,3
Payment To Eon Next  Ref-3480,reduced_rate,payment to eon next ref 3480,2
card tesco stores 6724 online direct ref-8657,zero_rated,card tesco stores 6724 online direct ref 8657,4
Card National Express 6734 Manchester Store,zero_rated,card national express 6734 manchester store,4
Sq *Amazon Uk 7239 Bristol Ref-6169,standard_rate,sq amazon uk 7239 bristol ref 6169,3
DD AMAZON EU 4596  ONLINE,standard_rate,dd amazon eu 4596 online,3
payment to octopus energy 5715  ltd ref-7096,reduced_rate,payment to octopus energy 5715 ltd ref 7096,2
card waterstones  ref-6400,zero_rated,card waterstones ref 6400,4
octopus energy  online,reduced_rate,octopus energy online,2
SQ *LIDL GB 2544 LONDON,zero_rated,sq lidl gb 2544 london,4
sq *waterstones 9622  store ref-5749,zero_rated,sq waterstones 9622 store ref 5749,4
IZ *BRITISH GAS BIRMINGHAM ONLINE REF-8763,reduced_rate,iz british gas birmingham online ref 8763,2
CARD BARCLAYS BANK 6650 UK,exempt,card barclays bank 6650 uk,0
POS LNER TICKETS 4430  DIRECT REF-7003,zero_rated,pos lner tickets 4430 direct ref 7003,4
Aviva Insurance 389 Uk Store,exempt,aviva insurance 389 uk store,0
DD OCTOPUS ENERGY 4561 GLASGOW PLC,reduced_rate,dd octopus energy 4561 glasgow plc,2
Iz *Boots Uk 9778 Uk Plc,standard_rate,iz boots uk 9778 uk plc,3
UBER EATS 5481  UK REF-1394,standard_rate,uber eats 5481 uk ref 1394,3
PAYMENT TO SAGE SUBSCRIPTION  PLC REF-1992,standard_rate,payment to sage subscription plc ref 1992,3
ALDI STORES 1567  DIRECT,zero_rated,aldi stores 1567 direct,4
PAYMENT TO HMRC PAYMENTS MANCHESTER STORE REF-5650,outside_scope,payment to hmrc payments manchester store ref 5650,1
Pos Amazon Eu 5634 Bristol Direct Ref-8786,standard_rate,pos amazon eu 5634 bristol direct ref 8786,3
PAYMENT TO QUICKBOOKS MANCHESTER REF-4568,standard_rate,payment to quickbooks manchester ref 4568,3
POS BOOTS UK 9096 LEEDS,standard_rate,pos boots uk 9096 leeds,3
POS AMAZON EU 4090  UK REF-1981,standard_rate,pos amazon eu 4090 uk ref 1981,3
POS EDF ENERGY  PLC,reduced_rate,pos edf energy plc,2
Card Sainsburys 123 London Online Ref-7164,zero_rated,card sainsburys 123 london online ref 7164,4
DD ASDA SUPERMARKET GLASGOW UK,zero_rated,dd asda supermarket glasgow uk,4
PAYMENT TO SAINSBURYS LEEDS UK,zero_rated,payment to sainsburys leeds uk,4
LIDL GB 1262 GLASGOW ONLINE REF-9728,zero_rated,lidl gb 1262 glasgow online ref 9728,4
Iz *Westminster Council Glasgow Ref-3089,outside_scope,iz westminster council glasgow ref 3089,1
PAYMENT TO BOOTS UK 4885  UK REF-2183,standard_rate,payment to boots uk 4885 uk ref 2183,3
CARD TFL TRAVEL LEEDS REF-7763,zero_rated,card tfl travel leeds ref 7763,4
CARD GOOGLE WORKSPACE 9476 LONDON ONLINE REF-6961,standard_rate,card google workspace 9476 london online ref 6961,3
IZ *BRITISH GAS 5257 MANCHESTER STORE REF-1628,reduced_rate,iz british gas 5257 manchester store ref 1628,2
SQ *BARCLAYS BANK  UK,exempt,sq barclays bank uk,0
CARD WESTMINSTER COUNCIL 8169 MANCHESTER STORE,outside_scope,card westminster council 8169 manchester store,1
Card Trainline  Uk Ref-5749,zero_rated,card trainline uk ref 5749,4
Card Sage Subscription 5586 Online Online,standard_rate,card sage subscription 5586 online online,3
"Jan 12 Peoples Gas - Utilities ACH-4410 620.00 46,984.80",standard_rate,jan 12 peoples gas utilities ach 4410 620 00 46 984 80,3
PAYMENT TO BOOTS UK,standard_rate,payment to boots uk,3
PAYMENT TO BARCLAYS BANK  LTD REF-8277,exempt,payment to barclays bank ltd ref 8277,0
Card Barclays Bank 3650 Birmingham Direct Ref-6224,exempt,card barclays bank 3650 birmingham direct ref 6224,0
SQ *ASDA SUPERMARKET 9482 BRISTOL LTD,zero_rated,sq asda supermarket 9482 bristol ltd,4
Dd Barclays Bank 4398  Ref-7923,exempt,dd barclays bank 4398 ref 7923,0
Card Linkedin Premium 4004 Leeds Online,standard_rate,card linkedin premium 4004 leeds online,3
Payment To Sage Subscription 1186  Direct,standard_rate,payment to sage subscription 1186 direct,3
POS POST OFFICE 1540 BRISTOL DIRECT REF-2656,exempt,pos post office 1540 bristol direct ref 2656,0
POS EDF ENERGY  DIRECT REF-6023,reduced_rate,pos edf energy direct ref 6023,2
payment to microsoft 365 4564 glasgow direct,standard_rate,payment to microsoft 365 4564 glasgow direct,3
CARD LINKEDIN PREMIUM 6809 ONLINE ONLINE REF-9231,standard_rate,card linkedin premium 6809 online online ref 9231,3
UBER EATS 9280  STORE REF-9243,standard_rate,uber eats 9280 store ref 9243,3
DD AVIVA INSURANCE 1825 UK ONLINE REF-5067,exempt,dd aviva insurance 1825 uk online ref 5067,0
CARD LIDL GB  UK REF-8424,zero_rated,card lidl gb uk ref 8424,4
card amazon eu 6831  store,standard_rate,card amazon eu 6831 store,3
DD HMRC SHIPLEY 5969 BIRMINGHAM LTD REF-7546,outside_scope,dd hmrc shipley 5969 birmingham ltd ref 7546,1
card aa breakdown 5899 online online,exempt,card aa breakdown 5899 online online,0
PAYMENT TO HSBC BANK FEES  STORE REF-8293,exempt,payment to hsbc bank fees store ref 8293,0
SQ *BOOTS UK 4903  UK REF-8087,standard_rate,sq boots uk 4903 uk ref 8087,3
POS ALDI STORES BIRMINGHAM LTD,zero_rated,pos aldi stores birmingham ltd,4
Card Uber Eats 2486  Plc,standard_rate,card uber eats 2486 plc,3
Payment To Uber Eats 2250 Online Direct Ref-3610,standard_rate,payment to uber eats 2250 online direct ref 3610,3
DD HSBC BANK FEES 7198 LONDON UK REF-8792,exempt,dd hsbc bank fees 7198 london uk ref 8792,0
IZ *UBER EATS 5117 ONLINE PLC,standard_rate,iz uber eats 5117 online plc,3
PAYMENT TO DIRECTOR DRAWINGS 7834 LONDON STORE,outside_scope,payment to director drawings 7834 london store,1
PAYMENT TO BARCLAYS BANK 4844  LTD,exempt,payment to barclays bank 4844 ltd,0
Payment To Payroll Transfer 6738 London Direct Ref-8750,outside_scope,payment to payroll transfer 6738 london direct ref 8750,1
IZ *AA BREAKDOWN 5585 ONLINE,exempt,iz aa breakdown 5585 online,0
Pos Xero Software 6477  Direct,standard_rate,pos xero software 6477 direct,3
IZ *QUICKBOOKS 648  ONLINE REF-7104,standard_rate,iz quickbooks 648 online ref 7104,3
POST OFFICE 1894 MANCHESTER ONLINE,exempt,post office 1894 manchester online,0
sq *aviva insurance 8379 birmingham uk,exempt,sq aviva insurance 8379 birmingham uk,0
Sq *Uber Eats  Direct,standard_rate,sq uber eats direct,3
POS POST OFFICE BIRMINGHAM,exempt,pos post office birmingham,0
TFL TRAVEL 1986 LONDON STORE REF-1710,zero_rated,tfl travel 1986 london store ref 1710,4
iz *trainline manchester,zero_rated,iz trainline manchester,4
payment to westminster council glasgow direct,outside_scope,payment to westminster council glasgow direct,1
PAYMENT TO TRAINLINE 3402 BRISTOL ONLINE REF-3390,zero_rated,payment to trainline 3402 bristol online ref 3390,4
PAYMENT TO HMRC PAYMENTS 7134 GLASGOW STORE,outside_scope,payment to hmrc payments 7134 glasgow store,1
IZ *AA BREAKDOWN 2205 ONLINE UK REF-9458,exempt,iz aa breakdown 2205 online uk ref 9458,0
DD STATIONERY STATION 2007  UK,standard_rate,dd stationery station 2007 uk,3
"2026-02-20 DOORDASH TRANSFER 540.15 39,925.80",standard_rate,2026 02 20 doordash transfer 540 15 39 925 80,3
AMAZON UK 6680 MANCHESTER STORE REF-3692,standard_rate,amazon uk 6680 manchester store ref 3692,3
DD LINKEDIN PREMIUM 9694,standard_rate,dd linkedin premium 9694,3
SQ *WATERSTONES 5526  PLC,zero_rated,sq waterstones 5526 plc,4
POS ROYAL MAIL 7280  STORE REF-5820,exempt,pos royal mail 7280 store ref 5820,0
Payment To Octopus Energy  Store,reduced_rate,payment to octopus energy store,2
PAYMENT TO TFL TRAVEL 1486 BRISTOL PLC REF-7230,zero_rated,payment to tfl travel 1486 bristol plc ref 7230,4
pos edf energy bristol plc,reduced_rate,pos edf energy bristol plc,2
Dd Xero Software  Online,standard_rate,dd xero software online,3
stationery station 5623 uk online,standard_rate,stationery station 5623 uk online,3
payment to adobe creative glasgow ltd,standard_rate,payment to adobe creative glasgow ltd,3
SQ *TFL TRAVEL 3863  LTD,zero_rated,sq tfl travel 3863 ltd,4
DD ASDA SUPERMARKET 2997,zero_rated,dd asda supermarket 2997,4
dd national express 4554 bristol store ref-1664,zero_rated,dd national express 4554 bristol store ref 1664,4
DIRECTOR DRAWINGS 2632  DIRECT,outside_scope,director drawings 2632 direct,1
SQ *DIRECTOR DRAWINGS 8039 GLASGOW DIRECT,outside_scope,sq director drawings 8039 glasgow direct,1
SQ *TESCO EXPRESS 3585  UK,zero_rated,sq tesco express 3585 uk,4
PAYMENT TO AMAZON UK UK,standard_rate,payment to amazon uk uk,3
IZ *BRITISH GAS 6255 ONLINE LTD,reduced_rate,iz british gas 6255 online ltd,2
PAYMENT TO AMAZON UK 8879 MANCHESTER PLC,standard_rate,payment to amazon uk 8879 manchester plc,3
card aviva insurance manchester online ref-8795,exempt,card aviva insurance manchester online ref 8795,0
POS EON NEXT 9919 UK LTD REF-5134,reduced_rate,pos eon next 9919 uk ltd ref 5134,2
CARD XERO SOFTWARE 7976  PLC REF-7388,standard_rate,card xero software 7976 plc ref 7388,3
Sq *National Express 5833 Glasgow Plc Ref-2081,zero_rated,sq national express 5833 glasgow plc ref 2081,4
NATIONAL EXPRESS UK,zero_rated,national express uk,4
BRITISH GAS 5431,reduced_rate,british gas 5431,2
ALDI STORES 9540  DIRECT REF-2562,zero_rated,aldi stores 9540 direct ref 2562,4
DD LNER TICKETS 8342 UK UK,zero_rated,dd lner tickets 8342 uk uk,4
POST OFFICE LEEDS UK,exempt,post office leeds uk,0
PAYMENT TO INTRA ACCOUNT TRANSFER 4788 BRISTOL ONLINE,outside_scope,payment to intra account transfer 4788 bristol online,1
DD NATIONAL EXPRESS 7415  LTD,zero_rated,dd national express 7415 ltd,4
CARD AMAZON EU 3585 GLASGOW,standard_rate,card amazon eu 3585 glasgow,3
SQ *TESCO EXPRESS 810 LEEDS LTD REF-9543,zero_rated,sq tesco express 810 leeds ltd ref 9543,4
Iz *Edf Energy 8777 Manchester Store,reduced_rate,iz edf energy 8777 manchester store,2
AMAZON KINDLE 323  LTD REF-4874,zero_rated,amazon kindle 323 ltd ref 4874,4
IZ *QUICKBOOKS 6128  PLC REF-8126,standard_rate,iz quickbooks 6128 plc ref 8126,3
"****4821 31, 2025",standard_rate,4821 31 2025,3
DD HSBC BANK FEES  STORE,exempt,dd hsbc bank fees store,0
CARD BRITISH GAS 3869 ONLINE STORE,reduced_rate,card british gas 3869 online store,2
WATERSTONES 5765 BRISTOL DIRECT,zero_rated,waterstones 5765 bristol direct,4
SQ *TRAINLINE 1548  PLC REF-1446,zero_rated,sq trainline 1548 plc ref 1446,4
PAYMENT TO LIDL GB ONLINE STORE REF-8454,zero_rated,payment to lidl gb online store ref 8454,4
IZ *POST OFFICE 979 ONLINE UK,exempt,iz post office 979 online uk,0
CARD LIDL GB 6886 ONLINE PLC,zero_rated,card lidl gb 6886 online plc,4
PAYMENT TO AMAZON UK 7212 GLASGOW LTD REF-2522,standard_rate,payment to amazon uk 7212 glasgow ltd ref 2522,3
DD POST OFFICE 3739 MANCHESTER ONLINE,exempt,dd post office 3739 manchester online,0
"2026-02-25 GRUBHUB TRANSFER 365.90 36,165.94",standard_rate,2026 02 25 grubhub transfer 365 90 36 165 94,3
CARD TFL TRAVEL 3794 LEEDS,zero_rated,card tfl travel 3794 leeds,4
AMAZON EU 1869 GLASGOW LTD,standard_rate,amazon eu 1869 glasgow ltd,3
"Feb 16 ADP Payroll Processing ACH-3304 8,450.00 61,954.80",standard_rate,feb 16 adp payroll processing ach 3304 8 450 00 61 954 80,3
SQ *AVIVA INSURANCE 8837 ONLINE STORE REF-2681,exempt,sq aviva insurance 8837 online store ref 2681,0
EON NEXT BIRMINGHAM STORE REF-2144,reduced_rate,eon next birmingham store ref 2144,2
"Jan 04 POS Sales Deposit - Daily DEP-0104 3,210.50 40,709.05",standard_rate,jan 04 pos sales deposit daily dep 0104 3 210 50 40 709 05,3
CARD HMRC PAYMENTS 2275  STORE,outside_scope,card hmrc payments 2275 store,1
IZ *ADOBE CREATIVE  DIRECT,standard_rate,iz adobe creative direct,3
DD QUICKBOOKS 3309 LONDON,standard_rate,dd quickbooks 3309 london,3
OCTOPUS ENERGY 4551 LONDON STORE,reduced_rate,octopus energy 4551 london store,2
CARD WESTMINSTER COUNCIL 6781 BIRMINGHAM LTD REF-6140,outside_scope,card westminster council 6781 birmingham ltd ref 6140,1
DD OCTOPUS ENERGY 8365 LEEDS REF-9113,reduced_rate,dd octopus energy 8365 leeds ref 9113,2
IZ *NATIONAL EXPRESS,zero_rated,iz national express,4
PAYMENT TO BARCLAYS BANK  DIRECT,exempt,payment to barclays bank direct,0
card payroll transfer 3274  plc,outside_scope,card payroll transfer 3274 plc,1
SQ *GOOGLE WORKSPACE 5747  REF-9023,standard_rate,sq google workspace 5747 ref 9023,3
SQ *GOOGLE WORKSPACE 1627  STORE REF-3416,standard_rate,sq google workspace 1627 store ref 3416,3
payment to payroll transfer 7635  uk,outside_scope,payment to payroll transfer 7635 uk,1
IZ *WESTMINSTER COUNCIL 3028  LTD,outside_scope,iz westminster council 3028 ltd,1
POS UBER EATS 445  DIRECT REF-9179,standard_rate,pos uber eats 445 direct ref 9179,3
IZ *AVIVA INSURANCE GLASGOW DIRECT REF-4955,exempt,iz aviva insurance glasgow direct ref 4955,0
OCTOPUS ENERGY ONLINE PLC REF-6481,reduced_rate,octopus energy online plc ref 6481,2
IZ *INTRA ACCOUNT TRANSFER  UK,outside_scope,iz intra account transfer uk,1
POS QUICKBOOKS 1844  UK,standard_rate,pos quickbooks 1844 uk,3
Iz *Amazon Eu Manchester Direct,standard_rate,iz amazon eu manchester direct,3
SQ *OCTOPUS ENERGY 5047 BIRMINGHAM,reduced_rate,sq octopus energy 5047 birmingham,2
SQ *LINKEDIN PREMIUM 1159 MANCHESTER ONLINE,standard_rate,sq linkedin premium 1159 manchester online,3
PAYMENT TO DIRECTOR DRAWINGS 6088 LEEDS ONLINE REF-5350,outside_scope,payment to director drawings 6088 leeds online ref 5350,1
SQ *ASDA SUPERMARKET 6268 BRISTOL REF-8520,zero_rated,sq asda supermarket 6268 bristol ref 8520,4
PAYMENT TO WATERSTONES 7256 BIRMINGHAM STORE,zero_rated,payment to waterstones 7256 birmingham store,4
"2025-03-14 LOUISVILLE WATER CO 72.23 18,836.11",standard_rate,2025 03 14 louisville water co 72 23 18 836 11,3
PAYMENT TO LNER TICKETS 2825,zero_rated,payment to lner tickets 2825,4
Card Lidl Gb  Ref-5981,zero_rated,card lidl gb ref 5981,4
DD TESCO STORES  STORE REF-4750,zero_rated,dd tesco stores store ref 4750,4
"2026-02-04 CLOVER SALES DEPOSIT 2,755.30 34,879.36",standard_rate,2026 02 04 clover sales deposit 2 755 30 34 879 36,3
PAYMENT TO HMRC SHIPLEY  ONLINE,outside_scope,payment to hmrc shipley online,1
pos aa breakdown 4428 london ref-7439,exempt,pos aa breakdown 4428 london ref 7439,0
HMRC SHIPLEY 7799 LEEDS UK REF-1278,outside_scope,hmrc shipley 7799 leeds uk ref 1278,1
Card Aldi Stores 3112 Uk Online Ref-3048,zero_rated,card aldi stores 3112 uk online ref 3048,4
PAYMENT TO AVIVA INSURANCE ONLINE PLC,exempt,payment to aviva insurance online plc,0
IZ *LNER TICKETS 1934 UK ONLINE,zero_rated,iz lner tickets 1934 uk online,4
"Labor ADP Payroll Processing 6 $50,700.00",standard_rate,labor adp payroll processing 6 50 700 00,3
Sq *Hmrc Payments 2995 Leeds Plc,outside_scope,sq hmrc payments 2995 leeds plc,1
SQ *TESCO STORES BRISTOL DIRECT,zero_rated,sq tesco stores bristol direct,4
Dd National Express 7267 Uk Ref-8156,zero_rated,dd national express 7267 uk ref 8156,4
POS NATIONAL EXPRESS 5713  PLC REF-5396,zero_rated,pos national express 5713 plc ref 5396,4
Payment To Xero Software 8523 Online Store,standard_rate,payment to xero software 8523 online store,3
POS NATIONAL EXPRESS 2552 BRISTOL LTD REF-2787,zero_rated,pos national express 2552 bristol ltd ref 2787,4
PAYMENT TO ROYAL MAIL MANCHESTER LTD,exempt,payment to royal mail manchester ltd,0
DD HMRC PAYMENTS MANCHESTER PLC,outside_scope,dd hmrc payments manchester plc,1
Pos Trainline Manchester Plc,zero_rated,pos trainline manchester plc,4
DD LIDL GB 5716 GLASGOW REF-6346,zero_rated,dd lidl gb 5716 glasgow ref 6346,4
DD EDF ENERGY LONDON STORE,reduced_rate,dd edf energy london store,2
PAYMENT TO XERO SOFTWARE 8868  REF-8731,standard_rate,payment to xero software 8868 ref 8731,3
Sq *Aldi Stores 8766  Ltd Ref-8924,zero_rated,sq aldi stores 8766 ltd ref 8924,4
IZ *HMRC PAYMENTS 9456  REF-6914,outside_scope,iz hmrc payments 9456 ref 6914,1
"FirstTrust Commercial Bank | Member FDIC | Equal Housing Lender Generated: April 1, 2024",standard_rate,firsttrust commercial bank member fdic equal housing lender generated april 1 2024,3
INTRA ACCOUNT TRANSFER GLASGOW PLC REF-6308,outside_scope,intra account transfer glasgow plc ref 6308,1
IZ *SAGE SUBSCRIPTION 4594  UK,standard_rate,iz sage subscription 4594 uk,3
payment to intra account transfer 9307  direct,outside_scope,payment to intra account transfer 9307 direct,1
IZ *MICROSOFT 365 9301  PLC REF-4389,standard_rate,iz microsoft 365 9301 plc ref 4389,3
"Mar 22 POS Sales Deposit - Weekly DEP-0322 17,450.00 85,354.80",standard_rate,mar 22 pos sales deposit weekly dep 0322 17 450 00 85 354 80,3
Pos Director Drawings 5254  Store,outside_scope,pos director drawings 5254 store,1
"2025-03-19 HEARTLAND PAYROLL 3,648.77 19,537.11",standard_rate,2025 03 19 heartland payroll 3 648 77 19 537 11,3
POS DELIVEROO 2221 UK UK,standard_rate,pos deliveroo 2221 uk uk,3
DD ASDA SUPERMARKET 7120 MANCHESTER PLC,zero_rated,dd asda supermarket 7120 manchester plc,4
POS AMAZON UK  LTD,standard_rate,pos amazon uk ltd,3
IZ *QUICKBOOKS  REF-6702,standard_rate,iz quickbooks ref 6702,3
PAYMENT TO POST OFFICE 747  PLC REF-2111,exempt,payment to post office 747 plc ref 2111,0
PAYMENT TO DELIVEROO 615 LONDON PLC,standard_rate,payment to deliveroo 615 london plc,3
CARD BOOTS UK 6076 MANCHESTER UK REF-7822,standard_rate,card boots uk 6076 manchester uk ref 7822,3
Westminster Council 1407 Bristol Ltd,outside_scope,westminster council 1407 bristol ltd,1
Tesco Stores 4477  Direct Ref-5634,zero_rated,tesco stores 4477 direct ref 5634,4
POS HMRC SHIPLEY 9727 GLASGOW STORE,outside_scope,pos hmrc shipley 9727 glasgow store,1
POS POST OFFICE LONDON REF-3935,exempt,pos post office london ref 3935,0
"2026-02-11 CLOVER SALES DEPOSIT 3,055.15 34,583.00",standard_rate,2026 02 11 clover sales deposit 3 055 15 34 583 00,3
HSBC BANK FEES LEEDS PLC,exempt,hsbc bank fees leeds plc,0
DD TESCO STORES LEEDS ONLINE,zero_rated,dd tesco stores leeds online,4
iz *tesco stores leeds uk ref-9837,zero_rated,iz tesco stores leeds uk ref 9837,4
pos xero software bristol store,standard_rate,pos xero software bristol store,3
DD TESCO STORES 1227  STORE REF-7054,zero_rated,dd tesco stores 1227 store ref 7054,4
POS HMRC PAYMENTS 9543 LEEDS ONLINE,outside_scope,pos hmrc payments 9543 leeds online,1
iz *trainline 5629 london ltd,zero_rated,iz trainline 5629 london ltd,4
Sainsburys 3570  Uk Ref-2922,zero_rated,sainsburys 3570 uk ref 2922,4
payment to sainsburys 6537 glasgow store,zero_rated,payment to sainsburys 6537 glasgow store,4
Sq *Quickbooks 8169 London Store,standard_rate,sq quickbooks 8169 london store,3
"Mar 12 US Foods - Meat & Dairy ACH-9923 3,680.00 76,714.80",standard_rate,mar 12 us foods meat dairy ach 9923 3 680 00 76 714 80,3
AMAZON EU 2603 BRISTOL LTD,standard_rate,amazon eu 2603 bristol ltd,3
IZ *LNER TICKETS 2153 BRISTOL PLC REF-4568,zero_rated,iz lner tickets 2153 bristol plc ref 4568,4
PAYMENT TO TFL TRAVEL ONLINE LTD,zero_rated,payment to tfl travel online ltd,4
PAYMENT TO INTRA ACCOUNT TRANSFER 8735  UK REF-2073,outside_scope,payment to intra account transfer 8735 uk ref 2073,1
"2025-03-26 COMCAST BUSINESS 163.10 34,694.38",standard_rate,2025 03 26 comcast business 163 10 34 694 38,3
Card Tesco Express 6028 Uk Plc,zero_rated,card tesco express 6028 uk plc,4
Pos Tesco Express Glasgow Direct Ref-3981,zero_rated,pos tesco express glasgow direct ref 3981,4
03/05/2025 DOORDASH FEE PLATFORM DOORDASH FEE PLATFORM $85.01,standard_rate,03 05 2025 doordash fee platform doordash fee platform 85 01,3
POS AVIVA INSURANCE 3494 BIRMINGHAM UK,exempt,pos aviva insurance 3494 birmingham uk,0
EDF ENERGY  LTD,reduced_rate,edf energy ltd,2
CARD AA BREAKDOWN 2243 UK ONLINE,exempt,card aa breakdown 2243 uk online,0
SQ *TESCO STORES LEEDS LTD REF-9004,zero_rated,sq tesco stores leeds ltd ref 9004,4
SQ *WATERSTONES 6668  DIRECT,zero_rated,sq waterstones 6668 direct,4
POS AMAZON KINDLE 6687  LTD,zero_rated,pos amazon kindle 6687 ltd,4
HSBC BANK FEES 1263  LTD,exempt,hsbc bank fees 1263 ltd,0
iz *adobe creative  plc,standard_rate,iz adobe creative plc,3
IZ *INTRA ACCOUNT TRANSFER 9731  UK REF-4243,outside_scope,iz intra account transfer 9731 uk ref 4243,1
pos microsoft 365 glasgow online,standard_rate,pos microsoft 365 glasgow online,3
Business Name: The Golden Fork Restaurant Account Number: ****4872,standard_rate,business name the golden fork restaurant account number 4872,3
POS AMAZON UK  DIRECT REF-7535,standard_rate,pos amazon uk direct ref 7535,3
DD STATIONERY STATION UK LTD REF-3454,standard_rate,dd stationery station uk ltd ref 3454,3
payment to sage subscription glasgow ref-5436,standard_rate,payment to sage subscription glasgow ref 5436,3
iz *uber eats 9592  store,standard_rate,iz uber eats 9592 store,3
"Feb 02 ADP Payroll Processing ACH-3303 8,450.00 50,834.80",standard_rate,feb 02 adp payroll processing ach 3303 8 450 00 50 834 80,3
Dd Waterstones 9394  Direct Ref-5762,zero_rated,dd waterstones 9394 direct ref 5762,4
iz *director drawings 8649 online uk,outside_scope,iz director drawings 8649 online uk,1
DD DELIVEROO 3048 LONDON STORE,standard_rate,dd deliveroo 3048 london store,3
Account Name: Louisville BBQ Co. Payment Due: 04/25/2025,standard_rate,account name louisville bbq co payment due 04 25 2025,3
DD XERO SOFTWARE 5849 GLASGOW STORE REF-9755,standard_rate,dd xero software 5849 glasgow store ref 9755,3
SQ *TRAINLINE 3679 LEEDS DIRECT,zero_rated,sq trainline 3679 leeds direct,4
PAYMENT TO AA BREAKDOWN 1400  UK,exempt,payment to aa breakdown 1400 uk,0
CARD POST OFFICE 9112  LTD REF-5764,exempt,card post office 9112 ltd ref 5764,0
POS HSBC BANK FEES 1638 MANCHESTER LTD,exempt,pos hsbc bank fees 1638 manchester ltd,0
Payment To Stationery Station  Direct,standard_rate,payment to stationery station direct,3
CARD AVIVA INSURANCE 245 GLASGOW LTD,exempt,card aviva insurance 245 glasgow ltd,0
SQ *MICROSOFT 365 5233 MANCHESTER PLC,standard_rate,sq microsoft 365 5233 manchester plc,3
LNER TICKETS 395 LONDON UK REF-1815,zero_rated,lner tickets 395 london uk ref 1815,4
Pos Boots Uk 9949 Leeds Store,standard_rate,pos boots uk 9949 leeds store,3
POS WESTMINSTER COUNCIL 4810 BRISTOL STORE,outside_scope,pos westminster council 4810 bristol store,1
SQ *AA BREAKDOWN  STORE,exempt,sq aa breakdown store,0
PAYMENT TO BRITISH GAS  ONLINE,reduced_rate,payment to british gas online,2
Sq *Tesco Express 3609  Uk,zero_rated,sq tesco express 3609 uk,4
IZ *TRAINLINE 3587  DIRECT,zero_rated,iz trainline 3587 direct,4
Pos Microsoft 365 4781,standard_rate,pos microsoft 365 4781,3
"Mar 28 OpenTable - Reservation Fee ACH-1105 149.00 82,315.80",standard_rate,mar 28 opentable reservation fee ach 1105 149 00 82 315 80,3
POS ROYAL MAIL 955  DIRECT,exempt,pos royal mail 955 direct,0
EON NEXT  PLC,reduced_rate,eon next plc,2
"2026-03-31 CC PROCESSING FEES 268.75 41,765.85",standard_rate,2026 03 31 cc processing fees 268 75 41 765 85,3
dd amazon kindle 961 leeds ref-3933,zero_rated,dd amazon kindle 961 leeds ref 3933,4
dd hmrc payments 610 manchester,outside_scope,dd hmrc payments 610 manchester,1
IZ *WESTMINSTER COUNCIL 5912,outside_scope,iz westminster council 5912,1
DD QUICKBOOKS 9508  ONLINE REF-9132,standard_rate,dd quickbooks 9508 online ref 9132,3
"Feb 09 Gordon Food Service - Produce ACH-5523 1,380.00 61,284.80",standard_rate,feb 09 gordon food service produce ach 5523 1 380 00 61 284 80,3
SQ *OCTOPUS ENERGY 4544  ONLINE REF-9413,reduced_rate,sq octopus energy 4544 online ref 9413,2
"2026-02-28 POS SOFTWARE FEES (TOAST/SQUARE/CLOVER) 178.00 32,836.64",standard_rate,2026 02 28 pos software fees toast square clover 178 00 32 836 64,3
DD SAGE SUBSCRIPTION 225 BIRMINGHAM REF-8154,standard_rate,dd sage subscription 225 birmingham ref 8154,3
pos edf energy 2741  store ref-5076,reduced_rate,pos edf energy 2741 store ref 5076,2
POS BOOTS UK 9435,standard_rate,pos boots uk 9435,3
Card Quickbooks 4799 Glasgow Ref-5673,standard_rate,card quickbooks 4799 glasgow ref 5673,3
Lner Tickets 157 Online Ltd,zero_rated,lner tickets 157 online ltd,4
Pos Deliveroo Glasgow Ltd,standard_rate,pos deliveroo glasgow ltd,3
trainline 5857 uk online,zero_rated,trainline 5857 uk online,4
TRAINLINE 3523  UK REF-6817,zero_rated,trainline 3523 uk ref 6817,4
"Mar 08 Gordon Food Service - Produce ACH-5524 1,560.00 81,034.80",standard_rate,mar 08 gordon food service produce ach 5524 1 560 00 81 034 80,3
IZ *BRITISH GAS 7314  LTD,reduced_rate,iz british gas 7314 ltd,2
Business Checking — Louisville BBQ Co.,standard_rate,business checking louisville bbq co,3
SQ *EDF ENERGY 5705 ONLINE,reduced_rate,sq edf energy 5705 online,2
DELIVEROO 7012  UK,standard_rate,deliveroo 7012 uk,3
CARD DIRECTOR DRAWINGS 2281 UK UK,outside_scope,card director drawings 2281 uk uk,1
"2026-02-13 ADP PAYROLL SVCS 4,235.98 32,836.17",standard_rate,2026 02 13 adp payroll svcs 4 235 98 32 836 17,3
SQ *TRAINLINE 9093 MANCHESTER REF-9946,zero_rated,sq trainline 9093 manchester ref 9946,4
DD BOOTS UK MANCHESTER PLC REF-2144,standard_rate,dd boots uk manchester plc ref 2144,3
pos sainsburys  ltd,zero_rated,pos sainsburys ltd,4
IZ *NATIONAL EXPRESS UK DIRECT,zero_rated,iz national express uk direct,4
Google Workspace 5178 Glasgow Plc,standard_rate,google workspace 5178 glasgow plc,3
SQ *LIDL GB  DIRECT REF-1826,zero_rated,sq lidl gb direct ref 1826,4
PAYMENT TO TFL TRAVEL LEEDS STORE REF-3532,zero_rated,payment to tfl travel leeds store ref 3532,4
SQ *AMAZON UK 7533  LTD REF-9096,standard_rate,sq amazon uk 7533 ltd ref 9096,3
"Mar 31 Square POS - Final March Dep DEP-0331 4,760.00 105,275.80",standard_rate,mar 31 square pos final march dep dep 0331 4 760 00 105 275 80,3
DD AVIVA INSURANCE 1702 ONLINE,exempt,dd aviva insurance 1702 online,0
DD SAINSBURYS GLASGOW ONLINE,zero_rated,dd sainsburys glasgow online,4
SQ *INTRA ACCOUNT TRANSFER 4818 GLASGOW REF-8752,outside_scope,sq intra account transfer 4818 glasgow ref 8752,1
Dd Octopus Energy 9973  Plc Ref-2103,reduced_rate,dd octopus energy 9973 plc ref 2103,2
Transaction History — Q1 2024,standard_rate,transaction history q1 2024,3
Dd Royal Mail 5452 Online Online Ref-2937,exempt,dd royal mail 5452 online online ref 2937,0
POS TFL TRAVEL 3292  UK,zero_rated,pos tfl travel 3292 uk,4
DD BRITISH GAS  ONLINE,reduced_rate,dd british gas online,2
PAYMENT TO GOOGLE WORKSPACE LEEDS DIRECT,standard_rate,payment to google workspace leeds direct,3
Payment To Barclays Bank 4397  Ltd Ref-6614,exempt,payment to barclays bank 4397 ltd ref 6614,0
dd eon next  online,reduced_rate,dd eon next online,2
IZ *TRAINLINE ONLINE UK REF-4268,zero_rated,iz trainline online uk ref 4268,4
POS EDF ENERGY BRISTOL,reduced_rate,pos edf energy bristol,2
PAYMENT TO DIRECTOR DRAWINGS 238 ONLINE PLC,outside_scope,payment to director drawings 238 online plc,1
PAYMENT TO AA BREAKDOWN 1384  PLC REF-7969,exempt,payment to aa breakdown 1384 plc ref 7969,0
card quickbooks 8814  store ref-4394,standard_rate,card quickbooks 8814 store ref 4394,3
DD POST OFFICE  DIRECT,exempt,dd post office direct,0
Pos Quickbooks,standard_rate,pos quickbooks,3
Payment To Trainline  Store Ref-3042,zero_rated,payment to trainline store ref 3042,4
IZ *ALDI STORES 9340  STORE,zero_rated,iz aldi stores 9340 store,4
IZ *HSBC BANK FEES 9590  DIRECT,exempt,iz hsbc bank fees 9590 direct,0
Dd National Express 4138  Store,zero_rated,dd national express 4138 store,4
sq *deliveroo online plc,standard_rate,sq deliveroo online plc,3
CARD TESCO EXPRESS UK ONLINE,zero_rated,card tesco express uk online,4
POS DELIVEROO 8246  LTD,standard_rate,pos deliveroo 8246 ltd,3
IZ *AMAZON UK 5456 ONLINE LTD,standard_rate,iz amazon uk 5456 online ltd,3
Card Edf Energy 5971,reduced_rate,card edf energy 5971,2
DD BARCLAYS BANK 647  UK,exempt,dd barclays bank 647 uk,0
Sage Subscription Leeds Plc,standard_rate,sage subscription leeds plc,3
AMAZON EU  PLC REF-6047,standard_rate,amazon eu plc ref 6047,3
Payment To Hmrc Payments Leeds Store,outside_scope,payment to hmrc payments leeds store,1
SQ *HSBC BANK FEES 2726 ONLINE LTD REF-1653,exempt,sq hsbc bank fees 2726 online ltd ref 1653,0
PAYMENT TO QUICKBOOKS LONDON LTD,standard_rate,payment to quickbooks london ltd,3
DD TRAINLINE 7823  UK REF-9724,zero_rated,dd trainline 7823 uk ref 9724,4
sq *amazon eu 133  uk ref-1070,standard_rate,sq amazon eu 133 uk ref 1070,3
card barclays bank 9788  plc,exempt,card barclays bank 9788 plc,0
POS XERO SOFTWARE 4124  ONLINE,standard_rate,pos xero software 4124 online,3
Sainsburys  Uk,zero_rated,sainsburys uk,4
Payment To Microsoft 365  Ltd Ref-2900,standard_rate,payment to microsoft 365 ltd ref 2900,3
sq *tesco express 9038 london direct,zero_rated,sq tesco express 9038 london direct,4
payment to xero software 1650 bristol plc,standard_rate,payment to xero software 1650 bristol plc,3
POS INTRA ACCOUNT TRANSFER BRISTOL PLC,outside_scope,pos intra account transfer bristol plc,1
Payment To Amazon Eu 9461  Plc,standard_rate,payment to amazon eu 9461 plc,3
POS ADOBE CREATIVE 7236 ONLINE REF-1153,standard_rate,pos adobe creative 7236 online ref 1153,3
DD INTRA ACCOUNT TRANSFER 2438 BIRMINGHAM,outside_scope,dd intra account transfer 2438 birmingham,1
SQ *ROYAL MAIL,exempt,sq royal mail,0
PAYMENT TO QUICKBOOKS 6481 ONLINE STORE REF-4048,standard_rate,payment to quickbooks 6481 online store ref 4048,3
DD TFL TRAVEL UK PLC,zero_rated,dd tfl travel uk plc,4
Pos Sage Subscription 7468 Leeds Online,standard_rate,pos sage subscription 7468 leeds online,3
CARD HMRC PAYMENTS 655 UK PLC,outside_scope,card hmrc payments 655 uk plc,1
dd google workspace 1887 glasgow uk ref-1507,standard_rate,dd google workspace 1887 glasgow uk ref 1507,3
TFL TRAVEL MANCHESTER DIRECT REF-6332,zero_rated,tfl travel manchester direct ref 6332,4
POS ADOBE CREATIVE 868  REF-4709,standard_rate,pos adobe creative 868 ref 4709,3
Payment To Octopus Energy 1032  Online,reduced_rate,payment to octopus energy 1032 online,2
Iz *Tesco Stores 3133  Plc,zero_rated,iz tesco stores 3133 plc,4
DD INTRA ACCOUNT TRANSFER 4630  UK,outside_scope,dd intra account transfer 4630 uk,1
pos amazon kindle 6147  online,zero_rated,pos amazon kindle 6147 online,4
CARD AMAZON EU LEEDS DIRECT REF-7489,standard_rate,card amazon eu leeds direct ref 7489,3
03/19/2025 STAPLES INC #0392 STAPLES INC #0392 $58.84,standard_rate,03 19 2025 staples inc 0392 staples inc 0392 58 84,3
SQ *WESTMINSTER COUNCIL 7679  STORE,outside_scope,sq westminster council 7679 store,1
Card Deliveroo  Online Ref-3311,standard_rate,card deliveroo online ref 3311,3
SQ *HSBC BANK FEES  LTD REF-5184,exempt,sq hsbc bank fees ltd ref 5184,0
IZ *QUICKBOOKS ONLINE UK REF-9799,standard_rate,iz quickbooks online uk ref 9799,3
IZ *UBER EATS 5404 GLASGOW,standard_rate,iz uber eats 5404 glasgow,3
IZ *LIDL GB  PLC,zero_rated,iz lidl gb plc,4
IZ *PAYROLL TRANSFER 4722  DIRECT,outside_scope,iz payroll transfer 4722 direct,1
DD AMAZON EU 8551 LEEDS PLC,standard_rate,dd amazon eu 8551 leeds plc,3
payment to adobe creative glasgow store,standard_rate,payment to adobe creative glasgow store,3
DD UBER EATS 9975 LONDON STORE REF-8081,standard_rate,dd uber eats 9975 london store ref 8081,3
XERO SOFTWARE 5411 MANCHESTER STORE,standard_rate,xero software 5411 manchester store,3
SQ *LINKEDIN PREMIUM  ONLINE,standard_rate,sq linkedin premium online,3
BRITISH GAS 4738 MANCHESTER,reduced_rate,british gas 4738 manchester,2
CARD STATIONERY STATION 8074 GLASGOW DIRECT REF-7372,standard_rate,card stationery station 8074 glasgow direct ref 7372,3
DD TRAINLINE 2307 LEEDS PLC,zero_rated,dd trainline 2307 leeds plc,4
Payment To Post Office 2773 Online Ltd Ref-2663,exempt,payment to post office 2773 online ltd ref 2663,0
CARD POST OFFICE  REF-9105,exempt,card post office ref 9105,0
POS HMRC SHIPLEY  LTD,outside_scope,pos hmrc shipley ltd,1
CARD HMRC SHIPLEY 8053 GLASGOW ONLINE REF-4351,outside_scope,card hmrc shipley 8053 glasgow online ref 4351,1
LIDL GB BIRMINGHAM REF-9570,zero_rated,lidl gb birmingham ref 9570,4
CARD BOOTS UK 9808 BRISTOL REF-1841,standard_rate,card boots uk 9808 bristol ref 1841,3
SAGE SUBSCRIPTION LEEDS UK,standard_rate,sage subscription leeds uk,3
POS BARCLAYS BANK 6948  UK REF-1899,exempt,pos barclays bank 6948 uk ref 1899,0
PAYMENT TO TFL TRAVEL 5630  LTD,zero_rated,payment to tfl travel 5630 ltd,4
IZ *PAYROLL TRANSFER 561 ONLINE REF-8366,outside_scope,iz payroll transfer 561 online ref 8366,1
Dd Lner Tickets 6208 Glasgow Ltd,zero_rated,dd lner tickets 6208 glasgow ltd,4
CARD ASDA SUPERMARKET 3729  DIRECT REF-8145,zero_rated,card asda supermarket 3729 direct ref 8145,4
pos tesco express 1780 glasgow online ref-9452,zero_rated,pos tesco express 1780 glasgow online ref 9452,4
DD STATIONERY STATION 3710,standard_rate,dd stationery station 3710,3
Card Linkedin Premium 9169 Leeds Ltd,standard_rate,card linkedin premium 9169 leeds ltd,3
Pos Trainline  Online,zero_rated,pos trainline online,4
payment to uber eats 4589 leeds direct ref-9100,standard_rate,payment to uber eats 4589 leeds direct ref 9100,3
PAYMENT TO WATERSTONES 441 UK PLC,zero_rated,payment to waterstones 441 uk plc,4
FirstTrust Commercial Bank,standard_rate,firsttrust commercial bank,3
PAYMENT TO BRITISH GAS  REF-3244,reduced_rate,payment to british gas ref 3244,2
"2026-01-25 RENT - LOUISVILLE COMMERCIAL PROPERTIES 3,200.00 34,162.60",standard_rate,2026 01 25 rent louisville commercial properties 3 200 00 34 162 60,3
POS STATIONERY STATION 6902  UK REF-6176,standard_rate,pos stationery station 6902 uk ref 6176,3
IZ *XERO SOFTWARE  STORE,standard_rate,iz xero software store,3
DD TESCO STORES 3797 ONLINE LTD REF-7232,zero_rated,dd tesco stores 3797 online ltd ref 7232,4
IZ *HSBC BANK FEES 636 UK,exempt,iz hsbc bank fees 636 uk,0
POS ALDI STORES BIRMINGHAM LTD,zero_rated,pos aldi stores birmingham ltd,4
POS XERO SOFTWARE 9890 BRISTOL,standard_rate,pos xero software 9890 bristol,3
SQ *ADOBE CREATIVE  PLC,standard_rate,sq adobe creative plc,3
CARD BRITISH GAS 8669 GLASGOW LTD,reduced_rate,card british gas 8669 glasgow ltd,2
ALDI STORES 3189 LONDON UK,zero_rated,aldi stores 3189 london uk,4
payment to lner tickets 299 leeds uk,zero_rated,payment to lner tickets 299 leeds uk,4
pos quickbooks  direct,standard_rate,pos quickbooks direct,3
PAYMENT TO POST OFFICE  PLC REF-7892,exempt,payment to post office plc ref 7892,0
ALDI STORES 7550  UK REF-1076,zero_rated,aldi stores 7550 uk ref 1076,4
DD DELIVEROO 2050 ONLINE UK REF-8362,standard_rate,dd deliveroo 2050 online uk ref 8362,3
DD AMAZON KINDLE 6493 ONLINE DIRECT,zero_rated,dd amazon kindle 6493 online direct,4
CARD ALDI STORES 6245  STORE REF-5162,zero_rated,card aldi stores 6245 store ref 5162,4
DD POST OFFICE 8663  UK REF-3564,exempt,dd post office 8663 uk ref 3564,0
PAYMENT TO ALDI STORES 4585  DIRECT,zero_rated,payment to aldi stores 4585 direct,4
POS WESTMINSTER COUNCIL 7298  STORE,outside_scope,pos westminster council 7298 store,1
POS BOOTS UK MANCHESTER ONLINE,standard_rate,pos boots uk manchester online,3
payment to edf energy leeds store ref-3856,reduced_rate,payment to edf energy leeds store ref 3856,2
"2026-02-28 CLOVER SALES DEPOSIT 2,940.20 35,493.44",standard_rate,2026 02 28 clover sales deposit 2 940 20 35 493 44,3
Stationery Station Bristol Direct Ref-6200,standard_rate,stationery station bristol direct ref 6200,3
dd post office 5012 leeds direct,exempt,dd post office 5012 leeds direct,0
POS HMRC PAYMENTS 196 LEEDS PLC,outside_scope,pos hmrc payments 196 leeds plc,1
Waste Management Republic Services 2 $620.00,standard_rate,waste management republic services 2 620 00,3
Dd Quickbooks 1274 Birmingham,standard_rate,dd quickbooks 1274 birmingham,3
sq *hsbc bank fees 4736  plc ref-7523,exempt,sq hsbc bank fees 4736 plc ref 7523,0
tesco stores 8956  store ref-2528,zero_rated,tesco stores 8956 store ref 2528,4
POS LINKEDIN PREMIUM 4353 GLASGOW ONLINE,standard_rate,pos linkedin premium 4353 glasgow online,3
"2026-02-20 EQUIPMENT REPAIR - WALK-IN COOLER 685.00 39,240.80",standard_rate,2026 02 20 equipment repair walk in cooler 685 00 39 240 80,3
DD WATERSTONES 5567  PLC,zero_rated,dd waterstones 5567 plc,4
card sage subscription 7636 leeds,standard_rate,card sage subscription 7636 leeds,3
sq *edf energy 2260 london ltd,reduced_rate,sq edf energy 2260 london ltd,2
IZ *MICROSOFT 365 UK PLC,standard_rate,iz microsoft 365 uk plc,3
pos aldi stores 3867 leeds direct ref-7757,zero_rated,pos aldi stores 3867 leeds direct ref 7757,4
POS TFL TRAVEL 8967  UK REF-2095,zero_rated,pos tfl travel 8967 uk ref 2095,4
iz *lner tickets 8547  plc,zero_rated,iz lner tickets 8547 plc,4
Payment To Intra Account Transfer 4154 Online Direct Ref-4331,outside_scope,payment to intra account transfer 4154 online direct ref 4331,1
Card Deliveroo 4229 Bristol Direct,standard_rate,card deliveroo 4229 bristol direct,3
DD HMRC PAYMENTS 2502  UK REF-5452,outside_scope,dd hmrc payments 2502 uk ref 5452,1
DD STATIONERY STATION LEEDS ONLINE,standard_rate,dd stationery station leeds online,3
IZ *POST OFFICE 6656  REF-3130,exempt,iz post office 6656 ref 3130,0
"2025-04-02 GUSTO PAYROLL 4,228.67 37,541.33",standard_rate,2025 04 02 gusto payroll 4 228 67 37 541 33,3
CARD LNER TICKETS 7314 LEEDS STORE REF-7124,zero_rated,card lner tickets 7314 leeds store ref 7124,4
IZ *NATIONAL EXPRESS GLASGOW REF-5032,zero_rated,iz national express glasgow ref 5032,4
pos aviva insurance 5420 bristol,exempt,pos aviva insurance 5420 bristol,0
POS POST OFFICE 5463  ONLINE,exempt,pos post office 5463 online,0
POS ROYAL MAIL 5371  ONLINE REF-8048,exempt,pos royal mail 5371 online ref 8048,0
SQ *AMAZON UK 2164  UK,standard_rate,sq amazon uk 2164 uk,3
DD TESCO EXPRESS 5183 MANCHESTER DIRECT REF-4630,zero_rated,dd tesco express 5183 manchester direct ref 4630,4
POS BARCLAYS BANK 796 ONLINE STORE,exempt,pos barclays bank 796 online store,0
CARD AMAZON UK 6235 MANCHESTER LTD,standard_rate,card amazon uk 6235 manchester ltd,3
pos aa breakdown online online,exempt,pos aa breakdown online online,0
"2026-03-17 LGE ELECTRIC BILL 395.60 44,266.23",standard_rate,2026 03 17 lge electric bill 395 60 44 266 23,3
IZ *WATERSTONES UK ONLINE REF-3051,zero_rated,iz waterstones uk online ref 3051,4
IZ *UBER EATS GLASGOW LTD REF-2368,standard_rate,iz uber eats glasgow ltd ref 2368,3
HMRC PAYMENTS  STORE REF-2393,outside_scope,hmrc payments store ref 2393,1
HMRC PAYMENTS 3593 LONDON,outside_scope,hmrc payments 3593 london,1
dd adobe creative  uk,standard_rate,dd adobe creative uk,3
LIDL GB GLASGOW ONLINE REF-9943,zero_rated,lidl gb glasgow online ref 9943,4
DD BOOTS UK 9306 ONLINE ONLINE REF-4764,standard_rate,dd boots uk 9306 online online ref 4764,3
IZ *XERO SOFTWARE  PLC,standard_rate,iz xero software plc,3
CARD LIDL GB 1017 ONLINE DIRECT REF-5904,zero_rated,card lidl gb 1017 online direct ref 5904,4
Member FDIC | www.firsttrustbank.com | 1-800-555-0199,standard_rate,member fdic www firsttrustbank com 1 800 555 0199,3
DELIVEROO 166  PLC REF-6314,standard_rate,deliveroo 166 plc ref 6314,3
PAYMENT TO STATIONERY STATION  PLC,standard_rate,payment to stationery station plc,3
IZ *XERO SOFTWARE 3108 LONDON UK,standard_rate,iz xero software 3108 london uk,3
"Jan 26 Beverage Distributor - Liquor ACH-6612 2,100.00 49,264.80",standard_rate,jan 26 beverage distributor liquor ach 6612 2 100 00 49 264 80,3
IZ *WESTMINSTER COUNCIL 8682  PLC REF-9818,outside_scope,iz westminster council 8682 plc ref 9818,1
Payment To Aviva Insurance 1606  Online,exempt,payment to aviva insurance 1606 online,0
IZ *EON NEXT 4325  DIRECT,reduced_rate,iz eon next 4325 direct,2
Dd Hsbc Bank Fees 7540 Online Uk Ref-4974,exempt,dd hsbc bank fees 7540 online uk ref 4974,0
"Jan 10 ComEd Electric Bill ACH-8821 1,840.00 33,284.80",standard_rate,jan 10 comed electric bill ach 8821 1 840 00 33 284 80,3
payment to national express 5455  online,zero_rated,payment to national express 5455 online,4
"2026-02-02 TOAST POS DEPOSIT 2,910.45 28,995.31",standard_rate,2026 02 02 toast pos deposit 2 910 45 28 995 31,3
SQ *HSBC BANK FEES 8558  PLC,exempt,sq hsbc bank fees 8558 plc,0
PAYMENT TO HMRC SHIPLEY 7850 BRISTOL,outside_scope,payment to hmrc shipley 7850 bristol,1
DD AMAZON KINDLE 4179 LONDON UK REF-4440,zero_rated,dd amazon kindle 4179 london uk ref 4440,4
DD ASDA SUPERMARKET GLASGOW LTD,zero_rated,dd asda supermarket glasgow ltd,4
DD NATIONAL EXPRESS 9863  LTD,zero_rated,dd national express 9863 ltd,4
SQ *SAGE SUBSCRIPTION 7234  UK,standard_rate,sq sage subscription 7234 uk,3
PAYMENT TO PAYROLL TRANSFER UK,outside_scope,payment to payroll transfer uk,1
card hsbc bank fees birmingham ltd ref-3757,exempt,card hsbc bank fees birmingham ltd ref 3757,0
POS TFL TRAVEL 5095 LEEDS DIRECT REF-6307,zero_rated,pos tfl travel 5095 leeds direct ref 6307,4
IZ *UBER EATS 4721 GLASGOW LTD,standard_rate,iz uber eats 4721 glasgow ltd,3
SAGE SUBSCRIPTION 3707,standard_rate,sage subscription 3707,3
Sq *Sage Subscription Bristol,standard_rate,sq sage subscription bristol,3
DD INTRA ACCOUNT TRANSFER 9428 LEEDS UK,outside_scope,dd intra account transfer 9428 leeds uk,1
PAYMENT TO SAINSBURYS 7512 UK UK,zero_rated,payment to sainsburys 7512 uk uk,4
SQ *QUICKBOOKS 5341 LEEDS STORE,standard_rate,sq quickbooks 5341 leeds store,3
AMAZON KINDLE 2190 ONLINE STORE,zero_rated,amazon kindle 2190 online store,4
Card Tesco Stores 2631 Online Online Ref-2622,zero_rated,card tesco stores 2631 online online ref 2622,4
SQ *MICROSOFT 365 5411 LONDON UK REF-4932,standard_rate,sq microsoft 365 5411 london uk ref 4932,3
Payment To Sainsburys Manchester Uk Ref-5984,zero_rated,payment to sainsburys manchester uk ref 5984,4
sq *director drawings 8883  store,outside_scope,sq director drawings 8883 store,1
IZ *QUICKBOOKS 4316 LEEDS STORE,standard_rate,iz quickbooks 4316 leeds store,3
IZ *HMRC PAYMENTS 9827  DIRECT REF-1346,outside_scope,iz hmrc payments 9827 direct ref 1346,1
IZ *POST OFFICE 8300 GLASGOW ONLINE,exempt,iz post office 8300 glasgow online,0
"2026-01-10 DOORDASH TRANSFER 488.75 21,260.75",standard_rate,2026 01 10 doordash transfer 488 75 21 260 75,3
Card Tesco Stores  Ltd,zero_rated,card tesco stores ltd,4
DD ADOBE CREATIVE 4064 UK PLC,standard_rate,dd adobe creative 4064 uk plc,3
Account Number: (cid:127)(cid:127)(cid:127)(cid:127) (cid:127)(cid:127)(cid:127)(cid:127) (cid:127)(cid:127)(cid:127)(cid:127) 5821 Statement Period: 03/01/2025 – 03/31/2025,standard_rate,account number cid 127 cid 127 cid 127 cid 127 cid 127 cid 127 cid 127 cid 127 cid 127 cid 127 cid 127 cid 127 5821 statement period 03 01 2025 03 31 2025,3
POS QUICKBOOKS 7805  STORE,standard_rate,pos quickbooks 7805 store,3
"Opening Balance: 31,493.44 Closing Balance: 36,485.85",standard_rate,opening balance 31 493 44 closing balance 36 485 85,3
CARD INTRA ACCOUNT TRANSFER  ONLINE REF-3089,outside_scope,card intra account transfer online ref 3089,1
DD GOOGLE WORKSPACE 5654 MANCHESTER LTD,standard_rate,dd google workspace 5654 manchester ltd,3
POS NATIONAL EXPRESS 8033,zero_rated,pos national express 8033,4
CARD SAGE SUBSCRIPTION BIRMINGHAM UK REF-7583,standard_rate,card sage subscription birmingham uk ref 7583,3
PAYMENT TO AA BREAKDOWN 9896  STORE,exempt,payment to aa breakdown 9896 store,0
"Chase Business Banking · Account ****4821 · Statement for March 1, 2025 – March 31, 2025 · This is a sample statement for testing purposes",standard_rate,chase business banking account 4821 statement for march 1 2025 march 31 2025 this is a sample statement for testing purposes,3
"Utilities - Electric ComEd 3 $5,520.00",standard_rate,utilities electric comed 3 5 520 00,3
Account Summary,standard_rate,account summary,3
POS GOOGLE WORKSPACE 3670 UK ONLINE,standard_rate,pos google workspace 3670 uk online,3
linkedin premium bristol plc,standard_rate,linkedin premium bristol plc,3
Iz *Quickbooks 1193  Online Ref-5162,standard_rate,iz quickbooks 1193 online ref 5162,3
SQ *STATIONERY STATION 7078  LTD REF-1818,standard_rate,sq stationery station 7078 ltd ref 1818,3
PAYMENT TO STATIONERY STATION 3819 LEEDS PLC,standard_rate,payment to stationery station 3819 leeds plc,3
CARD WATERSTONES 1978 GLASGOW STORE,zero_rated,card waterstones 1978 glasgow store,4
IZ *BOOTS UK 7780  LTD,standard_rate,iz boots uk 7780 ltd,3
IZ *QUICKBOOKS 3286  ONLINE,standard_rate,iz quickbooks 3286 online,3
CARD NATIONAL EXPRESS 7136 GLASGOW STORE,zero_rated,card national express 7136 glasgow store,4
Pos Asda Supermarket Glasgow Ltd Ref-5480,zero_rated,pos asda supermarket glasgow ltd ref 5480,4
"Feb 15 Rent Payment - 2214 W Maple CHK-1022 12,500.00 70,404.80",standard_rate,feb 15 rent payment 2214 w maple chk 1022 12 500 00 70 404 80,3
Dd Adobe Creative  Ltd Ref-6794,standard_rate,dd adobe creative ltd ref 6794,3
XERO SOFTWARE 1458  STORE,standard_rate,xero software 1458 store,3
DD XERO SOFTWARE 9803  UK REF-9160,standard_rate,dd xero software 9803 uk ref 9160,3
LNER TICKETS 7865 UK,zero_rated,lner tickets 7865 uk,4
"Total Withdrawals & Debits ($161,892.40)",standard_rate,total withdrawals debits 161 892 40,3
IZ *EON NEXT UK,reduced_rate,iz eon next uk,2
sq *national express manchester ltd,zero_rated,sq national express manchester ltd,4
Payment To National Express 8091 London Ref-5707,zero_rated,payment to national express 8091 london ref 5707,4
iz *hmrc shipley 1008,outside_scope,iz hmrc shipley 1008,1
POS ROYAL MAIL 3161 LEEDS ONLINE,exempt,pos royal mail 3161 leeds online,0
PAYMENT TO INTRA ACCOUNT TRANSFER 4978 LONDON ONLINE,outside_scope,payment to intra account transfer 4978 london online,1
CARD NATIONAL EXPRESS 7469 ONLINE,zero_rated,card national express 7469 online,4
"Mar 31 Square POS - Final March Dep DEP-0331 4,760.00 105,275.80",standard_rate,mar 31 square pos final march dep dep 0331 4 760 00 105 275 80,3
dd trainline  online,zero_rated,dd trainline online,4
IZ *LIDL GB BIRMINGHAM LTD,zero_rated,iz lidl gb birmingham ltd,4
SAINSBURYS BIRMINGHAM PLC,zero_rated,sainsburys birmingham plc,4
"2026-03-13 ADP PAYROLL SVCS 4,262.57 38,525.93",standard_rate,2026 03 13 adp payroll svcs 4 262 57 38 525 93,3
Barclays Bank Uk Uk Ref-1294,exempt,barclays bank uk uk ref 1294,0
POS HMRC SHIPLEY UK REF-7778,outside_scope,pos hmrc shipley uk ref 7778,1
Pos Westminster Council 4672 Glasgow Plc,outside_scope,pos westminster council 4672 glasgow plc,1
AA BREAKDOWN 101 MANCHESTER PLC,exempt,aa breakdown 101 manchester plc,0
DD TESCO EXPRESS 8588 LONDON DIRECT,zero_rated,dd tesco express 8588 london direct,4
Sq *Royal Mail 5101  Uk,exempt,sq royal mail 5101 uk,0
Card Boots Uk 650 Birmingham,standard_rate,card boots uk 650 birmingham,3
card amazon kindle 7551 manchester store,zero_rated,card amazon kindle 7551 manchester store,4
LNER TICKETS MANCHESTER PLC,zero_rated,lner tickets manchester plc,4
AVIVA INSURANCE UK ONLINE REF-8828,exempt,aviva insurance uk online ref 8828,0
Hmrc Payments 5684  Plc Ref-9272,outside_scope,hmrc payments 5684 plc ref 9272,1
card lner tickets 1370 birmingham,zero_rated,card lner tickets 1370 birmingham,4
Dd National Express  Ltd Ref-4513,zero_rated,dd national express ltd ref 4513,4
AMAZON UK 5106  ONLINE,standard_rate,amazon uk 5106 online,3
card british gas 6100  online,reduced_rate,card british gas 6100 online,2
card adobe creative leeds ltd ref-8289,standard_rate,card adobe creative leeds ltd ref 8289,3
Payment To Octopus Energy 5976 Birmingham Ltd Ref-8385,reduced_rate,payment to octopus energy 5976 birmingham ltd ref 8385,2
Xero Software 7145  Direct,standard_rate,xero software 7145 direct,3
CARD AMAZON EU 5315  DIRECT REF-6613,standard_rate,card amazon eu 5315 direct ref 6613,3
POS NATIONAL EXPRESS 1482 ONLINE UK REF-3800,zero_rated,pos national express 1482 online uk ref 3800,4
SQ *WATERSTONES 1390  PLC,zero_rated,sq waterstones 1390 plc,4
SQ *PAYROLL TRANSFER 5626,outside_scope,sq payroll transfer 5626,1
"03/24 GUSTO PAYROLL 032425 Labor $2,100.00 $18,688.80",standard_rate,03 24 gusto payroll 032425 labor 2 100 00 18 688 80,3
uber eats 8184  ltd,standard_rate,uber eats 8184 ltd,3
SQ *DIRECTOR DRAWINGS 3831 UK PLC,outside_scope,sq director drawings 3831 uk plc,1
POST OFFICE 4207 UK UK,exempt,post office 4207 uk uk,0
PAYMENT TO WATERSTONES UK LTD,zero_rated,payment to waterstones uk ltd,4
IZ *AMAZON UK 8348  PLC,standard_rate,iz amazon uk 8348 plc,3
Uber Eats  Direct,standard_rate,uber eats direct,3
CARD LINKEDIN PREMIUM 8525  PLC,standard_rate,card linkedin premium 8525 plc,3
POS HMRC SHIPLEY UK,outside_scope,pos hmrc shipley uk,1
Payment To Deliveroo 6693 Manchester Direct Ref-7167,standard_rate,payment to deliveroo 6693 manchester direct ref 7167,3
DD UBER EATS  ONLINE REF-5088,standard_rate,dd uber eats online ref 5088,3
DD WATERSTONES 583 MANCHESTER PLC,zero_rated,dd waterstones 583 manchester plc,4
PAYMENT TO HMRC PAYMENTS 3207 ONLINE PLC,outside_scope,payment to hmrc payments 3207 online plc,1
PAYMENT TO ROYAL MAIL 1755 GLASGOW LTD REF-3015,exempt,payment to royal mail 1755 glasgow ltd ref 3015,0
POS BOOTS UK 1915  PLC REF-5097,standard_rate,pos boots uk 1915 plc ref 5097,3
Iz *Lidl Gb Glasgow Online Ref-5543,zero_rated,iz lidl gb glasgow online ref 5543,4
PAYMENT TO HSBC BANK FEES BRISTOL,exempt,payment to hsbc bank fees bristol,0
DD DELIVEROO 7221 LEEDS ONLINE REF-4197,standard_rate,dd deliveroo 7221 leeds online ref 4197,3
pos hsbc bank fees 7466 glasgow ltd ref-7657,exempt,pos hsbc bank fees 7466 glasgow ltd ref 7657,0
dd hsbc bank fees uk ltd ref-9243,exempt,dd hsbc bank fees uk ltd ref 9243,0
Payment To Westminster Council  Ltd,outside_scope,payment to westminster council ltd,1
DD DELIVEROO 9867 GLASGOW LTD REF-5586,standard_rate,dd deliveroo 9867 glasgow ltd ref 5586,3
CARD HMRC SHIPLEY LONDON DIRECT,outside_scope,card hmrc shipley london direct,1
Pos Adobe Creative 6941  Ltd Ref-1820,standard_rate,pos adobe creative 6941 ltd ref 1820,3
SQ *INTRA ACCOUNT TRANSFER UK STORE REF-3997,outside_scope,sq intra account transfer uk store ref 3997,1
Amazon Uk 4717 Leeds Store,standard_rate,amazon uk 4717 leeds store,3
Sq *Boots Uk 9757 Manchester Uk Ref-5917,standard_rate,sq boots uk 9757 manchester uk ref 5917,3
CARD BOOTS UK 2969 BRISTOL PLC,standard_rate,card boots uk 2969 bristol plc,3
IZ *NATIONAL EXPRESS 5344,zero_rated,iz national express 5344,4
AMAZON UK 1950  STORE,standard_rate,amazon uk 1950 store,3
CARD STATIONERY STATION 7203 MANCHESTER DIRECT,standard_rate,card stationery station 7203 manchester direct,3
DD AMAZON EU MANCHESTER REF-9600,standard_rate,dd amazon eu manchester ref 9600,3
card aviva insurance 6012 leeds,exempt,card aviva insurance 6012 leeds,0
IZ *TESCO STORES 106 BRISTOL ONLINE,zero_rated,iz tesco stores 106 bristol online,4
DD LIDL GB UK STORE REF-5041,zero_rated,dd lidl gb uk store ref 5041,4
pos quickbooks 4773 bristol ltd ref-4179,standard_rate,pos quickbooks 4773 bristol ltd ref 4179,3
payment to google workspace 7487  ltd,standard_rate,payment to google workspace 7487 ltd,3
Payment To Sage Subscription London Store Ref-4011,standard_rate,payment to sage subscription london store ref 4011,3
DD AVIVA INSURANCE 7984 GLASGOW,exempt,dd aviva insurance 7984 glasgow,0
CARD TRAINLINE 5469  DIRECT,zero_rated,card trainline 5469 direct,4
SQ *ROYAL MAIL 8941 LONDON LTD,exempt,sq royal mail 8941 london ltd,0
Quickbooks 7443 Uk Direct,standard_rate,quickbooks 7443 uk direct,3
dd uber eats 7880 birmingham ltd ref-2299,standard_rate,dd uber eats 7880 birmingham ltd ref 2299,3
Pos Amazon Uk 2377  Direct Ref-9570,standard_rate,pos amazon uk 2377 direct ref 9570,3
Dd Adobe Creative 7492  Plc,standard_rate,dd adobe creative 7492 plc,3
DD TRAINLINE  DIRECT,zero_rated,dd trainline direct,4
PAYMENT TO BARCLAYS BANK 4300 GLASGOW REF-8657,exempt,payment to barclays bank 4300 glasgow ref 8657,0
Tesco Stores 7811  Online,zero_rated,tesco stores 7811 online,4
CARD BARCLAYS BANK 4910 ONLINE DIRECT,exempt,card barclays bank 4910 online direct,0
SQ *TESCO EXPRESS 5279 GLASGOW,zero_rated,sq tesco express 5279 glasgow,4
iz *waterstones 5961  direct,zero_rated,iz waterstones 5961 direct,4
Dd Sage Subscription 6485 Manchester Direct,standard_rate,dd sage subscription 6485 manchester direct,3
DD QUICKBOOKS 8069  LTD REF-4732,standard_rate,dd quickbooks 8069 ltd ref 4732,3
pos payroll transfer  direct ref-3027,outside_scope,pos payroll transfer direct ref 3027,1
CARD NATIONAL EXPRESS 8649 BIRMINGHAM LTD,zero_rated,card national express 8649 birmingham ltd,4
Pos Amazon Uk,standard_rate,pos amazon uk,3
SQ *LINKEDIN PREMIUM 3859 UK LTD,standard_rate,sq linkedin premium 3859 uk ltd,3
DD STATIONERY STATION 3386 GLASGOW ONLINE,standard_rate,dd stationery station 3386 glasgow online,3
ASDA SUPERMARKET 3751 ONLINE LTD,zero_rated,asda supermarket 3751 online ltd,4
DD LINKEDIN PREMIUM LONDON LTD,standard_rate,dd linkedin premium london ltd,3
CARD HMRC PAYMENTS 6344  PLC,outside_scope,card hmrc payments 6344 plc,1
"03/03 DOORDASH TRANSFER DASHER INC Revenue $640.20 $18,022.00",standard_rate,03 03 doordash transfer dasher inc revenue 640 20 18 022 00,3
Dd Stationery Station 4343  Uk Ref-6336,standard_rate,dd stationery station 4343 uk ref 6336,3
"2026-03-20 DOORDASH TRANSFER 555.30 45,388.84",standard_rate,2026 03 20 doordash transfer 555 30 45 388 84,3
SQ *WATERSTONES 6022  REF-8756,zero_rated,sq waterstones 6022 ref 8756,4
IZ *ALDI STORES 9585 BIRMINGHAM STORE,zero_rated,iz aldi stores 9585 birmingham store,4
"03/17 GUSTO PAYROLL 031725 Labor $2,100.00 $18,303.50",standard_rate,03 17 gusto payroll 031725 labor 2 100 00 18 303 50,3
NATIONAL EXPRESS 2422  LTD REF-9186,zero_rated,national express 2422 ltd ref 9186,4
"Mar 15 Rent Payment - 2214 W Maple CHK-1023 12,500.00 64,214.80",standard_rate,mar 15 rent payment 2214 w maple chk 1023 12 500 00 64 214 80,3
CARD ALDI STORES 8474 BRISTOL DIRECT,zero_rated,card aldi stores 8474 bristol direct,4
Pos Tfl Travel 6138  Store Ref-7843,zero_rated,pos tfl travel 6138 store ref 7843,4
CARD ASDA SUPERMARKET 9295 LEEDS,zero_rated,card asda supermarket 9295 leeds,4
intra account transfer 8618  store ref-8714,outside_scope,intra account transfer 8618 store ref 8714,1
CARD HMRC SHIPLEY  PLC,outside_scope,card hmrc shipley plc,1
CARD DIRECTOR DRAWINGS 6141 ONLINE STORE,outside_scope,card director drawings 6141 online store,1
PAYMENT TO SAGE SUBSCRIPTION 8880  DIRECT,standard_rate,payment to sage subscription 8880 direct,3
IZ *ROYAL MAIL 3189 LEEDS PLC REF-1063,exempt,iz royal mail 3189 leeds plc ref 1063,0
Iz *British Gas 7856 Uk Direct Ref-9938,reduced_rate,iz british gas 7856 uk direct ref 9938,2
PAYMENT TO LNER TICKETS  ONLINE,zero_rated,payment to lner tickets online,4
SQ *POST OFFICE,exempt,sq post office,0
Card Sainsburys 3800 Leeds Direct,zero_rated,card sainsburys 3800 leeds direct,4
POS BOOTS UK BRISTOL LTD REF-3235,standard_rate,pos boots uk bristol ltd ref 3235,3
card amazon kindle 1941 online plc,zero_rated,card amazon kindle 1941 online plc,4
PAYMENT TO BOOTS UK  DIRECT REF-4296,standard_rate,payment to boots uk direct ref 4296,3
CARD OCTOPUS ENERGY 6856,reduced_rate,card octopus energy 6856,2
"Address: 2214 W. Maple Ave, Chicago, IL 60614 Routing Number: 071000013",standard_rate,address 2214 w maple ave chicago il 60614 routing number 071000013,3
Sq *Tesco Express 5631  Store Ref-1674,zero_rated,sq tesco express 5631 store ref 1674,4
"Feb 19 Sysco Foods Inc - Inventory ACH-7744 4,100.00 54,434.80",standard_rate,feb 19 sysco foods inc inventory ach 7744 4 100 00 54 434 80,3
BOOTS UK 6867 GLASGOW REF-2099,standard_rate,boots uk 6867 glasgow ref 2099,3
iz *edf energy 6488 glasgow ref-7091,reduced_rate,iz edf energy 6488 glasgow ref 7091,2
AMAZON KINDLE BRISTOL,zero_rated,amazon kindle bristol,4
PAYMENT TO GOOGLE WORKSPACE 2613  REF-7357,standard_rate,payment to google workspace 2613 ref 7357,3
PAYMENT TO DELIVEROO  LTD,standard_rate,payment to deliveroo ltd,3
Payment To Post Office 2039 Manchester Online,exempt,payment to post office 2039 manchester online,0
IZ *SAINSBURYS ONLINE STORE,zero_rated,iz sainsburys online store,4
card payroll transfer  ltd ref-4878,outside_scope,card payroll transfer ltd ref 4878,1
card deliveroo 8273 online uk ref-5626,standard_rate,card deliveroo 8273 online uk ref 5626,3
DD AVIVA INSURANCE BIRMINGHAM LTD REF-9451,exempt,dd aviva insurance birmingham ltd ref 9451,0
PAYMENT TO TESCO EXPRESS 3160 ONLINE DIRECT,zero_rated,payment to tesco express 3160 online direct,4
LNER TICKETS 2694  PLC REF-1449,zero_rated,lner tickets 2694 plc ref 1449,4
IZ *DIRECTOR DRAWINGS 5996 ONLINE STORE,outside_scope,iz director drawings 5996 online store,1
Asda Supermarket  Direct Ref-4460,zero_rated,asda supermarket direct ref 4460,4
SQ *ALDI STORES 4167  STORE,zero_rated,sq aldi stores 4167 store,4
IZ *PAYROLL TRANSFER 8794 UK REF-3862,outside_scope,iz payroll transfer 8794 uk ref 3862,1
card aa breakdown birmingham store ref-8926,exempt,card aa breakdown birmingham store ref 8926,0
CARD AMAZON KINDLE 5526  LTD REF-3626,zero_rated,card amazon kindle 5526 ltd ref 3626,4
IZ *WATERSTONES 8881 LEEDS UK,zero_rated,iz waterstones 8881 leeds uk,4
SQ *BRITISH GAS 3709 GLASGOW PLC,reduced_rate,sq british gas 3709 glasgow plc,2
SQ *HSBC BANK FEES 4528  UK,exempt,sq hsbc bank fees 4528 uk,0
CARD AMAZON KINDLE 3079  PLC REF-6777,zero_rated,card amazon kindle 3079 plc ref 6777,4
Pos Aa Breakdown 7346 Leeds Direct,exempt,pos aa breakdown 7346 leeds direct,0
DD TESCO EXPRESS 6008 MANCHESTER STORE,zero_rated,dd tesco express 6008 manchester store,4
"2026-02-28 BANK MAINTENANCE FEE 25.00 32,811.64",standard_rate,2026 02 28 bank maintenance fee 25 00 32 811 64,3
PAYMENT TO PAYROLL TRANSFER 6544  STORE,outside_scope,payment to payroll transfer 6544 store,1
IZ *AMAZON KINDLE 2708  DIRECT REF-9977,zero_rated,iz amazon kindle 2708 direct ref 9977,4
SQ *EON NEXT 8776  UK,reduced_rate,sq eon next 8776 uk,2
DD AMAZON UK 8924 LEEDS DIRECT,standard_rate,dd amazon uk 8924 leeds direct,3
POS XERO SOFTWARE 316 BIRMINGHAM LTD,standard_rate,pos xero software 316 birmingham ltd,3
pos waterstones 1295  uk,zero_rated,pos waterstones 1295 uk,4
Quickbooks Leeds Plc,standard_rate,quickbooks leeds plc,3
DD BOOTS UK 1322  PLC,standard_rate,dd boots uk 1322 plc,3
CARD TESCO STORES 3280 BRISTOL ONLINE,zero_rated,card tesco stores 3280 bristol online,4
SQ *ALDI STORES LONDON,zero_rated,sq aldi stores london,4
xero software  online,standard_rate,xero software online,3
card adobe creative 3511  uk,standard_rate,card adobe creative 3511 uk,3
POS EDF ENERGY 3368  STORE REF-2329,reduced_rate,pos edf energy 3368 store ref 2329,2
google workspace 593  store ref-2832,standard_rate,google workspace 593 store ref 2832,3
IZ *MICROSOFT 365 UK PLC REF-3745,standard_rate,iz microsoft 365 uk plc ref 3745,3
IZ *LNER TICKETS 9737 GLASGOW PLC,zero_rated,iz lner tickets 9737 glasgow plc,4
"03/31 SQUARE INC PAYMENT LOUISVILLE Revenue $2,900.00 $23,664.60",standard_rate,03 31 square inc payment louisville revenue 2 900 00 23 664 60,3
"2025-03-09 CLOVER SALES DEPOSIT 2,733.71 28,030.47",standard_rate,2025 03 09 clover sales deposit 2 733 71 28 030 47,3
PAYMENT TO LINKEDIN PREMIUM LONDON LTD REF-5133,standard_rate,payment to linkedin premium london ltd ref 5133,3
PAYMENT TO XERO SOFTWARE 8778  LTD,standard_rate,payment to xero software 8778 ltd,3
03/08/2025 03/08/2025 RESTAURANT DEPOT #14 FoodCost $579.72,standard_rate,03 08 2025 03 08 2025 restaurant depot 14 foodcost 579 72,3
card hsbc bank fees online store ref-4955,exempt,card hsbc bank fees online store ref 4955,0
Sq *National Express Online Direct,zero_rated,sq national express online direct,4
Card Xero Software Manchester Ltd,standard_rate,card xero software manchester ltd,3
Iz *Payroll Transfer 2208 Birmingham Plc Ref-7275,outside_scope,iz payroll transfer 2208 birmingham plc ref 7275,1
Payment To Aa Breakdown 9220 Glasgow Ltd,exempt,payment to aa breakdown 9220 glasgow ltd,0
Pos Tfl Travel  Ltd Ref-6850,zero_rated,pos tfl travel ltd ref 6850,4
Card Aa Breakdown 7377 Leeds Plc,exempt,card aa breakdown 7377 leeds plc,0
DD QUICKBOOKS 7935 ONLINE STORE REF-2982,standard_rate,dd quickbooks 7935 online store ref 2982,3
POS EDF ENERGY ONLINE DIRECT REF-8998,reduced_rate,pos edf energy online direct ref 8998,2
PAYMENT TO TESCO EXPRESS 186 UK ONLINE REF-1311,zero_rated,payment to tesco express 186 uk online ref 1311,4
SQ *OCTOPUS ENERGY 2168  DIRECT REF-4389,reduced_rate,sq octopus energy 2168 direct ref 4389,2
dd barclays bank bristol plc,exempt,dd barclays bank bristol plc,0
"Mar 10 Peoples Gas - Utilities ACH-4412 640.00 80,394.80",standard_rate,mar 10 peoples gas utilities ach 4412 640 00 80 394 80,3
Payment To Tesco Stores Birmingham Ltd,zero_rated,payment to tesco stores birmingham ltd,4
First National Bank of Louisville,standard_rate,first national bank of louisville,3
IZ *SAINSBURYS LONDON REF-8230,zero_rated,iz sainsburys london ref 8230,4
IZ *HMRC PAYMENTS  DIRECT REF-4278,outside_scope,iz hmrc payments direct ref 4278,1
POS WESTMINSTER COUNCIL 512  PLC,outside_scope,pos westminster council 512 plc,1
google workspace 5521  online ref-2879,standard_rate,google workspace 5521 online ref 2879,3
sq *uber eats glasgow direct,standard_rate,sq uber eats glasgow direct,3
IZ *AA BREAKDOWN 5644 GLASGOW UK,exempt,iz aa breakdown 5644 glasgow uk,0
CARD QUICKBOOKS 7957  STORE REF-1135,standard_rate,card quickbooks 7957 store ref 1135,3
iz *payroll transfer 9318 birmingham uk,outside_scope,iz payroll transfer 9318 birmingham uk,1
sq *amazon kindle 6358 manchester online ref-5216,zero_rated,sq amazon kindle 6358 manchester online ref 5216,4
PAYMENT TO INTRA ACCOUNT TRANSFER 4269 BIRMINGHAM PLC,outside_scope,payment to intra account transfer 4269 birmingham plc,1
westminster council bristol ltd,outside_scope,westminster council bristol ltd,1
pos aa breakdown 7487  uk,exempt,pos aa breakdown 7487 uk,0
PAYMENT TO ROYAL MAIL 4031 BIRMINGHAM ONLINE,exempt,payment to royal mail 4031 birmingham online,0
CARD ROYAL MAIL 3062 BIRMINGHAM DIRECT,exempt,card royal mail 3062 birmingham direct,0
LNER TICKETS LONDON,zero_rated,lner tickets london,4
PAYMENT TO BARCLAYS BANK 5145 LONDON ONLINE REF-3811,exempt,payment to barclays bank 5145 london online ref 3811,0
QUICKBOOKS BIRMINGHAM UK REF-3893,standard_rate,quickbooks birmingham uk ref 3893,3
"03/03 GUSTO PAYROLL 030325 Labor $2,100.00 $15,922.00",standard_rate,03 03 gusto payroll 030325 labor 2 100 00 15 922 00,3
TFL TRAVEL 8655  DIRECT REF-3855,zero_rated,tfl travel 8655 direct ref 3855,4
CARD LNER TICKETS  ONLINE,zero_rated,card lner tickets online,4
DD GOOGLE WORKSPACE 6532 BIRMINGHAM LTD,standard_rate,dd google workspace 6532 birmingham ltd,3
POS BOOTS UK LEEDS ONLINE,standard_rate,pos boots uk leeds online,3
dd amazon kindle 6470 online uk,zero_rated,dd amazon kindle 6470 online uk,4
POS LNER TICKETS 1519 BRISTOL LTD REF-6116,zero_rated,pos lner tickets 1519 bristol ltd ref 6116,4
CARD WESTMINSTER COUNCIL 9768 BIRMINGHAM PLC,outside_scope,card westminster council 9768 birmingham plc,1
"Mar 15 POS Sales Deposit - Weekly DEP-0315 16,980.00 81,194.80",standard_rate,mar 15 pos sales deposit weekly dep 0315 16 980 00 81 194 80,3
PAYMENT TO XERO SOFTWARE  STORE REF-1609,standard_rate,payment to xero software store ref 1609,3
CARD LINKEDIN PREMIUM  REF-4799,standard_rate,card linkedin premium ref 4799,3
IZ *EON NEXT 7101  LTD,reduced_rate,iz eon next 7101 ltd,2
PAYMENT TO ADOBE CREATIVE 9190  ONLINE,standard_rate,payment to adobe creative 9190 online,3
TFL TRAVEL 1716 LEEDS PLC,zero_rated,tfl travel 1716 leeds plc,4
"2026-01-16 ADP PAYROLL SVCS 5,048.29 25,329.46",standard_rate,2026 01 16 adp payroll svcs 5 048 29 25 329 46,3
POS UBER EATS 1561 GLASGOW ONLINE REF-2836,standard_rate,pos uber eats 1561 glasgow online ref 2836,3
POS BOOTS UK 7767 LEEDS REF-7435,standard_rate,pos boots uk 7767 leeds ref 7435,3
SQ *BARCLAYS BANK 3443 GLASGOW PLC REF-4823,exempt,sq barclays bank 3443 glasgow plc ref 4823,0
card royal mail uk online ref-3291,exempt,card royal mail uk online ref 3291,0
DELIVEROO LEEDS STORE REF-7207,standard_rate,deliveroo leeds store ref 7207,3
SQ *EDF ENERGY 9080 ONLINE DIRECT REF-4395,reduced_rate,sq edf energy 9080 online direct ref 4395,2
stationery station  uk,standard_rate,stationery station uk,3
dd uber eats,standard_rate,dd uber eats,3
DD EDF ENERGY  LTD,reduced_rate,dd edf energy ltd,2
PAYMENT TO LIDL GB  UK,zero_rated,payment to lidl gb uk,4
BOOTS UK GLASGOW PLC,standard_rate,boots uk glasgow plc,3
CARD MICROSOFT 365 7046 GLASGOW UK,standard_rate,card microsoft 365 7046 glasgow uk,3
DD TRAINLINE UK DIRECT,zero_rated,dd trainline uk direct,4
payment to sainsburys 5045 birmingham plc,zero_rated,payment to sainsburys 5045 birmingham plc,4
"TOTAL EXPENSES 35 $141,828.65",standard_rate,total expenses 35 141 828 65,3
PAYMENT TO AMAZON EU 4817 LONDON DIRECT REF-8476,standard_rate,payment to amazon eu 4817 london direct ref 8476,3
IZ *BRITISH GAS 9523  ONLINE REF-6150,reduced_rate,iz british gas 9523 online ref 6150,2
sq *asda supermarket 9137 leeds direct,zero_rated,sq asda supermarket 9137 leeds direct,4
Pos Amazon Uk 5907,standard_rate,pos amazon uk 5907,3
payment to waterstones 469  plc,zero_rated,payment to waterstones 469 plc,4
dd eon next 7604 bristol online ref-4999,reduced_rate,dd eon next 7604 bristol online ref 4999,2
pos royal mail 5875 leeds,exempt,pos royal mail 5875 leeds,0
CARD STATIONERY STATION MANCHESTER PLC REF-1406,standard_rate,card stationery station manchester plc ref 1406,3
iz *national express 3738  direct,zero_rated,iz national express 3738 direct,4
IZ *WESTMINSTER COUNCIL 6530  UK,outside_scope,iz westminster council 6530 uk,1
POS AMAZON UK 4886  REF-9288,standard_rate,pos amazon uk 4886 ref 9288,3
"2026-01-13 ATMOS GAS COMPANY 142.85 24,688.70",standard_rate,2026 01 13 atmos gas company 142 85 24 688 70,3
Iz *Lidl Gb 1340  Plc Ref-5528,zero_rated,iz lidl gb 1340 plc ref 5528,4
CARD INTRA ACCOUNT TRANSFER 3120 BIRMINGHAM,outside_scope,card intra account transfer 3120 birmingham,1
SQ *GOOGLE WORKSPACE ONLINE STORE,standard_rate,sq google workspace online store,3
SQ *AMAZON EU 6912 UK ONLINE REF-7113,standard_rate,sq amazon eu 6912 uk online ref 7113,3
payment to tesco stores 5981 leeds,zero_rated,payment to tesco stores 5981 leeds,4
DD GOOGLE WORKSPACE 2810 GLASGOW DIRECT REF-6128,standard_rate,dd google workspace 2810 glasgow direct ref 6128,3
CARD TFL TRAVEL 9297  DIRECT,zero_rated,card tfl travel 9297 direct,4
CARD AMAZON UK 1858 UK ONLINE,standard_rate,card amazon uk 1858 uk online,3
CARD ASDA SUPERMARKET 4935  ONLINE,zero_rated,card asda supermarket 4935 online,4
sq *lner tickets 4668 glasgow ltd,zero_rated,sq lner tickets 4668 glasgow ltd,4
POS UBER EATS 4324 UK REF-9490,standard_rate,pos uber eats 4324 uk ref 9490,3
POS UBER EATS 1732  PLC,standard_rate,pos uber eats 1732 plc,3
pos westminster council leeds direct ref-4646,outside_scope,pos westminster council leeds direct ref 4646,1
PAYMENT TO HMRC PAYMENTS 1442 MANCHESTER DIRECT,outside_scope,payment to hmrc payments 1442 manchester direct,1
Dd Asda Supermarket 405 Manchester Uk Ref-1511,zero_rated,dd asda supermarket 405 manchester uk ref 1511,4
IZ *POST OFFICE 9509 ONLINE STORE,exempt,iz post office 9509 online store,0
card hmrc payments 9551 london ltd,outside_scope,card hmrc payments 9551 london ltd,1
Iz *Amazon Kindle 4480 Birmingham Plc,zero_rated,iz amazon kindle 4480 birmingham plc,4
iz *british gas 2249 online ltd ref-5423,reduced_rate,iz british gas 2249 online ltd ref 5423,2
PAYMENT TO GOOGLE WORKSPACE 9070 UK ONLINE REF-2018,standard_rate,payment to google workspace 9070 uk online ref 2018,3
Payment To Amazon Eu  Ltd,standard_rate,payment to amazon eu ltd,3
PAYMENT TO AVIVA INSURANCE 9602 MANCHESTER DIRECT,exempt,payment to aviva insurance 9602 manchester direct,0
PAYMENT TO HMRC PAYMENTS 6413  DIRECT,outside_scope,payment to hmrc payments 6413 direct,1
waterstones 5013 london store,zero_rated,waterstones 5013 london store,4
Pos Xero Software 7429 Glasgow Direct,standard_rate,pos xero software 7429 glasgow direct,3
NATIONAL EXPRESS 4745 MANCHESTER ONLINE,zero_rated,national express 4745 manchester online,4
POS BOOTS UK 7910 ONLINE,standard_rate,pos boots uk 7910 online,3
Payment To Lner Tickets 8470 Manchester Ltd Ref-5430,zero_rated,payment to lner tickets 8470 manchester ltd ref 5430,4
ALDI STORES 9714 UK UK REF-8896,zero_rated,aldi stores 9714 uk uk ref 8896,4
Card Amazon Kindle Online Online,zero_rated,card amazon kindle online online,4
"2025-05-08 LOUISVILLE WATER CO 73.21 19,022.05",standard_rate,2025 05 08 louisville water co 73 21 19 022 05,3
CARD OCTOPUS ENERGY 5449 GLASGOW STORE,reduced_rate,card octopus energy 5449 glasgow store,2
Card Deliveroo Manchester Direct Ref-4281,standard_rate,card deliveroo manchester direct ref 4281,3
octopus energy 8171  online ref-3488,reduced_rate,octopus energy 8171 online ref 3488,2
DD HSBC BANK FEES LONDON PLC REF-8019,exempt,dd hsbc bank fees london plc ref 8019,0
Payment To Barclays Bank 210 Bristol Plc,exempt,payment to barclays bank 210 bristol plc,0
Pos Post Office 7341 Online Store,exempt,pos post office 7341 online store,0
SQ *AA BREAKDOWN 6073 MANCHESTER UK,exempt,sq aa breakdown 6073 manchester uk,0
Card Edf Energy 2502 Leeds Online Ref-2590,reduced_rate,card edf energy 2502 leeds online ref 2590,2
BRITISH GAS 751 LONDON STORE REF-9844,reduced_rate,british gas 751 london store ref 9844,2
sq *trainline 4764 london plc ref-6647,zero_rated,sq trainline 4764 london plc ref 6647,4
DD LNER TICKETS ONLINE UK,zero_rated,dd lner tickets online uk,4
First National Bank of Louisville,standard_rate,first national bank of louisville,3
CARD HSBC BANK FEES 6110 ONLINE LTD,exempt,card hsbc bank fees 6110 online ltd,0
"Capital One — Test Statement Only | P.O. Box 30285, Salt Lake City, UT 84130-0285",standard_rate,capital one test statement only p o box 30285 salt lake city ut 84130 0285,3
ADOBE CREATIVE 8568,standard_rate,adobe creative 8568,3
DD HMRC PAYMENTS 2773 BRISTOL LTD REF-1689,outside_scope,dd hmrc payments 2773 bristol ltd ref 1689,1
dd tfl travel 7298  uk ref-7776,zero_rated,dd tfl travel 7298 uk ref 7776,4
PAYMENT TO NATIONAL EXPRESS 9752 BIRMINGHAM PLC,zero_rated,payment to national express 9752 birmingham plc,4
POS PAYROLL TRANSFER BRISTOL ONLINE,outside_scope,pos payroll transfer bristol online,1
Payment To Aa Breakdown 6398 London Ltd,exempt,payment to aa breakdown 6398 london ltd,0
SQ *GOOGLE WORKSPACE 6417  REF-6625,standard_rate,sq google workspace 6417 ref 6625,3
CARD UBER EATS UK LTD,standard_rate,card uber eats uk ltd,3
DD ROYAL MAIL 2968 UK DIRECT REF-2119,exempt,dd royal mail 2968 uk direct ref 2119,0
CARD SAINSBURYS  PLC,zero_rated,card sainsburys plc,4
IZ *AA BREAKDOWN 9430 MANCHESTER DIRECT,exempt,iz aa breakdown 9430 manchester direct,0
"2026-02-28 KENTUCKY SBA LOAN PMT 1,125.40 33,014.64",standard_rate,2026 02 28 kentucky sba loan pmt 1 125 40 33 014 64,3
POS OCTOPUS ENERGY  LTD REF-1387,reduced_rate,pos octopus energy ltd ref 1387,2
card hsbc bank fees 9520  direct,exempt,card hsbc bank fees 9520 direct,0
CARD XERO SOFTWARE 179  LTD,standard_rate,card xero software 179 ltd,3
card trainline 6771  direct ref-9592,zero_rated,card trainline 6771 direct ref 9592,4
DD ASDA SUPERMARKET 3099  ONLINE REF-6499,zero_rated,dd asda supermarket 3099 online ref 6499,4
Dd Tesco Stores 4515 London Online,zero_rated,dd tesco stores 4515 london online,4
amazon uk 2725  plc ref-6196,standard_rate,amazon uk 2725 plc ref 6196,3
POS GOOGLE WORKSPACE 1920  ONLINE REF-1907,standard_rate,pos google workspace 1920 online ref 1907,3
SQ *LINKEDIN PREMIUM  DIRECT,standard_rate,sq linkedin premium direct,3
Payment To Payroll Transfer Birmingham Ltd,outside_scope,payment to payroll transfer birmingham ltd,1
Sq *Westminster Council Leeds,outside_scope,sq westminster council leeds,1
CARD DIRECTOR DRAWINGS  ONLINE,outside_scope,card director drawings online,1
SQ *EDF ENERGY 9081 GLASGOW PLC REF-7688,reduced_rate,sq edf energy 9081 glasgow plc ref 7688,2
Payment To Amazon Kindle 6507 Glasgow Online,zero_rated,payment to amazon kindle 6507 glasgow online,4
QUICKBOOKS 1022,standard_rate,quickbooks 1022,3
POS MICROSOFT 365,standard_rate,pos microsoft 365,3
POS WATERSTONES 1853  LTD,zero_rated,pos waterstones 1853 ltd,4
IZ *TESCO STORES 4538  STORE,zero_rated,iz tesco stores 4538 store,4
PAYMENT TO TESCO STORES 3828  UK,zero_rated,payment to tesco stores 3828 uk,4
iz *hmrc shipley 4724  uk ref-6682,outside_scope,iz hmrc shipley 4724 uk ref 6682,1
CARD TFL TRAVEL LONDON DIRECT,zero_rated,card tfl travel london direct,4
Card Quickbooks Leeds Store,standard_rate,card quickbooks leeds store,3
PAYROLL TRANSFER 3696 GLASGOW ONLINE,outside_scope,payroll transfer 3696 glasgow online,1
POS HMRC SHIPLEY 5855  PLC,outside_scope,pos hmrc shipley 5855 plc,1
IZ *AMAZON UK 1155 ONLINE ONLINE REF-7757,standard_rate,iz amazon uk 1155 online online ref 7757,3
pos tfl travel  store,zero_rated,pos tfl travel store,4
POS EON NEXT BRISTOL REF-6610,reduced_rate,pos eon next bristol ref 6610,2
DD BRITISH GAS 9159 LEEDS,reduced_rate,dd british gas 9159 leeds,2
DD ADOBE CREATIVE 8624  LTD REF-5193,standard_rate,dd adobe creative 8624 ltd ref 5193,3
PAYMENT TO TESCO STORES 1813 ONLINE LTD REF-6403,zero_rated,payment to tesco stores 1813 online ltd ref 6403,4
pos lidl gb 5346 birmingham direct,zero_rated,pos lidl gb 5346 birmingham direct,4
AA BREAKDOWN 390 BIRMINGHAM,exempt,aa breakdown 390 birmingham,0
PAYMENT TO HMRC SHIPLEY 2130 LONDON UK REF-3507,outside_scope,payment to hmrc shipley 2130 london uk ref 3507,1
SQ *MICROSOFT 365 9926  ONLINE REF-9075,standard_rate,sq microsoft 365 9926 online ref 9075,3
DD UBER EATS 2022 BRISTOL STORE,standard_rate,dd uber eats 2022 bristol store,3
Payment To Eon Next 8522 Bristol Ltd,reduced_rate,payment to eon next 8522 bristol ltd,2
IZ *GOOGLE WORKSPACE  DIRECT REF-9688,standard_rate,iz google workspace direct ref 9688,3
SQ *AMAZON EU 8966 GLASGOW DIRECT REF-3415,standard_rate,sq amazon eu 8966 glasgow direct ref 3415,3
CARD STATIONERY STATION BRISTOL DIRECT,standard_rate,card stationery station bristol direct,3
03/08/2025 GORDON FOOD SERVICE GORDON FOOD SERVICE $728.65,standard_rate,03 08 2025 gordon food service gordon food service 728 65,3
Google Workspace 2850,standard_rate,google workspace 2850,3
dd british gas glasgow,reduced_rate,dd british gas glasgow,2
Dd Hmrc Shipley 6068  Uk Ref-9892,outside_scope,dd hmrc shipley 6068 uk ref 9892,1
CARD EDF ENERGY ONLINE PLC,reduced_rate,card edf energy online plc,2
Business Checking — Louisville BBQ Co.,standard_rate,business checking louisville bbq co,3
Sq *Aa Breakdown 493  Uk,exempt,sq aa breakdown 493 uk,0
PAYMENT TO WESTMINSTER COUNCIL 8601 MANCHESTER STORE REF-1330,outside_scope,payment to westminster council 8601 manchester store ref 1330,1
Sq *Deliveroo 4754 Birmingham Online,standard_rate,sq deliveroo 4754 birmingham online,3
POS MICROSOFT 365 9282  LTD,standard_rate,pos microsoft 365 9282 ltd,3
"2025-03-11 TOAST POS DEPOSIT 2,715.72 30,746.19",standard_rate,2025 03 11 toast pos deposit 2 715 72 30 746 19,3
CARD TFL TRAVEL 1764 UK ONLINE REF-8803,zero_rated,card tfl travel 1764 uk online ref 8803,4
CARD EDF ENERGY LEEDS LTD,reduced_rate,card edf energy leeds ltd,2
"2025-03-24 GRUBHUB DEPOSIT 433.29 34,857.48",standard_rate,2025 03 24 grubhub deposit 433 29 34 857 48,3
Sq *Director Drawings Bristol Direct,outside_scope,sq director drawings bristol direct,1
hmrc payments 9515 bristol direct ref-5176,outside_scope,hmrc payments 9515 bristol direct ref 5176,1
"Mar 07 POS Sales Deposit - Weekly DEP-0307 15,640.00 82,594.80",standard_rate,mar 07 pos sales deposit weekly dep 0307 15 640 00 82 594 80,3
Sq *Uber Eats Online Plc,standard_rate,sq uber eats online plc,3
Card Linkedin Premium 6025 London Direct,standard_rate,card linkedin premium 6025 london direct,3
SAINSBURYS  STORE,zero_rated,sainsburys store,4
POS PAYROLL TRANSFER ONLINE REF-4242,outside_scope,pos payroll transfer online ref 4242,1
PAYMENT TO HMRC SHIPLEY 3142 GLASGOW,outside_scope,payment to hmrc shipley 3142 glasgow,1
DD TESCO EXPRESS 815 BIRMINGHAM,zero_rated,dd tesco express 815 birmingham,4
SQ *LINKEDIN PREMIUM 916  DIRECT,standard_rate,sq linkedin premium 916 direct,3
AVIVA INSURANCE 8014 LONDON ONLINE REF-3509,exempt,aviva insurance 8014 london online ref 3509,0
xero software london ref-5795,standard_rate,xero software london ref 5795,3
Dd Sainsburys  Online,zero_rated,dd sainsburys online,4
Card Hmrc Payments 827 Manchester Store,outside_scope,card hmrc payments 827 manchester store,1
PAYMENT TO LINKEDIN PREMIUM 7958  UK REF-5599,standard_rate,payment to linkedin premium 7958 uk ref 5599,3
03/08/2025 03/08/2025 5678 SAMS CLUB #6342 FoodCost $403.88,standard_rate,03 08 2025 03 08 2025 5678 sams club 6342 foodcost 403 88,3
PAYMENT TO EDF ENERGY 7372 UK DIRECT REF-8594,reduced_rate,payment to edf energy 7372 uk direct ref 8594,2
CARD AMAZON KINDLE 4155 LONDON,zero_rated,card amazon kindle 4155 london,4
DD HSBC BANK FEES 4447  STORE,exempt,dd hsbc bank fees 4447 store,0
"2025-04-21 UBER EATS TRANSFER 597.58 30,549.74",standard_rate,2025 04 21 uber eats transfer 597 58 30 549 74,3
iz *uber eats uk ltd ref-1506,standard_rate,iz uber eats uk ltd ref 1506,3
HSBC BANK FEES  ONLINE,exempt,hsbc bank fees online,0
Payment To Royal Mail 8692 Uk Plc,exempt,payment to royal mail 8692 uk plc,0
DD TESCO EXPRESS BIRMINGHAM PLC REF-3159,zero_rated,dd tesco express birmingham plc ref 3159,4
ROYAL MAIL 7424  PLC REF-1208,exempt,royal mail 7424 plc ref 1208,0
"2025-03-07 SQUARE *LOUISVILLE BBQ DEPOSIT 3,975.20 29,116.88",standard_rate,2025 03 07 square louisville bbq deposit 3 975 20 29 116 88,3
PAYMENT TO PAYROLL TRANSFER BRISTOL PLC,outside_scope,payment to payroll transfer bristol plc,1
dd lidl gb 9542 online online,zero_rated,dd lidl gb 9542 online online,4
"2026-02-27 MARKETING - META ADS 320.00 34,140.04",standard_rate,2026 02 27 marketing meta ads 320 00 34 140 04,3
DD DELIVEROO 8885  PLC,standard_rate,dd deliveroo 8885 plc,3
SQ *HMRC SHIPLEY 3697  UK,outside_scope,sq hmrc shipley 3697 uk,1
payment to hsbc bank fees 1516  direct,exempt,payment to hsbc bank fees 1516 direct,0
CARD MICROSOFT 365 7957 BRISTOL DIRECT REF-5354,standard_rate,card microsoft 365 7957 bristol direct ref 5354,3
POS MICROSOFT 365 6877  REF-3255,standard_rate,pos microsoft 365 6877 ref 3255,3
PAYMENT TO ASDA SUPERMARKET 171 BIRMINGHAM DIRECT,zero_rated,payment to asda supermarket 171 birmingham direct,4
Lner Tickets 1292 Online Ref-6793,zero_rated,lner tickets 1292 online ref 6793,4
Payment To Aa Breakdown Glasgow Plc Ref-3082,exempt,payment to aa breakdown glasgow plc ref 3082,0
DD SAGE SUBSCRIPTION 4944  DIRECT REF-6779,standard_rate,dd sage subscription 4944 direct ref 6779,3
Payment To Intra Account Transfer 1427  Online Ref-9707,outside_scope,payment to intra account transfer 1427 online ref 9707,1
Dd Quickbooks 3067 Glasgow Online Ref-3375,standard_rate,dd quickbooks 3067 glasgow online ref 3375,3
DD AA BREAKDOWN 6404 LEEDS STORE,exempt,dd aa breakdown 6404 leeds store,0
DD POST OFFICE BRISTOL,exempt,dd post office bristol,0
sq *linkedin premium 1814 london online ref-7265,standard_rate,sq linkedin premium 1814 london online ref 7265,3
PAYMENT TO BRITISH GAS 1813 LONDON ONLINE REF-1129,reduced_rate,payment to british gas 1813 london online ref 1129,2
CARD MICROSOFT 365 2214  DIRECT REF-8420,standard_rate,card microsoft 365 2214 direct ref 8420,3
POS ALDI STORES BIRMINGHAM LTD,zero_rated,pos aldi stores birmingham ltd,4
DD NATIONAL EXPRESS 8950 LEEDS UK,zero_rated,dd national express 8950 leeds uk,4
Iz *Aviva Insurance 1758 Birmingham Direct Ref-6071,exempt,iz aviva insurance 1758 birmingham direct ref 6071,0
CARD HSBC BANK FEES 4666 ONLINE REF-1344,exempt,card hsbc bank fees 4666 online ref 1344,0
Iz *Quickbooks Leeds Plc,standard_rate,iz quickbooks leeds plc,3
SQ *BOOTS UK 3727  ONLINE REF-9902,standard_rate,sq boots uk 3727 online ref 9902,3
card aldi stores 401 birmingham store,zero_rated,card aldi stores 401 birmingham store,4
IZ *DELIVEROO 2293  PLC REF-9110,standard_rate,iz deliveroo 2293 plc ref 9110,3
payment to payroll transfer  ref-1164,outside_scope,payment to payroll transfer ref 1164,1
PAYROLL TRANSFER 5915  ONLINE REF-6473,outside_scope,payroll transfer 5915 online ref 6473,1
DD AMAZON UK  ONLINE,standard_rate,dd amazon uk online,3
dd tfl travel 2987 bristol uk,zero_rated,dd tfl travel 2987 bristol uk,4
Pos Sage Subscription Birmingham Online,standard_rate,pos sage subscription birmingham online,3
SQ *AA BREAKDOWN  STORE,exempt,sq aa breakdown store,0
POS BARCLAYS BANK 3389  STORE,exempt,pos barclays bank 3389 store,0
IZ *TRAINLINE 9782,zero_rated,iz trainline 9782,4
SQ *GOOGLE WORKSPACE 344 UK LTD REF-3414,standard_rate,sq google workspace 344 uk ltd ref 3414,3
linkedin premium 477  ltd ref-3415,standard_rate,linkedin premium 477 ltd ref 3415,3
SQ *SAINSBURYS 3037 ONLINE,zero_rated,sq sainsburys 3037 online,4
PAYMENT TO OCTOPUS ENERGY 8273  UK REF-7630,reduced_rate,payment to octopus energy 8273 uk ref 7630,2
Bank Fees FirstTrust Commercial Bank 1 $399.65,standard_rate,bank fees firsttrust commercial bank 1 399 65,3
SQ *HSBC BANK FEES GLASGOW DIRECT,exempt,sq hsbc bank fees glasgow direct,0
Account Type: Business Checking - Premium Branch: Lincoln Park Branch,standard_rate,account type business checking premium branch lincoln park branch,3
SQ *TESCO STORES 8917  ONLINE REF-8616,zero_rated,sq tesco stores 8917 online ref 8616,4
DD TESCO EXPRESS 5155 UK DIRECT,zero_rated,dd tesco express 5155 uk direct,4
PAYMENT TO WATERSTONES 5132  PLC REF-2672,zero_rated,payment to waterstones 5132 plc ref 2672,4
Dd National Express 1611  Plc Ref-9785,zero_rated,dd national express 1611 plc ref 9785,4
Sq *Asda Supermarket 273  Store Ref-3717,zero_rated,sq asda supermarket 273 store ref 3717,4
IZ *STATIONERY STATION 3794,standard_rate,iz stationery station 3794,3
IZ *GOOGLE WORKSPACE 6236  PLC REF-1382,standard_rate,iz google workspace 6236 plc ref 1382,3
PAYMENT TO DIRECTOR DRAWINGS LEEDS LTD REF-5143,outside_scope,payment to director drawings leeds ltd ref 5143,1
PAYMENT TO LNER TICKETS 8051 MANCHESTER STORE REF-2190,zero_rated,payment to lner tickets 8051 manchester store ref 2190,4
PAYMENT TO BRITISH GAS 5546 MANCHESTER UK,reduced_rate,payment to british gas 5546 manchester uk,2
iz *asda supermarket 5985  plc ref-3701,zero_rated,iz asda supermarket 5985 plc ref 3701,4
SQ *ALDI STORES 7936  PLC REF-1533,zero_rated,sq aldi stores 7936 plc ref 1533,4
POS WESTMINSTER COUNCIL 2849  LTD,outside_scope,pos westminster council 2849 ltd,1
dd eon next 6408 london store ref-4242,reduced_rate,dd eon next 6408 london store ref 4242,2
SQ *MICROSOFT 365 2818 GLASGOW STORE,standard_rate,sq microsoft 365 2818 glasgow store,3
DD OCTOPUS ENERGY  ONLINE,reduced_rate,dd octopus energy online,2
card aldi stores london ltd ref-6901,zero_rated,card aldi stores london ltd ref 6901,4
card intra account transfer 5107  ltd,outside_scope,card intra account transfer 5107 ltd,1
iz *adobe creative bristol store,standard_rate,iz adobe creative bristol store,3
LINKEDIN PREMIUM 1798  STORE,standard_rate,linkedin premium 1798 store,3
"2025-03-04 DOORDASH PAYOUT 763.06 15,667.04",standard_rate,2025 03 04 doordash payout 763 06 15 667 04,3
IZ *LIDL GB  STORE REF-8513,zero_rated,iz lidl gb store ref 8513,4
iz *barclays bank 2543 london ltd,exempt,iz barclays bank 2543 london ltd,0
POS OCTOPUS ENERGY 6941  PLC REF-3484,reduced_rate,pos octopus energy 6941 plc ref 3484,2
DD TESCO STORES 2604 LONDON STORE REF-7916,zero_rated,dd tesco stores 2604 london store ref 7916,4
PAYMENT TO TESCO EXPRESS 2716 LEEDS REF-6123,zero_rated,payment to tesco express 2716 leeds ref 6123,4
iz *aviva insurance 4066 bristol ltd ref-1194,exempt,iz aviva insurance 4066 bristol ltd ref 1194,0
CARD AMAZON UK 3968  ONLINE,standard_rate,card amazon uk 3968 online,3
Sq *British Gas  Ref-5550,reduced_rate,sq british gas ref 5550,2
POS AMAZON KINDLE GLASGOW ONLINE,zero_rated,pos amazon kindle glasgow online,4
Sq *Trainline 9483 Online Store Ref-5856,zero_rated,sq trainline 9483 online store ref 5856,4
"2026-01-06 UBER EATS TRANSFER 612.30 24,148.95",standard_rate,2026 01 06 uber eats transfer 612 30 24 148 95,3
POS LINKEDIN PREMIUM  DIRECT,standard_rate,pos linkedin premium direct,3
CARD MICROSOFT 365 3495 UK ONLINE,standard_rate,card microsoft 365 3495 uk online,3
card boots uk 594  plc,standard_rate,card boots uk 594 plc,3
POS LIDL GB 1648  STORE,zero_rated,pos lidl gb 1648 store,4
DD OCTOPUS ENERGY 7721  DIRECT,reduced_rate,dd octopus energy 7721 direct,2
03/10/2025 UBER EATS PLATFORM FEE UBER EATS PLATFORM FEE $71.99,standard_rate,03 10 2025 uber eats platform fee uber eats platform fee 71 99,3
PAYMENT TO SAGE SUBSCRIPTION,standard_rate,payment to sage subscription,3
CARD AMAZON UK 1681  LTD REF-4365,standard_rate,card amazon uk 1681 ltd ref 4365,3
PAYMENT TO WESTMINSTER COUNCIL 7779 UK LTD,outside_scope,payment to westminster council 7779 uk ltd,1
CARD DIRECTOR DRAWINGS 1030  PLC,outside_scope,card director drawings 1030 plc,1
GOOGLE WORKSPACE 9612  DIRECT REF-9605,standard_rate,google workspace 9612 direct ref 9605,3
The Bluegrass Diner,standard_rate,the bluegrass diner,3
Sq *Microsoft 365 Uk Uk Ref-8778,standard_rate,sq microsoft 365 uk uk ref 8778,3
card sage subscription 4578 leeds direct,standard_rate,card sage subscription 4578 leeds direct,3
Payment To Google Workspace 7673 Online,standard_rate,payment to google workspace 7673 online,3
ASDA SUPERMARKET 208 UK UK,zero_rated,asda supermarket 208 uk uk,4
pos sainsburys 852  plc ref-2129,zero_rated,pos sainsburys 852 plc ref 2129,4
AVIVA INSURANCE 2926  UK,exempt,aviva insurance 2926 uk,0
POS PAYROLL TRANSFER 455 GLASGOW STORE REF-7698,outside_scope,pos payroll transfer 455 glasgow store ref 7698,1
SQ *BRITISH GAS MANCHESTER ONLINE,reduced_rate,sq british gas manchester online,2
card adobe creative glasgow store,standard_rate,card adobe creative glasgow store,3
POS TESCO EXPRESS 4872 LEEDS ONLINE,zero_rated,pos tesco express 4872 leeds online,4
PAYMENT TO AA BREAKDOWN 4985 LONDON DIRECT,exempt,payment to aa breakdown 4985 london direct,0
"Ending Balance (Mar 31, 2024) $67,876.15",standard_rate,ending balance mar 31 2024 67 876 15,3
POS AMAZON KINDLE 4327 UK DIRECT REF-9222,zero_rated,pos amazon kindle 4327 uk direct ref 9222,4
PAYMENT TO NATIONAL EXPRESS 8853 LONDON DIRECT REF-5399,zero_rated,payment to national express 8853 london direct ref 5399,4
"Utilities - Gas Peoples Gas 3 $2,040.00",standard_rate,utilities gas peoples gas 3 2 040 00,3
SQ *MICROSOFT 365 9117 BIRMINGHAM REF-5494,standard_rate,sq microsoft 365 9117 birmingham ref 5494,3
POS AMAZON KINDLE 6694  DIRECT,zero_rated,pos amazon kindle 6694 direct,4
DD SAGE SUBSCRIPTION 4018  UK REF-4488,standard_rate,dd sage subscription 4018 uk ref 4488,3
SQ *AMAZON KINDLE 7999 UK REF-4946,zero_rated,sq amazon kindle 7999 uk ref 4946,4
iz *octopus energy 8870 glasgow ref-6048,reduced_rate,iz octopus energy 8870 glasgow ref 6048,2
Payment To Adobe Creative 4997 Glasgow Ltd Ref-7775,standard_rate,payment to adobe creative 4997 glasgow ltd ref 7775,3
IZ *NATIONAL EXPRESS MANCHESTER ONLINE REF-3885,zero_rated,iz national express manchester online ref 3885,4
SQ *HMRC SHIPLEY 6048 BIRMINGHAM STORE REF-8683,outside_scope,sq hmrc shipley 6048 birmingham store ref 8683,1
POS WATERSTONES 9524  PLC,zero_rated,pos waterstones 9524 plc,4
POS DIRECTOR DRAWINGS 5566 LONDON LTD REF-9809,outside_scope,pos director drawings 5566 london ltd ref 9809,1
DD BRITISH GAS MANCHESTER LTD REF-2021,reduced_rate,dd british gas manchester ltd ref 2021,2
PAYMENT TO TESCO EXPRESS  ONLINE,zero_rated,payment to tesco express online,4
SAINSBURYS 2023  REF-4882,zero_rated,sainsburys 2023 ref 4882,4
MICROSOFT 365 BIRMINGHAM LTD REF-6771,standard_rate,microsoft 365 birmingham ltd ref 6771,3
POS DIRECTOR DRAWINGS 4264  PLC,outside_scope,pos director drawings 4264 plc,1
DD AVIVA INSURANCE 9975  STORE REF-3540,exempt,dd aviva insurance 9975 store ref 3540,0
Iz *Google Workspace 2484 Glasgow Direct,standard_rate,iz google workspace 2484 glasgow direct,3
IZ *STATIONERY STATION LEEDS STORE,standard_rate,iz stationery station leeds store,3
DD LINKEDIN PREMIUM 7896 GLASGOW STORE,standard_rate,dd linkedin premium 7896 glasgow store,3
PAYMENT TO ADOBE CREATIVE BIRMINGHAM PLC,standard_rate,payment to adobe creative birmingham plc,3
eon next  store,reduced_rate,eon next store,2
dd hmrc shipley  ltd ref-4368,outside_scope,dd hmrc shipley ltd ref 4368,1
IZ *MICROSOFT 365 4330  UK,standard_rate,iz microsoft 365 4330 uk,3
PAYMENT TO TESCO EXPRESS LEEDS STORE,zero_rated,payment to tesco express leeds store,4
"2026-02-04 GORDON FOOD SERVICE 2,958.38 31,920.98",standard_rate,2026 02 04 gordon food service 2 958 38 31 920 98,3
DD LNER TICKETS 519  ONLINE,zero_rated,dd lner tickets 519 online,4
CARD ALDI STORES 2895 BIRMINGHAM DIRECT,zero_rated,card aldi stores 2895 birmingham direct,4
PAYMENT TO BOOTS UK 6454 BRISTOL,standard_rate,payment to boots uk 6454 bristol,3
card xero software 3703 glasgow uk ref-1512,standard_rate,card xero software 3703 glasgow uk ref 1512,3
Iz *Xero Software 7424  Ltd Ref-2539,standard_rate,iz xero software 7424 ltd ref 2539,3
POS AMAZON KINDLE 1557 MANCHESTER ONLINE,zero_rated,pos amazon kindle 1557 manchester online,4
DD INTRA ACCOUNT TRANSFER 6864  DIRECT REF-3713,outside_scope,dd intra account transfer 6864 direct ref 3713,1
Iz *Lidl Gb 855 Manchester,zero_rated,iz lidl gb 855 manchester,4
CARD WATERSTONES ONLINE STORE,zero_rated,card waterstones online store,4
SQ *TESCO STORES 7178 MANCHESTER STORE REF-5102,zero_rated,sq tesco stores 7178 manchester store ref 5102,4
POS GOOGLE WORKSPACE BIRMINGHAM STORE,standard_rate,pos google workspace birmingham store,3
DD UBER EATS 6179 BRISTOL LTD,standard_rate,dd uber eats 6179 bristol ltd,3
POST OFFICE ONLINE STORE,exempt,post office online store,0
Pos Quickbooks 366 Leeds Online Ref-4776,standard_rate,pos quickbooks 366 leeds online ref 4776,3
Card Trainline Birmingham Uk,zero_rated,card trainline birmingham uk,4
SQ *LINKEDIN PREMIUM 8862  PLC REF-3602,standard_rate,sq linkedin premium 8862 plc ref 3602,3
PAYMENT TO BOOTS UK 570 BIRMINGHAM ONLINE,standard_rate,payment to boots uk 570 birmingham online,3
amazon kindle 6450  direct,zero_rated,amazon kindle 6450 direct,4
sq *director drawings 9051 birmingham store,outside_scope,sq director drawings 9051 birmingham store,1
POS AMAZON UK  DIRECT REF-5723,standard_rate,pos amazon uk direct ref 5723,3
IZ *BARCLAYS BANK 2436  ONLINE,exempt,iz barclays bank 2436 online,0
hmrc shipley 309  ltd,outside_scope,hmrc shipley 309 ltd,1
PAYMENT TO PAYROLL TRANSFER  PLC,outside_scope,payment to payroll transfer plc,1
Iz *Sainsburys 5470  Store,zero_rated,iz sainsburys 5470 store,4
"Labor ADP Payroll Processing 6 $50,700.00",standard_rate,labor adp payroll processing 6 50 700 00,3
POS NATIONAL EXPRESS 7953  DIRECT,zero_rated,pos national express 7953 direct,4
03/09/2025 03/09/2025 5678 WHOLE FOODS MARKET FoodCost $183.71,standard_rate,03 09 2025 03 09 2025 5678 whole foods market foodcost 183 71,3
PAYMENT TO ALDI STORES 8684  STORE REF-2363,zero_rated,payment to aldi stores 8684 store ref 2363,4
OCTOPUS ENERGY 597  PLC REF-8807,reduced_rate,octopus energy 597 plc ref 8807,2
PAYMENT TO SAINSBURYS 5992 GLASGOW DIRECT,zero_rated,payment to sainsburys 5992 glasgow direct,4
"Jan 10 ComEd Electric Bill ACH-8821 1,840.00 33,284.80",standard_rate,jan 10 comed electric bill ach 8821 1 840 00 33 284 80,3
CARD ROYAL MAIL  DIRECT REF-6576,exempt,card royal mail direct ref 6576,0
dd adobe creative  uk ref-6990,standard_rate,dd adobe creative uk ref 6990,3
POS HMRC PAYMENTS  ONLINE,outside_scope,pos hmrc payments online,1
"2025-04-11 GORDON FOOD SERVICE 1,020.01 32,670.67",standard_rate,2025 04 11 gordon food service 1 020 01 32 670 67,3
CARD ADOBE CREATIVE 6352 LONDON DIRECT REF-7820,standard_rate,card adobe creative 6352 london direct ref 7820,3
POS TRAINLINE 8747  PLC REF-4179,zero_rated,pos trainline 8747 plc ref 4179,4
Iz *Westminster Council 1861 London Plc,outside_scope,iz westminster council 1861 london plc,1
"2026-03-31 OWNER DISTRIBUTION - J. HARRISON 5,000.00 36,485.85",standard_rate,2026 03 31 owner distribution j harrison 5 000 00 36 485 85,3
IZ *EON NEXT 8153  ONLINE REF-5259,reduced_rate,iz eon next 8153 online ref 5259,2
Sq *Lidl Gb 610 Manchester,zero_rated,sq lidl gb 610 manchester,4
POS GOOGLE WORKSPACE 6465  PLC REF-1349,standard_rate,pos google workspace 6465 plc ref 1349,3
iz *google workspace manchester plc,standard_rate,iz google workspace manchester plc,3
dd aldi stores 5053  ltd,zero_rated,dd aldi stores 5053 ltd,4
CARD DIRECTOR DRAWINGS 7575 MANCHESTER ONLINE REF-4659,outside_scope,card director drawings 7575 manchester online ref 4659,1
POS AMAZON EU 6863  UK REF-5225,standard_rate,pos amazon eu 6863 uk ref 5225,3
SQ *ASDA SUPERMARKET BRISTOL STORE REF-6633,zero_rated,sq asda supermarket bristol store ref 6633,4
EDF ENERGY 8596 LEEDS DIRECT,reduced_rate,edf energy 8596 leeds direct,2
CARD SAINSBURYS 7134 LONDON ONLINE,zero_rated,card sainsburys 7134 london online,4
DD WATERSTONES  UK,zero_rated,dd waterstones uk,4
POS AMAZON UK 5253 MANCHESTER DIRECT REF-8250,standard_rate,pos amazon uk 5253 manchester direct ref 8250,3
sq *aa breakdown 1291 online direct ref-2333,exempt,sq aa breakdown 1291 online direct ref 2333,0
SQ *ALDI STORES 9929 BIRMINGHAM DIRECT,zero_rated,sq aldi stores 9929 birmingham direct,4
IZ *BRITISH GAS 3741 BRISTOL STORE REF-5563,reduced_rate,iz british gas 3741 bristol store ref 5563,2
"2026-01-31 BANK MAINTENANCE FEE 25.00 32,330.46",standard_rate,2026 01 31 bank maintenance fee 25 00 32 330 46,3
IZ *XERO SOFTWARE 8149 UK PLC,standard_rate,iz xero software 8149 uk plc,3
pos amazon kindle 238  ltd ref-5626,zero_rated,pos amazon kindle 238 ltd ref 5626,4
DD AVIVA INSURANCE  UK REF-1460,exempt,dd aviva insurance uk ref 1460,0
DD TESCO EXPRESS MANCHESTER REF-9095,zero_rated,dd tesco express manchester ref 9095,4
IZ *AMAZON UK 2402 ONLINE ONLINE,standard_rate,iz amazon uk 2402 online online,3
DD DELIVEROO 2777 BRISTOL DIRECT,standard_rate,dd deliveroo 2777 bristol direct,3
CARD EON NEXT 8405  DIRECT,reduced_rate,card eon next 8405 direct,2
DD HMRC SHIPLEY 8167  DIRECT,outside_scope,dd hmrc shipley 8167 direct,1
POS EDF ENERGY 8918 BRISTOL PLC,reduced_rate,pos edf energy 8918 bristol plc,2
POS AMAZON UK 8435 BIRMINGHAM PLC REF-4479,standard_rate,pos amazon uk 8435 birmingham plc ref 4479,3
Edf Energy 4125  Plc Ref-3139,reduced_rate,edf energy 4125 plc ref 3139,2
IZ *LIDL GB  STORE REF-4610,zero_rated,iz lidl gb store ref 4610,4
"Jan 18 POS Sales Deposit - Weekly DEP-0118 15,640.00 46,944.80",standard_rate,jan 18 pos sales deposit weekly dep 0118 15 640 00 46 944 80,3
Payment To Lidl Gb 7378 Leeds Ref-7809,zero_rated,payment to lidl gb 7378 leeds ref 7809,4
SQ *ALDI STORES 5285 BRISTOL,zero_rated,sq aldi stores 5285 bristol,4
IZ *EON NEXT 6879  LTD REF-3464,reduced_rate,iz eon next 6879 ltd ref 3464,2
SQ *HMRC PAYMENTS BRISTOL PLC,outside_scope,sq hmrc payments bristol plc,1
Pos Adobe Creative 2779  Ref-8618,standard_rate,pos adobe creative 2779 ref 8618,3
PAYROLL TRANSFER 5194  UK REF-4211,outside_scope,payroll transfer 5194 uk ref 4211,1
payment to waterstones 7342 bristol uk ref-3301,zero_rated,payment to waterstones 7342 bristol uk ref 3301,4
GOOGLE WORKSPACE 1638 UK ONLINE REF-4167,standard_rate,google workspace 1638 uk online ref 4167,3
IZ *ALDI STORES 7500 UK STORE,zero_rated,iz aldi stores 7500 uk store,4
POS AMAZON EU  DIRECT REF-2146,standard_rate,pos amazon eu direct ref 2146,3
"2026-02-19 LINEN SERVICE WEEKLY 96.40 36,490.00",standard_rate,2026 02 19 linen service weekly 96 40 36 490 00,3
CARD POST OFFICE 3139 BRISTOL LTD,exempt,card post office 3139 bristol ltd,0
Iz *Stationery Station 4858 Glasgow Uk,standard_rate,iz stationery station 4858 glasgow uk,3
pos asda supermarket 3743 leeds store ref-8794,zero_rated,pos asda supermarket 3743 leeds store ref 8794,4
Card Aviva Insurance 9493  Uk Ref-2876,exempt,card aviva insurance 9493 uk ref 2876,0
Pos Uber Eats 9771 Manchester Online,standard_rate,pos uber eats 9771 manchester online,3
Card Tfl Travel 2257 Bristol Uk Ref-9599,zero_rated,card tfl travel 2257 bristol uk ref 9599,4
DD HMRC SHIPLEY UK UK,outside_scope,dd hmrc shipley uk uk,1
Sq *Quickbooks,standard_rate,sq quickbooks,3
POS QUICKBOOKS 4378 LEEDS ONLINE,standard_rate,pos quickbooks 4378 leeds online,3
SQ *BARCLAYS BANK 2914 MANCHESTER LTD,exempt,sq barclays bank 2914 manchester ltd,0
IZ *XERO SOFTWARE 9895 UK PLC,standard_rate,iz xero software 9895 uk plc,3
IZ *MICROSOFT 365 2836 BRISTOL DIRECT,standard_rate,iz microsoft 365 2836 bristol direct,3
IZ *ALDI STORES 3024,zero_rated,iz aldi stores 3024,4
PAYMENT TO ROYAL MAIL 9393 BIRMINGHAM UK,exempt,payment to royal mail 9393 birmingham uk,0
SQ *HSBC BANK FEES 7637  UK REF-8659,exempt,sq hsbc bank fees 7637 uk ref 8659,0
payment to uber eats 3768 manchester store,standard_rate,payment to uber eats 3768 manchester store,3
payment to amazon uk 4286  direct,standard_rate,payment to amazon uk 4286 direct,3
dd adobe creative 8417  plc ref-3322,standard_rate,dd adobe creative 8417 plc ref 3322,3
Westminster Council Glasgow Direct,outside_scope,westminster council glasgow direct,1
Dd Tesco Stores Uk Ltd,zero_rated,dd tesco stores uk ltd,4
WESTMINSTER COUNCIL 3065 MANCHESTER PLC,outside_scope,westminster council 3065 manchester plc,1
iz *waterstones 8223 uk store,zero_rated,iz waterstones 8223 uk store,4
DD STATIONERY STATION 9768 LEEDS ONLINE,standard_rate,dd stationery station 9768 leeds online,3
iz *eon next 7572,reduced_rate,iz eon next 7572,2
ALDI STORES MANCHESTER STORE,zero_rated,aldi stores manchester store,4
PAYMENT TO AVIVA INSURANCE ONLINE LTD REF-1602,exempt,payment to aviva insurance online ltd ref 1602,0
Card Sage Subscription  Store,standard_rate,card sage subscription store,3
SQ *MICROSOFT 365 145 LONDON STORE REF-2941,standard_rate,sq microsoft 365 145 london store ref 2941,3
IZ *AMAZON KINDLE UK STORE,zero_rated,iz amazon kindle uk store,4
IZ *HMRC SHIPLEY  DIRECT,outside_scope,iz hmrc shipley direct,1
DD ROYAL MAIL ONLINE DIRECT REF-2813,exempt,dd royal mail online direct ref 2813,0
CARD EON NEXT 8006 BIRMINGHAM DIRECT,reduced_rate,card eon next 8006 birmingham direct,2
CARD LNER TICKETS 6330 BIRMINGHAM DIRECT,zero_rated,card lner tickets 6330 birmingham direct,4
DD HSBC BANK FEES ONLINE LTD,exempt,dd hsbc bank fees online ltd,0
SQ *AA BREAKDOWN LONDON UK,exempt,sq aa breakdown london uk,0
POS OCTOPUS ENERGY 4906 BIRMINGHAM ONLINE REF-1652,reduced_rate,pos octopus energy 4906 birmingham online ref 1652,2
PAYMENT TO ASDA SUPERMARKET UK LTD,zero_rated,payment to asda supermarket uk ltd,4
SQ *SAINSBURYS 5042 LONDON ONLINE,zero_rated,sq sainsburys 5042 london online,4
DD EON NEXT  UK,reduced_rate,dd eon next uk,2
PAYMENT TO DELIVEROO 7603 ONLINE UK REF-3281,standard_rate,payment to deliveroo 7603 online uk ref 3281,3
CARD AMAZON UK 5790 UK LTD REF-5945,standard_rate,card amazon uk 5790 uk ltd ref 5945,3
CARD LINKEDIN PREMIUM 421 LEEDS UK REF-8438,standard_rate,card linkedin premium 421 leeds uk ref 8438,3
PAYMENT TO BRITISH GAS 2021 GLASGOW DIRECT,reduced_rate,payment to british gas 2021 glasgow direct,2
IZ *SAGE SUBSCRIPTION MANCHESTER UK,standard_rate,iz sage subscription manchester uk,3
IZ *WATERSTONES BRISTOL ONLINE,zero_rated,iz waterstones bristol online,4
SQ *LINKEDIN PREMIUM BIRMINGHAM LTD,standard_rate,sq linkedin premium birmingham ltd,3
IZ *BRITISH GAS  PLC,reduced_rate,iz british gas plc,2
sq *amazon uk 9425  direct,standard_rate,sq amazon uk 9425 direct,3
IZ *HMRC SHIPLEY 4756 GLASGOW UK,outside_scope,iz hmrc shipley 4756 glasgow uk,1
PAYMENT TO PAYROLL TRANSFER 5501  STORE,outside_scope,payment to payroll transfer 5501 store,1
Sq *Royal Mail 4716 Online Uk Ref-7542,exempt,sq royal mail 4716 online uk ref 7542,0
CARD DELIVEROO 9336 UK UK REF-4068,standard_rate,card deliveroo 9336 uk uk ref 4068,3
"Mar 31 Square POS - Final March Dep DEP-0331 4,760.00 105,275.80",standard_rate,mar 31 square pos final march dep dep 0331 4 760 00 105 275 80,3
Card Payroll Transfer Uk Plc Ref-2571,outside_scope,card payroll transfer uk plc ref 2571,1
DD UBER EATS BRISTOL ONLINE,standard_rate,dd uber eats bristol online,3
POS HSBC BANK FEES  DIRECT,exempt,pos hsbc bank fees direct,0
iz *aa breakdown leeds plc,exempt,iz aa breakdown leeds plc,0
card lner tickets 5191  plc,zero_rated,card lner tickets 5191 plc,4
pos royal mail 120  ltd,exempt,pos royal mail 120 ltd,0
CARD QUICKBOOKS 2537  PLC,standard_rate,card quickbooks 2537 plc,3
"2026-01-05 CLOVER SALES DEPOSIT 2,615.85 27,002.70",standard_rate,2026 01 05 clover sales deposit 2 615 85 27 002 70,3
IZ *TESCO EXPRESS  DIRECT REF-2076,zero_rated,iz tesco express direct ref 2076,4
Pos Payroll Transfer 8052 Leeds Direct Ref-8117,outside_scope,pos payroll transfer 8052 leeds direct ref 8117,1
DD BRITISH GAS 9666 BRISTOL LTD,reduced_rate,dd british gas 9666 bristol ltd,2
Iz *Quickbooks 7008  Plc,standard_rate,iz quickbooks 7008 plc,3
DD HMRC PAYMENTS 6498 BRISTOL UK REF-6658,outside_scope,dd hmrc payments 6498 bristol uk ref 6658,1
POS BARCLAYS BANK 6736 BRISTOL PLC REF-1963,exempt,pos barclays bank 6736 bristol plc ref 1963,0
SQ *OCTOPUS ENERGY 4519 MANCHESTER LTD REF-3040,reduced_rate,sq octopus energy 4519 manchester ltd ref 3040,2
payroll transfer leeds plc,outside_scope,payroll transfer leeds plc,1
Sq *Waterstones 5208 Glasgow Ref-3523,zero_rated,sq waterstones 5208 glasgow ref 3523,4
CARD AVIVA INSURANCE  STORE REF-7404,exempt,card aviva insurance store ref 7404,0
HMRC SHIPLEY  LTD,outside_scope,hmrc shipley ltd,1
edf energy 6570  store ref-4311,reduced_rate,edf energy 6570 store ref 4311,2
SQ *STATIONERY STATION 842  STORE,standard_rate,sq stationery station 842 store,3
SQ *LINKEDIN PREMIUM 6340 UK STORE,standard_rate,sq linkedin premium 6340 uk store,3
sq *amazon kindle london plc,zero_rated,sq amazon kindle london plc,4
IZ *PAYROLL TRANSFER 8709 LEEDS LTD REF-2261,outside_scope,iz payroll transfer 8709 leeds ltd ref 2261,1
SQ *AA BREAKDOWN 800  UK,exempt,sq aa breakdown 800 uk,0
POS QUICKBOOKS 1747  PLC,standard_rate,pos quickbooks 1747 plc,3
PAYMENT TO TRAINLINE 1672 LONDON DIRECT,zero_rated,payment to trainline 1672 london direct,4
Payment To Microsoft 365 5537 London Online,standard_rate,payment to microsoft 365 5537 london online,3
CARD WATERSTONES 2185  REF-5806,zero_rated,card waterstones 2185 ref 5806,4
iz *boots uk 9950 birmingham direct,standard_rate,iz boots uk 9950 birmingham direct,3
DD LINKEDIN PREMIUM MANCHESTER PLC REF-9197,standard_rate,dd linkedin premium manchester plc ref 9197,3
POS ROYAL MAIL 7395 BIRMINGHAM ONLINE,exempt,pos royal mail 7395 birmingham online,0
XERO SOFTWARE  PLC,standard_rate,xero software plc,3
aa breakdown 5619 manchester ltd,exempt,aa breakdown 5619 manchester ltd,0
SQ *EDF ENERGY 8245,reduced_rate,sq edf energy 8245,2
POS TFL TRAVEL  DIRECT,zero_rated,pos tfl travel direct,4
PAYMENT TO DIRECTOR DRAWINGS 5201 BRISTOL PLC,outside_scope,payment to director drawings 5201 bristol plc,1
DD QUICKBOOKS 2890  STORE,standard_rate,dd quickbooks 2890 store,3
POS OCTOPUS ENERGY BIRMINGHAM REF-5259,reduced_rate,pos octopus energy birmingham ref 5259,2
PAYMENT TO TESCO STORES 5690  ONLINE,zero_rated,payment to tesco stores 5690 online,4
LNER TICKETS 8532 MANCHESTER LTD REF-8768,zero_rated,lner tickets 8532 manchester ltd ref 8768,4
card tesco express 4803 london direct,zero_rated,card tesco express 4803 london direct,4
iz *tesco stores 3946 london ref-5708,zero_rated,iz tesco stores 3946 london ref 5708,4
pos amazon kindle 9179 manchester plc ref-1175,zero_rated,pos amazon kindle 9179 manchester plc ref 1175,4
03/16/2025 03/16/2025 5678 STAPLES INC #0392 Other $65.31,standard_rate,03 16 2025 03 16 2025 5678 staples inc 0392 other 65 31,3
Barclays Bank 3468 Leeds Direct Ref-4247,exempt,barclays bank 3468 leeds direct ref 4247,0
CARD STATIONERY STATION 8925 LEEDS STORE,standard_rate,card stationery station 8925 leeds store,3
dd lner tickets 4136 uk ltd ref-7250,zero_rated,dd lner tickets 4136 uk ltd ref 7250,4
CARD EDF ENERGY  STORE,reduced_rate,card edf energy store,2
IZ *POST OFFICE GLASGOW UK,exempt,iz post office glasgow uk,0
pos asda supermarket 6018  online,zero_rated,pos asda supermarket 6018 online,4
IZ *GOOGLE WORKSPACE 4125  LTD,standard_rate,iz google workspace 4125 ltd,3
SQ *INTRA ACCOUNT TRANSFER 5839  PLC,outside_scope,sq intra account transfer 5839 plc,1
ADOBE CREATIVE 8065 BIRMINGHAM DIRECT,standard_rate,adobe creative 8065 birmingham direct,3
DD SAINSBURYS 4705,zero_rated,dd sainsburys 4705,4
PAYMENT TO INTRA ACCOUNT TRANSFER LONDON STORE,outside_scope,payment to intra account transfer london store,1
PAYMENT TO LNER TICKETS 8202 ONLINE STORE REF-3094,zero_rated,payment to lner tickets 8202 online store ref 3094,4
SQ *TRAINLINE  LTD,zero_rated,sq trainline ltd,4
CARD SAINSBURYS 8051 BIRMINGHAM UK REF-1793,zero_rated,card sainsburys 8051 birmingham uk ref 1793,4
UBER EATS BRISTOL STORE,standard_rate,uber eats bristol store,3
POS BRITISH GAS  DIRECT,reduced_rate,pos british gas direct,2
westminster council 2796 glasgow store,outside_scope,westminster council 2796 glasgow store,1
POS BARCLAYS BANK BRISTOL LTD,exempt,pos barclays bank bristol ltd,0
IZ *TFL TRAVEL BRISTOL STORE REF-7262,zero_rated,iz tfl travel bristol store ref 7262,4
POS HMRC PAYMENTS 703 ONLINE DIRECT,outside_scope,pos hmrc payments 703 online direct,1
card payroll transfer london plc ref-1586,outside_scope,card payroll transfer london plc ref 1586,1
DD EDF ENERGY  PLC REF-6169,reduced_rate,dd edf energy plc ref 6169,2
card director drawings 762  online,outside_scope,card director drawings 762 online,1
POS HMRC SHIPLEY 3887 ONLINE DIRECT,outside_scope,pos hmrc shipley 3887 online direct,1
SQ *UBER EATS 8397 ONLINE LTD,standard_rate,sq uber eats 8397 online ltd,3
DD DIRECTOR DRAWINGS 9626 GLASGOW LTD REF-1431,outside_scope,dd director drawings 9626 glasgow ltd ref 1431,1
SQ *AMAZON UK,standard_rate,sq amazon uk,3
IZ *ALDI STORES 1594,zero_rated,iz aldi stores 1594,4
IZ *ROYAL MAIL 1034  PLC,exempt,iz royal mail 1034 plc,0
DD EDF ENERGY 7909 LONDON LTD REF-3422,reduced_rate,dd edf energy 7909 london ltd ref 3422,2
PAYMENT TO TESCO STORES 9112 ONLINE UK,zero_rated,payment to tesco stores 9112 online uk,4
HMRC PAYMENTS LEEDS DIRECT,outside_scope,hmrc payments leeds direct,1
DD TFL TRAVEL 2776 GLASGOW PLC,zero_rated,dd tfl travel 2776 glasgow plc,4
SQ *AMAZON EU 4282  PLC REF-6711,standard_rate,sq amazon eu 4282 plc ref 6711,3
SQ *TESCO STORES 6637 LEEDS REF-7118,zero_rated,sq tesco stores 6637 leeds ref 7118,4
CARD AMAZON UK 9414,standard_rate,card amazon uk 9414,3
CARD NATIONAL EXPRESS 2938 LONDON DIRECT,zero_rated,card national express 2938 london direct,4
PAYMENT TO ROYAL MAIL 7600 BRISTOL UK,exempt,payment to royal mail 7600 bristol uk,0
Pos Aa Breakdown  Ltd,exempt,pos aa breakdown ltd,0
Iz *Aviva Insurance London,exempt,iz aviva insurance london,0
Iz *Boots Uk 7058  Online,standard_rate,iz boots uk 7058 online,3
HMRC PAYMENTS 6572 LEEDS DIRECT,outside_scope,hmrc payments 6572 leeds direct,1
CARD DELIVEROO 9103 ONLINE DIRECT,standard_rate,card deliveroo 9103 online direct,3
pos amazon eu 1759  direct,standard_rate,pos amazon eu 1759 direct,3
PAYMENT TO DELIVEROO 5630 MANCHESTER DIRECT,standard_rate,payment to deliveroo 5630 manchester direct,3
PAYMENT TO DELIVEROO 5555 BRISTOL LTD,standard_rate,payment to deliveroo 5555 bristol ltd,3
iz *post office 2194 leeds ref-6341,exempt,iz post office 2194 leeds ref 6341,0
CARD LNER TICKETS MANCHESTER,zero_rated,card lner tickets manchester,4
PAYMENT TO INTRA ACCOUNT TRANSFER 555 BRISTOL PLC,outside_scope,payment to intra account transfer 555 bristol plc,1
TESCO STORES 5268,zero_rated,tesco stores 5268,4
AMAZON EU 8288  PLC REF-6810,standard_rate,amazon eu 8288 plc ref 6810,3
CARD DELIVEROO 4157 BIRMINGHAM PLC,standard_rate,card deliveroo 4157 birmingham plc,3
POS PAYROLL TRANSFER 8145 MANCHESTER ONLINE,outside_scope,pos payroll transfer 8145 manchester online,1
SQ *INTRA ACCOUNT TRANSFER  LTD,outside_scope,sq intra account transfer ltd,1
ASDA SUPERMARKET BRISTOL PLC REF-8429,zero_rated,asda supermarket bristol plc ref 8429,4
SQ *AA BREAKDOWN UK REF-4176,exempt,sq aa breakdown uk ref 4176,0
sq *hmrc shipley 1778 bristol online ref-4393,outside_scope,sq hmrc shipley 1778 bristol online ref 4393,1
PAYMENT TO TFL TRAVEL 2675  DIRECT,zero_rated,payment to tfl travel 2675 direct,4
payment to westminster council 9540  ltd ref-8809,outside_scope,payment to westminster council 9540 ltd ref 8809,1
Dataset 1 — Small (<50 transactions),standard_rate,dataset 1 small 50 transactions,3
Date Description Appears On Statement As Amount,standard_rate,date description appears on statement as amount,3
Amazon Uk 791 Birmingham Uk Ref-8960,standard_rate,amazon uk 791 birmingham uk ref 8960,3
card aa breakdown birmingham plc,exempt,card aa breakdown birmingham plc,0
Dd Intra Account Transfer Bristol Uk,outside_scope,dd intra account transfer bristol uk,1
CARD NATIONAL EXPRESS 9447 LEEDS REF-2533,zero_rated,card national express 9447 leeds ref 2533,4
LINKEDIN PREMIUM  PLC REF-7061,standard_rate,linkedin premium plc ref 7061,3
iz *waterstones  store,zero_rated,iz waterstones store,4
POS TFL TRAVEL 4438  REF-4201,zero_rated,pos tfl travel 4438 ref 4201,4
PAYMENT TO HSBC BANK FEES 6753 ONLINE,exempt,payment to hsbc bank fees 6753 online,0
IZ *ROYAL MAIL  UK REF-1923,exempt,iz royal mail uk ref 1923,0
SQ *EON NEXT 1390 MANCHESTER ONLINE,reduced_rate,sq eon next 1390 manchester online,2
POS BOOTS UK 8096,standard_rate,pos boots uk 8096,3
PAYMENT TO BARCLAYS BANK 5386 GLASGOW LTD REF-5959,exempt,payment to barclays bank 5386 glasgow ltd ref 5959,0
CARD WATERSTONES 653 MANCHESTER UK REF-5146,zero_rated,card waterstones 653 manchester uk ref 5146,4
lidl gb uk ltd,zero_rated,lidl gb uk ltd,4
POS EDF ENERGY  UK,reduced_rate,pos edf energy uk,2
card asda supermarket 3834 manchester uk,zero_rated,card asda supermarket 3834 manchester uk,4
CARD UBER EATS 6513 MANCHESTER UK,standard_rate,card uber eats 6513 manchester uk,3
DD XERO SOFTWARE BIRMINGHAM ONLINE REF-9009,standard_rate,dd xero software birmingham online ref 9009,3
QUICKBOOKS 1737 ONLINE PLC REF-4527,standard_rate,quickbooks 1737 online plc ref 4527,3
Business Name: Louisville BBQ Co. Minimum Payment Due: See below,standard_rate,business name louisville bbq co minimum payment due see below,3
TRAINLINE LEEDS UK,zero_rated,trainline leeds uk,4
DD BARCLAYS BANK  REF-1242,exempt,dd barclays bank ref 1242,0
Iz *Post Office 9189 Uk Ltd,exempt,iz post office 9189 uk ltd,0
SQ *BOOTS UK 3285  DIRECT,standard_rate,sq boots uk 3285 direct,3
SQ *ASDA SUPERMARKET 5510 LEEDS ONLINE REF-8889,zero_rated,sq asda supermarket 5510 leeds online ref 8889,4
IZ *OCTOPUS ENERGY 2353 LEEDS UK,reduced_rate,iz octopus energy 2353 leeds uk,2
SQ *TESCO STORES 4781 BRISTOL DIRECT,zero_rated,sq tesco stores 4781 bristol direct,4
payroll transfer 7588  store ref-6356,outside_scope,payroll transfer 7588 store ref 6356,1
LINKEDIN PREMIUM 8279 BIRMINGHAM STORE,standard_rate,linkedin premium 8279 birmingham store,3
WESTMINSTER COUNCIL  LTD,outside_scope,westminster council ltd,1
"Jan 29 Republic Services - Trash ACH-2210 310.00 48,954.80",standard_rate,jan 29 republic services trash ach 2210 310 00 48 954 80,3
CARD EDF ENERGY 551 BRISTOL LTD REF-9041,reduced_rate,card edf energy 551 bristol ltd ref 9041,2
"2026-01-09 SYSCO FOODS 4,359.11 20,772.00",standard_rate,2026 01 09 sysco foods 4 359 11 20 772 00,3
PAYMENT TO NATIONAL EXPRESS 1622  LTD REF-2886,zero_rated,payment to national express 1622 ltd ref 2886,4
"2026-02-14 CATERING INVOICE - VALENTINES BANQUET 3,150.00 35,986.17",standard_rate,2026 02 14 catering invoice valentines banquet 3 150 00 35 986 17,3
linkedin premium 772  store ref-4212,standard_rate,linkedin premium 772 store ref 4212,3
DD ASDA SUPERMARKET 9075 BRISTOL DIRECT REF-4560,zero_rated,dd asda supermarket 9075 bristol direct ref 4560,4
PAYMENT TO QUICKBOOKS 1354 LONDON DIRECT,standard_rate,payment to quickbooks 1354 london direct,3
CARD UBER EATS 1007 UK,standard_rate,card uber eats 1007 uk,3
PAYMENT TO ALDI STORES 6485  PLC REF-4614,zero_rated,payment to aldi stores 6485 plc ref 4614,4
payment to lner tickets 1075 glasgow uk,zero_rated,payment to lner tickets 1075 glasgow uk,4
pos uber eats  ltd ref-5967,standard_rate,pos uber eats ltd ref 5967,3
PAYMENT TO AMAZON KINDLE 662 BIRMINGHAM PLC,zero_rated,payment to amazon kindle 662 birmingham plc,4
CARD LNER TICKETS 9631 LEEDS STORE,zero_rated,card lner tickets 9631 leeds store,4
PAYROLL TRANSFER 1315 UK REF-5935,outside_scope,payroll transfer 1315 uk ref 5935,1
pos post office 2882 uk plc,exempt,pos post office 2882 uk plc,0
POS LNER TICKETS 7431 BIRMINGHAM PLC,zero_rated,pos lner tickets 7431 birmingham plc,4
SQ *DIRECTOR DRAWINGS 5703  UK REF-3288,outside_scope,sq director drawings 5703 uk ref 3288,1
pos waterstones 4987  plc ref-8396,zero_rated,pos waterstones 4987 plc ref 8396,4
CARD HMRC SHIPLEY 4235 LEEDS STORE REF-9667,outside_scope,card hmrc shipley 4235 leeds store ref 9667,1
"2026-03-07 DOORDASH TRANSFER 525.80 37,553.84",standard_rate,2026 03 07 doordash transfer 525 80 37 553 84,3
"Food & Beverage (COGS) Sysco Foods, Gordon Food, US Foods 12 $37,870.00",standard_rate,food beverage cogs sysco foods gordon food us foods 12 37 870 00,3
AMAZON KINDLE UK UK,zero_rated,amazon kindle uk uk,4
POS XERO SOFTWARE LEEDS,standard_rate,pos xero software leeds,3
DD TFL TRAVEL 2895 BRISTOL PLC,zero_rated,dd tfl travel 2895 bristol plc,4
"2025-03-30 LOUISVILLE WATER CO 72.03 38,560.79",standard_rate,2025 03 30 louisville water co 72 03 38 560 79,3
CARD AMAZON UK 548 GLASGOW DIRECT REF-4010,standard_rate,card amazon uk 548 glasgow direct ref 4010,3
Iz *Amazon Uk 6010 Uk Direct Ref-7471,standard_rate,iz amazon uk 6010 uk direct ref 7471,3
EON NEXT 8275  DIRECT,reduced_rate,eon next 8275 direct,2
IZ *AMAZON KINDLE 3210  LTD REF-7941,zero_rated,iz amazon kindle 3210 ltd ref 7941,4
CARD HMRC SHIPLEY 3105 GLASGOW LTD,outside_scope,card hmrc shipley 3105 glasgow ltd,1
DD AVIVA INSURANCE 5772  UK,exempt,dd aviva insurance 5772 uk,0
DD AMAZON KINDLE 5985  PLC REF-4251,zero_rated,dd amazon kindle 5985 plc ref 4251,4
Iz *Hsbc Bank Fees Leeds Ltd Ref-5554,exempt,iz hsbc bank fees leeds ltd ref 5554,0
"Feb 29 POS Sales Deposit - Weekly DEP-0229 15,200.00 82,264.80",standard_rate,feb 29 pos sales deposit weekly dep 0229 15 200 00 82 264 80,3
CARD NATIONAL EXPRESS 1872  DIRECT REF-1996,zero_rated,card national express 1872 direct ref 1996,4
CARD OCTOPUS ENERGY 3243 GLASGOW PLC REF-9481,reduced_rate,card octopus energy 3243 glasgow plc ref 9481,2
"2025-04-05 PAYCHEX INC PAYROLL 3,537.35 33,659.46",standard_rate,2025 04 05 paychex inc payroll 3 537 35 33 659 46,3
SQ *TESCO STORES  STORE REF-9928,zero_rated,sq tesco stores store ref 9928,4
"Feb 08 POS Sales Deposit - Weekly DEP-0208 13,750.00 62,664.80",standard_rate,feb 08 pos sales deposit weekly dep 0208 13 750 00 62 664 80,3
Charges — March 2025,standard_rate,charges march 2025,3
CARD NATIONAL EXPRESS GLASGOW STORE REF-9265,zero_rated,card national express glasgow store ref 9265,4
DD HMRC PAYMENTS 8422  UK REF-3222,outside_scope,dd hmrc payments 8422 uk ref 3222,1
iz *aldi stores,zero_rated,iz aldi stores,4
CARD HSBC BANK FEES 9023  UK,exempt,card hsbc bank fees 9023 uk,0
BOOTS UK  ONLINE,standard_rate,boots uk online,3
IZ *NATIONAL EXPRESS  ONLINE,zero_rated,iz national express online,4
PAYMENT TO AMAZON UK 8557 BIRMINGHAM ONLINE REF-9178,standard_rate,payment to amazon uk 8557 birmingham online ref 9178,3
POS XERO SOFTWARE 5309  DIRECT,standard_rate,pos xero software 5309 direct,3
EDF ENERGY 5873  UK REF-5074,reduced_rate,edf energy 5873 uk ref 5074,2
PAYMENT TO TRAINLINE LONDON LTD,zero_rated,payment to trainline london ltd,4
Pos Xero Software 2152 Online Store Ref-9891,standard_rate,pos xero software 2152 online store ref 9891,3
IZ *TESCO EXPRESS 7940 UK PLC REF-3209,zero_rated,iz tesco express 7940 uk plc ref 3209,4
IZ *OCTOPUS ENERGY  STORE REF-5541,reduced_rate,iz octopus energy store ref 5541,2
IZ *LNER TICKETS 3860  ONLINE,zero_rated,iz lner tickets 3860 online,4
TESCO STORES 7344 GLASGOW STORE REF-9375,zero_rated,tesco stores 7344 glasgow store ref 9375,4
CARD SAINSBURYS 7257  UK REF-8982,zero_rated,card sainsburys 7257 uk ref 8982,4
IZ *INTRA ACCOUNT TRANSFER  ONLINE,outside_scope,iz intra account transfer online,1
SQ *OCTOPUS ENERGY BIRMINGHAM DIRECT,reduced_rate,sq octopus energy birmingham direct,2
POS XERO SOFTWARE  LTD,standard_rate,pos xero software ltd,3
CARD TFL TRAVEL 918 BRISTOL STORE,zero_rated,card tfl travel 918 bristol store,4
SQ *ADOBE CREATIVE 6266 BIRMINGHAM DIRECT,standard_rate,sq adobe creative 6266 birmingham direct,3
SQ *TFL TRAVEL 6328  ONLINE,zero_rated,sq tfl travel 6328 online,4
IZ *SAINSBURYS 6220 GLASGOW PLC REF-7481,zero_rated,iz sainsburys 6220 glasgow plc ref 7481,4
payment to edf energy 5524  ref-3082,reduced_rate,payment to edf energy 5524 ref 3082,2
Iz *Aviva Insurance 646  Plc,exempt,iz aviva insurance 646 plc,0
