raw_description,vat_code
DD ROYAL MAIL 8854  LTD,exempt
DD STATIONERY STATION  DIRECT REF-8557,standard_rate
SQ *BOOTS UK 3839 LONDON STORE REF-3285,standard_rate
CARD PAYROLL TRANSFER BRISTOL PLC,outside_scope
SQ *INTRA ACCOUNT TRANSFER 4818 GLASGOW REF-8752,outside_scope
IZ *AMAZON KINDLE 3210  LTD REF-7941,zero_rated
Pos Edf Energy 6347 Online Direct Ref-3269,reduced_rate
SQ *UBER EATS 8864  UK,standard_rate
linkedin premium bristol plc,standard_rate
Card Sainsburys 123 London Online Ref-7164,zero_rated
iz *uber eats 7596 birmingham uk ref-6318,standard_rate
Dd Boots Uk 4097  Online Ref-4800,standard_rate
CARD TFL TRAVEL  DIRECT,zero_rated
PAYMENT TO EDF ENERGY 1170 LONDON UK,reduced_rate
XERO SOFTWARE 902  REF-9486,standard_rate
SQ *WATERSTONES 6022  REF-8756,zero_rated
SQ *BARCLAYS BANK 4949 ONLINE PLC REF-9627,exempt
CARD DELIVEROO 7601 GLASGOW DIRECT REF-3219,standard_rate
CARD LINKEDIN PREMIUM 2210  STORE,standard_rate
CARD HMRC SHIPLEY 9889  UK,outside_scope
PAYMENT TO BARCLAYS BANK  DIRECT,exempt
Asda Supermarket 6125 Leeds Ref-9955,zero_rated
iz *amazon eu 646 manchester direct,standard_rate
POS QUICKBOOKS 7964 LONDON UK,standard_rate
CARD AMAZON EU LEEDS PLC,standard_rate
CARD POST OFFICE 2311 LEEDS ONLINE,exempt
IZ *MICROSOFT 365 7034  DIRECT REF-4918,standard_rate
CARD SAGE SUBSCRIPTION 2971 BIRMINGHAM ONLINE,standard_rate
POS OCTOPUS ENERGY 3421 BRISTOL REF-1399,reduced_rate
Pos Waterstones 8753 Manchester Uk,zero_rated
IZ *AA BREAKDOWN 7905 LEEDS UK REF-5036,exempt
IZ *LNER TICKETS 6441  STORE REF-1683,zero_rated
SQ *TRAINLINE  LTD,zero_rated
ALDI STORES  UK,zero_rated
SQ *TFL TRAVEL LEEDS UK REF-1969,zero_rated
sq *lner tickets 6524 birmingham online,zero_rated
iz *hmrc shipley 1446 bristol ltd,outside_scope
POS BARCLAYS BANK 796 ONLINE STORE,exempt
card deliveroo 8273 online uk ref-5626,standard_rate
Payment To Amazon Kindle 9306 Online Online Ref-8159,zero_rated
DD QUICKBOOKS 7450 GLASGOW STORE REF-7789,standard_rate
DELIVEROO 5270 ONLINE LTD REF-7297,standard_rate
Pos Quickbooks 366 Leeds Online Ref-4776,standard_rate
WESTMINSTER COUNCIL 9586 BRISTOL STORE,outside_scope
IZ *HMRC PAYMENTS 5844 LEEDS ONLINE REF-9877,outside_scope
DD TFL TRAVEL BRISTOL,zero_rated
IZ *LINKEDIN PREMIUM  PLC,standard_rate
Iz *Amazon Uk 6010 Uk Direct Ref-7471,standard_rate
pos payroll transfer 9242 leeds plc ref-1872,outside_scope
ROYAL MAIL  LTD,exempt
PAYMENT TO AMAZON UK 7860 LEEDS,standard_rate
IZ *DELIVEROO GLASGOW LTD,standard_rate
Payment To Amazon Kindle Online Uk Ref-3501,zero_rated
SQ *AA BREAKDOWN  STORE,exempt
POS SAINSBURYS 2825  REF-1725,zero_rated
POS BARCLAYS BANK 6948  UK REF-1899,exempt
STATIONERY STATION LEEDS,standard_rate
Pos Payroll Transfer 8052 Leeds Direct Ref-8117,outside_scope
Iz *Director Drawings  Direct,outside_scope
CARD PAYROLL TRANSFER 5128 GLASGOW,outside_scope
microsoft 365 8976 uk,standard_rate
Iz *Asda Supermarket 5717  Ref-8419,zero_rated
Intra Account Transfer 6434 Uk Online,outside_scope
pos amazon kindle  store,zero_rated
PAYMENT TO EDF ENERGY 2148 LEEDS ONLINE REF-6782,reduced_rate
AMAZON UK 6458 UK UK,standard_rate
pos xero software bristol store,standard_rate
PAYMENT TO GOOGLE WORKSPACE 2613  REF-7357,standard_rate
sq *tesco stores 1871 birmingham online,zero_rated
HMRC PAYMENTS  STORE REF-5725,outside_scope
POS PAYROLL TRANSFER 9067  PLC,outside_scope
DD TESCO EXPRESS 8111 LEEDS UK,zero_rated
TESCO EXPRESS 4481 LONDON STORE,zero_rated
iz *eon next 7572,reduced_rate
POS AA BREAKDOWN BRISTOL PLC REF-6366,exempt
IZ *INTRA ACCOUNT TRANSFER GLASGOW DIRECT,outside_scope
CARD POST OFFICE BIRMINGHAM ONLINE,exempt
Sq *Boots Uk 9757 Manchester Uk Ref-5917,standard_rate
Dd Amazon Eu  Plc,standard_rate
POS MICROSOFT 365 9327 LEEDS LTD,standard_rate
CARD HMRC SHIPLEY 1631 GLASGOW ONLINE REF-8484,outside_scope
sq *director drawings 9051 birmingham store,outside_scope
BOOTS UK 2017 ONLINE STORE,standard_rate
CARD AMAZON UK 4482  REF-9444,standard_rate
PAYMENT TO BRITISH GAS 1813 LONDON ONLINE REF-1129,reduced_rate
POS AMAZON EU LEEDS DIRECT,standard_rate
CARD HSBC BANK FEES 4666 ONLINE REF-1344,exempt
IZ *WATERSTONES 365 GLASGOW STORE,zero_rated
payment to octopus energy online,reduced_rate
national express 3003 manchester,zero_rated
CARD SAGE SUBSCRIPTION BIRMINGHAM UK REF-7583,standard_rate
DD TESCO STORES  STORE REF-4750,zero_rated
PAYMENT TO TESCO STORES 7719  ONLINE REF-7043,zero_rated
DD BOOTS UK MANCHESTER PLC REF-2144,standard_rate
Card Trainline  Uk Ref-5749,zero_rated
dd westminster council 4944  store,outside_scope
SQ *ADOBE CREATIVE 8742  REF-5471,standard_rate
Pos Trainline  Online,zero_rated
DD BARCLAYS BANK 2198 LEEDS LTD REF-5490,exempt
IZ *ROYAL MAIL  LTD REF-7694,exempt
Pos Quickbooks,standard_rate
IZ *HMRC PAYMENTS 3450,outside_scope
POS AVIVA INSURANCE 6618  ONLINE,exempt
Iz *Tfl Travel 4219 London Uk,zero_rated
DD AMAZON EU 8551 LEEDS PLC,standard_rate
LIDL GB 7544 ONLINE ONLINE,zero_rated
NATIONAL EXPRESS 4745 MANCHESTER ONLINE,zero_rated
Sq *British Gas 7211 Glasgow Plc Ref-1935,reduced_rate
POS INTRA ACCOUNT TRANSFER MANCHESTER UK,outside_scope
Card Boots Uk 9641  Ltd,standard_rate
POS XERO SOFTWARE  ONLINE REF-9786,standard_rate
CARD BRITISH GAS 4665 MANCHESTER UK,reduced_rate
POS NATIONAL EXPRESS 7953  DIRECT,zero_rated
CARD BRITISH GAS  LTD REF-9281,reduced_rate
Dd Sainsburys 4466  Plc,zero_rated
SQ *AMAZON EU 8581  UK,standard_rate
CARD HMRC PAYMENTS 655 UK PLC,outside_scope
IZ *NATIONAL EXPRESS 9420  ONLINE,zero_rated
PAYMENT TO HSBC BANK FEES LEEDS REF-4153,exempt
SQ *STATIONERY STATION 1887 GLASGOW DIRECT,standard_rate
IZ *STATIONERY STATION MANCHESTER DIRECT REF-9899,standard_rate
IZ *LNER TICKETS 7318 LEEDS LTD,zero_rated
SQ *ASDA SUPERMARKET,zero_rated
IZ *TRAINLINE 2758 MANCHESTER LTD,zero_rated
Iz *Deliveroo Glasgow Ltd Ref-9673,standard_rate
CARD AVIVA INSURANCE  STORE REF-6130,exempt
Iz *Amazon Kindle London Plc,zero_rated
Dd Lner Tickets 6208 Glasgow Ltd,zero_rated
IZ *ROYAL MAIL 8486 LEEDS PLC,exempt
POS WATERSTONES 366 LONDON STORE,zero_rated
IZ *WESTMINSTER COUNCIL 3267 GLASGOW UK,outside_scope
payment to tfl travel 8798 birmingham,zero_rated
EDF ENERGY 7858 GLASGOW ONLINE,reduced_rate
payment to waterstones 7342 bristol uk ref-3301,zero_rated
POS LNER TICKETS 1519 BRISTOL LTD REF-6116,zero_rated
card sage subscription 4578 leeds direct,standard_rate
hmrc payments 8490 london plc ref-7830,outside_scope
IZ *LIDL GB  PLC,zero_rated
Payment To Aa Breakdown 9220 Glasgow Ltd,exempt
INTRA ACCOUNT TRANSFER BRISTOL LTD,outside_scope
TRAINLINE LEEDS UK,zero_rated
SQ *AMAZON EU 8648 LONDON STORE,standard_rate
PAYMENT TO UBER EATS 990 ONLINE,standard_rate
DD SAGE SUBSCRIPTION 2012  UK REF-3593,standard_rate
IZ *GOOGLE WORKSPACE 3888 LEEDS LTD,standard_rate
EDF ENERGY 5176 LEEDS PLC,reduced_rate
IZ *UBER EATS 5571 LONDON UK,standard_rate
DD EDF ENERGY UK PLC,reduced_rate
amazon eu 8499 london direct ref-3445,standard_rate
IZ *QUICKBOOKS 3217  UK,standard_rate
CARD BARCLAYS BANK 1036  LTD,exempt
DD ALDI STORES  STORE REF-6621,zero_rated
CARD HMRC SHIPLEY 8053 GLASGOW ONLINE REF-4351,outside_scope
dd microsoft 365 online plc,standard_rate
DD LINKEDIN PREMIUM 1700 LONDON PLC REF-4170,standard_rate
IZ *XERO SOFTWARE MANCHESTER PLC,standard_rate
POS OCTOPUS ENERGY 2798  STORE REF-6486,reduced_rate
CARD EDF ENERGY 7910  LTD REF-3317,reduced_rate
dd sage subscription 6969 leeds uk ref-4360,standard_rate
CARD GOOGLE WORKSPACE 5461  LTD,standard_rate
IZ *XERO SOFTWARE 1139  LTD,standard_rate
IZ *PAYROLL TRANSFER  STORE REF-3390,outside_scope
CARD WESTMINSTER COUNCIL 8005  STORE,outside_scope
DD TESCO STORES LEEDS ONLINE,zero_rated
IZ *POST OFFICE 1446  UK REF-9972,exempt
POS BOOTS UK 4357  UK REF-7368,standard_rate
Iz *Lner Tickets 8652 Uk,zero_rated
CARD SAGE SUBSCRIPTION  STORE,standard_rate
IZ *TESCO EXPRESS 1308 ONLINE DIRECT,zero_rated
DD EDF ENERGY ONLINE PLC,reduced_rate
iz *westminster council 1219 uk plc ref-7952,outside_scope
PAYMENT TO ALDI STORES 6199  DIRECT,zero_rated
AMAZON KINDLE 2190 ONLINE STORE,zero_rated
Iz *Tfl Travel 930  Ltd,zero_rated
Iz *Xero Software 3709 London Uk,standard_rate
SQ *TESCO EXPRESS 810 LEEDS LTD REF-9543,zero_rated
IZ *AMAZON EU 2128 BRISTOL LTD REF-2395,standard_rate
CARD UBER EATS 230  LTD,standard_rate
DD POST OFFICE 723 MANCHESTER PLC REF-7298,exempt
DD HMRC SHIPLEY ONLINE UK REF-6056,outside_scope
IZ *EDF ENERGY ONLINE DIRECT,reduced_rate
Payment To Amazon Kindle 6507 Glasgow Online,zero_rated
sq *boots uk  direct ref-8039,standard_rate
IZ *HMRC PAYMENTS LONDON STORE REF-4439,outside_scope
payroll transfer 7588  store ref-6356,outside_scope
uber eats 8184  ltd,standard_rate
TFL TRAVEL 1716 LEEDS PLC,zero_rated
Sq *Hsbc Bank Fees 6499 Bristol Ltd,exempt
POS AMAZON KINDLE 6923  PLC,zero_rated
POS POST OFFICE 487 BRISTOL STORE,exempt
DD EDF ENERGY LONDON STORE,reduced_rate
DD WATERSTONES 2380 GLASGOW STORE REF-4268,zero_rated
POS AVIVA INSURANCE  STORE REF-7246,exempt
dd quickbooks 917  uk,standard_rate
Payment To Intra Account Transfer 4154 Online Direct Ref-4331,outside_scope
PAYMENT TO TESCO STORES 7632 GLASGOW LTD REF-8135,zero_rated
SQ *ASDA SUPERMARKET BRISTOL STORE REF-6633,zero_rated
DD STATIONERY STATION 1615  ONLINE REF-8053,standard_rate
Payment To Amazon Kindle 5637  Direct Ref-5092,zero_rated
payment to adobe creative glasgow store,standard_rate
SQ *INTRA ACCOUNT TRANSFER  LTD,outside_scope
PAYMENT TO EON NEXT 9515 BIRMINGHAM,reduced_rate
Payment To Eon Next  Uk,reduced_rate
Card British Gas 2008 Bristol Ltd Ref-2295,reduced_rate
pos edf energy 6470  direct,reduced_rate
POS UBER EATS 882  PLC,standard_rate
dd lidl gb leeds online,zero_rated
SQ *EDF ENERGY 2006 ONLINE UK REF-2072,reduced_rate
SQ *ASDA SUPERMARKET 9417  DIRECT,zero_rated
Payment To Barclays Bank 4397  Ltd Ref-6614,exempt
PAYMENT TO AA BREAKDOWN 8030  DIRECT,exempt
DD WESTMINSTER COUNCIL  REF-3354,outside_scope
Payment To Hmrc Shipley 8835 Bristol Plc,outside_scope
DD ASDA SUPERMARKET 9075 BRISTOL DIRECT REF-4560,zero_rated
Dd Tfl Travel  Uk,zero_rated
sq *tfl travel 5195 bristol direct ref-2572,zero_rated
card tesco express 4803 london direct,zero_rated
sq *google workspace 9446 glasgow store,standard_rate
SQ *ROYAL MAIL 3439 ONLINE PLC,exempt
Dd Tfl Travel 4886 Bristol Uk Ref-6036,zero_rated
PAYMENT TO TFL TRAVEL 2675  DIRECT,zero_rated
POS POST OFFICE  ONLINE,exempt
DD BRITISH GAS 271 LONDON UK,reduced_rate
CARD LINKEDIN PREMIUM ONLINE ONLINE,standard_rate
DD TRAINLINE BIRMINGHAM STORE,zero_rated
Sq *Director Drawings 9582 London Store Ref-6106,outside_scope
card tesco express 8435 birmingham uk,zero_rated
Dd National Express 2904 Leeds Plc Ref-7997,zero_rated
POS HMRC PAYMENTS LEEDS STORE,outside_scope
DD HMRC PAYMENTS 3347  ONLINE REF-8023,outside_scope
CARD AMAZON EU LONDON ONLINE,standard_rate
SQ *BOOTS UK 3285  DIRECT,standard_rate
SQ *HSBC BANK FEES 1392 BRISTOL,exempt
ROYAL MAIL  STORE REF-6856,exempt
IZ *ROYAL MAIL 3189 LEEDS PLC REF-1063,exempt
DD AMAZON UK  DIRECT REF-7598,standard_rate
PAYMENT TO SAGE SUBSCRIPTION 533 BIRMINGHAM UK,standard_rate
IZ *WATERSTONES 5312 BIRMINGHAM DIRECT,zero_rated
IZ *MICROSOFT 365 2815 BRISTOL ONLINE,standard_rate
Iz *Tesco Stores 3133  Plc,zero_rated
Pos Sainsburys  Ltd,zero_rated
Dd Tfl Travel 8228  Online,zero_rated
CARD TESCO EXPRESS UK ONLINE,zero_rated
PAYMENT TO HMRC PAYMENTS 6413  DIRECT,outside_scope
DD QUICKBOOKS 320 LONDON DIRECT REF-1603,standard_rate
POST OFFICE 2539 BRISTOL ONLINE,exempt
sq *national express 2178 london store ref-1619,zero_rated
Sq *Post Office Leeds Store Ref-7070,exempt
Sq *Lner Tickets 1493 Leeds Uk,zero_rated
POS BOOTS UK 1582 LEEDS LTD,standard_rate
SQ *DIRECTOR DRAWINGS UK LTD,outside_scope
POS SAGE SUBSCRIPTION 2050 ONLINE PLC,standard_rate
Payment To Octopus Energy Online Direct,reduced_rate
PAYMENT TO UBER EATS LONDON REF-1093,standard_rate
Payment To Aviva Insurance 9020 Bristol,exempt
SQ *LINKEDIN PREMIUM  ONLINE,standard_rate
DD BARCLAYS BANK MANCHESTER UK,exempt
Dd Amazon Kindle 8170 Uk Direct,zero_rated
PAYMENT TO HMRC PAYMENTS UK UK,outside_scope
PAYMENT TO EDF ENERGY 7605  UK REF-6454,reduced_rate
CARD STATIONERY STATION  STORE,standard_rate
iz *trainline 5629 london ltd,zero_rated
DD TESCO EXPRESS GLASGOW UK REF-5902,zero_rated
PAYMENT TO POST OFFICE 5283 MANCHESTER STORE REF-1767,exempt
SQ *GOOGLE WORKSPACE 2944 LONDON,standard_rate
iz *tesco stores leeds uk ref-9837,zero_rated
Payment To Tesco Express 5859 Birmingham Store,zero_rated
DD ALDI STORES 6466  LTD REF-9615,zero_rated
POS HMRC PAYMENTS 8692 BRISTOL DIRECT REF-7567,outside_scope
Dd Tesco Stores Uk Plc,zero_rated
PAYMENT TO INTRA ACCOUNT TRANSFER 8735  UK REF-2073,outside_scope
IZ *TESCO EXPRESS 6680  LTD,zero_rated
Iz *Tfl Travel 6219 Leeds Ref-6771,zero_rated
IZ *AA BREAKDOWN  ONLINE REF-2302,exempt
CARD STATIONERY STATION 6954  DIRECT,standard_rate
CARD STATIONERY STATION 8925 LEEDS STORE,standard_rate
card amazon kindle 1941 online plc,zero_rated
iz *tesco express 5353  store,zero_rated
DD HMRC PAYMENTS 2502  UK REF-5452,outside_scope
dd director drawings  online,outside_scope
card asda supermarket 3834 manchester uk,zero_rated
payment to post office 9713  plc ref-9199,exempt
SQ *ALDI STORES 7936  PLC REF-1533,zero_rated
SQ *ASDA SUPERMARKET 7020 BRISTOL ONLINE REF-9564,zero_rated
pos xero software glasgow ltd ref-5612,standard_rate
POS TESCO STORES 7554  DIRECT,zero_rated
IZ *HMRC PAYMENTS 1025 UK DIRECT,outside_scope
DD BRITISH GAS 1669 UK DIRECT,reduced_rate
DD ROYAL MAIL  UK REF-5201,exempt
sq *aldi stores  online ref-7436,zero_rated
DD DELIVEROO UK DIRECT REF-2315,standard_rate
payment to post office 6272 bristol,exempt
PAYMENT TO UBER EATS UK PLC REF-6316,standard_rate
PAYMENT TO TESCO EXPRESS 6943 ONLINE LTD,zero_rated
Pos Stationery Station 6782 Leeds Store Ref-5404,standard_rate
IZ *LIDL GB 9525 MANCHESTER DIRECT,zero_rated
DD HSBC BANK FEES 8173 BIRMINGHAM,exempt
IZ *WESTMINSTER COUNCIL,outside_scope
DD POST OFFICE 2233  DIRECT,exempt
CARD TRAINLINE 123 ONLINE,zero_rated
sq *post office london store ref-1531,exempt
DD AMAZON KINDLE  LTD REF-9401,zero_rated
Dd Quickbooks 3067 Glasgow Online Ref-3375,standard_rate
CARD XERO SOFTWARE 9920 BRISTOL ONLINE,standard_rate
DD MICROSOFT 365 1104  STORE REF-3233,standard_rate
Pos Waterstones 3821  Plc,zero_rated
Iz *Intra Account Transfer 8756 Online,outside_scope
IZ *UBER EATS BRISTOL UK REF-1794,standard_rate
BRITISH GAS 8652 GLASGOW DIRECT,reduced_rate
PAYMENT TO DELIVEROO 4246  STORE REF-2883,standard_rate
lidl gb  uk ref-2431,zero_rated
POS SAINSBURYS LONDON ONLINE,zero_rated
DD DIRECTOR DRAWINGS BIRMINGHAM STORE REF-5783,outside_scope
IZ *ADOBE CREATIVE 4868  LTD,standard_rate
DD DELIVEROO 7124 ONLINE,standard_rate
CARD BOOTS UK 6076 MANCHESTER UK REF-7822,standard_rate
PAYMENT TO MICROSOFT 365 3523  PLC,standard_rate
octopus energy 131  plc ref-1722,reduced_rate
SQ *EON NEXT 7047 BIRMINGHAM PLC REF-5561,reduced_rate
pos hmrc shipley  store,outside_scope
ASDA SUPERMARKET MANCHESTER UK,zero_rated
UBER EATS 195 LEEDS,standard_rate
DD LINKEDIN PREMIUM 7896 GLASGOW STORE,standard_rate
pos waterstones 4987  plc ref-8396,zero_rated
Iz *Microsoft 365  Store Ref-9573,standard_rate
PAYMENT TO SAINSBURYS 7512 UK UK,zero_rated
PAYMENT TO AMAZON KINDLE LONDON STORE,zero_rated
POS BARCLAYS BANK BRISTOL LTD,exempt
POS STATIONERY STATION 7660 BIRMINGHAM ONLINE,standard_rate
SQ *LINKEDIN PREMIUM 3859 UK LTD,standard_rate
POS AMAZON UK 5253 MANCHESTER DIRECT REF-8250,standard_rate
XERO SOFTWARE  REF-2647,standard_rate
CARD ALDI STORES 8483 ONLINE LTD REF-3619,zero_rated
PAYROLL TRANSFER ONLINE UK,outside_scope
POS LNER TICKETS,zero_rated
CARD LNER TICKETS ONLINE STORE,zero_rated
Card Hmrc Payments 4279,outside_scope
DD LNER TICKETS  LTD,zero_rated
Card Director Drawings 5397  Uk,outside_scope
DD BOOTS UK 4937  LTD REF-9245,standard_rate
PAYMENT TO TRAINLINE BIRMINGHAM PLC,zero_rated
PAYMENT TO ROYAL MAIL 5694 BRISTOL ONLINE,exempt
PAYMENT TO MICROSOFT 365 6313 BRISTOL PLC REF-2190,standard_rate
payment to uber eats 3921 london uk,standard_rate
CARD GOOGLE WORKSPACE 2210 BRISTOL ONLINE,standard_rate
AA BREAKDOWN 4424 BRISTOL ONLINE REF-7394,exempt
PAYMENT TO TFL TRAVEL 5407 ONLINE DIRECT,zero_rated
POST OFFICE 7767 LONDON DIRECT,exempt
Pos Eon Next 1940  Store,reduced_rate
CARD STATIONERY STATION 7666 GLASGOW DIRECT REF-7178,standard_rate
CARD AMAZON EU 5315  DIRECT REF-6613,standard_rate
card payroll transfer  ltd ref-4878,outside_scope
Aldi Stores London Store Ref-1086,zero_rated
POS SAINSBURYS BIRMINGHAM STORE,zero_rated
PAYMENT TO AMAZON EU 4817 LONDON DIRECT REF-8476,standard_rate
CARD HMRC SHIPLEY UK ONLINE REF-1911,outside_scope
Tesco Stores 7811  Online,zero_rated
dd tfl travel 8259 birmingham plc,zero_rated
CARD TFL TRAVEL 1043 BIRMINGHAM DIRECT,zero_rated
Card Sage Subscription 5586 Online Online,standard_rate
Sainsburys  Uk,zero_rated
PAYMENT TO ASDA SUPERMARKET 3404 BRISTOL PLC,zero_rated
DELIVEROO 695 BRISTOL DIRECT,standard_rate
SQ *ASDA SUPERMARKET 3758 BIRMINGHAM DIRECT REF-5767,zero_rated
sq *uber eats 5369 uk direct,standard_rate
iz *sainsburys 6000 uk store,zero_rated
IZ *XERO SOFTWARE 4022 LEEDS PLC REF-9342,standard_rate
card adobe creative glasgow store,standard_rate
DD TRAINLINE 2307 LEEDS PLC,zero_rated
Westminster Council Glasgow Direct,outside_scope
DD AMAZON KINDLE MANCHESTER REF-1478,zero_rated
OCTOPUS ENERGY 874 UK,reduced_rate
OCTOPUS ENERGY  PLC,reduced_rate
dd asda supermarket 7596  plc,zero_rated
POS EON NEXT 7278  ONLINE REF-2819,reduced_rate
dd tfl travel 7298  uk ref-7776,zero_rated
Dd Trainline 7347 Manchester,zero_rated
CARD AMAZON KINDLE 5526  LTD REF-3626,zero_rated
CARD ADOBE CREATIVE BIRMINGHAM STORE,standard_rate
DD OCTOPUS ENERGY 7306  REF-5376,reduced_rate
DD TFL TRAVEL UK PLC,zero_rated
LINKEDIN PREMIUM BIRMINGHAM STORE,standard_rate
Sq *Hmrc Payments 9776  Uk Ref-6446,outside_scope
HMRC SHIPLEY MANCHESTER,outside_scope
card edf energy 8993  plc ref-5920,reduced_rate
POS POST OFFICE 4624  LTD REF-7891,exempt
DD BARCLAYS BANK  LTD,exempt
sq *amazon eu 133  uk ref-1070,standard_rate
Payment To Waterstones  Online,zero_rated
IZ *LNER TICKETS GLASGOW UK,zero_rated
Iz *Westminster Council 1861 London Plc,outside_scope
Card National Express 9538 Birmingham Plc Ref-7412,zero_rated
POS TESCO EXPRESS 9549  LTD,zero_rated
PAYMENT TO INTRA ACCOUNT TRANSFER 4978 LONDON ONLINE,outside_scope
DD AMAZON UK 6822 BIRMINGHAM PLC REF-6233,standard_rate
Tesco Express 9445 Leeds Direct Ref-8564,zero_rated
dd royal mail  direct,exempt
IZ *STATIONERY STATION 391  LTD,standard_rate
IZ *AVIVA INSURANCE  STORE REF-9004,exempt
dd hsbc bank fees 6711 glasgow online ref-5298,exempt
SQ *SAGE SUBSCRIPTION 9780 LONDON PLC REF-6582,standard_rate
GOOGLE WORKSPACE 8470 BIRMINGHAM LTD,standard_rate
IZ *NATIONAL EXPRESS  DIRECT REF-9502,zero_rated
Iz *Xero Software 3766,standard_rate
CARD LNER TICKETS BRISTOL STORE,zero_rated
DD HMRC SHIPLEY 5969 BIRMINGHAM LTD REF-7546,outside_scope
SQ *MICROSOFT 365 BIRMINGHAM STORE REF-6199,standard_rate
Iz *Lidl Gb 1340  Plc Ref-5528,zero_rated
DD TESCO STORES 2673  ONLINE,zero_rated
POS DELIVEROO 5470  REF-6380,standard_rate
DD BOOTS UK 9306 ONLINE ONLINE REF-4764,standard_rate
IZ *TESCO EXPRESS 6961  LTD,zero_rated
IZ *TRAINLINE 3644 UK LTD REF-6418,zero_rated
SQ *BRITISH GAS 8861 BRISTOL DIRECT,reduced_rate
SQ *WATERSTONES 7009 MANCHESTER UK REF-8130,zero_rated
Payment To Linkedin Premium 5726 London Store,standard_rate
IZ *HMRC SHIPLEY 3561 MANCHESTER DIRECT,outside_scope
pos british gas 7943  store,reduced_rate
iz *aldi stores 5162 leeds plc ref-9582,zero_rated
POST OFFICE 4871 LONDON LTD,exempt
DD BRITISH GAS 7082  UK,reduced_rate
IZ *PAYROLL TRANSFER BIRMINGHAM LTD,outside_scope
CARD PAYROLL TRANSFER 516 MANCHESTER PLC REF-2611,outside_scope
POS BRITISH GAS  LTD,reduced_rate
IZ *STATIONERY STATION 2994 GLASGOW DIRECT,standard_rate
PAYMENT TO HMRC SHIPLEY 6556  DIRECT REF-1611,outside_scope
DD GOOGLE WORKSPACE 4765 GLASGOW UK REF-3553,standard_rate
DD BARCLAYS BANK 647  UK,exempt
IZ *UBER EATS 9468 BIRMINGHAM ONLINE,standard_rate
SQ *HMRC PAYMENTS UK DIRECT,outside_scope
eon next leeds uk,reduced_rate
Card Aa Breakdown 5359 Bristol Store,exempt
Sq *Lidl Gb 3652  Ltd Ref-2995,zero_rated
Sq *Linkedin Premium  Ltd,standard_rate
dd waterstones 3314 london ltd,zero_rated
CARD AMAZON EU 736 MANCHESTER ONLINE REF-3039,standard_rate
Iz *Boots Uk 7058  Online,standard_rate
PAYMENT TO UBER EATS 4578  PLC,standard_rate
Dd Tesco Stores 1233 Manchester Store Ref-9727,zero_rated
PAYMENT TO POST OFFICE 747  PLC REF-2111,exempt
SQ *AMAZON EU 478 LEEDS ONLINE REF-9731,standard_rate
Dd Tesco Express 5538  Uk,zero_rated
POS HMRC SHIPLEY 6726 LONDON DIRECT REF-6953,outside_scope
OCTOPUS ENERGY BIRMINGHAM,reduced_rate
IZ *SAGE SUBSCRIPTION 4404 UK PLC REF-5892,standard_rate
sq *hsbc bank fees 9512  uk ref-1405,exempt
sq *aa breakdown 3750 birmingham ref-6846,exempt
dd intra account transfer leeds uk,outside_scope
Payment To Hsbc Bank Fees 297  Ltd,exempt
payment to sage subscription 181  store,standard_rate
CARD LNER TICKETS 1258 LEEDS,zero_rated
Pos Asda Supermarket 431 Bristol Online,zero_rated
SQ *TFL TRAVEL 6328  ONLINE,zero_rated
Amazon Uk London Online,standard_rate
pos aldi stores online uk,zero_rated
card tesco stores,zero_rated
DD STATIONERY STATION 2007  UK,standard_rate
Sainsburys Bristol Direct,zero_rated
QUICKBOOKS  PLC REF-2156,standard_rate
dd tfl travel 9199 uk uk ref-2292,zero_rated
UBER EATS 5481  UK REF-1394,standard_rate
card adobe creative 3511  uk,standard_rate
Card Sainsburys 9794 Leeds Store Ref-4201,zero_rated
PAYMENT TO SAINSBURYS 2392 GLASGOW ONLINE REF-2284,zero_rated
CARD HSBC BANK FEES  STORE,exempt
CARD ASDA SUPERMARKET MANCHESTER REF-7249,zero_rated
CARD TESCO STORES 4197  STORE,zero_rated
payment to amazon uk 2573  ref-1947,standard_rate
SQ *HSBC BANK FEES ONLINE PLC,exempt
POS LIDL GB MANCHESTER LTD,zero_rated
card hmrc shipley leeds ltd,outside_scope
Iz *Waterstones 8129 Leeds Ltd Ref-6274,zero_rated
SQ *BRITISH GAS UK UK REF-5524,reduced_rate
Dd Linkedin Premium 7779 Online Ltd Ref-1757,standard_rate
XERO SOFTWARE 8059 MANCHESTER UK,standard_rate
DD AVIVA INSURANCE 5387  LTD REF-5559,exempt
IZ *BRITISH GAS 683 LEEDS REF-1130,reduced_rate
SQ *TRAINLINE 6473 MANCHESTER ONLINE,zero_rated
CARD STATIONERY STATION 6172 BRISTOL DIRECT REF-2681,standard_rate
DD AMAZON EU MANCHESTER REF-9600,standard_rate
Payment To Xero Software 2723  Ltd,standard_rate
dd microsoft 365 5021 online plc ref-2133,standard_rate
DD BRITISH GAS GLASGOW LTD,reduced_rate
CARD HMRC PAYMENTS 2460  UK,outside_scope
POS SAGE SUBSCRIPTION 488 LONDON PLC REF-2676,standard_rate
POS EON NEXT LEEDS PLC,reduced_rate
SQ *AVIVA INSURANCE 1730 LEEDS UK,exempt
SQ *TRAINLINE 1548  PLC REF-1446,zero_rated
PAYMENT TO LIDL GB 5058  PLC,zero_rated
CARD QUICKBOOKS,standard_rate
POS INTRA ACCOUNT TRANSFER LEEDS LTD,outside_scope
IZ *SAINSBURYS  UK REF-2560,zero_rated
Post Office 3973  Ltd,exempt
PAYMENT TO AMAZON EU BIRMINGHAM ONLINE REF-1648,standard_rate
IZ *HMRC PAYMENTS 2724  UK,outside_scope
PAYMENT TO AA BREAKDOWN 3186 GLASGOW ONLINE REF-5628,exempt
SQ *ASDA SUPERMARKET 712  STORE,zero_rated
UBER EATS 1016 BRISTOL STORE REF-1073,standard_rate
POS POST OFFICE UK REF-1309,exempt
TESCO EXPRESS GLASGOW UK REF-7566,zero_rated
PAYMENT TO SAGE SUBSCRIPTION 9294 LEEDS DIRECT,standard_rate
card royal mail  ltd,exempt
PAYMENT TO TESCO STORES 9164 UK DIRECT REF-1188,zero_rated
POS AVIVA INSURANCE ONLINE UK REF-8903,exempt
Pos National Express  Store,zero_rated
dd tesco express uk direct,zero_rated
Pos Trainline 2135  Ref-9671,zero_rated
CARD DIRECTOR DRAWINGS 9980 GLASGOW UK,outside_scope
CARD AMAZON UK 6235 MANCHESTER LTD,standard_rate
Pos Aldi Stores 5568 Online Online,zero_rated
PAYMENT TO ADOBE CREATIVE UK STORE REF-9143,standard_rate
Iz *Post Office Glasgow Direct,exempt
Dd British Gas 9680  Store Ref-5264,reduced_rate
Iz *Uber Eats Uk Online,standard_rate
dd octopus energy  online ref-8695,reduced_rate
PAYMENT TO LIDL GB 6351  ONLINE,zero_rated
CARD ALDI STORES 6245  STORE REF-5162,zero_rated
DD EDF ENERGY 414 LONDON,reduced_rate
card uber eats  store ref-3589,standard_rate
Pos Tfl Travel 3315 Glasgow Direct Ref-3073,zero_rated
SQ *AMAZON UK 5079  STORE REF-9278,standard_rate
BRITISH GAS 373  STORE,reduced_rate
dd eon next  online,reduced_rate
Sq *Asda Supermarket 273  Store Ref-3717,zero_rated
CARD SAINSBURYS 7257  UK REF-8982,zero_rated
POS LNER TICKETS 8347  LTD REF-5115,zero_rated
CARD INTRA ACCOUNT TRANSFER 3120 BIRMINGHAM,outside_scope
IZ *HMRC PAYMENTS 4212  STORE REF-1557,outside_scope
PAYMENT TO LINKEDIN PREMIUM 7259 GLASGOW ONLINE REF-3512,standard_rate
PAYMENT TO MICROSOFT 365 608  LTD REF-7144,standard_rate
Waterstones 6838,zero_rated
SQ *DIRECTOR DRAWINGS 4736 ONLINE STORE REF-8616,outside_scope
SQ *POST OFFICE 2294,exempt
Sq *Aldi Stores 8766  Ltd Ref-8924,zero_rated
CARD POST OFFICE 7135 LONDON STORE,exempt
IZ *TESCO EXPRESS 3971  STORE,zero_rated
PAYMENT TO POST OFFICE  PLC REF-7892,exempt
Dd Waterstones 1561  Ltd,zero_rated
PAYMENT TO OCTOPUS ENERGY 9382  ONLINE REF-4014,reduced_rate
WESTMINSTER COUNCIL 3065 MANCHESTER PLC,outside_scope
sq *deliveroo 436 bristol online ref-4428,standard_rate
SQ *ROYAL MAIL 4997 LEEDS DIRECT,exempt
Card Aldi Stores  Ltd Ref-1355,zero_rated
Payment To Trainline  Store Ref-3042,zero_rated
SQ *BRITISH GAS MANCHESTER ONLINE,reduced_rate
SQ *LINKEDIN PREMIUM 6764 GLASGOW UK REF-8080,standard_rate
POS GOOGLE WORKSPACE 6465  PLC REF-1349,standard_rate
CARD HMRC PAYMENTS 9250 LEEDS STORE REF-6990,outside_scope
POS POST OFFICE LONDON UK,exempt
PAYMENT TO STATIONERY STATION 6926 UK,standard_rate
CARD DIRECTOR DRAWINGS BIRMINGHAM UK,outside_scope
QUICKBOOKS BIRMINGHAM UK REF-3893,standard_rate
PAYMENT TO AVIVA INSURANCE 8753  DIRECT,exempt
SQ *DELIVEROO 6946 MANCHESTER LTD,standard_rate
DD WATERSTONES  LTD,zero_rated
national express 5089  store ref-2944,zero_rated
sainsburys 797 manchester uk,zero_rated
IZ *QUICKBOOKS 248 LEEDS,standard_rate
BOOTS UK 2389 MANCHESTER ONLINE,standard_rate
DD DELIVEROO 143  STORE,standard_rate
SQ *LINKEDIN PREMIUM 4936  UK,standard_rate
Payment To Boots Uk 6222 Glasgow Plc,standard_rate
sq *linkedin premium 907 bristol ltd ref-9292,standard_rate
pos edf energy bristol plc,reduced_rate
hsbc bank fees uk,exempt
CARD AMAZON EU 1751 UK LTD,standard_rate
PAYMENT TO MICROSOFT 365 3902 LONDON UK,standard_rate
DD OCTOPUS ENERGY GLASGOW DIRECT,reduced_rate
PAYMENT TO TESCO EXPRESS 2716 LEEDS REF-6123,zero_rated
card sainsburys bristol direct ref-1509,zero_rated
pos post office 4676 bristol ltd ref-2832,exempt
POS ASDA SUPERMARKET 504  DIRECT REF-7143,zero_rated
IZ *SAINSBURYS 9560 ONLINE UK REF-7786,zero_rated
IZ *OCTOPUS ENERGY 8437 UK PLC,reduced_rate
POS GOOGLE WORKSPACE 4423  LTD,standard_rate
CARD TFL TRAVEL 1764 UK ONLINE REF-8803,zero_rated
POS WATERSTONES  ONLINE,zero_rated
card royal mail 9818  direct,exempt
SQ *HSBC BANK FEES 825  UK REF-2474,exempt
Card Royal Mail 9687 Online Plc,exempt
TESCO EXPRESS LEEDS ONLINE,zero_rated
Dd Westminster Council 9714 Birmingham Store Ref-3723,outside_scope
CARD TFL TRAVEL 6225 UK REF-5375,zero_rated
ALDI STORES 1567  DIRECT,zero_rated
IZ *UBER EATS LONDON DIRECT REF-9852,standard_rate
DD TRAINLINE 7174 BRISTOL UK,zero_rated
SQ *ADOBE CREATIVE 1401  STORE,standard_rate
BRITISH GAS LEEDS DIRECT,reduced_rate
IZ *WATERSTONES 4111 LONDON LTD REF-1130,zero_rated
POS ASDA SUPERMARKET 1846 GLASGOW DIRECT,zero_rated
Dd Asda Supermarket 861  Online Ref-3018,zero_rated
Payment To Director Drawings,outside_scope
DD SAGE SUBSCRIPTION  UK REF-8503,standard_rate
SQ *LNER TICKETS 6368 GLASGOW UK REF-5881,zero_rated
HSBC BANK FEES  UK,exempt
deliveroo 5531 manchester online ref-4163,standard_rate
POS DIRECTOR DRAWINGS 210 BIRMINGHAM PLC,outside_scope
IZ *DELIVEROO 1176 ONLINE STORE REF-9104,standard_rate
DIRECTOR DRAWINGS 4859 MANCHESTER STORE REF-9183,outside_scope
SQ *HMRC PAYMENTS BRISTOL PLC,outside_scope
LIDL GB MANCHESTER ONLINE REF-2430,zero_rated
SQ *LIDL GB 5897 MANCHESTER ONLINE REF-8074,zero_rated
CARD ROYAL MAIL 5106 ONLINE STORE REF-1015,exempt
PAYMENT TO AMAZON UK 6930 UK ONLINE REF-3364,standard_rate
Payroll Transfer 9019 Glasgow Online,outside_scope
PAYMENT TO INTRA ACCOUNT TRANSFER  ONLINE,outside_scope
SQ *ROYAL MAIL 5476 MANCHESTER REF-9669,exempt
payment to lner tickets 1075 glasgow uk,zero_rated
IZ *LINKEDIN PREMIUM 1219 BRISTOL DIRECT,standard_rate
POS TESCO STORES 5673 BRISTOL ONLINE,zero_rated
pos aviva insurance  direct,exempt
Sage Subscription 4370 Online Direct,standard_rate
Iz *British Gas 7856 Uk Direct Ref-9938,reduced_rate
POS WESTMINSTER COUNCIL,outside_scope
DD XERO SOFTWARE 5849 GLASGOW STORE REF-9755,standard_rate
iz *british gas 8434 glasgow online ref-5576,reduced_rate
Payment To Aviva Insurance 1606  Online,exempt
IZ *AMAZON KINDLE  PLC REF-7089,zero_rated
SQ *EON NEXT 8776  UK,reduced_rate
PAYMENT TO TRAINLINE 9246 LEEDS LTD,zero_rated
Card Tfl Travel 5119 London Ltd,zero_rated
Dd Director Drawings 7601  Ltd Ref-6716,outside_scope
IZ *ROYAL MAIL 8961,exempt
IZ *GOOGLE WORKSPACE 6597 GLASGOW ONLINE,standard_rate
Pos Amazon Uk 5907,standard_rate
dd adobe creative 501 london online,standard_rate
PAYMENT TO BOOTS UK  LTD,standard_rate
POS TFL TRAVEL 3292  UK,zero_rated
Eon Next 3227  Ref-8060,reduced_rate
IZ *NATIONAL EXPRESS BRISTOL,zero_rated
PAYMENT TO EDF ENERGY 7372 UK DIRECT REF-8594,reduced_rate
CARD AMAZON KINDLE 3079  PLC REF-6777,zero_rated
PAYMENT TO GOOGLE WORKSPACE  UK REF-8499,standard_rate
IZ *HSBC BANK FEES 1809 MANCHESTER STORE,exempt
pos quickbooks 4892  online,standard_rate
DELIVEROO 7846  PLC,standard_rate
SQ *ASDA SUPERMARKET 5510 LEEDS ONLINE REF-8889,zero_rated
IZ *EON NEXT  STORE,reduced_rate
SQ *TRAINLINE 734 BRISTOL PLC REF-5163,zero_rated
DD TFL TRAVEL 5936 GLASGOW ONLINE,zero_rated
CARD MICROSOFT 365 7504  UK REF-2134,standard_rate
Card Waterstones 4534 Birmingham,zero_rated
CARD TESCO STORES 2903 MANCHESTER PLC,zero_rated
sq *stationery station 4170 glasgow,standard_rate
SQ *GOOGLE WORKSPACE 3837  ONLINE REF-6624,standard_rate
DD HSBC BANK FEES 6834  STORE,exempt
dd post office 5012 leeds direct,exempt
DD BRITISH GAS MANCHESTER LTD REF-2021,reduced_rate
DD TRAINLINE 7823  UK REF-9724,zero_rated
IZ *ASDA SUPERMARKET 8376 BIRMINGHAM UK,zero_rated
AMAZON EU 5369 LEEDS ONLINE,standard_rate
IZ *HMRC SHIPLEY 4919,outside_scope
Payment To Hsbc Bank Fees 7140  Plc Ref-1225,exempt
payment to sainsburys 4605  plc,zero_rated
PAYMENT TO SAGE SUBSCRIPTION 2510,standard_rate
SQ *TESCO STORES GLASGOW ONLINE,zero_rated
Quickbooks 2831 London Plc Ref-2864,standard_rate
Pos Tesco Stores Bristol Uk,zero_rated
royal mail 424 glasgow ltd,exempt
lidl gb  ltd,zero_rated
AMAZON KINDLE 5081,zero_rated
DD WESTMINSTER COUNCIL 3551 LONDON STORE,outside_scope
SQ *AMAZON EU 3744 LEEDS LTD REF-7250,standard_rate
payment to waterstones 469  plc,zero_rated
IZ *HMRC SHIPLEY 4505  ONLINE,outside_scope
IZ *WATERSTONES BRISTOL ONLINE,zero_rated
Pos Microsoft 365 574 Leeds Plc Ref-4953,standard_rate
PAYMENT TO BOOTS UK 9333 LONDON,standard_rate
DD TESCO STORES 9531 MANCHESTER DIRECT,zero_rated
Dd National Express 7267 Uk Ref-8156,zero_rated
POS DIRECTOR DRAWINGS 8037 MANCHESTER PLC REF-9355,outside_scope
CARD QUICKBOOKS 7730 LEEDS,standard_rate
CARD LINKEDIN PREMIUM 2048 GLASGOW PLC,standard_rate
CARD ALDI STORES 8631 MANCHESTER DIRECT REF-4726,zero_rated
sq *tesco express  ltd,zero_rated
DD LNER TICKETS 1774 BIRMINGHAM LTD,zero_rated
sq *national express manchester ltd,zero_rated
SQ *BRITISH GAS 7756 BIRMINGHAM REF-4903,reduced_rate
CARD UBER EATS 6513 MANCHESTER UK,standard_rate
POS SAGE SUBSCRIPTION 6859  UK,standard_rate
CARD EON NEXT 2891 ONLINE UK REF-3553,reduced_rate
Payment To Adobe Creative 4997 Glasgow Ltd Ref-7775,standard_rate
pos lidl gb 9374 birmingham ltd ref-4027,zero_rated
Payment To Aa Breakdown 6398 London Ltd,exempt
POS ALDI STORES MANCHESTER UK,zero_rated
Card Director Drawings 1140 Glasgow Plc,outside_scope
DD TFL TRAVEL 3946 LEEDS DIRECT REF-6144,zero_rated
WATERSTONES 8092  STORE,zero_rated
NATIONAL EXPRESS 3005,zero_rated
card british gas glasgow plc,reduced_rate
DIRECTOR DRAWINGS 2705 LEEDS,outside_scope
IZ *GOOGLE WORKSPACE 8544  UK,standard_rate
DD EDF ENERGY  PLC REF-6169,reduced_rate
POS ADOBE CREATIVE 3029  LTD,standard_rate
iz *google workspace 7269 online ref-2693,standard_rate
SQ *EDF ENERGY 8245,reduced_rate
card hmrc payments manchester ltd ref-5253,outside_scope
IZ *LIDL GB  STORE REF-4610,zero_rated
CARD DELIVEROO 7018  DIRECT,standard_rate
PAYROLL TRANSFER 4264 LONDON LTD,outside_scope
Hmrc Shipley 7461 London Uk,outside_scope
EDF ENERGY 7320 GLASGOW ONLINE REF-3908,reduced_rate
ASDA SUPERMARKET LEEDS PLC,zero_rated
card adobe creative 7375 london uk,standard_rate
SQ *BRITISH GAS BRISTOL STORE REF-5230,reduced_rate
CARD MICROSOFT 365 7640 BRISTOL,standard_rate
IZ *EDF ENERGY 1959 GLASGOW LTD,reduced_rate
IZ *TESCO EXPRESS 1098  STORE,zero_rated
SQ *SAINSBURYS  STORE REF-4555,zero_rated
CARD WESTMINSTER COUNCIL ONLINE PLC REF-6664,outside_scope
dd lner tickets 9165  direct ref-7038,zero_rated
Dd Stationery Station 377 Manchester Ltd,standard_rate
POS EON NEXT BIRMINGHAM ONLINE,reduced_rate
PAYMENT TO OCTOPUS ENERGY MANCHESTER STORE,reduced_rate
DD ALDI STORES 8999  LTD,zero_rated
sq *aviva insurance 8379 birmingham uk,exempt
BARCLAYS BANK 2502 BIRMINGHAM STORE REF-2162,exempt
AMAZON EU 2522 LONDON UK,standard_rate
sq *tesco express 9038 london direct,zero_rated
IZ *SAGE SUBSCRIPTION 6136 MANCHESTER UK,standard_rate
SQ *DIRECTOR DRAWINGS 7285 BRISTOL PLC,outside_scope
sq *intra account transfer online plc,outside_scope
SQ *XERO SOFTWARE 9172  ONLINE,standard_rate
DD ROYAL MAIL 8330 MANCHESTER ONLINE,exempt
card eon next  ltd ref-8698,reduced_rate
HMRC PAYMENTS 7826 ONLINE PLC REF-3059,outside_scope
card google workspace 4265  ltd,standard_rate
SQ *HSBC BANK FEES MANCHESTER UK,exempt
IZ *STATIONERY STATION 3571 GLASGOW LTD,standard_rate
POS POST OFFICE 1540 BRISTOL DIRECT REF-2656,exempt
CARD INTRA ACCOUNT TRANSFER  ONLINE REF-3089,outside_scope
CARD POST OFFICE 3139 BRISTOL LTD,exempt
CARD DIRECTOR DRAWINGS 7575 MANCHESTER ONLINE REF-4659,outside_scope
DD DELIVEROO 3048 LONDON STORE,standard_rate
payment to amazon kindle 5563 online direct,zero_rated
dd adobe creative  uk ref-6990,standard_rate
DD ADOBE CREATIVE 9719  UK REF-8455,standard_rate
Sq *Sainsburys Online Store,zero_rated
DD ALDI STORES BRISTOL LTD,zero_rated
INTRA ACCOUNT TRANSFER 9970 UK REF-5058,outside_scope
BOOTS UK 5695  UK REF-2324,standard_rate
Sq *Director Drawings Bristol Direct,outside_scope
IZ *TFL TRAVEL 778  LTD REF-3140,zero_rated
Sq *Amazon Uk 9641  Online,standard_rate
Payment To National Express  Store,zero_rated
PAYMENT TO HMRC SHIPLEY  UK,outside_scope
DD ASDA SUPERMARKET 3565  PLC,zero_rated
sq *google workspace 8623 bristol direct,standard_rate
Pos Westminster Council 4672 Glasgow Plc,outside_scope
Payment To Amazon Uk 7561 Manchester Online,standard_rate
PAYMENT TO TESCO EXPRESS LEEDS STORE,zero_rated
POS HMRC PAYMENTS 196 LEEDS PLC,outside_scope
CARD AA BREAKDOWN 1633  ONLINE REF-9179,exempt
PAYMENT TO TFL TRAVEL  UK,zero_rated
PAYMENT TO AVIVA INSURANCE  UK,exempt
Card Edf Energy 3473  Online,reduced_rate
payment to payroll transfer  direct,outside_scope
payment to edf energy 1590 manchester ref-6251,reduced_rate
DD TFL TRAVEL GLASGOW,zero_rated
Dd Adobe Creative 6810 Birmingham Plc,standard_rate
PAYMENT TO TFL TRAVEL 1486 BRISTOL PLC REF-7230,zero_rated
PAYMENT TO DELIVEROO BIRMINGHAM PLC REF-1707,standard_rate
ADOBE CREATIVE 3318,standard_rate
eon next 4020 birmingham plc,reduced_rate
IZ *PAYROLL TRANSFER 561 ONLINE REF-8366,outside_scope
IZ *INTRA ACCOUNT TRANSFER 2805 UK LTD REF-8232,outside_scope
Pos Lner Tickets 8426 Bristol Online,zero_rated
IZ *AA BREAKDOWN 2425  DIRECT,exempt
CARD ASDA SUPERMARKET 216  PLC,zero_rated
Dd Post Office 5098 London Online Ref-8308,exempt
SQ *SAINSBURYS 4601  DIRECT,zero_rated
CARD AMAZON KINDLE 832 LEEDS STORE,zero_rated
SQ *HMRC PAYMENTS 9051  STORE REF-6707,outside_scope
Card National Express  Plc,zero_rated
CARD TRAINLINE LEEDS PLC,zero_rated
Card Tesco Stores  Ltd,zero_rated
IZ *INTRA ACCOUNT TRANSFER 591  LTD REF-4976,outside_scope
dd national express 4554 bristol store ref-1664,zero_rated
payment to tesco express 8935  direct,zero_rated
DD ASDA SUPERMARKET 4925  LTD REF-8869,zero_rated
Pos Edf Energy 6729  Plc Ref-3388,reduced_rate
Boots Uk 2804  Ltd,standard_rate
sq *amazon eu  online,standard_rate
OCTOPUS ENERGY ONLINE PLC REF-6481,reduced_rate
iz *boots uk 9950 birmingham direct,standard_rate
Iz *Hmrc Payments 6115 Leeds Online,outside_scope
CARD BOOTS UK 8904  UK REF-3216,standard_rate
DD WATERSTONES 1331 LEEDS ONLINE REF-1987,zero_rated
DD QUICKBOOKS 5738 LONDON REF-2481,standard_rate
Dd Hsbc Bank Fees Manchester Ltd Ref-6553,exempt
PAYMENT TO PAYROLL TRANSFER 6544  STORE,outside_scope
POS LINKEDIN PREMIUM BRISTOL PLC REF-3706,standard_rate
Iz *Payroll Transfer,outside_scope
IZ *DELIVEROO ONLINE LTD REF-1045,standard_rate
payment to director drawings 1777 birmingham,outside_scope
CARD UBER EATS 3947 MANCHESTER DIRECT,standard_rate
WESTMINSTER COUNCIL 1664  UK,outside_scope
Dd Aa Breakdown 1503 London Uk,exempt
IZ *MICROSOFT 365 8770,standard_rate
DIRECTOR DRAWINGS 4855 GLASGOW REF-7223,outside_scope
POS AMAZON UK  STORE,standard_rate
IZ *SAGE SUBSCRIPTION 2009  STORE,standard_rate
SQ *BARCLAYS BANK 1776 ONLINE DIRECT REF-5276,exempt
amazon eu 6797  plc,standard_rate
PAYMENT TO DELIVEROO 8547  REF-8794,standard_rate
CARD BOOTS UK 9510 UK STORE,standard_rate
CARD LINKEDIN PREMIUM 6428  STORE,standard_rate
Quickbooks Glasgow,standard_rate
POS HMRC PAYMENTS 7097  REF-3412,outside_scope
IZ *SAINSBURYS 8009  STORE,zero_rated
Iz *Hmrc Payments Leeds,outside_scope
Pos Amazon Uk Birmingham Online Ref-2653,standard_rate
iz *uber eats 9592  store,standard_rate
IZ *SAINSBURYS 1594 LEEDS UK REF-1017,zero_rated
CARD AA BREAKDOWN 9161  STORE,exempt
Dd Octopus Energy 4470  Plc Ref-6792,reduced_rate
PAYMENT TO LINKEDIN PREMIUM 2699 GLASGOW UK REF-9004,standard_rate
Pos Sainsburys 3741  Ltd,zero_rated
IZ *AMAZON EU 2743  DIRECT,standard_rate
Payment To Waterstones 1456  Plc,zero_rated
CARD ROYAL MAIL  UK,exempt
PAYMENT TO HMRC SHIPLEY 2130 LONDON UK REF-3507,outside_scope
Dd Octopus Energy Uk Uk,reduced_rate
pos aa breakdown online online,exempt
DD INTRA ACCOUNT TRANSFER 3091 GLASGOW LTD,outside_scope
IZ *TESCO STORES BIRMINGHAM PLC REF-5342,zero_rated
Dd Tesco Stores Uk Ltd,zero_rated
Card British Gas 6962 Leeds Online,reduced_rate
DD AVIVA INSURANCE 7984 GLASGOW,exempt
POS PAYROLL TRANSFER LEEDS LTD REF-5060,outside_scope
Dd Quickbooks 1274 Birmingham,standard_rate
CARD GOOGLE WORKSPACE 5943  UK,standard_rate
IZ *ASDA SUPERMARKET 9246 BIRMINGHAM UK,zero_rated
SQ *AA BREAKDOWN 6073 MANCHESTER UK,exempt
IZ *GOOGLE WORKSPACE 5270  UK,standard_rate
Sq *Google Workspace  Plc,standard_rate
PAYMENT TO WATERSTONES 5132  PLC REF-2672,zero_rated
Hmrc Shipley 1547 Uk Direct,outside_scope
IZ *TESCO STORES 4789 UK LTD REF-4770,zero_rated
PAYMENT TO AMAZON EU  LTD,standard_rate
IZ *POST OFFICE 1867 BIRMINGHAM ONLINE,exempt
sage subscription online plc ref-1066,standard_rate
PAYMENT TO INTRA ACCOUNT TRANSFER LONDON STORE,outside_scope
CARD AMAZON UK 8738 BIRMINGHAM DIRECT REF-9596,standard_rate
CARD BARCLAYS BANK 4615  STORE,exempt
CARD HSBC BANK FEES 248 BIRMINGHAM DIRECT REF-8917,exempt
SQ *AMAZON UK 7533  LTD REF-9096,standard_rate
SQ *HSBC BANK FEES 6787 UK UK,exempt
IZ *LINKEDIN PREMIUM 887 BIRMINGHAM REF-4378,standard_rate
Dd Aa Breakdown 8299 Glasgow Uk Ref-5013,exempt
PAYMENT TO AA BREAKDOWN 3458  ONLINE REF-9662,exempt
PAYMENT TO LIDL GB 9745 LEEDS DIRECT REF-9518,zero_rated
PAYMENT TO ADOBE CREATIVE UK DIRECT REF-7810,standard_rate
IZ *INTRA ACCOUNT TRANSFER 3114  PLC REF-3095,outside_scope
PAYMENT TO BOOTS UK 7598 ONLINE ONLINE REF-8453,standard_rate
DD WESTMINSTER COUNCIL 6447  PLC,outside_scope
IZ *HMRC SHIPLEY  DIRECT,outside_scope
IZ *HMRC SHIPLEY 8104  STORE,outside_scope
IZ *QUICKBOOKS 9750 ONLINE DIRECT,standard_rate
Pos Payroll Transfer 1923 Bristol Ref-6587,outside_scope
SQ *MICROSOFT 365 ONLINE PLC REF-1361,standard_rate
IZ *SAINSBURYS 6581  PLC,zero_rated
POS HMRC PAYMENTS  ONLINE,outside_scope
PAYMENT TO TFL TRAVEL LEEDS STORE REF-3532,zero_rated
IZ *EON NEXT 7404 GLASGOW ONLINE REF-4519,reduced_rate
Sq *Quickbooks 8169 London Store,standard_rate
DD TESCO STORES 5051  ONLINE REF-2911,zero_rated
CARD SAINSBURYS BRISTOL LTD REF-3711,zero_rated
IZ *MICROSOFT 365 3254  DIRECT,standard_rate
IZ *BRITISH GAS 3741 BRISTOL STORE REF-5563,reduced_rate
CARD XERO SOFTWARE  STORE REF-4746,standard_rate
DD TESCO STORES 7849 LONDON REF-7246,zero_rated
dd amazon uk london plc ref-5544,standard_rate
ALDI STORES 7550  UK REF-1076,zero_rated
Card Eon Next 4308 Birmingham Direct Ref-2298,reduced_rate
DD AMAZON EU 5203 ONLINE PLC,standard_rate
Payment To Sainsburys Manchester Uk Ref-5984,zero_rated
DD SAGE SUBSCRIPTION  STORE,standard_rate
POS LNER TICKETS ONLINE LTD REF-1312,zero_rated
PAYMENT TO WATERSTONES 6124  STORE,zero_rated
Card Hmrc Payments 7080  Store Ref-1083,outside_scope
sq *tfl travel 7915 birmingham uk ref-4580,zero_rated
pos asda supermarket 3553 london plc ref-4492,zero_rated
DD QUICKBOOKS 4529  ONLINE,standard_rate
PAYMENT TO HMRC PAYMENTS LONDON LTD,outside_scope
Payment To Post Office 2039 Manchester Online,exempt
CARD EON NEXT 3545 MANCHESTER,reduced_rate
PAYMENT TO TESCO EXPRESS UK STORE,zero_rated
CARD AMAZON UK 4156  DIRECT,standard_rate
pos payroll transfer 4225  online,outside_scope
CARD GOOGLE WORKSPACE 8240 LEEDS DIRECT,standard_rate
PAYMENT TO DELIVEROO 8572 LEEDS STORE,standard_rate
CARD SAINSBURYS 9570  STORE REF-4695,zero_rated
Dd Aviva Insurance 6147 Leeds,exempt
payment to director drawings 5133 leeds ltd ref-6245,outside_scope
PAYMENT TO LNER TICKETS 1700 GLASGOW,zero_rated
PAYMENT TO INTRA ACCOUNT TRANSFER 6441 BIRMINGHAM ONLINE REF-3009,outside_scope
DD MICROSOFT 365 9882 GLASGOW DIRECT,standard_rate
Dd Intra Account Transfer 2136 Manchester Store,outside_scope
SQ *LINKEDIN PREMIUM 6340 UK STORE,standard_rate
POS QUICKBOOKS 2415 LONDON ONLINE,standard_rate
CARD TRAINLINE BIRMINGHAM,zero_rated
DD NATIONAL EXPRESS 8950 LEEDS UK,zero_rated
ROYAL MAIL  PLC REF-2953,exempt
DD BRITISH GAS 5768 UK LTD REF-4502,reduced_rate
PAYMENT TO SAGE SUBSCRIPTION LONDON UK REF-2182,standard_rate
DD XERO SOFTWARE 2304  DIRECT,standard_rate
POS LNER TICKETS 7021  UK REF-2013,zero_rated
iz *tfl travel 3550  ltd,zero_rated
iz *sainsburys 1120,zero_rated
IZ *LIDL GB LONDON UK REF-6793,zero_rated
Payment To Intra Account Transfer Glasgow Ltd,outside_scope
Card Lidl Gb  Ref-5981,zero_rated
PAYMENT TO EDF ENERGY LEEDS UK,reduced_rate
DD AMAZON EU GLASGOW ONLINE,standard_rate
Card Aldi Stores 619 Glasgow,zero_rated
DD INTRA ACCOUNT TRANSFER 3216 BIRMINGHAM UK REF-3722,outside_scope
DD AVIVA INSURANCE 1702 ONLINE,exempt
DD LINKEDIN PREMIUM ONLINE LTD,standard_rate
DD QUICKBOOKS 8069  LTD REF-4732,standard_rate
dd waterstones 7267 online store ref-2625,zero_rated
CARD TFL TRAVEL 918 BRISTOL STORE,zero_rated
google workspace 5169  store ref-4573,standard_rate
DD DIRECTOR DRAWINGS  DIRECT,outside_scope
DD ASDA SUPERMARKET 4744 LONDON STORE REF-4548,zero_rated
IZ *AA BREAKDOWN 7863 BIRMINGHAM,exempt
POS AMAZON EU 5441,standard_rate
Sq *Aviva Insurance 8874 London Store,exempt
CARD TFL TRAVEL 3650  PLC REF-3502,zero_rated
IZ *EON NEXT  UK,reduced_rate
royal mail 675 bristol direct,exempt
PAYMENT TO DELIVEROO  STORE REF-6764,standard_rate
payment to uber eats 3768 manchester store,standard_rate
CARD WESTMINSTER COUNCIL 5343  ONLINE,outside_scope
PAYMENT TO ALDI STORES 3571  LTD,zero_rated
SQ *BOOTS UK 1948 LEEDS DIRECT REF-1984,standard_rate
card octopus energy manchester online ref-3713,reduced_rate
DD SAGE SUBSCRIPTION GLASGOW PLC,standard_rate
dd google workspace 1887 glasgow uk ref-1507,standard_rate
POS OCTOPUS ENERGY  DIRECT REF-7009,reduced_rate
POS TESCO EXPRESS UK PLC REF-9189,zero_rated
OCTOPUS ENERGY 8133 GLASGOW LTD REF-7225,reduced_rate
IZ *HSBC BANK FEES 9590  DIRECT,exempt
PAYMENT TO SAINSBURYS 6571  LTD,zero_rated
CARD WATERSTONES ONLINE PLC,zero_rated
Iz *Adobe Creative 271  Store,standard_rate
CARD UBER EATS UK LTD REF-1822,standard_rate
Card Google Workspace 3463  Store,standard_rate
DD WATERSTONES  UK,zero_rated
Iz *Aa Breakdown 2700 Leeds Online,exempt
PAYMENT TO TESCO STORES 9112 ONLINE UK,zero_rated
DD HMRC SHIPLEY UK UK,outside_scope
DD AA BREAKDOWN 2111  DIRECT,exempt
sq *royal mail 9157  ltd,exempt
PAYMENT TO LNER TICKETS 8737 ONLINE PLC,zero_rated
CARD AMAZON EU 5525 UK PLC REF-6499,standard_rate
CARD HMRC SHIPLEY  UK REF-9182,outside_scope
DD DIRECTOR DRAWINGS GLASGOW STORE REF-6179,outside_scope
pos hmrc shipley 5577  ltd,outside_scope
HMRC PAYMENTS 8535  ONLINE,outside_scope
SQ *AMAZON EU 7853 BRISTOL STORE REF-8036,standard_rate
CARD MICROSOFT 365  REF-5467,standard_rate
POS XERO SOFTWARE 9890 BRISTOL,standard_rate
SQ *XERO SOFTWARE 3870,standard_rate
POS UBER EATS MANCHESTER STORE REF-6657,standard_rate
iz *amazon kindle 2861 london ref-9577,zero_rated
DD ADOBE CREATIVE 3110  DIRECT REF-8275,standard_rate
IZ *WESTMINSTER COUNCIL  UK,outside_scope
Pos Director Drawings 5254  Store,outside_scope
Card Intra Account Transfer 7416 Online Plc,outside_scope
pos trainline 2343  ref-7219,zero_rated
SQ *SAINSBURYS 5401 GLASGOW PLC,zero_rated
WATERSTONES 9747 BIRMINGHAM ONLINE REF-6703,zero_rated
SQ *POST OFFICE GLASGOW LTD,exempt
DD SAGE SUBSCRIPTION LEEDS UK REF-1525,standard_rate
SQ *INTRA ACCOUNT TRANSFER  STORE,outside_scope
IZ *UBER EATS 2452 LEEDS UK,standard_rate
Hmrc Payments Birmingham Store,outside_scope
PAYMENT TO AMAZON EU BRISTOL PLC,standard_rate
Pos Post Office 8748 London Ltd,exempt
POS DELIVEROO  UK,standard_rate
dd british gas birmingham online ref-9459,reduced_rate
Dd Tesco Stores 4515 London Online,zero_rated
sq *barclays bank 8833  store ref-6167,exempt
tesco stores 8956  store ref-2528,zero_rated
sq *lner tickets 9851 online store,zero_rated
POS AMAZON EU 5577 LONDON LTD REF-5049,standard_rate
SQ *HSBC BANK FEES BIRMINGHAM LTD REF-5374,exempt
PAYMENT TO EON NEXT 4513 ONLINE ONLINE,reduced_rate
trainline 8756 birmingham plc,zero_rated
CARD LIDL GB 1017 ONLINE DIRECT REF-5904,zero_rated
SQ *AVIVA INSURANCE UK ONLINE REF-4612,exempt
ASDA SUPERMARKET 208 UK UK,zero_rated
SQ *TESCO EXPRESS 2247 LONDON,zero_rated
PAYMENT TO NATIONAL EXPRESS 7466  LTD REF-1375,zero_rated
pos director drawings 4530 leeds uk ref-6307,outside_scope
card amazon uk 4442 uk store,standard_rate
PAYMENT TO XERO SOFTWARE 8778  LTD,standard_rate
CARD PAYROLL TRANSFER 9646  ONLINE,outside_scope
PAYMENT TO BOOTS UK 8416 LEEDS UK,standard_rate
POS ADOBE CREATIVE 8092,standard_rate
lner tickets london uk,zero_rated
card google workspace 8525,standard_rate
IZ *EON NEXT 4325  DIRECT,reduced_rate
pos uber eats  ltd ref-5967,standard_rate
IZ *TFL TRAVEL 8951 ONLINE STORE REF-1535,zero_rated
DD NATIONAL EXPRESS 4961  DIRECT,zero_rated
CARD STATIONERY STATION 6382  UK,standard_rate
CARD STATIONERY STATION 7024  STORE,standard_rate
OCTOPUS ENERGY 5167 LEEDS DIRECT REF-4449,reduced_rate
Aa Breakdown 9144  Online,exempt
DD TESCO EXPRESS 5183 MANCHESTER DIRECT REF-4630,zero_rated
IZ *GOOGLE WORKSPACE 5527  STORE,standard_rate
PAYMENT TO OCTOPUS ENERGY 3952 ONLINE DIRECT,reduced_rate
POST OFFICE LONDON LTD REF-5254,exempt
Dd Xero Software 5957 Online Direct,standard_rate
SQ *EDF ENERGY 832  REF-2616,reduced_rate
IZ *DIRECTOR DRAWINGS 3506  DIRECT,outside_scope
Quickbooks 1651 Online Ref-4278,standard_rate
SQ *BOOTS UK LEEDS DIRECT,standard_rate
card eon next 7544,reduced_rate
POS POST OFFICE  PLC REF-9055,exempt
DD INTRA ACCOUNT TRANSFER 8384 BRISTOL,outside_scope
IZ *AMAZON EU 1416 ONLINE ONLINE,standard_rate
DIRECTOR DRAWINGS 2632  DIRECT,outside_scope
DD TESCO STORES 382 UK ONLINE,zero_rated
DD AMAZON EU UK STORE,standard_rate
PAYMENT TO EDF ENERGY 7173 GLASGOW UK REF-3359,reduced_rate
pos aldi stores 5431 online ltd,zero_rated
SQ *TESCO STORES  LTD REF-4505,zero_rated
Pos Lidl Gb 7693 Bristol,zero_rated
PAYMENT TO BARCLAYS BANK  REF-6799,exempt
DD PAYROLL TRANSFER 6123 BIRMINGHAM DIRECT,outside_scope
LINKEDIN PREMIUM 5535 ONLINE STORE,standard_rate
SQ *TFL TRAVEL 3863  LTD,zero_rated
BOOTS UK 9343  REF-8706,standard_rate
Sq *Lidl Gb 7864  Store Ref-3409,zero_rated
PAYMENT TO ROYAL MAIL 2763 UK LTD,exempt
CARD TESCO EXPRESS MANCHESTER PLC REF-1256,zero_rated
CARD LNER TICKETS 9631 LEEDS STORE,zero_rated
CARD SAINSBURYS  PLC,zero_rated
SQ *BRITISH GAS 3419 BRISTOL,reduced_rate
POS INTRA ACCOUNT TRANSFER BRISTOL PLC,outside_scope
Pos Adobe Creative 6941  Ltd Ref-1820,standard_rate
Card Adobe Creative 9430  Direct,standard_rate
IZ *HSBC BANK FEES,exempt
DD MICROSOFT 365 9768 MANCHESTER LTD,standard_rate
POS SAINSBURYS LEEDS ONLINE REF-8368,zero_rated
LINKEDIN PREMIUM 5482  ONLINE REF-5205,standard_rate
IZ *XERO SOFTWARE 3913  UK,standard_rate
NATIONAL EXPRESS  LTD,zero_rated
payment to aviva insurance 3440  plc,exempt
DD STATIONERY STATION 9768 LEEDS ONLINE,standard_rate
POS LNER TICKETS BRISTOL STORE,zero_rated
lner tickets 1490 uk online,zero_rated
dd national express 3419  uk,zero_rated
Payment To Sage Subscription 1720  Ltd Ref-2415,standard_rate
dd trainline 4421  store,zero_rated
Payment To Payroll Transfer Birmingham Ltd,outside_scope
IZ *STATIONERY STATION 3352  ONLINE REF-5195,standard_rate
TESCO EXPRESS 9180  STORE,zero_rated
iz *amazon uk 9170 bristol ref-6139,standard_rate
card amazon uk uk online,standard_rate
POS POST OFFICE 6967  UK REF-4052,exempt
DELIVEROO GLASGOW LTD REF-8583,standard_rate
SQ *LINKEDIN PREMIUM BIRMINGHAM LTD,standard_rate
PAYMENT TO LINKEDIN PREMIUM 5175  REF-4714,standard_rate
OCTOPUS ENERGY 990 BRISTOL ONLINE REF-4765,reduced_rate
IZ *WATERSTONES 2902 BRISTOL REF-6695,zero_rated
SQ *ALDI STORES 5692 MANCHESTER UK,zero_rated
POS AA BREAKDOWN 655 GLASGOW REF-3257,exempt
IZ *MICROSOFT 365  ONLINE REF-9051,standard_rate
AMAZON EU 1869 GLASGOW LTD,standard_rate
dd intra account transfer  online ref-6734,outside_scope
Sq *Microsoft 365 957  Direct Ref-8437,standard_rate
Sq *Eon Next Uk Plc,reduced_rate
DD HMRC SHIPLEY 8167  DIRECT,outside_scope
DD HMRC PAYMENTS 5506  UK,outside_scope
ROYAL MAIL 8277  LTD,exempt
ASDA SUPERMARKET 8542 GLASGOW DIRECT REF-2075,zero_rated
BARCLAYS BANK 8949 LONDON STORE,exempt
DD BARCLAYS BANK 8456 BRISTOL,exempt
Card Amazon Kindle 423 Birmingham Ltd,zero_rated
Sq *Adobe Creative 7289  Ref-4558,standard_rate
POS UBER EATS 4324 UK REF-9490,standard_rate
IZ *MICROSOFT 365 6505 BRISTOL LTD,standard_rate
POS LIDL GB 1648  STORE,zero_rated
WESTMINSTER COUNCIL BIRMINGHAM PLC REF-6891,outside_scope
sq *tesco express 6553 birmingham online,zero_rated
PAYMENT TO TRAINLINE 1672 LONDON DIRECT,zero_rated
Card Uber Eats 2486  Plc,standard_rate
Card Trainline Birmingham Uk,zero_rated
IZ *BARCLAYS BANK 2436  ONLINE,exempt
IZ *TESCO STORES 8408,zero_rated
Dd Sage Subscription 859  Online Ref-2865,standard_rate
PAYMENT TO TESCO EXPRESS 3862 ONLINE ONLINE,zero_rated
LNER TICKETS 8522  ONLINE,zero_rated
Quickbooks 3085 Manchester Direct Ref-7648,standard_rate
Payment To Director Drawings 1717 Leeds Store,outside_scope
CARD LINKEDIN PREMIUM 421 LEEDS UK REF-8438,standard_rate
card barclays bank 4177 online uk ref-2916,exempt
CARD AMAZON EU  PLC,standard_rate
POS STATIONERY STATION 4689 GLASGOW UK REF-1190,standard_rate
Payment To Amazon Eu 8219  Uk,standard_rate
card aviva insurance 6012 leeds,exempt
IZ *EON NEXT 3477 LEEDS,reduced_rate
payment to lner tickets 6424 bristol store ref-7972,zero_rated
DD WATERSTONES 2764 BRISTOL DIRECT,zero_rated
card google workspace uk direct,standard_rate
PAYMENT TO EDF ENERGY 6393  LTD REF-6269,reduced_rate
payment to amazon kindle 2618  plc,zero_rated
SQ *NATIONAL EXPRESS  PLC REF-2614,zero_rated
Aldi Stores 6278 Bristol Store,zero_rated
POS DELIVEROO 8246  LTD,standard_rate
CARD LNER TICKETS 7314 LEEDS STORE REF-7124,zero_rated
Iz *Edf Energy 8777 Manchester Store,reduced_rate
SQ *BARCLAYS BANK 3443 GLASGOW PLC REF-4823,exempt
POS AA BREAKDOWN 8760 GLASGOW ONLINE,exempt
Dd Asda Supermarket 2028 Manchester Direct,zero_rated
DD GOOGLE WORKSPACE 939 ONLINE STORE REF-7633,standard_rate
Pos Tesco Express 695 Birmingham Plc Ref-7504,zero_rated
pos quickbooks 1444,standard_rate
POS TRAINLINE 1162  STORE REF-5681,zero_rated
CARD EON NEXT 7554 LEEDS ONLINE,reduced_rate
TRAINLINE ONLINE,zero_rated
SQ *BOOTS UK 3727  ONLINE REF-9902,standard_rate
SQ *TESCO STORES 7178 MANCHESTER STORE REF-5102,zero_rated
IZ *EON NEXT 6879  LTD REF-3464,reduced_rate
AA BREAKDOWN 2042 GLASGOW UK,exempt
amazon uk 6488  uk ref-4865,standard_rate
Iz *Amazon Kindle 9503  Ltd,zero_rated
PAYMENT TO EON NEXT 3537  REF-5801,reduced_rate
National Express 8459  Plc,zero_rated
Iz *Amazon Kindle 1842  Store,zero_rated
pos payroll transfer  direct,outside_scope
DD XERO SOFTWARE ONLINE ONLINE REF-7453,standard_rate
AMAZON UK 787 MANCHESTER STORE,standard_rate
Iz *Edf Energy 3918  Ltd,reduced_rate
IZ *WESTMINSTER COUNCIL 7179  PLC REF-1623,outside_scope
CARD SAINSBURYS  PLC REF-2785,zero_rated
PAYMENT TO ADOBE CREATIVE 7355 LONDON REF-8474,standard_rate
IZ *ROYAL MAIL 7666 LONDON ONLINE REF-6297,exempt
PAYROLL TRANSFER 6361 UK UK REF-1109,outside_scope
POS ASDA SUPERMARKET BIRMINGHAM STORE,zero_rated
POS ASDA SUPERMARKET 2267 LONDON REF-1138,zero_rated
SQ *TRAINLINE 8756  PLC REF-7548,zero_rated
Pos Tesco Stores 4395  Direct,zero_rated
SQ *QUICKBOOKS 3514  UK,standard_rate
IZ *AVIVA INSURANCE  LTD,exempt
dd amazon kindle 961 leeds ref-3933,zero_rated
HMRC SHIPLEY  DIRECT REF-4715,outside_scope
ALDI STORES ONLINE PLC,zero_rated
IZ *PAYROLL TRANSFER GLASGOW ONLINE,outside_scope
Payroll Transfer 1214 London Plc,outside_scope
Pos Hmrc Shipley 7555 London,outside_scope
DD ASDA SUPERMARKET BRISTOL ONLINE,zero_rated
PAYMENT TO ADOBE CREATIVE 2095  ONLINE REF-2991,standard_rate
Dd Sage Subscription Online Direct,standard_rate
PAYMENT TO XERO SOFTWARE 3290 LONDON DIRECT,standard_rate
CARD UBER EATS 9137  DIRECT,standard_rate
Payment To Aldi Stores 4143  Online,zero_rated
UBER EATS  PLC,standard_rate
POS AMAZON UK 4886  REF-9288,standard_rate
CARD PAYROLL TRANSFER 4761 LEEDS ONLINE REF-7753,outside_scope
SQ *DELIVEROO BIRMINGHAM DIRECT,standard_rate
sq *national express 7331 london direct,zero_rated
CARD AMAZON EU 2300 BIRMINGHAM ONLINE,standard_rate
IZ *NATIONAL EXPRESS  ONLINE,zero_rated
DD PAYROLL TRANSFER 5358 LEEDS,outside_scope
PAYMENT TO INTRA ACCOUNT TRANSFER 7174  PLC,outside_scope
EDF ENERGY 3828  LTD,reduced_rate
payment to aa breakdown 8271  uk,exempt
POS PAYROLL TRANSFER BRISTOL ONLINE,outside_scope
PAYMENT TO NATIONAL EXPRESS LONDON LTD,zero_rated
PAYMENT TO BARCLAYS BANK 5386 GLASGOW LTD REF-5959,exempt
SAINSBURYS 8223  LTD,zero_rated
Pos Westminster Council 4476 Uk Ref-5115,outside_scope
Card Trainline 2785  Direct,zero_rated
pos aa breakdown 7487  uk,exempt
PAYMENT TO BOOTS UK BIRMINGHAM UK,standard_rate
SQ *PAYROLL TRANSFER 2392,outside_scope
SQ *ADOBE CREATIVE 4102  REF-4845,standard_rate
Sq *British Gas 4886 Bristol Online Ref-9031,reduced_rate
POS HMRC SHIPLEY 5855  PLC,outside_scope
CARD UBER EATS 2477  STORE,standard_rate
DD ALDI STORES 8556 LONDON STORE REF-1807,zero_rated
SQ *LIDL GB  DIRECT REF-1826,zero_rated
PAYMENT TO TESCO EXPRESS 5149 UK DIRECT REF-7487,zero_rated
Sq *Aviva Insurance 7874,exempt
POS SAINSBURYS 5346 UK REF-7073,zero_rated
IZ *NATIONAL EXPRESS 5344,zero_rated
PAYROLL TRANSFER 3696 GLASGOW ONLINE,outside_scope
IZ *GOOGLE WORKSPACE 4125  LTD,standard_rate
DD AVIVA INSURANCE 9835 LEEDS LTD,exempt
Payment To Microsoft 365  Ltd Ref-9567,standard_rate
sq *amazon kindle 6358 manchester online ref-5216,zero_rated
POS UBER EATS 7920 LEEDS ONLINE,standard_rate
SQ *QUICKBOOKS 8123,standard_rate
SQ *TESCO STORES 9532  ONLINE,zero_rated
POS OCTOPUS ENERGY LONDON UK REF-3411,reduced_rate
SQ *ALDI STORES 5495 BRISTOL PLC,zero_rated
iz *linkedin premium 4020  ltd ref-6345,standard_rate
IZ *AMAZON UK 8348  PLC,standard_rate
DD BRITISH GAS 9666 BRISTOL LTD,reduced_rate
IZ *EON NEXT 849  REF-3969,reduced_rate
iz *microsoft 365 1203 london uk,standard_rate
dd aldi stores 9984,zero_rated
POS HSBC BANK FEES ONLINE LTD REF-3603,exempt
Card Linkedin Premium 5112 Leeds Online,standard_rate
DD EDF ENERGY GLASGOW STORE,reduced_rate
Iz *Uber Eats 1364  Ltd Ref-1137,standard_rate
POS STATIONERY STATION 1373  STORE REF-6008,standard_rate
CARD MICROSOFT 365 7957 BRISTOL DIRECT REF-5354,standard_rate
POS QUICKBOOKS 1426 GLASGOW DIRECT,standard_rate
PAYMENT TO AMAZON EU ONLINE LTD,standard_rate
POS XERO SOFTWARE  ONLINE,standard_rate
Card Sage Subscription 4735  Store,standard_rate
DELIVEROO 427 GLASGOW LTD REF-3132,standard_rate
POS TFL TRAVEL  DIRECT,zero_rated
SQ *GOOGLE WORKSPACE 5797 GLASGOW DIRECT,standard_rate
PAYMENT TO AMAZON UK 7193  PLC,standard_rate
IZ *AMAZON KINDLE BRISTOL STORE REF-3675,zero_rated
IZ *BOOTS UK BRISTOL LTD,standard_rate
Dd Quickbooks 7037 Online Plc,standard_rate
iz *amazon kindle 2407 leeds ltd ref-3638,zero_rated
CARD AA BREAKDOWN 692 LEEDS,exempt
payment to sainsburys 8855 uk ltd,zero_rated
POS NATIONAL EXPRESS 8033,zero_rated
CARD AMAZON UK 1858 UK ONLINE,standard_rate
CARD AVIVA INSURANCE 8684 MANCHESTER UK REF-4861,exempt
Tesco Stores 4188  Ref-6794,zero_rated
POS LNER TICKETS 1977 UK ONLINE,zero_rated
DD WESTMINSTER COUNCIL 6688  STORE,outside_scope
SQ *SAINSBURYS 2404 MANCHESTER PLC,zero_rated
POS ADOBE CREATIVE 9703 LONDON STORE REF-4420,standard_rate
IZ *WESTMINSTER COUNCIL 2966  PLC,outside_scope
CARD DELIVEROO 5195 GLASGOW REF-5073,standard_rate
DELIVEROO ONLINE DIRECT,standard_rate
POS NATIONAL EXPRESS 6979  ONLINE,zero_rated
iz *hsbc bank fees 1029  uk ref-3254,exempt
DD WATERSTONES 6603  ONLINE REF-4268,zero_rated
CARD EON NEXT 305  STORE,reduced_rate
Card National Express 5512 Manchester Direct Ref-1408,zero_rated
card amazon eu 7359  store ref-2450,standard_rate
IZ *LIDL GB  STORE REF-8513,zero_rated
CARD ROYAL MAIL  DIRECT REF-6576,exempt
IZ *AA BREAKDOWN,exempt
card hmrc payments,outside_scope
dd post office 4778 online ref-9779,exempt
CARD UBER EATS UK LTD,standard_rate
IZ *HMRC PAYMENTS 9827  DIRECT REF-1346,outside_scope
SQ *WESTMINSTER COUNCIL 7679  STORE,outside_scope
CARD AMAZON EU 7206  ONLINE REF-2071,standard_rate
PAYMENT TO MICROSOFT 365 4702 LONDON,standard_rate
SQ *LIDL GB  DIRECT,zero_rated
Sq *Uber Eats 814  Store,standard_rate
SQ *TESCO EXPRESS 5279 GLASGOW,zero_rated
PAYMENT TO BARCLAYS BANK 1200,exempt
IZ *MICROSOFT 365 6931 LONDON UK REF-1318,standard_rate
HMRC SHIPLEY 5197  UK,outside_scope
CARD TRAINLINE 4587 LEEDS PLC,zero_rated
SQ *ALDI STORES 3997,zero_rated
Payment To Hmrc Payments  Store,outside_scope
POS AMAZON EU 4090  UK REF-1981,standard_rate
card trainline 6771  direct ref-9592,zero_rated
IZ *ADOBE CREATIVE  ONLINE REF-5655,standard_rate
PAYMENT TO TRAINLINE 3402 BRISTOL ONLINE REF-3390,zero_rated
pos asda supermarket 3743 leeds store ref-8794,zero_rated
payment to post office 1207  online ref-4383,exempt
Card Asda Supermarket  Uk,zero_rated
DELIVEROO 7162 ONLINE STORE REF-6834,standard_rate
CARD TFL TRAVEL LEEDS REF-7763,zero_rated
payroll transfer 427  ltd ref-1432,outside_scope
TESCO STORES 3602  PLC REF-1960,zero_rated
dd lidl gb 9542 online online,zero_rated
CARD QUICKBOOKS BRISTOL LTD,standard_rate
dd waterstones 3641 birmingham direct,zero_rated
PAYMENT TO XERO SOFTWARE  STORE REF-1609,standard_rate
DD AMAZON EU 9185 BIRMINGHAM PLC,standard_rate
payment to tesco stores 1086 online uk ref-2625,zero_rated
DD GOOGLE WORKSPACE 7048 BIRMINGHAM DIRECT REF-1284,standard_rate
lner tickets 2967 online ltd,zero_rated
PAYMENT TO SAGE SUBSCRIPTION 8880  DIRECT,standard_rate
SQ *BRITISH GAS 7578 UK PLC,reduced_rate
CARD OCTOPUS ENERGY 6182 BIRMINGHAM DIRECT REF-9859,reduced_rate
DD BRITISH GAS MANCHESTER ONLINE,reduced_rate
IZ *ADOBE CREATIVE  LTD REF-1059,standard_rate
POS STATIONERY STATION 3401  DIRECT,standard_rate
SQ *LIDL GB 3454  ONLINE,zero_rated
IZ *EON NEXT  DIRECT REF-2287,reduced_rate
DD AMAZON UK  ONLINE,standard_rate
iz *linkedin premium  plc ref-8590,standard_rate
PAYMENT TO TESCO STORES 1813 ONLINE LTD REF-6403,zero_rated
IZ *ADOBE CREATIVE 8330  LTD,standard_rate
IZ *WATERSTONES MANCHESTER DIRECT,zero_rated
Card Boots Uk 650 Birmingham,standard_rate
DD POST OFFICE 3256  DIRECT,exempt
octopus energy uk online,reduced_rate
EON NEXT  DIRECT,reduced_rate
IZ *QUICKBOOKS 4268  STORE REF-9318,standard_rate
STATIONERY STATION 4875  STORE,standard_rate
Octopus Energy 4400 Glasgow Direct,reduced_rate
SQ *DELIVEROO 5764  ONLINE REF-5234,standard_rate
SQ *BARCLAYS BANK 5809 BIRMINGHAM LTD REF-5051,exempt
IZ *OCTOPUS ENERGY 9774 ONLINE ONLINE REF-4222,reduced_rate
PAYMENT TO BOOTS UK,standard_rate
Dd National Express 1611  Plc Ref-9785,zero_rated
SQ *UBER EATS 4802  ONLINE REF-9681,standard_rate
DD GOOGLE WORKSPACE 6498,standard_rate
Payment To Amazon Eu  Ltd,standard_rate
CARD AMAZON EU 4934  STORE,standard_rate
DD EDF ENERGY 2555  PLC,reduced_rate
payment to adobe creative 1484 london ref-5397,standard_rate
PAYMENT TO LIDL GB 4741 UK LTD,zero_rated
iz *linkedin premium 1154 manchester direct ref-5769,standard_rate
Iz *Google Workspace 2484 Glasgow Direct,standard_rate
DD DELIVEROO 3412 BIRMINGHAM PLC,standard_rate
SQ *STATIONERY STATION 7783 LONDON UK,standard_rate
POS MICROSOFT 365 LEEDS PLC,standard_rate
card quickbooks  direct,standard_rate
PAYMENT TO PAYROLL TRANSFER 5348 UK PLC,outside_scope
POS UBER EATS 5396  ONLINE,standard_rate
POS BRITISH GAS 8215  LTD,reduced_rate
DD WATERSTONES 1114 ONLINE ONLINE REF-2875,zero_rated
SQ *ROYAL MAIL 9455 UK UK,exempt
POS NATIONAL EXPRESS 7882 LEEDS UK,zero_rated
UBER EATS 8984  PLC,standard_rate
SQ *HMRC PAYMENTS 5422 LONDON UK REF-8388,outside_scope
PAYMENT TO EON NEXT 7420 LEEDS LTD,reduced_rate
POS XERO SOFTWARE  STORE REF-8242,standard_rate
linkedin premium 477  ltd ref-3415,standard_rate
sq *aviva insurance 7925  ltd ref-4013,exempt
IZ *INTRA ACCOUNT TRANSFER 9034 LONDON ONLINE REF-4311,outside_scope
card hmrc payments 9551 london ltd,outside_scope
sq *edf energy 7554  uk,reduced_rate
POS POST OFFICE LONDON REF-3935,exempt
POS AMAZON KINDLE GLASGOW ONLINE,zero_rated
SQ *UBER EATS 8786  LTD,standard_rate
POS POST OFFICE 9885  DIRECT,exempt
DD INTRA ACCOUNT TRANSFER LEEDS STORE,outside_scope
IZ *DIRECTOR DRAWINGS 3828,outside_scope
IZ *LNER TICKETS  DIRECT,zero_rated
sq *hmrc payments  store ref-7792,outside_scope
PAYMENT TO STATIONERY STATION 3819 LEEDS PLC,standard_rate
IZ *ASDA SUPERMARKET 5642 LEEDS,zero_rated
IZ *LIDL GB LONDON LTD REF-1235,zero_rated
SQ *AA BREAKDOWN 6992  STORE,exempt
SQ *NATIONAL EXPRESS  DIRECT REF-8151,zero_rated
IZ *SAINSBURYS 6220 GLASGOW PLC REF-7481,zero_rated
payment to aldi stores 4522 leeds plc ref-8081,zero_rated
british gas 7313  ref-8434,reduced_rate
Google Workspace 9815 London Store,standard_rate
payment to amazon uk 8956 glasgow direct,standard_rate
SQ *HSBC BANK FEES 8569  DIRECT,exempt
IZ *LNER TICKETS 2153 BRISTOL PLC REF-4568,zero_rated
Pos Amazon Eu 5634 Bristol Direct Ref-8786,standard_rate
SQ *BARCLAYS BANK 2914 MANCHESTER LTD,exempt
POS ADOBE CREATIVE 1733 GLASGOW UK REF-8541,standard_rate
DD AMAZON EU 1246 MANCHESTER DIRECT REF-1853,standard_rate
PAYMENT TO SAGE SUBSCRIPTION 9152 GLASGOW STORE,standard_rate
POS EDF ENERGY  DIRECT REF-6023,reduced_rate
IZ *AMAZON UK 1155 ONLINE ONLINE REF-7757,standard_rate
IZ *STATIONERY STATION  PLC,standard_rate
Payment To Lner Tickets 8470 Manchester Ltd Ref-5430,zero_rated
DD TESCO STORES 7119 BRISTOL PLC REF-7543,zero_rated
IZ *AMAZON EU 3032 UK,standard_rate
HMRC PAYMENTS,outside_scope
DD TFL TRAVEL 2776 GLASGOW PLC,zero_rated
POS ROYAL MAIL 7395 BIRMINGHAM ONLINE,exempt
ALDI STORES 8956 UK UK REF-9987,zero_rated
Card Payroll Transfer Uk Plc Ref-2571,outside_scope
PAYROLL TRANSFER BIRMINGHAM DIRECT,outside_scope
IZ *HMRC SHIPLEY 9151 GLASGOW DIRECT REF-7099,outside_scope
POS INTRA ACCOUNT TRANSFER 5338  ONLINE,outside_scope
CARD AMAZON KINDLE 2535 MANCHESTER UK REF-3401,zero_rated
Dd Intra Account Transfer Uk Ref-4698,outside_scope
DD UBER EATS LEEDS DIRECT,standard_rate
POS AVIVA INSURANCE LEEDS STORE,exempt
SQ *EDF ENERGY 9080 ONLINE DIRECT REF-4395,reduced_rate
card trainline  ref-9934,zero_rated
PAYMENT TO QUICKBOOKS MANCHESTER REF-4568,standard_rate
Sq *Linkedin Premium 4743 Leeds Uk,standard_rate
IZ *ALDI STORES  LTD,zero_rated
Sq *Sainsburys 5983 London Plc,zero_rated
HMRC SHIPLEY  LTD,outside_scope
SQ *BOOTS UK 1133  UK REF-6136,standard_rate
CARD XERO SOFTWARE 179  LTD,standard_rate
DD GOOGLE WORKSPACE 9332  LTD,standard_rate
Payment To Hmrc Payments Leeds Store,outside_scope
POS AVIVA INSURANCE MANCHESTER PLC,exempt
CARD NATIONAL EXPRESS 6376  UK,zero_rated
DD LIDL GB 8290 LONDON PLC REF-2442,zero_rated
IZ *AMAZON EU 8823  PLC,standard_rate
SQ *TRAINLINE 7787  LTD REF-7651,zero_rated
Hmrc Shipley 8676 Manchester Store,outside_scope
Google Workspace 2850,standard_rate
LNER TICKETS UK STORE,zero_rated
CARD MICROSOFT 365 1126 GLASGOW UK REF-2722,standard_rate
DD LIDL GB 7698 LONDON ONLINE REF-7641,zero_rated
Dd British Gas Online Ltd Ref-6114,reduced_rate
DD POST OFFICE 832 UK DIRECT,exempt
IZ *POST OFFICE 9509 ONLINE STORE,exempt
PAYMENT TO TFL TRAVEL BIRMINGHAM UK,zero_rated
CARD DELIVEROO 6989  PLC REF-5214,standard_rate
NATIONAL EXPRESS 2422  LTD REF-9186,zero_rated
Card Linkedin Premium 9169 Leeds Ltd,standard_rate
DD ALDI STORES 907  UK,zero_rated
PAYMENT TO ROYAL MAIL LONDON ONLINE REF-8007,exempt
DD ROYAL MAIL LEEDS DIRECT REF-8123,exempt
POS TESCO EXPRESS 1481 GLASGOW,zero_rated
Pos Tesco Express  Online,zero_rated
PAYMENT TO XERO SOFTWARE 8421  DIRECT REF-5763,standard_rate
Iz *Octopus Energy 9499 Birmingham Plc,reduced_rate
IZ *POST OFFICE GLASGOW UK,exempt
PAYMENT TO BOOTS UK 5950 UK UK,standard_rate
POS LINKEDIN PREMIUM,standard_rate
payment to microsoft 365 5021 manchester plc,standard_rate
POS POST OFFICE 5463  ONLINE,exempt
iz *tfl travel bristol,zero_rated
IZ *SAGE SUBSCRIPTION 9218 GLASGOW ONLINE REF-8608,standard_rate
trainline,zero_rated
dd westminster council 297 manchester store,outside_scope
pos barclays bank 8221  ltd,exempt
DD TESCO EXPRESS 6008 MANCHESTER STORE,zero_rated
pos british gas 2609  uk ref-3898,reduced_rate
EON NEXT  PLC,reduced_rate
PAYROLL TRANSFER LONDON DIRECT REF-8604,outside_scope
IZ *STATIONERY STATION 3453 LONDON STORE REF-6748,standard_rate
card tesco stores 6724 online direct ref-8657,zero_rated
Sq *Tfl Travel 8157  Ltd,zero_rated
CARD ADOBE CREATIVE 1900  UK REF-1517,standard_rate
Dd Stationery Station 4343  Uk Ref-6336,standard_rate
payment to xero software  online ref-4246,standard_rate
HMRC SHIPLEY LEEDS ONLINE REF-6347,outside_scope
IZ *WESTMINSTER COUNCIL  UK REF-8319,outside_scope
SQ *QUICKBOOKS 5554 GLASGOW UK,standard_rate
CARD UBER EATS 6445 UK DIRECT REF-2663,standard_rate
payment to sage subscription 2624 glasgow plc,standard_rate
SQ *AMAZON KINDLE 1568 ONLINE PLC REF-7260,zero_rated
Payment To Hmrc Shipley  Store,outside_scope
DD HSBC BANK FEES 1553 UK ONLINE,exempt
BRITISH GAS 4204 UK DIRECT REF-8133,reduced_rate
SQ *STATIONERY STATION 5180 BIRMINGHAM STORE REF-8671,standard_rate
card waterstones 6894 bristol uk ref-1068,zero_rated
POS QUICKBOOKS MANCHESTER REF-6040,standard_rate
sq *tesco stores 8041 uk plc,zero_rated
CARD BOOTS UK 4294 LEEDS STORE REF-6240,standard_rate
PAYMENT TO TRAINLINE 2949 LONDON REF-6070,zero_rated
Dd Waterstones 9394  Direct Ref-5762,zero_rated
SQ *UBER EATS 4247 BIRMINGHAM PLC,standard_rate
CARD GOOGLE WORKSPACE  DIRECT,standard_rate
PAYMENT TO QUICKBOOKS 1354 LONDON DIRECT,standard_rate
SQ *BARCLAYS BANK 3372 MANCHESTER ONLINE REF-1759,exempt
card sage subscription 7636 leeds,standard_rate
SQ *BARCLAYS BANK 8920  LTD REF-4776,exempt
dd director drawings leeds online,outside_scope
CARD EON NEXT 2226 LONDON LTD,reduced_rate
pos octopus energy 7350,reduced_rate
HMRC SHIPLEY 7292  STORE,outside_scope
POS TFL TRAVEL 5819  STORE,zero_rated
EDF ENERGY 6723  PLC,reduced_rate
PAYMENT TO QUICKBOOKS 464 MANCHESTER LTD REF-8098,standard_rate
SQ *TESCO EXPRESS 6676 LEEDS UK,zero_rated
IZ *BRITISH GAS 3725,reduced_rate
POS SAINSBURYS 5720 BIRMINGHAM LTD,zero_rated
CARD POST OFFICE  DIRECT REF-9438,exempt
pos sage subscription  ltd ref-8073,standard_rate
CARD ASDA SUPERMARKET LONDON PLC REF-2584,zero_rated
STATIONERY STATION 6060 MANCHESTER ONLINE,standard_rate
SQ *ASDA SUPERMARKET 6268 BRISTOL REF-8520,zero_rated
IZ *AMAZON EU 4919 LEEDS PLC REF-6368,standard_rate
POS LIDL GB  ONLINE,zero_rated
IZ *MICROSOFT 365 9493 LONDON REF-4371,standard_rate
IZ *SAGE SUBSCRIPTION 6308  DIRECT,standard_rate
CARD HMRC PAYMENTS LEEDS LTD,outside_scope
PAYMENT TO TESCO STORES 987 UK UK REF-2612,zero_rated
SQ *XERO SOFTWARE 4866  LTD,standard_rate
sq *sage subscription 9794  online,standard_rate
CARD SAGE SUBSCRIPTION GLASGOW LTD REF-2769,standard_rate
POS EDF ENERGY BRISTOL,reduced_rate
DD AMAZON KINDLE 2237  STORE REF-2971,zero_rated
CARD AMAZON KINDLE LEEDS ONLINE,zero_rated
DD TESCO EXPRESS 5336 MANCHESTER ONLINE REF-2063,zero_rated
DD ROYAL MAIL 4464 MANCHESTER LTD,exempt
iz *royal mail 8888  uk ref-2750,exempt
CARD DIRECTOR DRAWINGS  ONLINE,outside_scope
DD HMRC PAYMENTS 4939 UK,outside_scope
IZ *WESTMINSTER COUNCIL 8682  PLC REF-9818,outside_scope
Iz *Director Drawings 2318 Birmingham Store Ref-2734,outside_scope
pos trainline 2342  online,zero_rated
PAYMENT TO LNER TICKETS 8821 ONLINE UK,zero_rated
STATIONERY STATION 2816 GLASGOW STORE,standard_rate
SQ *INTRA ACCOUNT TRANSFER UK UK,outside_scope
POS ALDI STORES 3404 UK REF-9489,zero_rated
iz *trainline 9969 leeds plc ref-4997,zero_rated
SQ *PAYROLL TRANSFER BIRMINGHAM LTD,outside_scope
IZ *DIRECTOR DRAWINGS 9676,outside_scope
DD POST OFFICE 8663  UK REF-3564,exempt
CARD HSBC BANK FEES 5084  STORE,exempt
Dd Intra Account Transfer  Ltd,outside_scope
SQ *STATIONERY STATION ONLINE ONLINE REF-4316,standard_rate
IZ *UBER EATS LONDON PLC,standard_rate
DD TESCO EXPRESS 6897 GLASGOW,zero_rated
IZ *SAINSBURYS 5328 BIRMINGHAM PLC,zero_rated
IZ *GOOGLE WORKSPACE 8566 BRISTOL STORE,standard_rate
LIDL GB BIRMINGHAM REF-9570,zero_rated
HMRC PAYMENTS  ONLINE,outside_scope
iz *british gas 9362 london uk,reduced_rate
PAYMENT TO SAINSBURYS 2393  REF-7291,zero_rated
NATIONAL EXPRESS 8388 UK STORE REF-8182,zero_rated
PAYMENT TO PAYROLL TRANSFER ONLINE ONLINE,outside_scope
Adobe Creative 5174  Online,standard_rate
QUICKBOOKS 8732  PLC,standard_rate
Pos Royal Mail 3524 Online Plc,exempt
DD OCTOPUS ENERGY 2915 GLASGOW LTD REF-7279,reduced_rate
POS DIRECTOR DRAWINGS 5566 LONDON LTD REF-9809,outside_scope
IZ *WESTMINSTER COUNCIL 4647 ONLINE LTD,outside_scope
SQ *AA BREAKDOWN  STORE,exempt
DD SAGE SUBSCRIPTION BIRMINGHAM PLC REF-5552,standard_rate
PAYMENT TO HMRC SHIPLEY 7850 BRISTOL,outside_scope
POS SAGE SUBSCRIPTION 4596  LTD,standard_rate
SQ *DIRECTOR DRAWINGS 2145 MANCHESTER DIRECT,outside_scope
IZ *QUICKBOOKS 7122 LONDON UK REF-6011,standard_rate
DD ALDI STORES  STORE REF-3931,zero_rated
sq *tfl travel 4550 glasgow,zero_rated
sq *royal mail 9571 manchester uk,exempt
EON NEXT 8275  DIRECT,reduced_rate
TESCO STORES  ONLINE,zero_rated
DD EDF ENERGY 9419,reduced_rate
DD LINKEDIN PREMIUM LONDON LTD,standard_rate
Payment To Microsoft 365 5537 London Online,standard_rate
PAYMENT TO LINKEDIN PREMIUM 7958  UK REF-5599,standard_rate
Dd Edf Energy 5354 Leeds Ltd,reduced_rate
Sq *Lidl Gb 1411 Manchester Direct,zero_rated
SQ *XERO SOFTWARE 9472  LTD,standard_rate
PAYMENT TO DIRECTOR DRAWINGS 7490 MANCHESTER ONLINE REF-6909,outside_scope
Iz *Aviva Insurance London,exempt
HSBC BANK FEES 5879 UK DIRECT,exempt
POS DIRECTOR DRAWINGS 6746 LEEDS,outside_scope
PAYMENT TO SAGE SUBSCRIPTION 1609,standard_rate
PAYMENT TO WATERSTONES UK LTD,zero_rated
Iz *Stationery Station  Ltd,standard_rate
CARD HMRC SHIPLEY 3874 BRISTOL LTD,outside_scope
ROYAL MAIL 1152  REF-2371,exempt
PAYMENT TO GOOGLE WORKSPACE 9566 BIRMINGHAM ONLINE REF-4723,standard_rate
edf energy 425 birmingham uk ref-6633,reduced_rate
dd aldi stores 300  plc,zero_rated
Linkedin Premium 1892  Uk,standard_rate
Sq *Intra Account Transfer 2684 Manchester Store,outside_scope
iz *payroll transfer 8159  online ref-9533,outside_scope
card uber eats 8605 online,standard_rate
DD OCTOPUS ENERGY 4561 GLASGOW PLC,reduced_rate
POS HSBC BANK FEES BIRMINGHAM REF-8085,exempt
IZ *BRITISH GAS ONLINE DIRECT,reduced_rate
IZ *ASDA SUPERMARKET 4883  PLC,zero_rated
SQ *PAYROLL TRANSFER 6213 LEEDS UK,outside_scope
CARD HMRC PAYMENTS 5325 BRISTOL DIRECT,outside_scope
CARD HSBC BANK FEES 7899 UK PLC,exempt
Iz *Waterstones 4043  Ltd,zero_rated
DD DELIVEROO 3511 ONLINE DIRECT,standard_rate
PAYMENT TO NATIONAL EXPRESS 9501  ONLINE,zero_rated
Dd Boots Uk 9413  Direct Ref-8335,standard_rate
Sq *Linkedin Premium 5685 Online Plc Ref-7578,standard_rate
DD HSBC BANK FEES UK PLC REF-5753,exempt
PAYMENT TO LIDL GB 6490 LEEDS UK,zero_rated
LIDL GB 1258 LONDON UK,zero_rated
SQ *BARCLAYS BANK 1039  ONLINE REF-6464,exempt
POS LNER TICKETS  LTD,zero_rated
PAYMENT TO PAYROLL TRANSFER 3994 BIRMINGHAM ONLINE,outside_scope
POS GOOGLE WORKSPACE 2648 LEEDS ONLINE,standard_rate
PAYROLL TRANSFER 1202 LONDON,outside_scope
POS WATERSTONES 4150 MANCHESTER PLC,zero_rated
Payment To Hsbc Bank Fees Glasgow,exempt
TESCO EXPRESS  STORE,zero_rated
Eon Next  Online Ref-7250,reduced_rate
IZ *AMAZON KINDLE 1716,zero_rated
IZ *AMAZON EU,standard_rate
CARD ASDA SUPERMARKET 6301 BIRMINGHAM STORE,zero_rated
card deliveroo manchester direct,standard_rate
BRITISH GAS 5431,reduced_rate
CARD TESCO STORES LONDON STORE,zero_rated
POS LINKEDIN PREMIUM 3178 MANCHESTER PLC,standard_rate
payment to eon next 9556,reduced_rate
BARCLAYS BANK 6977  DIRECT,exempt
Hmrc Shipley 7373 Glasgow Ref-3571,outside_scope
Card Director Drawings London Direct,outside_scope
IZ *OCTOPUS ENERGY BIRMINGHAM STORE,reduced_rate
Payment To Post Office 2773 Online Ltd Ref-2663,exempt
Pos Adobe Creative 5770  Online,standard_rate
iz *barclays bank online online ref-2103,exempt
BOOTS UK 9330  PLC REF-7913,standard_rate
WESTMINSTER COUNCIL ONLINE,outside_scope
Card Amazon Kindle Online Online,zero_rated
intra account transfer  uk,outside_scope
DD DIRECTOR DRAWINGS ONLINE ONLINE REF-5335,outside_scope
CARD AMAZON EU 3585 GLASGOW,standard_rate
SQ *ALDI STORES GLASGOW DIRECT,zero_rated
sq *uber eats 730  store ref-7609,standard_rate
HMRC PAYMENTS 3593 LONDON,outside_scope
POS BRITISH GAS 8066  LTD,reduced_rate
IZ *POST OFFICE 5128  LTD REF-9684,exempt
PAYMENT TO ALDI STORES 5376 BRISTOL,zero_rated
POS GOOGLE WORKSPACE 1920  ONLINE REF-1907,standard_rate
Sq *Sage Subscription  Store,standard_rate
Payment To Aa Breakdown Birmingham Ltd,exempt
PAYMENT TO BOOTS UK 570 BIRMINGHAM ONLINE,standard_rate
SQ *INTRA ACCOUNT TRANSFER UK STORE REF-3997,outside_scope
CARD LIDL GB 5032,zero_rated
pos amazon kindle 9179 manchester plc ref-1175,zero_rated
Pos Barclays Bank  Store,exempt
CARD TESCO STORES BIRMINGHAM LTD REF-5786,zero_rated
Iz *National Express 7013 Glasgow Uk Ref-6199,zero_rated
DD WESTMINSTER COUNCIL  REF-3381,outside_scope
IZ *NATIONAL EXPRESS 2387 ONLINE ONLINE,zero_rated
CARD LIDL GB  UK REF-8424,zero_rated
IZ *BRITISH GAS BIRMINGHAM ONLINE REF-8763,reduced_rate
CARD LNER TICKETS 2407  ONLINE REF-9550,zero_rated
CARD WESTMINSTER COUNCIL 1159 BIRMINGHAM LTD,outside_scope
ROYAL MAIL 3563  STORE REF-7746,exempt
DD BOOTS UK 3006  REF-4843,standard_rate
PAYMENT TO HMRC SHIPLEY MANCHESTER LTD,outside_scope
IZ *TRAINLINE 3587  DIRECT,zero_rated
SQ *EON NEXT 8948 LONDON STORE,reduced_rate
PAYROLL TRANSFER 782 ONLINE,outside_scope
IZ *SAINSBURYS 4693 LONDON STORE REF-1539,zero_rated
CARD DIRECTOR DRAWINGS UK STORE REF-2924,outside_scope
Sq *Westminster Council Leeds,outside_scope
DELIVEROO LONDON PLC REF-6765,standard_rate
IZ *SAINSBURYS 2878 LEEDS STORE REF-3777,zero_rated
Sq *Hmrc Payments 2995 Leeds Plc,outside_scope
PAYMENT TO SAINSBURYS ONLINE STORE,zero_rated
LIDL GB,zero_rated
IZ *TFL TRAVEL LONDON UK,zero_rated
payment to westminster council 9540  ltd ref-8809,outside_scope
POS UBER EATS BRISTOL PLC REF-8477,standard_rate
sq *payroll transfer 8609  direct,outside_scope
SQ *AVIVA INSURANCE GLASGOW REF-6175,exempt
PAYMENT TO ALDI STORES 2559 GLASGOW LTD,zero_rated
Linkedin Premium  Online,standard_rate
pos tesco express 3748 online plc ref-1372,zero_rated
PAYMENT TO TESCO EXPRESS  ONLINE,zero_rated
Payment To Deliveroo 6693 Manchester Direct Ref-7167,standard_rate
HMRC PAYMENTS 1617 MANCHESTER UK REF-1897,outside_scope
Pos Deliveroo Leeds Online Ref-5894,standard_rate
IZ *ASDA SUPERMARKET 6402 GLASGOW STORE,zero_rated
SQ *HSBC BANK FEES  LTD REF-5184,exempt
card aa breakdown uk ltd ref-3987,exempt
TRAINLINE 715  ONLINE,zero_rated
PAYMENT TO SAGE SUBSCRIPTION,standard_rate
PAYMENT TO ALDI STORES LONDON PLC REF-2539,zero_rated
CARD AMAZON KINDLE 3099 ONLINE ONLINE,zero_rated
LINKEDIN PREMIUM 5975  PLC REF-8816,standard_rate
DD PAYROLL TRANSFER 1455,outside_scope
SAGE SUBSCRIPTION 3707,standard_rate
POS UBER EATS 5874  ONLINE REF-2930,standard_rate
CARD LIDL GB 311 GLASGOW LTD,zero_rated
pos sainsburys  ltd,zero_rated
SQ *MICROSOFT 365 4200 MANCHESTER UK,standard_rate
CARD ROYAL MAIL 4593 LONDON PLC REF-7913,exempt
IZ *AVIVA INSURANCE 9879 MANCHESTER ONLINE,exempt
PAYMENT TO WATERSTONES 441 UK PLC,zero_rated
CARD AVIVA INSURANCE ONLINE,exempt
IZ *AMAZON KINDLE 2708  DIRECT REF-9977,zero_rated
iz *google workspace 8929 uk uk ref-6105,standard_rate
PAYMENT TO OCTOPUS ENERGY 8276 GLASGOW,reduced_rate
IZ *GOOGLE WORKSPACE BRISTOL UK REF-1708,standard_rate
Payment To Eon Next  Ref-3480,reduced_rate
SQ *EDF ENERGY 2718 ONLINE ONLINE,reduced_rate
card xero software 3389 leeds direct ref-2464,standard_rate
BARCLAYS BANK 3247  REF-9871,exempt
POS POST OFFICE 8129 GLASGOW,exempt
CARD NATIONAL EXPRESS 2938 LONDON DIRECT,zero_rated
PAYMENT TO TFL TRAVEL ONLINE UK,zero_rated
POS TRAINLINE 8747  PLC REF-4179,zero_rated
IZ *TFL TRAVEL 7858  DIRECT REF-7326,zero_rated
SQ *OCTOPUS ENERGY  UK REF-7934,reduced_rate
AVIVA INSURANCE BIRMINGHAM REF-7667,exempt
SQ *ADOBE CREATIVE ONLINE LTD,standard_rate
dd intra account transfer leeds store ref-8743,outside_scope
HSBC BANK FEES UK STORE,exempt
iz *eon next 7858 uk ltd ref-9765,reduced_rate
CARD LNER TICKETS 5448 MANCHESTER DIRECT REF-7463,zero_rated
POS EDF ENERGY 9388  STORE,reduced_rate
iz *waterstones 4759 london,zero_rated
POS HMRC PAYMENTS 3995  REF-7636,outside_scope
dd hsbc bank fees online plc,exempt
Card Linkedin Premium 4983  Store,standard_rate
IZ *HMRC PAYMENTS 3868  ONLINE REF-4631,outside_scope
Payment To Octopus Energy Manchester,reduced_rate
Iz *Tesco Express 6521 Bristol Plc,zero_rated
pos boots uk leeds plc,standard_rate
DD AMAZON EU 4596  ONLINE,standard_rate
POS HSBC BANK FEES 6287  DIRECT REF-9063,exempt
PAYMENT TO BARCLAYS BANK 7207 GLASGOW DIRECT,exempt
SQ *ROYAL MAIL 3467 MANCHESTER STORE,exempt
CARD QUICKBOOKS 1736 MANCHESTER UK REF-6079,standard_rate
Sainsburys 3570  Uk Ref-2922,zero_rated
IZ *HMRC PAYMENTS 2677 UK STORE,outside_scope
DD AMAZON KINDLE 4845  STORE,zero_rated
payment to tesco stores online uk ref-7381,zero_rated
IZ *LINKEDIN PREMIUM 6588 LONDON STORE REF-1616,standard_rate
POS AMAZON KINDLE  DIRECT REF-4094,zero_rated
CARD INTRA ACCOUNT TRANSFER 7746 UK LTD REF-1657,outside_scope
CARD BARCLAYS BANK 4757 LEEDS ONLINE REF-2158,exempt
CARD BOOTS UK 8407 BRISTOL ONLINE,standard_rate
Iz *Stationery Station 3124  Plc,standard_rate
Dd Amazon Kindle 835  Uk,zero_rated
POS LIDL GB LEEDS LTD,zero_rated
Card Barclays Bank  Uk,exempt
SQ *WATERSTONES 7258  PLC,zero_rated
DD PAYROLL TRANSFER  PLC,outside_scope
DD SAGE SUBSCRIPTION MANCHESTER PLC REF-3643,standard_rate
Sq *Tesco Express 5631  Store Ref-1674,zero_rated
IZ *TESCO STORES 4538  STORE,zero_rated
NATIONAL EXPRESS 7665  LTD,zero_rated
PAYMENT TO EON NEXT 6677 ONLINE STORE,reduced_rate
TFL TRAVEL MANCHESTER DIRECT REF-6332,zero_rated
dd westminster council 6321 manchester store ref-3197,outside_scope
DD UBER EATS 2022 BRISTOL STORE,standard_rate
iz *uber eats uk ltd ref-1506,standard_rate
pos quickbooks 4773 bristol ltd ref-4179,standard_rate
Payment To Amazon Uk Online Plc,standard_rate
DD TRAINLINE 4517 UK ONLINE,zero_rated
POS DIRECTOR DRAWINGS  LTD,outside_scope
pos national express bristol online,zero_rated
OCTOPUS ENERGY LEEDS,reduced_rate
CARD BRITISH GAS 4483 LEEDS,reduced_rate
IZ *AMAZON UK 2099  ONLINE,standard_rate
iz *intra account transfer 5705  direct,outside_scope
SQ *MICROSOFT 365 2455  DIRECT,standard_rate
sq *stationery station 5651 london,standard_rate
sq *british gas 3295 uk direct ref-5801,reduced_rate
PAYMENT TO EDF ENERGY 4528  DIRECT REF-6499,reduced_rate
POS HMRC SHIPLEY ONLINE DIRECT,outside_scope
SAGE SUBSCRIPTION 9113  REF-6906,standard_rate
iz *sainsburys 4002  uk,zero_rated
CARD WATERSTONES 5488  LTD,zero_rated
PAYMENT TO LNER TICKETS 5613 BIRMINGHAM DIRECT REF-1887,zero_rated
PAYMENT TO DELIVEROO ONLINE UK,standard_rate
CARD HMRC PAYMENTS 9410 MANCHESTER DIRECT,outside_scope
PAYMENT TO STATIONERY STATION 8209  UK,standard_rate
iz *xero software online plc,standard_rate
Dd Hsbc Bank Fees  Uk,exempt
DD EON NEXT 5940 MANCHESTER UK,reduced_rate
POST OFFICE 5407 MANCHESTER REF-5550,exempt
POS AMAZON UK 2506  REF-8310,standard_rate
POS POST OFFICE 1725  PLC REF-4524,exempt
IZ *UBER EATS 3582 ONLINE UK REF-7810,standard_rate
payment to linkedin premium 4937  ltd,standard_rate
TRAINLINE ONLINE ONLINE,zero_rated
CARD AMAZON UK 5691 LONDON UK,standard_rate
DD AVIVA INSURANCE UK ONLINE REF-8354,exempt
PAYMENT TO XERO SOFTWARE 3329 GLASGOW UK,standard_rate
Card Stationery Station 8771  Uk,standard_rate
Iz *Aldi Stores 8463 Bristol Online,zero_rated
CARD EDF ENERGY  STORE,reduced_rate
DD ASDA SUPERMARKET 7569 BRISTOL LTD REF-9587,zero_rated
PAYMENT TO AMAZON UK 8879 MANCHESTER PLC,standard_rate
DD SAINSBURYS 6538  UK REF-6345,zero_rated
BOOTS UK GLASGOW PLC,standard_rate
CARD AVIVA INSURANCE  DIRECT,exempt
IZ *TRAINLINE  PLC,zero_rated
pos westminster council leeds direct ref-4646,outside_scope
POS UBER EATS LONDON REF-8490,standard_rate
SQ *LIDL GB 8679  PLC,zero_rated
Sq *Hsbc Bank Fees 5314  Direct Ref-1686,exempt
PAYMENT TO HSBC BANK FEES 7779 LONDON DIRECT,exempt
Iz *Amazon Uk 4761 Leeds Store Ref-3293,standard_rate
Payment To Director Drawings 7713 Leeds Uk Ref-3110,outside_scope
IZ *BARCLAYS BANK 8038  UK REF-2330,exempt
card hsbc bank fees birmingham ltd ref-3757,exempt
IZ *TFL TRAVEL 9398 LEEDS UK,zero_rated
ASDA SUPERMARKET 9539 ONLINE DIRECT,zero_rated
PAYMENT TO DIRECTOR DRAWINGS 7614  ONLINE,outside_scope
POS NATIONAL EXPRESS 2256 UK ONLINE REF-1110,zero_rated
POS TRAINLINE  STORE REF-4915,zero_rated
pos amazon eu 2432 leeds,standard_rate
DD BRITISH GAS 3047 GLASGOW UK,reduced_rate
payment to hsbc bank fees 5815  ltd ref-9077,exempt
DD DIRECTOR DRAWINGS 493 MANCHESTER,outside_scope
POS HSBC BANK FEES 8663 BRISTOL STORE REF-4300,exempt
Sage Subscription Leeds Plc,standard_rate
Sq *Aldi Stores  Ltd,zero_rated
CARD DIRECTOR DRAWINGS 1844 BIRMINGHAM ONLINE,outside_scope
SQ *EON NEXT 8050 ONLINE UK REF-9605,reduced_rate
PAYMENT TO PAYROLL TRANSFER BRISTOL PLC,outside_scope
UBER EATS 9280  STORE REF-9243,standard_rate
POS LNER TICKETS 4351  STORE,zero_rated
DD NATIONAL EXPRESS 9863  LTD,zero_rated
Dd Xero Software 4519  Online,standard_rate
DD NATIONAL EXPRESS 2793 MANCHESTER,zero_rated
POS MICROSOFT 365 3147 LONDON PLC,standard_rate
Dd Aa Breakdown  Direct Ref-6964,exempt
DD TESCO STORES LONDON,zero_rated
Sq *Linkedin Premium Online Ltd Ref-9698,standard_rate
Iz *Westminster Council 8053  Uk,outside_scope
PAYMENT TO BARCLAYS BANK  LTD REF-8277,exempt
POS BOOTS UK MANCHESTER ONLINE,standard_rate
POS GOOGLE WORKSPACE LEEDS,standard_rate
SQ *OCTOPUS ENERGY BRISTOL UK,reduced_rate
sq *payroll transfer  online ref-1615,outside_scope
PAYROLL TRANSFER 3769  STORE REF-8711,outside_scope
POS TFL TRAVEL UK UK REF-5601,zero_rated
DD TESCO STORES 3073 UK DIRECT REF-8141,zero_rated
Pos Amazon Uk 7174  Uk Ref-9121,standard_rate
amazon uk leeds store,standard_rate
CARD NATIONAL EXPRESS GLASGOW STORE REF-9265,zero_rated
LIDL GB 1280  STORE,zero_rated
POS ROYAL MAIL 158 BRISTOL DIRECT,exempt
card aviva insurance manchester online ref-8795,exempt
DD TESCO STORES UK ONLINE,zero_rated
SQ *STATIONERY STATION,standard_rate
PAYMENT TO PAYROLL TRANSFER  ONLINE REF-9583,outside_scope
dd xero software 7758 leeds,standard_rate
DD WATERSTONES  UK,zero_rated
IZ *AMAZON KINDLE 6628 LEEDS UK,zero_rated
CARD ALDI STORES 8474 BRISTOL DIRECT,zero_rated
POS AVIVA INSURANCE LEEDS PLC,exempt
WATERSTONES 5765 BRISTOL DIRECT,zero_rated
IZ *ASDA SUPERMARKET BIRMINGHAM REF-5140,zero_rated
IZ *ASDA SUPERMARKET LONDON UK,zero_rated
dd amazon kindle 8644 bristol direct,zero_rated
CARD NATIONAL EXPRESS 4712 UK LTD,zero_rated
Payment To Trainline 2177 Manchester Ltd Ref-4764,zero_rated
PAYMENT TO TESCO STORES 3828  UK,zero_rated
POS DELIVEROO 2221 UK UK,standard_rate
SQ *AVIVA INSURANCE 9891 LEEDS UK REF-2602,exempt
IZ *INTRA ACCOUNT TRANSFER 9731  UK REF-4243,outside_scope
POS LINKEDIN PREMIUM 1002 BRISTOL PLC,standard_rate
SQ *BRITISH GAS 4446 LEEDS DIRECT,reduced_rate
SQ *ALDI STORES LEEDS PLC,zero_rated
CARD HMRC PAYMENTS 6044 ONLINE REF-1489,outside_scope
Card Xero Software Manchester Ltd,standard_rate
WATERSTONES 7294 BRISTOL PLC REF-3018,zero_rated
Dd Hsbc Bank Fees Uk Direct Ref-7447,exempt
DD TESCO EXPRESS BIRMINGHAM PLC REF-2657,zero_rated
DD TFL TRAVEL GLASGOW LTD,zero_rated
Sq *Octopus Energy 9288,reduced_rate
PAYMENT TO ADOBE CREATIVE 255 LONDON LTD REF-7864,standard_rate
IZ *LIDL GB 2000,zero_rated
card british gas 6100  online,reduced_rate
CARD SAGE SUBSCRIPTION 2733 ONLINE PLC REF-7517,standard_rate
SQ *DELIVEROO 1397  UK REF-3636,standard_rate
POS ALDI STORES 8971 UK LTD REF-8901,zero_rated
POS HMRC SHIPLEY ONLINE PLC REF-6512,outside_scope
DD MICROSOFT 365 4791  REF-8840,standard_rate
Pos Microsoft 365 4781,standard_rate
PAYMENT TO MICROSOFT 365 7821  ONLINE REF-1953,standard_rate
Pos Westminster Council 1787 Manchester Ref-6155,outside_scope
sq *hmrc payments 7543  online ref-8259,outside_scope
SQ *ALDI STORES 1567 UK UK,zero_rated
pos aa breakdown glasgow plc,exempt
HMRC SHIPLEY 3515 BIRMINGHAM REF-1421,outside_scope
PAYMENT TO INTRA ACCOUNT TRANSFER  UK REF-1757,outside_scope
Pos Amazon Eu Birmingham Ltd,standard_rate
CARD MICROSOFT 365 6271 GLASGOW STORE,standard_rate
CARD GOOGLE WORKSPACE GLASGOW UK,standard_rate
SQ *TESCO STORES 3190 UK REF-4912,zero_rated
Dd Eon Next 5898,reduced_rate
PAYMENT TO SAGE SUBSCRIPTION  PLC REF-1992,standard_rate
TFL TRAVEL 3881  LTD REF-8208,zero_rated
DD PAYROLL TRANSFER 3884 UK UK,outside_scope
DIRECTOR DRAWINGS 490  PLC,outside_scope
iz *hsbc bank fees 4974  ref-3167,exempt
IZ *AMAZON KINDLE LONDON ONLINE,zero_rated
SQ *POST OFFICE 9197  LTD REF-5245,exempt
EDF ENERGY 1024 GLASGOW UK,reduced_rate
Payment To Aa Breakdown 1576 Bristol Store,exempt
payment to deliveroo 2571 london ref-3919,standard_rate
IZ *SAGE SUBSCRIPTION 1165  UK REF-8643,standard_rate
IZ *XERO SOFTWARE 6946 BIRMINGHAM LTD REF-3938,standard_rate
CARD TESCO STORES ONLINE LTD,zero_rated
Card Google Workspace  Online,standard_rate
CARD UBER EATS 6087  UK REF-9275,standard_rate
Card Post Office  Ltd,exempt
CARD TFL TRAVEL 4783  UK,zero_rated
DD MICROSOFT 365 6037 LEEDS UK REF-4964,standard_rate
EON NEXT,reduced_rate
POS NATIONAL EXPRESS  UK REF-8431,zero_rated
CARD ASDA SUPERMARKET 851 MANCHESTER DIRECT,zero_rated
card stationery station 5817  ltd ref-7841,standard_rate
CARD TESCO STORES 3780 LEEDS LTD REF-3414,zero_rated
SQ *BRITISH GAS 2065 BRISTOL PLC,reduced_rate
ADOBE CREATIVE MANCHESTER STORE,standard_rate
SQ *WESTMINSTER COUNCIL ONLINE LTD,outside_scope
Iz *Tfl Travel 8027  Ltd Ref-3919,zero_rated
DD HSBC BANK FEES 6683 LONDON LTD REF-8833,exempt
IZ *AVIVA INSURANCE 1726 ONLINE PLC REF-5009,exempt
POS HSBC BANK FEES  DIRECT,exempt
SQ *LINKEDIN PREMIUM 9509 MANCHESTER LTD,standard_rate
SQ *ALDI STORES 9929 BIRMINGHAM DIRECT,zero_rated
CARD MICROSOFT 365 LONDON STORE REF-6528,standard_rate
SQ *AMAZON KINDLE 5552 MANCHESTER ONLINE REF-2059,zero_rated
iz *tesco stores 706 birmingham,zero_rated
POS ROYAL MAIL 7280  STORE REF-5820,exempt
SQ *BRITISH GAS BIRMINGHAM UK,reduced_rate
POS WESTMINSTER COUNCIL 4810 BRISTOL STORE,outside_scope
Sq *Quickbooks London Store,standard_rate
Payment To Sage Subscription London Store Ref-4011,standard_rate
CARD AMAZON KINDLE 7903 LEEDS DIRECT REF-3016,zero_rated
DD ASDA SUPERMARKET 9092 LONDON ONLINE,zero_rated
SQ *EDF ENERGY 9081 GLASGOW PLC REF-7688,reduced_rate
Card Lner Tickets 3662  Online,zero_rated
SQ *ASDA SUPERMARKET 9482 BRISTOL LTD,zero_rated
SQ *EON NEXT 3897,reduced_rate
SQ *LIDL GB 8830  REF-8405,zero_rated
Pos Payroll Transfer 9362 London Plc Ref-5395,outside_scope
Iz *Waterstones 5237  Ltd Ref-8387,zero_rated
iz *hmrc shipley 4597 birmingham plc ref-6816,outside_scope
Sq *Director Drawings Bristol Store,outside_scope
PAYMENT TO LNER TICKETS 4218 LEEDS PLC REF-9879,zero_rated
DD TRAINLINE 1659 MANCHESTER STORE REF-6468,zero_rated
Trainline 8964  Plc,zero_rated
CARD DELIVEROO BRISTOL UK REF-3383,standard_rate
iz *aldi stores manchester plc ref-8197,zero_rated
PAYMENT TO ADOBE CREATIVE 4721  PLC,standard_rate
IZ *BARCLAYS BANK ONLINE LTD REF-4744,exempt
IZ *ALDI STORES 5331  DIRECT,zero_rated
POS LNER TICKETS  ONLINE,zero_rated
IZ *EON NEXT 1134  REF-7988,reduced_rate
Card Aldi Stores 2362  Store Ref-2951,zero_rated
PAYMENT TO STATIONERY STATION 2842  PLC REF-4741,standard_rate
IZ *MICROSOFT 365 UK PLC REF-3745,standard_rate
IZ *ROYAL MAIL  UK REF-1923,exempt
Dd National Express 1617 London Plc,zero_rated
DD STATIONERY STATION LEEDS ONLINE,standard_rate
PAYMENT TO AA BREAKDOWN 9896  STORE,exempt
PAYMENT TO ASDA SUPERMARKET  DIRECT REF-4366,zero_rated
card aa breakdown  direct ref-3633,exempt
Card Sainsburys 3800 Leeds Direct,zero_rated
STATIONERY STATION 5480 MANCHESTER LTD,standard_rate
DD DELIVEROO 9867 GLASGOW LTD REF-5586,standard_rate
CARD TESCO EXPRESS 2298 UK UK REF-8668,zero_rated
POS WESTMINSTER COUNCIL 7298  STORE,outside_scope
dd barclays bank bristol plc,exempt
DD WATERSTONES 7029,zero_rated
SQ *AA BREAKDOWN 8114,exempt
BRITISH GAS 4738 MANCHESTER,reduced_rate
CARD LNER TICKETS 5529 UK ONLINE,zero_rated
CARD POST OFFICE 1909 ONLINE ONLINE,exempt
card sage subscription 4541 leeds ltd ref-5191,standard_rate
POS LNER TICKETS 7038 MANCHESTER UK,zero_rated
POS LNER TICKETS 2364 BRISTOL STORE,zero_rated
SQ *INTRA ACCOUNT TRANSFER 8901 GLASGOW ONLINE,outside_scope
payment to director drawings,outside_scope
DD DELIVEROO 7221 LEEDS ONLINE REF-4197,standard_rate
payment to quickbooks 2326 birmingham direct,standard_rate
CARD AMAZON UK 3968  ONLINE,standard_rate
PAYMENT TO DIRECTOR DRAWINGS 4872 ONLINE PLC REF-3096,outside_scope
card deliveroo 4415  plc,standard_rate
Payment To Tesco Express London Plc Ref-4836,zero_rated
PAYMENT TO TFL TRAVEL UK STORE REF-1296,zero_rated
pos aviva insurance 5506 birmingham,exempt
Iz *Tesco Express 868 Online Plc Ref-7244,zero_rated
SQ *TESCO STORES 4781 BRISTOL DIRECT,zero_rated
Westminster Council Online Plc Ref-6367,outside_scope
SQ *ALDI STORES LONDON,zero_rated
DD BRITISH GAS 3803  LTD,reduced_rate
sq *aviva insurance 2724 birmingham uk,exempt
Payment To Barclays Bank 210 Bristol Plc,exempt
PAYMENT TO WESTMINSTER COUNCIL 2548 MANCHESTER PLC,outside_scope
SQ *BRITISH GAS 3709 GLASGOW PLC,reduced_rate
Dd Hsbc Bank Fees 9991 Birmingham Plc Ref-4484,exempt
payment to tesco express london ltd,zero_rated
Pos Lidl Gb 7370 Leeds Uk,zero_rated
CARD TRAINLINE 325 LEEDS LTD,zero_rated
IZ *MICROSOFT 365,standard_rate
IZ *EON NEXT 6056 LEEDS LTD REF-7528,reduced_rate
PAYMENT TO AVIVA INSURANCE 912  STORE REF-4513,exempt
SQ *HSBC BANK FEES 4528  UK,exempt
AA BREAKDOWN  LTD,exempt
IZ *TESCO EXPRESS 3624 MANCHESTER ONLINE,zero_rated
PAYMENT TO DELIVEROO ONLINE ONLINE,standard_rate
SAINSBURYS 3570  STORE,zero_rated
Payment To National Express 8091 London Ref-5707,zero_rated
POS LNER TICKETS 2029 GLASGOW,zero_rated
iz *lidl gb 998 glasgow ltd,zero_rated
POS STATIONERY STATION 6902  UK REF-6176,standard_rate
pos director drawings 4654  direct ref-5055,outside_scope
EDF ENERGY 757 ONLINE UK,reduced_rate
Payment To Google Workspace 7673 Online,standard_rate
CARD UBER EATS 6725 BRISTOL UK,standard_rate
IZ *SAINSBURYS LONDON REF-8230,zero_rated
DD POST OFFICE MANCHESTER,exempt
Pos Google Workspace 7571 Leeds Ltd,standard_rate
DD AMAZON KINDLE 6493 ONLINE DIRECT,zero_rated
sq *sainsburys 7331 london,zero_rated
PAYMENT TO LNER TICKETS 9619  UK REF-7523,zero_rated
POS WATERSTONES 6728  UK,zero_rated
SQ *SAGE SUBSCRIPTION 9931  DIRECT,standard_rate
SQ *MICROSOFT 365 5411 LONDON UK REF-4932,standard_rate
CARD BARCLAYS BANK 6332 ONLINE,exempt
SQ *EON NEXT  PLC,reduced_rate
sq *royal mail 4026 manchester plc ref-9538,exempt
POS DELIVEROO 3943  ONLINE,standard_rate
Payroll Transfer 4717  Ltd,outside_scope
DD EDF ENERGY 7909 LONDON LTD REF-3422,reduced_rate
IZ *QUICKBOOKS ONLINE UK REF-9799,standard_rate
LIDL GB 2717 UK PLC REF-1706,zero_rated
Royal Mail  Store,exempt
PAYMENT TO AMAZON EU 8302 BRISTOL PLC REF-7271,standard_rate
CARD TESCO EXPRESS 2978  LTD,zero_rated
POS STATIONERY STATION 6683 UK LTD,standard_rate
IZ *GOOGLE WORKSPACE 7502  LTD,standard_rate
POS AMAZON UK 2789 BRISTOL PLC,standard_rate
DD BOOTS UK 7443  ONLINE REF-6407,standard_rate
Sq *Tesco Stores 2542  Ltd,zero_rated
payment to amazon kindle 8854 london ltd ref-5001,zero_rated
pos amazon eu 1759  direct,standard_rate
Dd Waterstones 7156 Leeds Uk,zero_rated
AA BREAKDOWN 8173 UK STORE,exempt
PAYMENT TO TFL TRAVEL 6555 LONDON DIRECT REF-2378,zero_rated
Iz *Barclays Bank 4707 Uk Plc Ref-1264,exempt
Iz *Amazon Eu 2744  Plc,standard_rate
POS BOOTS UK 9096 LEEDS,standard_rate
CARD ROYAL MAIL 5134 BRISTOL UK,exempt
PAYMENT TO AMAZON UK 7351 GLASGOW,standard_rate
PAYMENT TO NATIONAL EXPRESS 5150 UK DIRECT REF-7076,zero_rated
DD SAINSBURYS 2465  REF-1944,zero_rated
DD HSBC BANK FEES 454 ONLINE,exempt
POS WATERSTONES UK ONLINE REF-3282,zero_rated
SQ *TESCO EXPRESS 1938  ONLINE,zero_rated
CARD BOOTS UK 3450  PLC,standard_rate
AVIVA INSURANCE 7850 BRISTOL LTD,exempt
Payment To Director Drawings 6007  Store Ref-2706,outside_scope
Pos Deliveroo Glasgow Plc Ref-9806,standard_rate
PAYMENT TO EDF ENERGY 6063  ONLINE REF-5318,reduced_rate
POS GOOGLE WORKSPACE 7926  UK REF-6233,standard_rate
IZ *INTRA ACCOUNT TRANSFER  STORE,outside_scope
POS MICROSOFT 365 3053 BRISTOL DIRECT,standard_rate
PAYMENT TO DELIVEROO 6590  UK,standard_rate
PAYMENT TO NATIONAL EXPRESS  DIRECT REF-7343,zero_rated
POS INTRA ACCOUNT TRANSFER  UK REF-5144,outside_scope
AMAZON KINDLE  UK,zero_rated
PAYMENT TO BARCLAYS BANK 7908 ONLINE PLC REF-1518,exempt
card microsoft 365 9837 manchester uk,standard_rate
ADOBE CREATIVE 8568,standard_rate
IZ *OCTOPUS ENERGY 6154,reduced_rate
Pos Sage Subscription 7468 Leeds Online,standard_rate
SQ *LINKEDIN PREMIUM 3600  STORE,standard_rate
SQ *LNER TICKETS  ONLINE REF-9795,zero_rated
payment to intra account transfer 9307  direct,outside_scope
UBER EATS 9220  UK,standard_rate
CARD TESCO EXPRESS 9660 LEEDS ONLINE,zero_rated
DD ASDA SUPERMARKET 7975 LEEDS LTD,zero_rated
IZ *LNER TICKETS 9041  ONLINE REF-2371,zero_rated
DD TESCO STORES 3797 ONLINE LTD REF-7232,zero_rated
PAYMENT TO BARCLAYS BANK 8789  DIRECT,exempt
SQ *ALDI STORES 8254 UK UK,zero_rated
AVIVA INSURANCE 1817 LEEDS ONLINE,exempt
SQ *GOOGLE WORKSPACE 6727  UK REF-2160,standard_rate
Dd Hmrc Payments 7779 Manchester Online Ref-9548,outside_scope
Pos Deliveroo  Direct,standard_rate
MICROSOFT 365 MANCHESTER LTD,standard_rate
card amazon eu  direct ref-4305,standard_rate
POS WATERSTONES 7863 LONDON PLC,zero_rated
IZ *LINKEDIN PREMIUM  DIRECT,standard_rate
DD SAINSBURYS 9502  UK REF-2889,zero_rated
pos amazon uk 1141 glasgow ref-7668,standard_rate
Iz *Microsoft 365 3486 Glasgow Ltd,standard_rate
CARD ALDI STORES 6310  DIRECT REF-1306,zero_rated
PAYMENT TO TESCO EXPRESS 3160 ONLINE DIRECT,zero_rated
POS OCTOPUS ENERGY 317 UK DIRECT,reduced_rate
POS HMRC PAYMENTS 9543 LEEDS ONLINE,outside_scope
Iz *Tfl Travel 6674  Ltd Ref-9334,zero_rated
PAYMENT TO BOOTS UK BIRMINGHAM REF-2248,standard_rate
TRAINLINE 3815 MANCHESTER STORE REF-9099,zero_rated
DD GOOGLE WORKSPACE  PLC REF-9515,standard_rate
POS DIRECTOR DRAWINGS 3391  UK,outside_scope
Payment To Lidl Gb 1107 Online Ltd,zero_rated
CARD XERO SOFTWARE  LTD REF-3314,standard_rate
iz *deliveroo 9448  plc,standard_rate
IZ *SAGE SUBSCRIPTION 5907 MANCHESTER PLC REF-9193,standard_rate
SQ *WATERSTONES 628 BRISTOL DIRECT,zero_rated
Pos Linkedin Premium 7427 Bristol Uk Ref-2304,standard_rate
DD XERO SOFTWARE LEEDS LTD REF-6586,standard_rate
Payment To Lner Tickets 6824 Online Online,zero_rated
Dd Hmrc Shipley 6190  Online,outside_scope
SQ *BARCLAYS BANK  UK,exempt
PAYMENT TO ASDA SUPERMARKET UK LTD,zero_rated
CARD HMRC SHIPLEY 8724  LTD REF-4056,outside_scope
POS BOOTS UK 7910 ONLINE,standard_rate
MICROSOFT 365 5713 BRISTOL UK,standard_rate
CARD LINKEDIN PREMIUM 6199 BRISTOL DIRECT REF-3963,standard_rate
POS SAGE SUBSCRIPTION GLASGOW UK,standard_rate
card asda supermarket  online ref-8982,zero_rated
IZ *SAINSBURYS 9517 ONLINE PLC,zero_rated
Payment To Lner Tickets  Direct Ref-5933,zero_rated
pos lidl gb 1997  direct,zero_rated
STATIONERY STATION,standard_rate
CARD ADOBE CREATIVE 4003  PLC,standard_rate
POS LINKEDIN PREMIUM 9004 UK DIRECT,standard_rate
IZ *TESCO EXPRESS 7940 UK PLC REF-3209,zero_rated
Westminster Council 1407 Bristol Ltd,outside_scope
PAYROLL TRANSFER  ONLINE REF-3710,outside_scope
PAYMENT TO TRAINLINE 787  DIRECT,zero_rated
DD HSBC BANK FEES 6178,exempt
payment to aldi stores 7021 bristol direct,zero_rated
pos tfl travel  store,zero_rated
POS TESCO STORES 6845 GLASGOW PLC REF-5065,zero_rated
IZ *DIRECTOR DRAWINGS 4712 BIRMINGHAM,outside_scope
SQ *LIDL GB  REF-5478,zero_rated
Microsoft 365 1987 Uk Ref-7172,standard_rate
PAYMENT TO ASDA SUPERMARKET  REF-3140,zero_rated
DD PAYROLL TRANSFER 3095 BIRMINGHAM UK,outside_scope
Tesco Stores 7994  Plc Ref-5835,zero_rated
IZ *NATIONAL EXPRESS 3351  STORE,zero_rated
SQ *LNER TICKETS 6243  REF-1336,zero_rated
Dd Adobe Creative 8376 London Online,standard_rate
Sq *Asda Supermarket 302 Uk Uk Ref-9561,zero_rated
Dd Xero Software  Online,standard_rate
SQ *HSBC BANK FEES 3749 UK LTD,exempt
Pos Asda Supermarket Manchester Ref-9835,zero_rated
SQ *ASDA SUPERMARKET 2803 ONLINE DIRECT REF-8113,zero_rated
card royal mail uk online ref-3291,exempt
DD TFL TRAVEL UK DIRECT REF-4037,zero_rated
Sq *Sainsburys 1317 London Online Ref-1794,zero_rated
PAYMENT TO NATIONAL EXPRESS  UK,zero_rated
pos aa breakdown 4428 london ref-7439,exempt
POS ASDA SUPERMARKET  UK REF-9849,zero_rated
IZ *AA BREAKDOWN 9430 MANCHESTER DIRECT,exempt
DD LIDL GB 7842  UK,zero_rated
POST OFFICE 7198 BRISTOL REF-1087,exempt
IZ *QUICKBOOKS 4069  PLC,standard_rate
CARD HMRC PAYMENTS 7337 LEEDS STORE,outside_scope
IZ *UBER EATS 9104 BRISTOL PLC,standard_rate
Pos Amazon Uk 1648  Store,standard_rate
dd adobe creative 8417  plc ref-3322,standard_rate
pos waterstones 3055 online,zero_rated
SQ *AA BREAKDOWN 9221  UK REF-2829,exempt
IZ *AA BREAKDOWN  LTD REF-3914,exempt
sq *boots uk 1497 online direct,standard_rate
DD QUICKBOOKS 6302  DIRECT,standard_rate
PAYMENT TO INTRA ACCOUNT TRANSFER 4269 BIRMINGHAM PLC,outside_scope
DD POST OFFICE 7091  DIRECT,exempt
DD WESTMINSTER COUNCIL 3775  STORE,outside_scope
amazon kindle 8210  online ref-9412,zero_rated
PAYMENT TO AA BREAKDOWN BIRMINGHAM DIRECT,exempt
POS BOOTS UK UK STORE,standard_rate
IZ *EDF ENERGY 4776 ONLINE,reduced_rate
ADOBE CREATIVE 1700  DIRECT,standard_rate
IZ *MICROSOFT 365 UK PLC,standard_rate
SAINSBURYS 2023  REF-4882,zero_rated
IZ *EDF ENERGY 665  UK REF-6308,reduced_rate
Iz *Amazon Eu Online Direct,standard_rate
CARD DIRECTOR DRAWINGS BIRMINGHAM UK,outside_scope
PAYMENT TO STATIONERY STATION  ONLINE REF-8402,standard_rate
iz *stationery station 520 leeds plc,standard_rate
IZ *TESCO EXPRESS 9974  DIRECT REF-6461,zero_rated
POS TESCO EXPRESS  PLC,zero_rated
Payment To Sage Subscription 8000 Manchester Online,standard_rate
PAYMENT TO XERO SOFTWARE 6633 ONLINE UK,standard_rate
POS INTRA ACCOUNT TRANSFER 6113  DIRECT,outside_scope
TRAINLINE 3523  UK REF-6817,zero_rated
aa breakdown 5619 manchester ltd,exempt
sq *deliveroo 1020 manchester,standard_rate
DD SAGE SUBSCRIPTION 4944  DIRECT REF-6779,standard_rate
Tfl Travel 5928  Ltd,zero_rated
sq *amazon eu 9425 manchester direct,standard_rate
CARD ROYAL MAIL BRISTOL LTD,exempt
Iz *Uber Eats 1584  Direct,standard_rate
POS HMRC SHIPLEY LONDON LTD,outside_scope
SQ *EON NEXT 1390 MANCHESTER ONLINE,reduced_rate
IZ *ASDA SUPERMARKET UK LTD,zero_rated
Tesco Express 1982  Ltd Ref-4705,zero_rated
PAYMENT TO ADOBE CREATIVE 7499 BRISTOL LTD,standard_rate
IZ *MICROSOFT 365 1783 ONLINE STORE,standard_rate
sq *google workspace  store,standard_rate
DD DELIVEROO 961 UK LTD,standard_rate
IZ *TESCO STORES 9763 LEEDS REF-4241,zero_rated
LNER TICKETS LONDON,zero_rated
DD UBER EATS 2996 ONLINE DIRECT,standard_rate
Card Linkedin Premium 2099  Uk,standard_rate
Card Eon Next 5026 Manchester Uk,reduced_rate
IZ *AA BREAKDOWN  DIRECT,exempt
Payment To Royal Mail 7060 London Uk Ref-2963,exempt
SQ *EON NEXT  ONLINE,reduced_rate
TESCO EXPRESS  PLC REF-1046,zero_rated
CARD ROYAL MAIL 3076 UK PLC,exempt
PAYMENT TO BRITISH GAS 5546 MANCHESTER UK,reduced_rate
payment to microsoft 365 manchester store ref-4877,standard_rate
CARD TFL TRAVEL  DIRECT REF-3612,zero_rated
SQ *HMRC SHIPLEY 2332  PLC,outside_scope
SQ *DELIVEROO 3048 LONDON DIRECT,standard_rate
Payment To Royal Mail 732 Birmingham,exempt
PAYMENT TO SAGE SUBSCRIPTION 6880 ONLINE DIRECT,standard_rate
Card Edf Energy 5971,reduced_rate
POS PAYROLL TRANSFER MANCHESTER LTD,outside_scope
pos hsbc bank fees 6879 uk direct ref-4691,exempt
IZ *SAINSBURYS  DIRECT,zero_rated
CARD WESTMINSTER COUNCIL  REF-9739,outside_scope
CARD AA BREAKDOWN 2243 UK ONLINE,exempt
PAYMENT TO UBER EATS 6658 UK UK REF-2337,standard_rate
PAYMENT TO ASDA SUPERMARKET  LTD,zero_rated
iz *tesco express  online,zero_rated
iz *waterstones  store,zero_rated
AMAZON EU 3445 ONLINE STORE REF-2043,standard_rate
payment to lidl gb london uk,zero_rated
Sainsburys 4021 Leeds Direct,zero_rated
IZ *EDF ENERGY BRISTOL REF-5466,reduced_rate
AVIVA INSURANCE 7127 GLASGOW PLC,exempt
DD OCTOPUS ENERGY 8876  DIRECT REF-1798,reduced_rate
IZ *WESTMINSTER COUNCIL 7234 ONLINE LTD,outside_scope
IZ *BRITISH GAS 5866 ONLINE PLC,reduced_rate
IZ *LIDL GB BIRMINGHAM LTD,zero_rated
POS OCTOPUS ENERGY 562  ONLINE REF-8281,reduced_rate
POS INTRA ACCOUNT TRANSFER 3388  UK,outside_scope
IZ *ADOBE CREATIVE 6286  PLC,standard_rate
DD LINKEDIN PREMIUM 8009 LONDON ONLINE REF-2076,standard_rate
CARD SAGE SUBSCRIPTION 412 UK STORE,standard_rate
BRITISH GAS UK PLC,reduced_rate
SQ *TESCO EXPRESS 7802 LONDON,zero_rated
DD OCTOPUS ENERGY 6208  ONLINE,reduced_rate
IZ *ADOBE CREATIVE  REF-4872,standard_rate
PAYMENT TO DELIVEROO 3844  ONLINE REF-7783,standard_rate
SQ *ROYAL MAIL 5341 UK REF-6744,exempt
card amazon kindle 7551 manchester store,zero_rated
POS QUICKBOOKS 1844  UK,standard_rate
Payroll Transfer 9081  Store,outside_scope
Card Aldi Stores 6855 Glasgow Store Ref-8054,zero_rated
DD TESCO EXPRESS 3276 MANCHESTER LTD REF-6724,zero_rated
SQ *ADOBE CREATIVE MANCHESTER PLC REF-7648,standard_rate
IZ *QUICKBOOKS 8006  STORE REF-7280,standard_rate
CARD DELIVEROO 9336 UK UK REF-4068,standard_rate
DD TESCO EXPRESS  LTD REF-6400,zero_rated
tesco express 6366 online plc,zero_rated
DD INTRA ACCOUNT TRANSFER 6782  STORE,outside_scope
PAYMENT TO AMAZON UK 9987 BRISTOL,standard_rate
iz *royal mail  plc,exempt
DD HSBC BANK FEES BRISTOL UK,exempt
POS AA BREAKDOWN 8835  PLC REF-9227,exempt
DD INTRA ACCOUNT TRANSFER 9473 GLASGOW LTD,outside_scope
PAYMENT TO TESCO EXPRESS 3367 UK ONLINE REF-5706,zero_rated
INTRA ACCOUNT TRANSFER 1534  UK REF-3961,outside_scope
IZ *INTRA ACCOUNT TRANSFER 8773  ONLINE,outside_scope
PAYMENT TO LINKEDIN PREMIUM LONDON LTD REF-5133,standard_rate
payment to payroll transfer  ref-1164,outside_scope
CARD TESCO STORES 8531  UK REF-1018,zero_rated
WATERSTONES 8145 LEEDS UK REF-7778,zero_rated
TESCO EXPRESS GLASGOW PLC,zero_rated
IZ *SAGE SUBSCRIPTION 7905 LEEDS LTD REF-7037,standard_rate
PAYMENT TO TESCO STORES 5690  ONLINE,zero_rated
Pos Westminster Council 4484  Plc,outside_scope
Payment To Aviva Insurance 4196 Bristol Ltd,exempt
DD ASDA SUPERMARKET BIRMINGHAM PLC,zero_rated
CARD AA BREAKDOWN 2462 ONLINE DIRECT,exempt
ASDA SUPERMARKET LONDON STORE,zero_rated
card quickbooks 5079 manchester ltd,standard_rate
DD BOOTS UK 6087 ONLINE UK,standard_rate
SAGE SUBSCRIPTION 5492  PLC,standard_rate
IZ *LINKEDIN PREMIUM 5487  DIRECT REF-7129,standard_rate
CARD POST OFFICE 8932 BIRMINGHAM ONLINE REF-9306,exempt
PAYMENT TO TRAINLINE 1076  DIRECT REF-9589,zero_rated
DELIVEROO  REF-5855,standard_rate
sq *payroll transfer 3890,outside_scope
ALDI STORES MANCHESTER UK,zero_rated
dd aldi stores 5053  ltd,zero_rated
PAYMENT TO ADOBE CREATIVE BRISTOL,standard_rate
IZ *UBER EATS 6884,standard_rate
PAYMENT TO LNER TICKETS 2825,zero_rated
POS WATERSTONES 7512  PLC REF-9412,zero_rated
CARD AMAZON KINDLE 9956 BIRMINGHAM,zero_rated
IZ *PAYROLL TRANSFER LONDON UK,outside_scope
payment to edf energy 5524  ref-3082,reduced_rate
POS AA BREAKDOWN BRISTOL PLC,exempt
payment to royal mail 5614 bristol,exempt
PAYMENT TO SAINSBURYS 8016  UK REF-1257,zero_rated
POST OFFICE 3642 LONDON STORE REF-2465,exempt
PAYMENT TO WATERSTONES GLASGOW ONLINE REF-2377,zero_rated
DD ROYAL MAIL 581 BRISTOL PLC,exempt
BARCLAYS BANK 7354 ONLINE LTD,exempt
CARD POST OFFICE 1101 LONDON LTD REF-8599,exempt
Iz *Director Drawings 5905  Uk Ref-6800,outside_scope
PAYMENT TO SAGE SUBSCRIPTION 9458  LTD,standard_rate
IZ *HMRC SHIPLEY 4756 GLASGOW UK,outside_scope
CARD STATIONERY STATION 7813 MANCHESTER REF-3623,standard_rate
SQ *STATIONERY STATION 4180  PLC,standard_rate
IZ *TFL TRAVEL BRISTOL STORE REF-7262,zero_rated
IZ *ALDI STORES 9214,zero_rated
Card Hmrc Shipley 8608 Glasgow Plc Ref-8130,outside_scope
DD UBER EATS BRISTOL ONLINE,standard_rate
Sq *Uber Eats 7699  Plc Ref-5593,standard_rate
Pos Aa Breakdown 7346 Leeds Direct,exempt
CARD SAINSBURYS  LTD,zero_rated
IZ *BOOTS UK 4157 UK PLC,standard_rate
PAYMENT TO QUICKBOOKS 5666  STORE REF-8404,standard_rate
DD STATIONERY STATION 5001  STORE REF-9057,standard_rate
WESTMINSTER COUNCIL 433 LONDON PLC,outside_scope
PAYMENT TO XERO SOFTWARE 6678 BIRMINGHAM,standard_rate
Card Aa Breakdown 9859 Birmingham Plc,exempt
Lner Tickets 1292 Online Ref-6793,zero_rated
CARD ADOBE CREATIVE 1177 LONDON DIRECT,standard_rate
DD SAINSBURYS 6508 LEEDS STORE,zero_rated
BRITISH GAS  PLC REF-5249,reduced_rate
SQ *HMRC SHIPLEY 8901 ONLINE,outside_scope
DD LIDL GB 4820  REF-1775,zero_rated
PAYMENT TO BARCLAYS BANK LONDON ONLINE REF-4969,exempt
PAYMENT TO BOOTS UK 5609,standard_rate
GOOGLE WORKSPACE 2715  UK,standard_rate
iz *trainline  direct ref-2961,zero_rated
IZ *DIRECTOR DRAWINGS 7537 UK STORE,outside_scope
POS TRAINLINE MANCHESTER UK,zero_rated
IZ *INTRA ACCOUNT TRANSFER 2848 BIRMINGHAM STORE,outside_scope
SQ *TESCO STORES 8917  ONLINE REF-8616,zero_rated
IZ *HMRC PAYMENTS 9456  REF-6914,outside_scope
PAYMENT TO EDF ENERGY 9330 BRISTOL STORE REF-7584,reduced_rate
POS DIRECTOR DRAWINGS LEEDS ONLINE REF-5224,outside_scope
sq *stationery station  plc,standard_rate
DD UBER EATS 4047  ONLINE,standard_rate
asda supermarket 7135  ltd,zero_rated
barclays bank uk online,exempt
IZ *UBER EATS 2092 BIRMINGHAM PLC,standard_rate
IZ *STATIONERY STATION 3794,standard_rate
Payment To Amazon Kindle Bristol Plc,zero_rated
IZ *ROYAL MAIL 7690 BIRMINGHAM,exempt
PAYMENT TO HMRC SHIPLEY 3142 GLASGOW,outside_scope
SQ *INTRA ACCOUNT TRANSFER 8273 GLASGOW DIRECT,outside_scope
SQ *ALDI STORES 3215  UK,zero_rated
WESTMINSTER COUNCIL 9988  UK,outside_scope
ROYAL MAIL 4073 MANCHESTER STORE,exempt
DD ROYAL MAIL ONLINE DIRECT REF-2813,exempt
Dd Payroll Transfer  Store,outside_scope
payment to national express 5455  online,zero_rated
CARD HSBC BANK FEES 5704,exempt
Card Waterstones Online Direct Ref-9082,zero_rated
iz *trainline online online,zero_rated
DD HMRC PAYMENTS 9794  PLC REF-7388,outside_scope
sq *hmrc shipley 1778 bristol online ref-4393,outside_scope
DD LIDL GB 5716 GLASGOW REF-6346,zero_rated
SQ *OCTOPUS ENERGY 8448 BIRMINGHAM REF-3576,reduced_rate
Iz *Lner Tickets 4248 Leeds Store,zero_rated
POS MICROSOFT 365 4182 BRISTOL ONLINE,standard_rate
IZ *SAINSBURYS 8896 MANCHESTER,zero_rated
IZ *AMAZON EU  UK,standard_rate
PAYMENT TO PAYROLL TRANSFER LEEDS DIRECT,outside_scope
iz *adobe creative glasgow ltd,standard_rate
DD STATIONERY STATION ONLINE REF-2686,standard_rate
payment to edf energy  plc,reduced_rate
PAYMENT TO ASDA SUPERMARKET 3896  UK,zero_rated
CARD BARCLAYS BANK 8857 UK DIRECT,exempt
CARD TFL TRAVEL  DIRECT,zero_rated
Pos Eon Next  Ltd Ref-2831,reduced_rate
sq *lidl gb 3793 leeds ltd,zero_rated
PAYMENT TO GOOGLE WORKSPACE  UK,standard_rate
xero software 2362  ltd,standard_rate
MICROSOFT 365 2343  DIRECT REF-5060,standard_rate
SQ *PAYROLL TRANSFER 9370 UK LTD,outside_scope
PAYMENT TO AMAZON EU 1162 UK PLC,standard_rate
PAYMENT TO BRITISH GAS BRISTOL ONLINE REF-6515,reduced_rate
Pos Post Office 7172 Online Plc,exempt
CARD PAYROLL TRANSFER MANCHESTER DIRECT,outside_scope
iz *aviva insurance 4066 bristol ltd ref-1194,exempt
PAYMENT TO QUICKBOOKS 7119 BRISTOL ONLINE,standard_rate
SQ *ADOBE CREATIVE 6355 LONDON LTD,standard_rate
card payroll transfer  direct,outside_scope
card aa breakdown birmingham plc,exempt
POS ROYAL MAIL 6296,exempt
SQ *AA BREAKDOWN 2314 BIRMINGHAM LTD,exempt
CARD STATIONERY STATION UK PLC,standard_rate
CARD LNER TICKETS 8685 GLASGOW PLC REF-4964,zero_rated
Card Deliveroo  Online Ref-3311,standard_rate
dd barclays bank 9922 leeds store,exempt
POS SAGE SUBSCRIPTION 1079 GLASGOW ONLINE,standard_rate
Card Deliveroo 4229 Bristol Direct,standard_rate
CARD OCTOPUS ENERGY 6856,reduced_rate
Sq *Eon Next 8470  Plc,reduced_rate
Card Sage Subscription  Store,standard_rate
POS HMRC PAYMENTS 9069  PLC REF-1207,outside_scope
PAYMENT TO BRITISH GAS  DIRECT REF-5441,reduced_rate
Pos Eon Next 7585  Direct Ref-1319,reduced_rate
DD DIRECTOR DRAWINGS  UK,outside_scope
Card Aviva Insurance 9493  Uk Ref-2876,exempt
payment to asda supermarket 6868 online plc,zero_rated
POS BOOTS UK 812 BRISTOL LTD REF-4743,standard_rate
pos amazon uk  plc ref-4083,standard_rate
POS AVIVA INSURANCE 7324 GLASGOW LTD REF-4813,exempt
POS MICROSOFT 365 8520  DIRECT,standard_rate
DD NATIONAL EXPRESS 2342 GLASGOW PLC REF-8014,zero_rated
POS WATERSTONES MANCHESTER LTD REF-7218,zero_rated
IZ *TESCO STORES 6769 LEEDS STORE,zero_rated
DD AMAZON EU 6231,standard_rate
CARD QUICKBOOKS  UK REF-1096,standard_rate
Dd British Gas 4717 London Ltd Ref-7987,reduced_rate
PAYMENT TO DELIVEROO 2563  ONLINE REF-9354,standard_rate
iz *aviva insurance  ref-2487,exempt
Iz *Sainsburys 6463 Leeds Ltd,zero_rated
card adobe creative 3495 glasgow online ref-5078,standard_rate
DD POST OFFICE  DIRECT,exempt
PAYMENT TO INTRA ACCOUNT TRANSFER  ONLINE REF-5457,outside_scope
westminster council 2796 glasgow store,outside_scope
POS UBER EATS LONDON ONLINE,standard_rate
Iz *Sage Subscription Online Uk Ref-7169,standard_rate
CARD HMRC SHIPLEY  REF-5148,outside_scope
DD HSBC BANK FEES 6052 ONLINE UK,exempt
PAYMENT TO DELIVEROO 615 LONDON PLC,standard_rate
Pos Amazon Eu 3301 London Plc Ref-4297,standard_rate
QUICKBOOKS  ONLINE REF-2754,standard_rate
PAYMENT TO HMRC SHIPLEY 3287 BRISTOL REF-7729,outside_scope
iz *payroll transfer 9318 birmingham uk,outside_scope
Sq *Tesco Express 3609  Uk,zero_rated
pos aldi stores 3867 leeds direct ref-7757,zero_rated
IZ *ALDI STORES 9340  STORE,zero_rated
iz *hmrc payments 7779 leeds ref-9484,outside_scope
dd royal mail  direct,exempt
BOOTS UK 6867 GLASGOW REF-2099,standard_rate
PAYMENT TO SAINSBURYS 5288 BIRMINGHAM ONLINE,zero_rated
Sq *Quickbooks  Direct,standard_rate
iz *adobe creative  plc,standard_rate
Card Hsbc Bank Fees Uk Ref-5596,exempt
dd aviva insurance glasgow plc,exempt
SQ *ASDA SUPERMARKET  REF-7620,zero_rated
DD ALDI STORES 345  PLC REF-7767,zero_rated
BOOTS UK ONLINE REF-9885,standard_rate
CARD OCTOPUS ENERGY 2491  STORE REF-5417,reduced_rate
DD GOOGLE WORKSPACE 2842 LONDON PLC,standard_rate
iz *tesco stores uk,zero_rated
DD ALDI STORES 7287 GLASGOW UK REF-1349,zero_rated
IZ *AA BREAKDOWN 5297  ONLINE,exempt
SQ *QUICKBOOKS 5931 GLASGOW,standard_rate
dd waterstones 9027 bristol direct ref-8360,zero_rated
DD LNER TICKETS ONLINE UK,zero_rated
WESTMINSTER COUNCIL 673  DIRECT,outside_scope
DD DELIVEROO 2050 ONLINE UK REF-8362,standard_rate
EON NEXT LEEDS LTD REF-3993,reduced_rate
LINKEDIN PREMIUM GLASGOW DIRECT,standard_rate
westminster council 9451 online ref-4100,outside_scope
PAYMENT TO QUICKBOOKS 4185 MANCHESTER,standard_rate
Iz *National Express 2049 Online Store,zero_rated
SQ *WATERSTONES 1862  ONLINE REF-8033,zero_rated
sq *director drawings 8883  store,outside_scope
dd tesco express 9399  uk,zero_rated
CARD ASDA SUPERMARKET 4935  ONLINE,zero_rated
CARD LINKEDIN PREMIUM  REF-4799,standard_rate
iz *hmrc shipley 1008,outside_scope
Pos Tfl Travel 6138  Store Ref-7843,zero_rated
POS INTRA ACCOUNT TRANSFER 4441  DIRECT,outside_scope
Dd Aldi Stores 1094 Manchester Online,zero_rated
IZ *GOOGLE WORKSPACE 7143 BIRMINGHAM LTD REF-4429,standard_rate
IZ *MICROSOFT 365 9916 GLASGOW ONLINE,standard_rate
Iz *Edf Energy Birmingham Plc Ref-9314,reduced_rate
POS ROYAL MAIL 3161 LEEDS ONLINE,exempt
IZ *TRAINLINE 9782,zero_rated
DD WESTMINSTER COUNCIL 865  UK,outside_scope
DD BOOTS UK 5697  DIRECT,standard_rate
trainline 6773  direct,zero_rated
PAYMENT TO BOOTS UK 4885  UK REF-2183,standard_rate
SQ *POST OFFICE 2827 LONDON PLC,exempt
IZ *BRITISH GAS 9523  ONLINE REF-6150,reduced_rate
CARD BARCLAYS BANK BIRMINGHAM STORE,exempt
POS INTRA ACCOUNT TRANSFER 8898 UK,outside_scope
DD SAINSBURYS ONLINE DIRECT,zero_rated
CARD TFL TRAVEL ONLINE UK REF-4055,zero_rated
PAYMENT TO ROYAL MAIL 4031 BIRMINGHAM ONLINE,exempt
CARD LINKEDIN PREMIUM 1735 MANCHESTER LTD REF-7672,standard_rate
Iz *Uber Eats  Store Ref-5752,standard_rate
hmrc payments 3126 glasgow online,outside_scope
POS NATIONAL EXPRESS 2698  UK REF-1124,zero_rated
DD AMAZON EU UK PLC,standard_rate
DD NATIONAL EXPRESS 5299 MANCHESTER PLC,zero_rated
POS MICROSOFT 365 9623 BIRMINGHAM LTD REF-4490,standard_rate
Iz *Linkedin Premium 9276 Glasgow Uk,standard_rate
pos eon next 6981  direct,reduced_rate
HSBC BANK FEES 8391 BRISTOL STORE,exempt
CARD EON NEXT 8084  PLC REF-8476,reduced_rate
POS AMAZON EU MANCHESTER,standard_rate
Edf Energy 4125  Plc Ref-3139,reduced_rate
CARD OCTOPUS ENERGY 6516 UK PLC,reduced_rate
POS OCTOPUS ENERGY 3255  REF-7122,reduced_rate
IZ *INTRA ACCOUNT TRANSFER 9990 BIRMINGHAM REF-4621,outside_scope
PAYMENT TO WATERSTONES 9217  DIRECT,zero_rated
CARD SAINSBURYS ONLINE STORE,zero_rated
PAYMENT TO ALDI STORES 6485  PLC REF-4614,zero_rated
STATIONERY STATION 159 MANCHESTER LTD,standard_rate
PAYMENT TO AMAZON EU  UK,standard_rate
SQ *HMRC PAYMENTS 419 ONLINE LTD,outside_scope
CARD BARCLAYS BANK 2659 LONDON PLC REF-8512,exempt
POS AA BREAKDOWN 7316 LONDON PLC REF-6837,exempt
Pos Xero Software  Store,standard_rate
PAYMENT TO PAYROLL TRANSFER 9400 LONDON UK REF-8198,outside_scope
DELIVEROO 7157 UK STORE REF-2702,standard_rate
PAYMENT TO AMAZON KINDLE 8537 BIRMINGHAM ONLINE REF-9722,zero_rated
CARD HSBC BANK FEES LEEDS ONLINE REF-8660,exempt
PAYMENT TO AA BREAKDOWN 7843  STORE REF-1761,exempt
DIRECTOR DRAWINGS 4088  STORE REF-5879,outside_scope
card british gas 9595 leeds direct ref-5529,reduced_rate
WATERSTONES ONLINE DIRECT,zero_rated
CARD HMRC PAYMENTS 853 ONLINE,outside_scope
pos amazon uk 7589  online ref-2817,standard_rate
POS BARCLAYS BANK 3345  PLC,exempt
DD HMRC PAYMENTS 7831  DIRECT REF-7641,outside_scope
PAYMENT TO LNER TICKETS  UK REF-6476,zero_rated
payment to amazon uk  direct,standard_rate
POS GOOGLE WORKSPACE 3670 UK ONLINE,standard_rate
DD EON NEXT 2123 BIRMINGHAM DIRECT,reduced_rate
DD EON NEXT LONDON PLC REF-8203,reduced_rate
Card Hmrc Payments 334 Glasgow Online,outside_scope
SQ *EON NEXT UK,reduced_rate
IZ *BRITISH GAS 4829  DIRECT,reduced_rate
CARD ADOBE CREATIVE 4470 LONDON STORE REF-1857,standard_rate
CARD SAINSBURYS ONLINE STORE,zero_rated
SQ *EDF ENERGY 1797  UK REF-5815,reduced_rate
POS INTRA ACCOUNT TRANSFER 6661 BRISTOL,outside_scope
DD LNER TICKETS 8342 UK UK,zero_rated
dd xero software 356 manchester direct,standard_rate
DD QUICKBOOKS 2890  STORE,standard_rate
POS QUICKBOOKS 1747  PLC,standard_rate
Pos Trainline 3290  Store,zero_rated
Sq *Sage Subscription Manchester Uk Ref-2667,standard_rate
PAYMENT TO HMRC PAYMENTS ONLINE ONLINE REF-9447,outside_scope
Pos Aa Breakdown Online Ref-3479,exempt
Iz *Linkedin Premium Manchester Ref-9695,standard_rate
Payroll Transfer 1233  Store Ref-6687,outside_scope
POS AA BREAKDOWN LONDON PLC REF-8169,exempt
PAYMENT TO XERO SOFTWARE 899 LONDON UK,standard_rate
pos octopus energy online uk,reduced_rate
Iz *Sage Subscription 2362 London Online,standard_rate
PAYMENT TO TRAINLINE 4916  LTD,zero_rated
amazon eu online uk,standard_rate
DD INTRA ACCOUNT TRANSFER BRISTOL LTD REF-7280,outside_scope
POS LIDL GB BRISTOL LTD,zero_rated
sq *aa breakdown 1291 online direct ref-2333,exempt
sq *hmrc payments  ltd ref-3970,outside_scope
IZ *EON NEXT 2206 BIRMINGHAM DIRECT,reduced_rate
CARD TFL TRAVEL 9297  DIRECT,zero_rated
CARD TESCO STORES 2340 BRISTOL PLC REF-1645,zero_rated
CARD SAGE SUBSCRIPTION 8371 LEEDS ONLINE,standard_rate
POS BARCLAYS BANK 1372 LEEDS,exempt
SQ *AA BREAKDOWN 800  UK,exempt
PAYMENT TO AMAZON EU  DIRECT,standard_rate
CARD ADOBE CREATIVE LONDON LTD,standard_rate
SQ *LIDL GB BIRMINGHAM DIRECT REF-5742,zero_rated
SQ *HSBC BANK FEES 3815 BRISTOL UK,exempt
SQ *LNER TICKETS ONLINE STORE,zero_rated
CARD POST OFFICE 7457  STORE REF-1640,exempt
DD AVIVA INSURANCE 4357 LONDON ONLINE,exempt
POS LIDL GB UK STORE,zero_rated
AMAZON EU  LTD,standard_rate
Iz *Xero Software 618 Glasgow Direct,standard_rate
national express 9455  direct,zero_rated
HMRC SHIPLEY MANCHESTER,outside_scope
DD GOOGLE WORKSPACE 5654 MANCHESTER LTD,standard_rate
AMAZON KINDLE BRISTOL,zero_rated
AMAZON UK 1258  ONLINE,standard_rate
CARD SAGE SUBSCRIPTION 8240 BIRMINGHAM PLC REF-2229,standard_rate
PAYMENT TO EON NEXT 1296 BIRMINGHAM DIRECT,reduced_rate
Hmrc Shipley 3617 Online Plc,outside_scope
Iz *Sainsburys 7085 Birmingham Plc Ref-4798,zero_rated
Payment To Payroll Transfer 4047 Leeds,outside_scope
PAYMENT TO TFL TRAVEL  PLC REF-2941,zero_rated
POS MICROSOFT 365 7184  PLC REF-8564,standard_rate
WATERSTONES 2686  UK REF-2225,zero_rated
Payroll Transfer 8002 Glasgow Online Ref-9109,outside_scope
AMAZON KINDLE 2856  PLC REF-2573,zero_rated
payroll transfer leeds plc,outside_scope
PAYMENT TO ADOBE CREATIVE 549 UK STORE REF-1688,standard_rate
IZ *UBER EATS GLASGOW LTD REF-2368,standard_rate
Card Uber Eats 6817 Uk Online,standard_rate
PAYMENT TO TESCO STORES  UK REF-6753,zero_rated
Hsbc Bank Fees Uk Ltd,exempt
IZ *ADOBE CREATIVE 3744  UK,standard_rate
SQ *TESCO EXPRESS 9887 GLASGOW ONLINE,zero_rated
SQ *AA BREAKDOWN 904 LONDON UK REF-8867,exempt
IZ *LINKEDIN PREMIUM 3013 BRISTOL LTD,standard_rate
IZ *BRITISH GAS 6255 ONLINE LTD,reduced_rate
POS WATERSTONES 3893 UK DIRECT REF-4876,zero_rated
SQ *WATERSTONES BRISTOL PLC,zero_rated
Pos Post Office  Store,exempt
DD BARCLAYS BANK 2070 UK LTD,exempt
DD OCTOPUS ENERGY 6274  UK REF-2649,reduced_rate
CARD INTRA ACCOUNT TRANSFER 2327 BIRMINGHAM DIRECT,outside_scope
PAYMENT TO STATIONERY STATION  UK,standard_rate
SQ *DELIVEROO 2999  ONLINE,standard_rate
POS SAINSBURYS 426  LTD,zero_rated
dd director drawings 5954 leeds online,outside_scope
IZ *GOOGLE WORKSPACE  LTD REF-4955,standard_rate
Iz *British Gas 8528  Plc,reduced_rate
IZ *HMRC SHIPLEY 3723 LONDON,outside_scope
SQ *BRITISH GAS  ONLINE REF-2862,reduced_rate
IZ *QUICKBOOKS 4415  STORE,standard_rate
dd amazon uk uk uk,standard_rate
DD AMAZON KINDLE GLASGOW LTD,zero_rated
SQ *NATIONAL EXPRESS 2008 UK,zero_rated
IZ *TFL TRAVEL 6006 GLASGOW REF-8153,zero_rated
SQ *HSBC BANK FEES 2550 UK,exempt
SQ *DELIVEROO 9417 GLASGOW STORE,standard_rate
card boots uk 3744  store,standard_rate
PAYMENT TO TRAINLINE 8050  STORE,zero_rated
DD TFL TRAVEL 397 LONDON LTD,zero_rated
IZ *WATERSTONES UK ONLINE REF-3051,zero_rated
CARD SAINSBURYS 9062 BIRMINGHAM PLC REF-2525,zero_rated
dd national express 2658,zero_rated
iz *xero software  ref-2501,standard_rate
pos lner tickets 9925 leeds store ref-3674,zero_rated
DD AA BREAKDOWN 6404 LEEDS STORE,exempt
SQ *AVIVA INSURANCE 8837 ONLINE STORE REF-2681,exempt
BRITISH GAS 751 LONDON STORE REF-9844,reduced_rate
card aa breakdown birmingham store ref-8926,exempt
SQ *AMAZON EU 3105 ONLINE ONLINE REF-2565,standard_rate
PAYMENT TO DELIVEROO 1836 ONLINE UK,standard_rate
pos octopus energy 8252 bristol,reduced_rate
Amazon Kindle  Ltd,zero_rated
POS OCTOPUS ENERGY 3470 BRISTOL ONLINE,reduced_rate
card sage subscription 3054 uk direct,standard_rate
PAYMENT TO POST OFFICE LONDON DIRECT,exempt
PAYMENT TO HMRC PAYMENTS MANCHESTER STORE REF-5650,outside_scope
WATERSTONES GLASGOW ONLINE,zero_rated
card sage subscription  direct,standard_rate
PAYMENT TO SAINSBURYS 1491 UK ONLINE,zero_rated
PAYMENT TO AMAZON UK 8557 BIRMINGHAM ONLINE REF-9178,standard_rate
DD LIDL GB 3998 ONLINE REF-3740,zero_rated
DD GOOGLE WORKSPACE 6532 BIRMINGHAM LTD,standard_rate
xero software 6123 bristol online,standard_rate
CARD TESCO EXPRESS 5140  ONLINE REF-1436,zero_rated
PAYMENT TO STATIONERY STATION 9026 ONLINE DIRECT,standard_rate
IZ *TRAINLINE 7497  LTD REF-1295,zero_rated
ALDI STORES 3189 LONDON UK,zero_rated
PAYMENT TO EON NEXT 2257 BRISTOL ONLINE,reduced_rate
POS MICROSOFT 365 8553  UK REF-1545,standard_rate
CARD POST OFFICE,exempt
IZ *BARCLAYS BANK 2318  DIRECT,exempt
Payment To Royal Mail 1333 Bristol Uk Ref-4170,exempt
POS TESCO STORES 4662  REF-4510,zero_rated
dd amazon eu 515  uk ref-4696,standard_rate
PAYMENT TO UBER EATS 822 UK ONLINE,standard_rate
Dd Royal Mail 5452 Online Online Ref-2937,exempt
SQ *TESCO STORES 8267 LEEDS DIRECT REF-1845,zero_rated
POS NATIONAL EXPRESS 2552 BRISTOL LTD REF-2787,zero_rated
POS AA BREAKDOWN 8493 GLASGOW REF-4458,exempt
TESCO STORES 1246 LEEDS STORE REF-6409,zero_rated
AMAZON KINDLE BIRMINGHAM ONLINE,zero_rated
IZ *ALDI STORES 8689  STORE,zero_rated
POS HMRC PAYMENTS 5986 LONDON STORE,outside_scope
Iz *Amazon Kindle 9531  Online,zero_rated
Card Octopus Energy Online Plc,reduced_rate
Tesco Express Leeds Uk Ref-7643,zero_rated
IZ *UBER EATS 4721 GLASGOW LTD,standard_rate
CARD UBER EATS 7943 LONDON ONLINE,standard_rate
edf energy 2070 london ref-6106,reduced_rate
PAYMENT TO ALDI STORES 4760 LONDON DIRECT,zero_rated
POS ADOBE CREATIVE 6894 GLASGOW STORE REF-3158,standard_rate
HMRC PAYMENTS 6572 LEEDS DIRECT,outside_scope
BARCLAYS BANK 4002 BRISTOL LTD REF-5579,exempt
POS AMAZON EU 9985 LONDON ONLINE,standard_rate
DD ADOBE CREATIVE 9560 UK STORE,standard_rate
iz *quickbooks 7415 leeds ltd,standard_rate
POS HSBC BANK FEES 2024  STORE,exempt
DD XERO SOFTWARE  ONLINE REF-3733,standard_rate
DD INTRA ACCOUNT TRANSFER BRISTOL,outside_scope
SQ *AMAZON KINDLE 2249 GLASGOW STORE,zero_rated
PAYMENT TO DIRECTOR DRAWINGS BRISTOL DIRECT REF-7398,outside_scope
iz *barclays bank london store ref-5138,exempt
card post office 7745 bristol ltd ref-6384,exempt
NATIONAL EXPRESS 506  DIRECT,zero_rated
POS TESCO STORES 2024 MANCHESTER PLC REF-3522,zero_rated
card microsoft 365 9240  ltd,standard_rate
POS STATIONERY STATION 4904 GLASGOW STORE REF-6022,standard_rate
Sage Subscription 5554 Leeds Online Ref-3068,standard_rate
payment to royal mail 1122 birmingham ltd,exempt
Sq *Sage Subscription Bristol,standard_rate
PAYMENT TO BARCLAYS BANK LEEDS STORE,exempt
PAYMENT TO POST OFFICE  DIRECT,exempt
PAYMENT TO BOOTS UK 7516,standard_rate
SQ *DELIVEROO 2151  ONLINE,standard_rate
SQ *TESCO STORES 3349 ONLINE ONLINE,zero_rated
DD OCTOPUS ENERGY 1933 MANCHESTER REF-9912,reduced_rate
SQ *EON NEXT 8342  PLC,reduced_rate
Payment To Linkedin Premium 1444  Online,standard_rate
PAYMENT TO BOOTS UK 6454 BRISTOL,standard_rate
Dd Director Drawings 7584,outside_scope
dd edf energy 9628 glasgow store ref-9341,reduced_rate
CARD XERO SOFTWARE  PLC REF-9898,standard_rate
sq *barclays bank 7002 birmingham ltd,exempt
dd microsoft 365 1101 glasgow uk ref-5625,standard_rate
DD BRITISH GAS 274  DIRECT,reduced_rate
CARD SAGE SUBSCRIPTION  DIRECT REF-8805,standard_rate
iz *boots uk 7809 uk ref-4495,standard_rate
SQ *SAGE SUBSCRIPTION 8886 MANCHESTER LTD,standard_rate
DD STATIONERY STATION 6804 BIRMINGHAM REF-8680,standard_rate
PAYMENT TO PAYROLL TRANSFER 8899 LONDON,outside_scope
POS BARCLAYS BANK UK ONLINE,exempt
CARD ALDI STORES 8051  ONLINE REF-5828,zero_rated
CARD TRAINLINE 786,zero_rated
SQ *ADOBE CREATIVE 9547 BIRMINGHAM,standard_rate
SQ *STATIONERY STATION 7883  REF-3643,standard_rate
PAYMENT TO AMAZON UK 2754 GLASGOW REF-5627,standard_rate
DD ASDA SUPERMARKET GLASGOW LTD,zero_rated
iz *adobe creative 1450 uk direct ref-5082,standard_rate
Dd Quickbooks Glasgow Plc Ref-2142,standard_rate
Iz *Amazon Kindle London Plc Ref-5937,zero_rated
iz *barclays bank 1072,exempt
SQ *STATIONERY STATION 842  STORE,standard_rate
PAYMENT TO BRITISH GAS 7162  LTD,reduced_rate
CARD ROYAL MAIL 4975  ONLINE,exempt
DD LINKEDIN PREMIUM BIRMINGHAM PLC REF-3726,standard_rate
DD UBER EATS LONDON DIRECT,standard_rate
CARD GOOGLE WORKSPACE 936 GLASGOW UK,standard_rate
IZ *TESCO EXPRESS 4301  LTD REF-4505,zero_rated
DD BOOTS UK 2200 GLASGOW REF-1456,standard_rate
IZ *AA BREAKDOWN 3975 LEEDS ONLINE,exempt
CARD TRAINLINE MANCHESTER UK,zero_rated
CARD BARCLAYS BANK LEEDS,exempt
DD EDF ENERGY 1089  LTD REF-8046,reduced_rate
GOOGLE WORKSPACE 9210  PLC,standard_rate
payment to westminster council 7154 birmingham,outside_scope
POS GOOGLE WORKSPACE 3201 LEEDS ONLINE,standard_rate
google workspace 593  store ref-2832,standard_rate
CARD MICROSOFT 365 2096 UK PLC,standard_rate
IZ *QUICKBOOKS 9660  LTD,standard_rate
CARD AMAZON UK 9414,standard_rate
IZ *XERO SOFTWARE 2644  DIRECT,standard_rate
EON NEXT 2712 LEEDS PLC REF-7406,reduced_rate
IZ *AMAZON KINDLE 2022 LEEDS LTD,zero_rated
Pos Boots Uk Glasgow Online Ref-6276,standard_rate
POS ADOBE CREATIVE 9539  LTD,standard_rate
payment to uber eats birmingham online,standard_rate
POS INTRA ACCOUNT TRANSFER 5779 BIRMINGHAM ONLINE,outside_scope
stationery station 3970  uk ref-1587,standard_rate
Pos Trainline Glasgow Direct Ref-1423,zero_rated
POS QUICKBOOKS,standard_rate
CARD AMAZON UK 4062  UK,standard_rate
DIRECTOR DRAWINGS 437,outside_scope
IZ *AMAZON KINDLE UK STORE,zero_rated
PAYMENT TO DELIVEROO  LTD,standard_rate
CARD BRITISH GAS 8669 GLASGOW LTD,reduced_rate
IZ *BRITISH GAS 7314  LTD,reduced_rate
sq *lidl gb 6262  ltd ref-1256,zero_rated
sq *sainsburys 7601 glasgow direct ref-5873,zero_rated
dd tesco stores 6094  plc,zero_rated
CARD TESCO EXPRESS BIRMINGHAM ONLINE,zero_rated
IZ *BRITISH GAS 5257 MANCHESTER STORE REF-1628,reduced_rate
amazon uk  plc ref-5248,standard_rate
pos sainsburys uk plc ref-2975,zero_rated
Pos Post Office,exempt
IZ *LIDL GB 3538  UK,zero_rated
SQ *LINKEDIN PREMIUM 4819  DIRECT,standard_rate
Pos Barclays Bank 6405 Manchester Direct Ref-3809,exempt
HSBC BANK FEES  STORE,exempt
CARD INTRA ACCOUNT TRANSFER 4534 BIRMINGHAM ONLINE,outside_scope
POS MICROSOFT 365 2534  ONLINE,standard_rate
CARD WATERSTONES 653 MANCHESTER UK REF-5146,zero_rated
Iz *Barclays Bank  Ltd,exempt
DD WESTMINSTER COUNCIL 6006 MANCHESTER ONLINE,outside_scope
PAYMENT TO ROYAL MAIL 2292 BIRMINGHAM UK,exempt
EDF ENERGY  LTD,reduced_rate
CARD QUICKBOOKS  ONLINE,standard_rate
barclays bank 6747 glasgow ltd,exempt
IZ *INTRA ACCOUNT TRANSFER LONDON REF-3148,outside_scope
IZ *STATIONERY STATION 2396  STORE,standard_rate
IZ *AVIVA INSURANCE 4131 MANCHESTER PLC,exempt
Payment To Google Workspace 5020 Online Uk Ref-7202,standard_rate
IZ *TFL TRAVEL 4697 BIRMINGHAM UK,zero_rated
POS POST OFFICE 2594 MANCHESTER STORE REF-3275,exempt
payment to tesco stores  online,zero_rated
CARD TESCO STORES 7006 BRISTOL,zero_rated
CARD LIDL GB LONDON,zero_rated
DD LNER TICKETS 519  ONLINE,zero_rated
SQ *BARCLAYS BANK 9032  DIRECT REF-1556,exempt
DD AVIVA INSURANCE 139 UK UK REF-8960,exempt
Lidl Gb  Online Ref-3359,zero_rated
CARD WESTMINSTER COUNCIL 5090 UK STORE,outside_scope
DELIVEROO 8476 BIRMINGHAM LTD,standard_rate
SQ *BARCLAYS BANK 3926 LONDON ONLINE,exempt
PAYMENT TO TRAINLINE LONDON LTD,zero_rated
POST OFFICE 1419  STORE REF-1984,exempt
SQ *ROYAL MAIL 8941 LONDON LTD,exempt
CARD HMRC SHIPLEY ONLINE REF-4374,outside_scope
POST OFFICE 1894 MANCHESTER ONLINE,exempt
XERO SOFTWARE 9596 ONLINE,standard_rate
iz *payroll transfer 9677 leeds store,outside_scope
Pos Amazon Uk  Online,standard_rate
TRAINLINE 3569  DIRECT,zero_rated
DD QUICKBOOKS 3069  UK REF-3874,standard_rate
Dd National Express  Ltd Ref-4513,zero_rated
deliveroo 6818  uk,standard_rate
Amazon Kindle 1576 Online Ltd Ref-2256,zero_rated
PAYMENT TO LNER TICKETS 8051 MANCHESTER STORE REF-2190,zero_rated
Uber Eats  Store Ref-6607,standard_rate
HMRC SHIPLEY 5472  STORE,outside_scope
PAYMENT TO AMAZON EU 7997 ONLINE DIRECT,standard_rate
SQ *HMRC SHIPLEY  PLC,outside_scope
DD INTRA ACCOUNT TRANSFER 6864  DIRECT REF-3713,outside_scope
Sq *Sainsburys London Direct,zero_rated
DD WATERSTONES 4705  UK REF-2685,zero_rated
HSBC BANK FEES 1263  LTD,exempt
IZ *XERO SOFTWARE 3519 ONLINE ONLINE,standard_rate
DELIVEROO 9666,standard_rate
dd amazon eu 6811 manchester,standard_rate
DELIVEROO 7566 LEEDS DIRECT,standard_rate
CARD BOOTS UK 9808 BRISTOL REF-1841,standard_rate
DD MICROSOFT 365 BIRMINGHAM DIRECT,standard_rate
Dd Waterstones Online Ltd,zero_rated
POS NATIONAL EXPRESS  DIRECT,zero_rated
IZ *UBER EATS 5117 ONLINE PLC,standard_rate
CARD BARCLAYS BANK 9982 BIRMINGHAM DIRECT REF-9981,exempt
Pos Post Office 7341 Online Store,exempt
DD STATIONERY STATION 2020  LTD,standard_rate
Pos Microsoft 365 735 Manchester Plc,standard_rate
IZ *BRITISH GAS 7943 BIRMINGHAM PLC REF-2258,reduced_rate
PAYROLL TRANSFER 5194  UK REF-4211,outside_scope
Sq *Adobe Creative  Online Ref-3719,standard_rate
SQ *OCTOPUS ENERGY 4544  ONLINE REF-9413,reduced_rate
PAYMENT TO PAYROLL TRANSFER 5501  STORE,outside_scope
SQ *HSBC BANK FEES 9884 LONDON UK REF-4400,exempt
SQ *HSBC BANK FEES 2679  STORE REF-6536,exempt
CARD INTRA ACCOUNT TRANSFER 4843 GLASGOW UK,outside_scope
CARD HMRC SHIPLEY 4998 LONDON,outside_scope
Payment To Director Drawings  Uk,outside_scope
IZ *TESCO STORES 1239 GLASGOW STORE,zero_rated
Lner Tickets 157 Online Ltd,zero_rated
Sq *Aldi Stores 7097 Glasgow Direct Ref-3733,zero_rated
POS EDF ENERGY 791 LEEDS LTD,reduced_rate
PAYMENT TO HMRC SHIPLEY BIRMINGHAM STORE,outside_scope
Iz *Aviva Insurance Online Uk,exempt
XERO SOFTWARE 1788  UK,standard_rate
card payroll transfer 6135 manchester,outside_scope
payment to adobe creative glasgow ltd,standard_rate
POS TFL TRAVEL 4438  REF-4201,zero_rated
Card Quickbooks Leeds Store,standard_rate
POS AVIVA INSURANCE 5252 BRISTOL DIRECT,exempt
AMAZON EU  LTD,standard_rate
IZ *ADOBE CREATIVE 6780  STORE,standard_rate
TRAINLINE 7143,zero_rated
DD WATERSTONES 2958 ONLINE UK REF-6764,zero_rated
Sq *Hmrc Shipley 8882 Online Direct Ref-7882,outside_scope
edf energy 8205  ltd,reduced_rate
PAYMENT TO HMRC PAYMENTS 119 BIRMINGHAM UK REF-4095,outside_scope
POS OCTOPUS ENERGY LONDON UK,reduced_rate
SQ *DIRECTOR DRAWINGS 2947 MANCHESTER UK,outside_scope
POS HMRC PAYMENTS 4271  LTD,outside_scope
PAYMENT TO TFL TRAVEL 1558 BRISTOL STORE,zero_rated
LNER TICKETS 5523  PLC REF-6006,zero_rated
IZ *STATIONERY STATION  LTD REF-1592,standard_rate
Payment To Amazon Eu 5229 Glasgow Online Ref-8025,standard_rate
POS WATERSTONES 1853  LTD,zero_rated
SAGE SUBSCRIPTION 5799 ONLINE LTD REF-1484,standard_rate
aviva insurance 4236  ltd,exempt
CARD HMRC SHIPLEY 8179 UK UK,outside_scope
IZ *WESTMINSTER COUNCIL 2663 LONDON UK REF-7119,outside_scope
CARD TESCO EXPRESS 1039 BRISTOL STORE,zero_rated
UBER EATS 1093 LEEDS DIRECT REF-3912,standard_rate
tesco stores 3978 birmingham direct ref-3900,zero_rated
payment to asda supermarket 1443  store ref-3293,zero_rated
Amazon Kindle 9680 Manchester,zero_rated
payment to payroll transfer 7635  uk,outside_scope
dd stationery station  ref-5679,standard_rate
IZ *AA BREAKDOWN MANCHESTER,exempt
SQ *NATIONAL EXPRESS BIRMINGHAM ONLINE,zero_rated
CARD GOOGLE WORKSPACE  ONLINE REF-4609,standard_rate
SQ *TESCO EXPRESS BRISTOL UK REF-4920,zero_rated
payment to amazon eu 791  uk,standard_rate
Dd National Express 2065  Ltd Ref-9393,zero_rated
Pos Director Drawings 249  Online Ref-1354,outside_scope
IZ *EDF ENERGY 5388 BIRMINGHAM STORE REF-3030,reduced_rate
DD SAINSBURYS  DIRECT REF-7745,zero_rated
PAYMENT TO EON NEXT 5709  DIRECT,reduced_rate
BRITISH GAS 6418  PLC,reduced_rate
iz *linkedin premium  online,standard_rate
royal mail  plc,exempt
BARCLAYS BANK 1495 BIRMINGHAM UK,exempt
IZ *WESTMINSTER COUNCIL 3028  LTD,outside_scope
payment to british gas 1681  store,reduced_rate
ROYAL MAIL 468 BIRMINGHAM DIRECT,exempt
CARD LINKEDIN PREMIUM 2200  DIRECT,standard_rate
POS TESCO EXPRESS 4872 LEEDS ONLINE,zero_rated
Amazon Uk 4717 Leeds Store,standard_rate
CARD AMAZON KINDLE 2617 LEEDS UK,zero_rated
SQ *HMRC SHIPLEY 3130  DIRECT REF-4869,outside_scope
Payment To Westminster Council 940  Store,outside_scope
SQ *EDF ENERGY 885 BIRMINGHAM ONLINE,reduced_rate
POS LNER TICKETS BIRMINGHAM ONLINE,zero_rated
DD AA BREAKDOWN 9058 GLASGOW PLC,exempt
CARD LINKEDIN PREMIUM 9933 LEEDS,standard_rate
payment to amazon uk 4286  direct,standard_rate
IZ *EON NEXT 4216  STORE REF-2361,reduced_rate
DD OCTOPUS ENERGY  ONLINE,reduced_rate
DD ROYAL MAIL UK STORE REF-3430,exempt
CARD SAINSBURYS  DIRECT,zero_rated
DD AVIVA INSURANCE  UK REF-1460,exempt
PAYMENT TO GOOGLE WORKSPACE 1929  UK REF-8825,standard_rate
DD ADOBE CREATIVE BRISTOL PLC,standard_rate
CARD LNER TICKETS 4269  LTD,zero_rated
Sq *Eon Next 1920  Plc,reduced_rate
SQ *MICROSOFT 365 6852 MANCHESTER LTD,standard_rate
xero software 8379  uk ref-7346,standard_rate
iz *linkedin premium 1435  uk,standard_rate
DD BOOTS UK 5090 BIRMINGHAM UK REF-7241,standard_rate
iz *intra account transfer 650 birmingham ltd ref-7415,outside_scope
SQ *BARCLAYS BANK 3510 BRISTOL REF-5023,exempt
CARD ADOBE CREATIVE 8019 ONLINE LTD REF-1453,standard_rate
POS STATIONERY STATION 5587  LTD REF-2754,standard_rate
PAYMENT TO EON NEXT 9902  PLC,reduced_rate
PAYMENT TO PAYROLL TRANSFER 6134 LONDON PLC REF-4170,outside_scope
pos lner tickets uk plc ref-3574,zero_rated
Payment To Waterstones 9883,zero_rated
IZ *TESCO EXPRESS BRISTOL ONLINE,zero_rated
SQ *LIDL GB 8987  LTD,zero_rated
DD HMRC SHIPLEY BIRMINGHAM REF-9827,outside_scope
POS BARCLAYS BANK 2928 BIRMINGHAM,exempt
DD WESTMINSTER COUNCIL 9874,outside_scope
iz *aa breakdown 3331  ltd,exempt
Octopus Energy  Uk,reduced_rate
INTRA ACCOUNT TRANSFER 7596 UK UK,outside_scope
CARD BOOTS UK 4802 GLASGOW DIRECT REF-4175,standard_rate
CARD OCTOPUS ENERGY 7396  UK REF-2465,reduced_rate
SQ *UBER EATS 9256 UK DIRECT,standard_rate
SQ *HMRC SHIPLEY 7331  DIRECT,outside_scope
SQ *TESCO STORES UK LTD REF-6038,zero_rated
Iz *Tesco Stores  Ltd,zero_rated
IZ *TRAINLINE 2678 GLASGOW STORE REF-9730,zero_rated
IZ *WATERSTONES 8867  LTD REF-8616,zero_rated
sq *hmrc shipley 7175 uk plc,outside_scope
Pos Stationery Station 8427 Bristol Online Ref-1618,standard_rate
PAYMENT TO ROYAL MAIL 1755 GLASGOW LTD REF-3015,exempt
IZ *SAGE SUBSCRIPTION 4594  UK,standard_rate
PAYMENT TO SAINSBURYS 7267 MANCHESTER STORE REF-4909,zero_rated
CARD HMRC SHIPLEY 2297 LONDON STORE REF-8317,outside_scope
Xero Software 7145  Direct,standard_rate
SQ *INTRA ACCOUNT TRANSFER 9793  UK REF-4246,outside_scope
EDF ENERGY 8596 LEEDS DIRECT,reduced_rate
PAYMENT TO LINKEDIN PREMIUM 2304 GLASGOW UK,standard_rate
IZ *HMRC PAYMENTS,outside_scope
LIDL GB 7334  DIRECT REF-2692,zero_rated
SQ *BRITISH GAS  PLC,reduced_rate
PAYMENT TO MICROSOFT 365 1117 LEEDS PLC REF-8624,standard_rate
EDF ENERGY 5873  UK REF-5074,reduced_rate
IZ *NATIONAL EXPRESS  UK REF-6997,zero_rated
Card Aviva Insurance 6884 Birmingham Online Ref-5682,exempt
sq *director drawings 3479 glasgow uk ref-6460,outside_scope
Google Workspace 2002 Online Online,standard_rate
HMRC SHIPLEY  ONLINE REF-8772,outside_scope
AVIVA INSURANCE GLASGOW REF-4510,exempt
IZ *WESTMINSTER COUNCIL 7206 LONDON LTD,outside_scope
IZ *ADOBE CREATIVE 4948 ONLINE UK REF-9246,standard_rate
QUICKBOOKS 7624 BRISTOL ONLINE REF-5875,standard_rate
IZ *DELIVEROO,standard_rate
Payment To Intra Account Transfer 1427  Online Ref-9707,outside_scope
Microsoft 365 2728 Leeds Uk Ref-3146,standard_rate
DD HMRC PAYMENTS 7825  LTD REF-1871,outside_scope
SQ *ASDA SUPERMARKET 3254 BRISTOL DIRECT,zero_rated
Amazon Eu Manchester Plc Ref-3750,standard_rate
Dd Amazon Kindle  Uk,zero_rated
Sq *Aviva Insurance 7412 Online Online Ref-8500,exempt
dd amazon kindle 2288  ref-1976,zero_rated
Payment To Xero Software 8523 Online Store,standard_rate
DD XERO SOFTWARE BIRMINGHAM ONLINE REF-9009,standard_rate
SQ *ALDI STORES BRISTOL PLC REF-2823,zero_rated
Iz *Royal Mail  Direct,exempt
IZ *HMRC PAYMENTS  DIRECT REF-4278,outside_scope
iz *edf energy 6488 glasgow ref-7091,reduced_rate
DD HMRC SHIPLEY MANCHESTER LTD,outside_scope
PAYMENT TO GOOGLE WORKSPACE  STORE REF-1447,standard_rate
PAYMENT TO WATERSTONES 4971  STORE,zero_rated
IZ *UBER EATS 5404 GLASGOW,standard_rate
pos hsbc bank fees 3816 manchester online ref-6287,exempt
CARD DIRECTOR DRAWINGS 2281 UK UK,outside_scope
DD LIDL GB MANCHESTER UK,zero_rated
PAYMENT TO WESTMINSTER COUNCIL 4663  ONLINE REF-2038,outside_scope
DD BRITISH GAS 7056 BRISTOL DIRECT,reduced_rate
IZ *TRAINLINE 4176 MANCHESTER PLC,zero_rated
PAYMENT TO GOOGLE WORKSPACE 1805,standard_rate
QUICKBOOKS  STORE,standard_rate
dd waterstones 1028 bristol,zero_rated
CARD HSBC BANK FEES,exempt
IZ *ALDI STORES 1594,zero_rated
DD MICROSOFT 365 5784  REF-7033,standard_rate
POS QUICKBOOKS 4378 LEEDS ONLINE,standard_rate
Card Tfl Travel 3665 Manchester Plc Ref-9668,zero_rated
CARD EDF ENERGY 6244 BIRMINGHAM STORE,reduced_rate
SQ *LINKEDIN PREMIUM 4474  UK,standard_rate
DD AMAZON EU  REF-3248,standard_rate
INTRA ACCOUNT TRANSFER 4243 ONLINE PLC,outside_scope
AA BREAKDOWN 6393 ONLINE REF-5844,exempt
card national express 6571 uk online ref-9670,zero_rated
PAYMENT TO AMAZON EU 7047 LONDON ONLINE REF-4970,standard_rate
SQ *OCTOPUS ENERGY 606 MANCHESTER UK,reduced_rate
POS TESCO EXPRESS 8724 GLASGOW UK,zero_rated
POS BRITISH GAS BRISTOL UK,reduced_rate
SQ *DIRECTOR DRAWINGS MANCHESTER LTD REF-8155,outside_scope
Dd Asda Supermarket 9370  Direct Ref-3395,zero_rated
TRAINLINE GLASGOW LTD,zero_rated
POS WATERSTONES ONLINE LTD,zero_rated
PAYMENT TO LIDL GB 9515 BRISTOL DIRECT,zero_rated
Card Linkedin Premium 2827  Uk Ref-4701,standard_rate
IZ *NATIONAL EXPRESS 7292 LEEDS PLC REF-7792,zero_rated
POS STATIONERY STATION 5660,standard_rate
pos edf energy 2005 leeds ltd ref-1077,reduced_rate
PAYMENT TO TESCO STORES 9055 UK UK,zero_rated
Card Tesco Express 6028 Uk Plc,zero_rated
iz *aa breakdown leeds plc,exempt
ADOBE CREATIVE 2086  REF-7427,standard_rate
iz *quickbooks manchester direct,standard_rate
CARD TFL TRAVEL 3774 MANCHESTER DIRECT,zero_rated
SQ *LINKEDIN PREMIUM 8862  PLC REF-3602,standard_rate
IZ *XERO SOFTWARE GLASGOW DIRECT,standard_rate
payment to tfl travel glasgow online ref-4407,zero_rated
LINKEDIN PREMIUM 3203  LTD,standard_rate
OCTOPUS ENERGY 2610 LEEDS PLC REF-9883,reduced_rate
Dd Aldi Stores 5393  Direct,zero_rated
CARD EDF ENERGY  STORE,reduced_rate
POS HMRC SHIPLEY  LTD,outside_scope
CARD TFL TRAVEL 9742  PLC REF-5353,zero_rated
CARD TRAINLINE LEEDS LTD,zero_rated
Sq *Uber Eats  Direct,standard_rate
NATIONAL EXPRESS 4624 MANCHESTER DIRECT REF-2474,zero_rated
payment to waterstones glasgow store ref-9174,zero_rated
IZ *SAINSBURYS 1233 BRISTOL PLC REF-7703,zero_rated
IZ *LINKEDIN PREMIUM 2273 GLASGOW,standard_rate
Dd Lner Tickets 7399  Store Ref-5533,zero_rated
DD ALDI STORES 5399 BIRMINGHAM,zero_rated
DD DIRECTOR DRAWINGS  DIRECT REF-9152,outside_scope
sq *amazon uk 6176  store,standard_rate
PAYMENT TO PAYROLL TRANSFER 1823  STORE,outside_scope
sq *microsoft 365 2661 birmingham store ref-9726,standard_rate
EDF ENERGY 1067 GLASGOW UK,reduced_rate
payment to google workspace 7487  ltd,standard_rate
DELIVEROO 7012  UK,standard_rate
pos amazon kindle 6147  online,zero_rated
PAYMENT TO UBER EATS 3686,standard_rate
POS AVIVA INSURANCE 2533 UK ONLINE REF-2230,exempt
ALDI STORES  ONLINE REF-6316,zero_rated
CARD EON NEXT 8083 ONLINE LTD REF-4680,reduced_rate
CARD XERO SOFTWARE 7207 UK UK,standard_rate
PAYMENT TO DIRECTOR DRAWINGS 238 ONLINE PLC,outside_scope
Payment To Asda Supermarket 9541  Uk Ref-9021,zero_rated
DD HSBC BANK FEES LONDON PLC REF-8019,exempt
IZ *MICROSOFT 365 9301  PLC REF-4389,standard_rate
HSBC BANK FEES BIRMINGHAM LTD,exempt
SQ *ADOBE CREATIVE 6946 ONLINE LTD,standard_rate
payment to aviva insurance leeds uk ref-7080,exempt
payment to boots uk 1198 london store,standard_rate
IZ *AMAZON EU 949 LONDON STORE REF-6292,standard_rate
DD UBER EATS  ONLINE REF-5088,standard_rate
PAYMENT TO ALDI STORES 7979 BIRMINGHAM STORE,zero_rated
DD AMAZON KINDLE 1788 LEEDS ONLINE REF-9230,zero_rated
SQ *MICROSOFT 365 9117 BIRMINGHAM REF-5494,standard_rate
IZ *BRITISH GAS 9284 LONDON ONLINE,reduced_rate
TFL TRAVEL 5895 BIRMINGHAM PLC,zero_rated
DD MICROSOFT 365 LONDON UK REF-9044,standard_rate
GOOGLE WORKSPACE 9838 UK STORE,standard_rate
Sq *Tesco Stores 4150 Uk Direct Ref-5543,zero_rated
Card Linkedin Premium 6025 London Direct,standard_rate
card payroll transfer 6837 birmingham plc,outside_scope
IZ *NATIONAL EXPRESS GLASGOW PLC REF-5817,zero_rated
card microsoft 365 2614 uk ltd,standard_rate
IZ *DIRECTOR DRAWINGS 577 LEEDS UK,outside_scope
pos lidl gb uk direct,zero_rated
Dd Amazon Kindle 3536 Bristol Direct,zero_rated
DD EON NEXT 6050 BRISTOL DIRECT REF-6206,reduced_rate
CARD BOOTS UK 1445  REF-5634,standard_rate
PAYMENT TO POST OFFICE 1338  STORE REF-9120,exempt
DD HMRC PAYMENTS 6498 BRISTOL UK REF-6658,outside_scope
IZ *NATIONAL EXPRESS 3849 LONDON STORE REF-2943,zero_rated
SQ *HSBC BANK FEES GLASGOW DIRECT,exempt
Dd Google Workspace 3312 Birmingham Uk Ref-6717,standard_rate
PAYMENT TO LNER TICKETS 6213  LTD,zero_rated
pos payroll transfer  direct ref-3027,outside_scope
Royal Mail  Direct,exempt
IZ *AA BREAKDOWN 7935  STORE,exempt
POS BOOTS UK,standard_rate
POS WESTMINSTER COUNCIL BRISTOL LTD,outside_scope
POS AMAZON EU 8715,standard_rate
Pos Sainsburys 1001  Direct,zero_rated
CARD AVIVA INSURANCE 2871  ONLINE,exempt
Hsbc Bank Fees 957  Direct,exempt
payment to lidl gb birmingham online ref-7813,zero_rated
Westminster Council 8872 Birmingham Store,outside_scope
DD GOOGLE WORKSPACE 2810 GLASGOW DIRECT REF-6128,standard_rate
iz *waterstones 8223 uk store,zero_rated
dd eon next 7604 bristol online ref-4999,reduced_rate
DD INTRA ACCOUNT TRANSFER UK PLC,outside_scope
Card Trainline  Store,zero_rated
pos amazon uk 7146 bristol plc,standard_rate
POS NATIONAL EXPRESS 7965 BIRMINGHAM ONLINE,zero_rated
DD AMAZON KINDLE 4179 LONDON UK REF-4440,zero_rated
pos sage subscription london online,standard_rate
DD ADOBE CREATIVE  DIRECT,standard_rate
CARD HMRC SHIPLEY 578 BRISTOL ONLINE,outside_scope
IZ *TESCO STORES 9937  PLC REF-1672,zero_rated
CARD AVIVA INSURANCE  STORE REF-7404,exempt
PAYMENT TO QUICKBOOKS LONDON LTD,standard_rate
Director Drawings Leeds Direct,outside_scope
SQ *GOOGLE WORKSPACE 625  LTD REF-9325,standard_rate
iz *director drawings 8649 online uk,outside_scope
DD SAGE SUBSCRIPTION 225 BIRMINGHAM REF-8154,standard_rate
dd post office 4834  online ref-3445,exempt
CARD SAINSBURYS 4340 MANCHESTER ONLINE REF-2228,zero_rated
POS WESTMINSTER COUNCIL  ONLINE REF-1161,outside_scope
DD EDF ENERGY 1103  DIRECT,reduced_rate
SQ *DELIVEROO 7382  DIRECT,standard_rate
PAYMENT TO BRITISH GAS 1385 BIRMINGHAM REF-4679,reduced_rate
HMRC PAYMENTS LEEDS,outside_scope
Dd British Gas 6622 Manchester Direct Ref-8925,reduced_rate
CARD WESTMINSTER COUNCIL 8635 LEEDS LTD,outside_scope
DD ROYAL MAIL BIRMINGHAM ONLINE,exempt
LIDL GB  UK,zero_rated
Asda Supermarket  Direct Ref-4460,zero_rated
IZ *WESTMINSTER COUNCIL 6921,outside_scope
IZ *TESCO STORES GLASGOW ONLINE,zero_rated
POS INTRA ACCOUNT TRANSFER  DIRECT,outside_scope
PAYMENT TO TFL TRAVEL BIRMINGHAM UK REF-1221,zero_rated
SQ *BOOTS UK 4903  UK REF-8087,standard_rate
DD WATERSTONES ONLINE PLC REF-3038,zero_rated
POS PAYROLL TRANSFER ONLINE REF-4242,outside_scope
PAYMENT TO STATIONERY STATION 8400  REF-4564,standard_rate
Pos National Express 3685  Store Ref-4898,zero_rated
PAYMENT TO HSBC BANK FEES 6753 ONLINE,exempt
POS AMAZON EU  DIRECT REF-2146,standard_rate
CARD NATIONAL EXPRESS 8649 BIRMINGHAM LTD,zero_rated
PAYMENT TO LINKEDIN PREMIUM 282 MANCHESTER STORE,standard_rate
CARD EON NEXT 9904 BRISTOL LTD,reduced_rate
Sq *Hmrc Payments 4325 Uk Online Ref-1642,outside_scope
PAYMENT TO ASDA SUPERMARKET 5537  LTD,zero_rated
iz *asda supermarket 1393 leeds,zero_rated
PAYMENT TO OCTOPUS ENERGY 6989 BRISTOL DIRECT,reduced_rate
Amazon Uk 791 Birmingham Uk Ref-8960,standard_rate
IZ *GOOGLE WORKSPACE 2834 ONLINE LTD REF-9694,standard_rate
pos sage subscription 5169 manchester plc ref-1265,standard_rate
PAYMENT TO ASDA SUPERMARKET 2945 BIRMINGHAM REF-3103,zero_rated
POS DELIVEROO  REF-8119,standard_rate
POS EDF ENERGY  ONLINE REF-9669,reduced_rate
intra account transfer 8618  store ref-8714,outside_scope
dd aa breakdown 7164 manchester plc ref-7995,exempt
POS WESTMINSTER COUNCIL 4653 GLASGOW ONLINE REF-1519,outside_scope
DD XERO SOFTWARE 4665 LEEDS STORE,standard_rate
SQ *BRITISH GAS 9802 GLASGOW ONLINE REF-8756,reduced_rate
Sq *Trainline 9483 Online Store Ref-5856,zero_rated
PAYMENT TO ALDI STORES 8684  STORE REF-2363,zero_rated
DD DELIVEROO  LTD,standard_rate
Pos Amazon Uk 7676 Leeds Store,standard_rate
IZ *BOOTS UK 7780  LTD,standard_rate
IZ *DIRECTOR DRAWINGS 5126  DIRECT,outside_scope
PAYMENT TO EON NEXT 9952  ONLINE REF-7378,reduced_rate
TRAINLINE 4458 BIRMINGHAM UK,zero_rated
POS MICROSOFT 365 1548 GLASGOW REF-8500,standard_rate
PAYMENT TO AA BREAKDOWN 1400 BRISTOL,exempt
DD XERO SOFTWARE 1505 ONLINE ONLINE REF-7245,standard_rate
PAYMENT TO TESCO EXPRESS  STORE,zero_rated
NATIONAL EXPRESS 5537 ONLINE UK REF-1627,zero_rated
sq *director drawings 6351  direct,outside_scope
SQ *GOOGLE WORKSPACE 6417  REF-6625,standard_rate
PAYMENT TO AMAZON EU LEEDS LTD,standard_rate
SQ *ADOBE CREATIVE  PLC,standard_rate
national express glasgow online ref-1102,zero_rated
Pos Post Office 5912 Birmingham Online Ref-1834,exempt
POS WESTMINSTER COUNCIL 6241 BIRMINGHAM ONLINE,outside_scope
SQ *TESCO EXPRESS 7834 MANCHESTER LTD,zero_rated
IZ *AMAZON UK 561 BRISTOL UK,standard_rate
IZ *POST OFFICE 1096 MANCHESTER,exempt
IZ *PAYROLL TRANSFER 2102  STORE,outside_scope
sq *payroll transfer leeds uk,outside_scope
iz *post office 2194 leeds ref-6341,exempt
POS LINKEDIN PREMIUM 3311  ONLINE REF-1180,standard_rate
POS INTRA ACCOUNT TRANSFER 3790  DIRECT,outside_scope
DD AVIVA INSURANCE 1825 UK ONLINE REF-5067,exempt
iz *barclays bank uk plc ref-3622,exempt
POS HMRC SHIPLEY UK,outside_scope
SQ *AVIVA INSURANCE 3460 UK UK,exempt
STATIONERY STATION 9134 GLASGOW PLC,standard_rate
amazon uk 8828 bristol online ref-8106,standard_rate
IZ *NATIONAL EXPRESS LEEDS REF-1080,zero_rated
card director drawings 762  online,outside_scope
AA BREAKDOWN  PLC,exempt
UBER EATS 4306 MANCHESTER,standard_rate
PAYMENT TO EON NEXT 9655 LONDON UK,reduced_rate
UBER EATS 952  STORE,standard_rate
microsoft 365 9079 uk store ref-3308,standard_rate
IZ *QUICKBOOKS 8136,standard_rate
google workspace 1845  online,standard_rate
CARD MICROSOFT 365 BRISTOL STORE REF-9620,standard_rate
POS AMAZON UK 1358 BIRMINGHAM STORE,standard_rate
CARD EDF ENERGY ONLINE PLC,reduced_rate
IZ *XERO SOFTWARE 9895 UK PLC,standard_rate
Pos Sage Subscription Glasgow Plc,standard_rate
PAYMENT TO DELIVEROO GLASGOW STORE,standard_rate
PAYMENT TO AMAZON UK UK,standard_rate
Quickbooks Glasgow Ltd Ref-9569,standard_rate
PAYMENT TO BOOTS UK  DIRECT REF-4296,standard_rate
CARD AVIVA INSURANCE 7084 LONDON STORE,exempt
IZ *QUICKBOOKS 9677  LTD,standard_rate
card hmrc payments 6657  plc,outside_scope
Iz *Quickbooks 1193  Online Ref-5162,standard_rate
iz *waterstones 5961  direct,zero_rated
CARD PAYROLL TRANSFER 7166  PLC,outside_scope
IZ *XERO SOFTWARE  PLC,standard_rate
pos stationery station  uk ref-1400,standard_rate
iz *waterstones 7106 glasgow uk,zero_rated
IZ *WATERSTONES 8881 LEEDS UK,zero_rated
tesco express  online ref-7220,zero_rated
PAYMENT TO ROYAL MAIL 1880  LTD,exempt
xero software 3187  direct,standard_rate
payment to tfl travel 7108 manchester direct ref-6983,zero_rated
DD HMRC PAYMENTS 1558 GLASGOW PLC REF-1015,outside_scope
PAYMENT TO AMAZON UK 8205 LONDON STORE,standard_rate
PAYMENT TO BOOTS UK 656 LONDON UK REF-2481,standard_rate
POS BOOTS UK 1915  PLC REF-5097,standard_rate
iz *lner tickets 8547  plc,zero_rated
SQ *TRAINLINE 9613  REF-3215,zero_rated
POS DELIVEROO 2116  DIRECT,standard_rate
DD TESCO EXPRESS 5155 UK DIRECT,zero_rated
sq *british gas 7835  online,reduced_rate
CARD EON NEXT 566 BRISTOL DIRECT REF-6432,reduced_rate
deliveroo birmingham direct ref-1383,standard_rate
payment to aa breakdown 4848 uk online,exempt
IZ *AMAZON UK 5456 ONLINE LTD,standard_rate
sq *stationery station 9085 london store ref-9503,standard_rate
IZ *TESCO EXPRESS  STORE,zero_rated
CARD ALDI STORES 8930 GLASGOW REF-4110,zero_rated
Google Workspace 5178 Glasgow Plc,standard_rate
EDF ENERGY 6022 MANCHESTER ONLINE REF-2079,reduced_rate
CARD DIRECTOR DRAWINGS  LTD,outside_scope
POS MICROSOFT 365  ONLINE REF-8915,standard_rate
DD AMAZON EU 1217 UK UK,standard_rate
POS AVIVA INSURANCE 5959 UK PLC REF-7912,exempt
INTRA ACCOUNT TRANSFER 5221  DIRECT,outside_scope
Pos Deliveroo 2234 Bristol Direct Ref-9043,standard_rate
POS AVIVA INSURANCE GLASGOW LTD,exempt
IZ *TFL TRAVEL,zero_rated
TFL TRAVEL 4289  LTD,zero_rated
POS BOOTS UK 3525 LONDON DIRECT REF-7945,standard_rate
PAYMENT TO EON NEXT 7001  UK REF-8667,reduced_rate
PAYMENT TO LNER TICKETS 9163 BIRMINGHAM STORE,zero_rated
DD BARCLAYS BANK 9800 ONLINE UK,exempt
IZ *WESTMINSTER COUNCIL 6592  UK REF-4803,outside_scope
National Express  Online Ref-2409,zero_rated
iz *intra account transfer 5725  plc,outside_scope
ALDI STORES 9540  DIRECT REF-2562,zero_rated
PAYMENT TO EDF ENERGY 7216 ONLINE REF-3830,reduced_rate
SQ *UBER EATS 8397 ONLINE LTD,standard_rate
payment to aldi stores  store,zero_rated
iz *barclays bank 2543 london ltd,exempt
Payment To Xero Software 5451 Bristol,standard_rate
SQ *HSBC BANK FEES 5640  ONLINE REF-1765,exempt
IZ *NATIONAL EXPRESS 9495  UK REF-7160,zero_rated
Card Deliveroo Manchester Direct Ref-4281,standard_rate
POS LNER TICKETS 5263 GLASGOW DIRECT REF-5391,zero_rated
DD TESCO STORES 1227  STORE REF-7054,zero_rated
EDF ENERGY  LTD,reduced_rate
IZ *BRITISH GAS 5773 UK STORE REF-2661,reduced_rate
IZ *QUICKBOOKS 5046 ONLINE,standard_rate
IZ *TESCO EXPRESS ONLINE STORE REF-1517,zero_rated
PAYMENT TO POST OFFICE BIRMINGHAM UK REF-4432,exempt
CARD LNER TICKETS MANCHESTER,zero_rated
CARD LIDL GB 4518 LEEDS PLC,zero_rated
card royal mail 8922 glasgow ltd ref-8613,exempt
PAYMENT TO HMRC SHIPLEY  ONLINE,outside_scope
DD BOOTS UK ONLINE PLC,standard_rate
POS UBER EATS GLASGOW REF-1981,standard_rate
SQ *WESTMINSTER COUNCIL LEEDS PLC REF-6863,outside_scope
IZ *AMAZON KINDLE 9481  STORE,zero_rated
Dd Amazon Eu Bristol,standard_rate
SQ *QUICKBOOKS 9284 LEEDS UK,standard_rate
IZ *OCTOPUS ENERGY  ONLINE,reduced_rate
CARD ASDA SUPERMARKET 4337  STORE,zero_rated
IZ *AMAZON UK MANCHESTER,standard_rate
IZ *TFL TRAVEL 6832 LONDON PLC REF-3418,zero_rated
DD BARCLAYS BANK 7807 LONDON UK,exempt
IZ *ASDA SUPERMARKET 4350 UK PLC REF-7628,zero_rated
SQ *TRAINLINE 3735 MANCHESTER UK REF-2674,zero_rated
payment to amazon kindle 1954 uk direct,zero_rated
POS HMRC PAYMENTS 5161  STORE REF-2024,outside_scope
SQ *TFL TRAVEL 860 ONLINE LTD,zero_rated
CARD TESCO STORES 7528 MANCHESTER LTD REF-6977,zero_rated
CARD NATIONAL EXPRESS 7469 ONLINE,zero_rated
BOOTS UK GLASGOW LTD REF-5088,standard_rate
Card Hmrc Payments Glasgow Plc Ref-7394,outside_scope
CARD HMRC PAYMENTS 6344  PLC,outside_scope
westminster council 890  online,outside_scope
POS WATERSTONES 110  DIRECT,zero_rated
CARD AMAZON KINDLE,zero_rated
CARD LNER TICKETS,zero_rated
Pos Tfl Travel 9464  Plc,zero_rated
Card Edf Energy 2303  Plc,reduced_rate
CARD ROYAL MAIL 9131  ONLINE,exempt
SQ *LIDL GB  DIRECT,zero_rated
Iz *National Express Uk,zero_rated
SQ *AMAZON UK BRISTOL ONLINE,standard_rate
Iz *Uber Eats 1717  Uk,standard_rate
IZ *HSBC BANK FEES 369  DIRECT,exempt
SQ *WESTMINSTER COUNCIL  PLC REF-6302,outside_scope
DD OCTOPUS ENERGY 2993  LTD REF-1718,reduced_rate
payment to amazon kindle birmingham plc ref-5317,zero_rated
IZ *EON NEXT MANCHESTER STORE,reduced_rate
Hmrc Payments 9543 Glasgow Direct,outside_scope
pos sainsburys 2825  ltd ref-9078,zero_rated
Pos Lidl Gb 9658  Uk,zero_rated
CARD GOOGLE WORKSPACE 2537 LONDON UK,standard_rate
PAYMENT TO AA BREAKDOWN BRISTOL,exempt
IZ *ROYAL MAIL 762  LTD,exempt
POS BARCLAYS BANK 8765  ONLINE,exempt
SQ *LIDL GB BRISTOL DIRECT REF-1870,zero_rated
IZ *TFL TRAVEL 5656 LONDON DIRECT REF-9690,zero_rated
POS DELIVEROO 8974 GLASGOW ONLINE,standard_rate
Iz *Eon Next 2071  Store Ref-6871,reduced_rate
CARD TRAINLINE 5469  DIRECT,zero_rated
DD LINKEDIN PREMIUM 4034 ONLINE UK,standard_rate
Sq *Royal Mail 5101  Uk,exempt
LNER TICKETS MANCHESTER PLC,zero_rated
PAYMENT TO STATIONERY STATION 1082  ONLINE REF-9951,standard_rate
CARD WESTMINSTER COUNCIL 8154 ONLINE LTD,outside_scope
PAYMENT TO LIDL GB  UK,zero_rated
DD PAYROLL TRANSFER 302 ONLINE PLC,outside_scope
Dd Amazon Eu 3978 Glasgow Uk Ref-8184,standard_rate
PAYMENT TO HMRC PAYMENTS 1442 MANCHESTER DIRECT,outside_scope
PAYMENT TO BOOTS UK 2845  LTD,standard_rate
PAYMENT TO ASDA SUPERMARKET 171 BIRMINGHAM DIRECT,zero_rated
LINKEDIN PREMIUM  PLC REF-7061,standard_rate
IZ *LNER TICKETS 4358  ONLINE,zero_rated
DD INTRA ACCOUNT TRANSFER 5764 BIRMINGHAM DIRECT,outside_scope
CARD HMRC SHIPLEY LEEDS STORE,outside_scope
Dd Tfl Travel 5161 Bristol Direct,zero_rated
DD INTRA ACCOUNT TRANSFER GLASGOW PLC,outside_scope
SQ *NATIONAL EXPRESS 1140  DIRECT REF-8559,zero_rated
POS EON NEXT UK REF-7144,reduced_rate
POS ALDI STORES 9260 MANCHESTER ONLINE REF-6703,zero_rated
PAYMENT TO ASDA SUPERMARKET 2596 BRISTOL UK,zero_rated
POS PAYROLL TRANSFER LONDON LTD,outside_scope
POS AMAZON KINDLE 5586 BIRMINGHAM LTD,zero_rated
DD SAINSBURYS  ONLINE,zero_rated
PAYMENT TO ASDA SUPERMARKET ONLINE PLC,zero_rated
Card Payroll Transfer 4314  Store,outside_scope
iz *aldi stores online uk,zero_rated
Sainsburys 5978  Plc Ref-1462,zero_rated
PAYMENT TO EDF ENERGY 3332 LEEDS UK REF-9115,reduced_rate
IZ *HSBC BANK FEES 5261  LTD,exempt
PAYMENT TO TESCO STORES 4236  DIRECT REF-8827,zero_rated
IZ *SAGE SUBSCRIPTION  LTD REF-4214,standard_rate
card xero software 4352  uk ref-8067,standard_rate
POS XERO SOFTWARE 4106 LEEDS LTD,standard_rate
CARD DELIVEROO 4243  LTD,standard_rate
CARD OCTOPUS ENERGY 5449 GLASGOW STORE,reduced_rate
CARD BRITISH GAS 8374  UK REF-9096,reduced_rate
IZ *SAGE SUBSCRIPTION MANCHESTER UK,standard_rate
SQ *MICROSOFT 365 2818 GLASGOW STORE,standard_rate
Iz *Director Drawings 9577 Leeds Direct,outside_scope
IZ *XERO SOFTWARE,standard_rate
IZ *BRITISH GAS LONDON,reduced_rate
AMAZON UK  ONLINE,standard_rate
card aa breakdown 5899 online online,exempt
POS ASDA SUPERMARKET UK LTD REF-7704,zero_rated
DD TESCO EXPRESS GLASGOW STORE REF-1693,zero_rated
Card Lner Tickets  Uk,zero_rated
CARD HMRC SHIPLEY 9611,outside_scope
PAYMENT TO AA BREAKDOWN 3010 LEEDS LTD,exempt
Pos Barclays Bank 882,exempt
SQ *WESTMINSTER COUNCIL 3532 LEEDS LTD REF-4659,outside_scope
Card Asda Supermarket 7683 Glasgow Plc,zero_rated
POS SAGE SUBSCRIPTION LONDON UK,standard_rate
POS ASDA SUPERMARKET  PLC,zero_rated
Pos Boots Uk Manchester Ltd Ref-2233,standard_rate
DD BARCLAYS BANK 9403 BIRMINGHAM DIRECT,exempt
Quickbooks 7443 Uk Direct,standard_rate
IZ *NATIONAL EXPRESS,zero_rated
sq *barclays bank 5227  uk,exempt
UBER EATS 2982 BIRMINGHAM ONLINE,standard_rate
Hmrc Payments Uk Uk,outside_scope
sq *linkedin premium 6826 manchester direct ref-3862,standard_rate
Payment To Microsoft 365 521 Bristol,standard_rate
SQ *TRAINLINE 5532  STORE REF-3199,zero_rated
card stationery station 3337 birmingham direct,standard_rate
Sq *Lner Tickets Uk Uk Ref-7017,zero_rated
DD GOOGLE WORKSPACE 6614 MANCHESTER LTD REF-2991,standard_rate
Payment To Sainsburys  Online,zero_rated
PAYMENT TO LIDL GB 2540  STORE REF-1083,zero_rated
EDF ENERGY 5233  REF-6844,reduced_rate
DD SAINSBURYS 4705,zero_rated
PAYMENT TO XERO SOFTWARE MANCHESTER LTD,standard_rate
CARD MICROSOFT 365 8990 LEEDS STORE,standard_rate
IZ *WESTMINSTER COUNCIL 7465  DIRECT REF-1605,outside_scope
CARD WESTMINSTER COUNCIL 7651  ONLINE,outside_scope
stationery station  direct,standard_rate
Iz *Amazon Eu 4016 Uk Plc,standard_rate
iz *linkedin premium 4379  direct,standard_rate
SQ *NATIONAL EXPRESS GLASGOW PLC,zero_rated
Sq *Director Drawings 8013 Glasgow Uk,outside_scope
SQ *AMAZON KINDLE 6737 UK STORE REF-3700,zero_rated
PAYMENT TO TRAINLINE MANCHESTER STORE REF-5734,zero_rated
PAYMENT TO AVIVA INSURANCE 5301  STORE REF-9892,exempt
iz *aa breakdown 7976  direct,exempt
CARD LINKEDIN PREMIUM 9026 LEEDS STORE,standard_rate
sq *trainline 4764 london plc ref-6647,zero_rated
PAYMENT TO MICROSOFT 365 2977 LEEDS PLC,standard_rate
Sq *Deliveroo 4754 Birmingham Online,standard_rate
PAYMENT TO AMAZON EU LONDON ONLINE REF-6615,standard_rate
SQ *HSBC BANK FEES 1710  ONLINE,exempt
LINKEDIN PREMIUM  ONLINE,standard_rate
CARD ADOBE CREATIVE 7807 MANCHESTER STORE,standard_rate
IZ *WATERSTONES ONLINE PLC,zero_rated
POS TFL TRAVEL 8083 MANCHESTER PLC,zero_rated
iz *aa breakdown 3187 manchester online ref-5046,exempt
Xero Software 6342 Uk Plc,standard_rate
card adobe creative london plc,standard_rate
SQ *INTRA ACCOUNT TRANSFER 9437 GLASGOW STORE REF-6900,outside_scope
IZ *WATERSTONES 205 BRISTOL ONLINE REF-4288,zero_rated
SQ *LIDL GB GLASGOW PLC,zero_rated
Sq *National Express Online Direct,zero_rated
IZ *TFL TRAVEL  ONLINE REF-5385,zero_rated
Dd Xero Software 4178  Uk,standard_rate
IZ *WESTMINSTER COUNCIL 8359  UK REF-9682,outside_scope
AMAZON KINDLE 9474  DIRECT REF-5440,zero_rated
card boots uk 594  plc,standard_rate
SQ *LIDL GB 3509 LEEDS LTD,zero_rated
SQ *MICROSOFT 365 9926  ONLINE REF-9075,standard_rate
Pos Asda Supermarket Glasgow Ltd Ref-5480,zero_rated
DD TESCO EXPRESS GLASGOW DIRECT,zero_rated
British Gas Leeds Plc,reduced_rate
IZ *OCTOPUS ENERGY GLASGOW UK,reduced_rate
PAYMENT TO HSBC BANK FEES 6040  DIRECT REF-2862,exempt
DD AMAZON UK 9818  LTD,standard_rate
ALDI STORES 4356  ONLINE,zero_rated
CARD MICROSOFT 365 7046 GLASGOW UK,standard_rate
Sq *Boots Uk 8948 London Online,standard_rate
Card Octopus Energy 6571 Glasgow Online,reduced_rate
IZ *TESCO EXPRESS  UK REF-2099,zero_rated
Payment To Hmrc Payments 6426 London Store,outside_scope
POS WESTMINSTER COUNCIL 2849  LTD,outside_scope
card aa breakdown 2401 london uk ref-3573,exempt
IZ *QUICKBOOKS 7076  LTD REF-6510,standard_rate
IZ *ALDI STORES 3024,zero_rated
CARD LIDL GB 2763  UK,zero_rated
POS WATERSTONES 9524  PLC,zero_rated
Dd Post Office  Direct,exempt
pos aviva insurance  store,exempt
dd asda supermarket 2636 london store,zero_rated
PAYMENT TO WESTMINSTER COUNCIL 7396 GLASGOW DIRECT REF-7000,outside_scope
DD AVIVA INSURANCE UK DIRECT REF-7607,exempt
BOOTS UK 8326 UK STORE,standard_rate
PAYMENT TO AVIVA INSURANCE BRISTOL REF-1008,exempt
ADOBE CREATIVE 2615  UK,standard_rate
adobe creative 5059  direct ref-2813,standard_rate
card intra account transfer 5107  ltd,outside_scope
POS POST OFFICE 9012 BIRMINGHAM ONLINE REF-1461,exempt
PAYMENT TO EDF ENERGY 9957 MANCHESTER LTD,reduced_rate
CARD TFL TRAVEL LONDON DIRECT,zero_rated
CARD SAGE SUBSCRIPTION LONDON DIRECT REF-2446,standard_rate
IZ *AVIVA INSURANCE 8658 LEEDS PLC REF-2439,exempt
SQ *ALDI STORES 6487  PLC,zero_rated
HMRC SHIPLEY 5872 GLASGOW DIRECT REF-4446,outside_scope
Payment To Amazon Uk Leeds Ltd,standard_rate
SAGE SUBSCRIPTION BRISTOL,standard_rate
IZ *STATIONERY STATION ONLINE DIRECT,standard_rate
Card Aldi Stores 3112 Uk Online Ref-3048,zero_rated
PAYMENT TO WESTMINSTER COUNCIL ONLINE STORE REF-6767,outside_scope
card aa breakdown 4775 london plc,exempt
IZ *HMRC SHIPLEY 8462 GLASGOW LTD,outside_scope
Dd National Express 7533  Direct,zero_rated
DD MICROSOFT 365 218,standard_rate
IZ *BARCLAYS BANK 9817 BIRMINGHAM PLC,exempt
ADOBE CREATIVE 9830 BIRMINGHAM ONLINE,standard_rate
DD OCTOPUS ENERGY 3413 UK PLC REF-7846,reduced_rate
CARD QUICKBOOKS GLASGOW PLC REF-8196,standard_rate
CARD OCTOPUS ENERGY 9407  LTD REF-2593,reduced_rate
WATERSTONES 7571,zero_rated
IZ *AVIVA INSURANCE 9068 GLASGOW,exempt
PAYMENT TO AMAZON UK 1870 BIRMINGHAM DIRECT,standard_rate
pos aviva insurance 1584  ltd ref-4275,exempt
DD ASDA SUPERMARKET 7120 MANCHESTER PLC,zero_rated
WATERSTONES  UK,zero_rated
royal mail 3180  ltd,exempt
iz *tfl travel 5937 uk online ref-3327,zero_rated
Sq *Edf Energy 7649  Ltd Ref-6421,reduced_rate
ROYAL MAIL 5898 BIRMINGHAM DIRECT,exempt
POS OCTOPUS ENERGY 9925 ONLINE PLC REF-8309,reduced_rate
PAYMENT TO NATIONAL EXPRESS 9752 BIRMINGHAM PLC,zero_rated
DD EDF ENERGY UK DIRECT,reduced_rate
POS BRITISH GAS  DIRECT,reduced_rate
PAYMENT TO AMAZON UK,standard_rate
sq *deliveroo online plc,standard_rate
POS OCTOPUS ENERGY 6211  ONLINE,reduced_rate
PAYMENT TO WESTMINSTER COUNCIL 8601 MANCHESTER STORE REF-1330,outside_scope
DD PAYROLL TRANSFER 6854  UK REF-6477,outside_scope
IZ *AA BREAKDOWN 282 GLASGOW STORE REF-1905,exempt
PAYMENT TO STATIONERY STATION 5926  DIRECT,standard_rate
POS LIDL GB 9827  LTD REF-7819,zero_rated
CARD XERO SOFTWARE BIRMINGHAM ONLINE,standard_rate
PAYMENT TO ALDI STORES UK STORE,zero_rated
TRAINLINE 597 LONDON LTD,zero_rated
CARD DIRECTOR DRAWINGS 8716  STORE REF-3209,outside_scope
CARD QUICKBOOKS  REF-1914,standard_rate
WESTMINSTER COUNCIL  LTD,outside_scope
Card British Gas 9567 Manchester Ref-7510,reduced_rate
SQ *BOOTS UK MANCHESTER STORE,standard_rate
Card Linkedin Premium 6955  Plc Ref-9757,standard_rate
card adobe creative leeds ltd ref-8289,standard_rate
PAYMENT TO AMAZON EU BIRMINGHAM REF-8900,standard_rate
dd eon next 9165  ref-2359,reduced_rate
sq *deliveroo 8907 leeds plc,standard_rate
IZ *AMAZON KINDLE 3077  DIRECT,zero_rated
POS BOOTS UK BRISTOL UK,standard_rate
AA BREAKDOWN  STORE,exempt
CARD UBER EATS 421  UK,standard_rate
CARD EDF ENERGY 3185  PLC REF-1681,reduced_rate
DD BOOTS UK 8408 BRISTOL DIRECT,standard_rate
PAYMENT TO AMAZON UK 397  UK,standard_rate
IZ *AMAZON UK 4461  PLC,standard_rate
card amazon kindle birmingham,zero_rated
PAYMENT TO XERO SOFTWARE 6414  LTD,standard_rate
DD ASDA SUPERMARKET UK UK REF-6730,zero_rated
IZ *ROYAL MAIL 4859 ONLINE LTD REF-3788,exempt
HMRC SHIPLEY  ONLINE REF-6678,outside_scope
POS EON NEXT 993 ONLINE DIRECT,reduced_rate
POS UBER EATS  STORE,standard_rate
POS BOOTS UK ONLINE,standard_rate
PAYMENT TO LNER TICKETS 6067 GLASGOW UK REF-3612,zero_rated
SQ *AA BREAKDOWN GLASGOW REF-9084,exempt
DD QUICKBOOKS 7935 ONLINE STORE REF-2982,standard_rate
iz *linkedin premium 980 bristol ltd,standard_rate
WATERSTONES GLASGOW STORE,zero_rated
IZ *ALDI STORES 9585 BIRMINGHAM STORE,zero_rated
SQ *DELIVEROO  LTD,standard_rate
POS QUICKBOOKS 2869  LTD,standard_rate
payment to lidl gb london plc ref-9870,zero_rated
IZ *POST OFFICE ONLINE DIRECT,exempt
DD AMAZON EU 3482 MANCHESTER STORE,standard_rate
PAYMENT TO AMAZON UK 5021  DIRECT,standard_rate
CARD AMAZON KINDLE BRISTOL ONLINE,zero_rated
CARD ASDA SUPERMARKET 9295 LEEDS,zero_rated
PAYMENT TO AMAZON EU BIRMINGHAM ONLINE REF-1991,standard_rate
AMAZON EU 8288  PLC REF-6810,standard_rate
IZ *DELIVEROO 8649 GLASGOW STORE REF-8603,standard_rate
ADOBE CREATIVE MANCHESTER,standard_rate
PAYMENT TO NATIONAL EXPRESS BIRMINGHAM ONLINE,zero_rated
IZ *INTRA ACCOUNT TRANSFER ONLINE STORE REF-6022,outside_scope
POS SAGE SUBSCRIPTION 3668  ONLINE,standard_rate
POST OFFICE 5506  PLC,exempt
IZ *TESCO STORES 106 BRISTOL ONLINE,zero_rated
payment to hsbc bank fees 1516  direct,exempt
IZ *TRAINLINE 6836 UK LTD REF-5761,zero_rated
sq *edf energy 2260 london ltd,reduced_rate
dd microsoft 365 6352  ltd,standard_rate
DD STATIONERY STATION 3171  UK,standard_rate
POS XERO SOFTWARE 8711  ONLINE,standard_rate
SQ *ROYAL MAIL 3035  ONLINE,exempt
IZ *AA BREAKDOWN 8340 LEEDS ONLINE REF-6096,exempt
PAYMENT TO XERO SOFTWARE 3909  STORE REF-9052,standard_rate
CARD AMAZON EU 238  DIRECT,standard_rate
Card Hmrc Shipley 7976 Online Plc,outside_scope
PAYMENT TO AVIVA INSURANCE ONLINE LTD REF-1602,exempt
Card Hmrc Payments 8119 Bristol Plc,outside_scope
Sq *Linkedin Premium 295 Uk Online Ref-6552,standard_rate
CARD UBER EATS 7934  PLC,standard_rate
payment to tfl travel 9170  ltd,zero_rated
Sq *Director Drawings 3023 Online Ref-3286,outside_scope
IZ *DELIVEROO 1301  REF-2169,standard_rate
CARD XERO SOFTWARE LEEDS UK REF-5598,standard_rate
CARD AMAZON UK GLASGOW DIRECT,standard_rate
AMAZON EU LEEDS STORE,standard_rate
TESCO EXPRESS 8314 GLASGOW STORE,zero_rated
Dd Adobe Creative 7492  Plc,standard_rate
Dd Boots Uk 6741 Birmingham Ltd,standard_rate
octopus energy 4748 uk online,reduced_rate
SQ *TRAINLINE 3649  DIRECT,zero_rated
DD LINKEDIN PREMIUM 9694,standard_rate
SQ *STATIONERY STATION  STORE REF-7611,standard_rate
IZ *OCTOPUS ENERGY  STORE REF-5541,reduced_rate
dd adobe creative 1102 uk ltd ref-8256,standard_rate
card waterstones  ref-6400,zero_rated
CARD PAYROLL TRANSFER 9323  STORE REF-3740,outside_scope
pos boots uk 5775 uk direct,standard_rate
CARD TESCO EXPRESS 524  ONLINE REF-9176,zero_rated
SQ *AMAZON UK 6934 BRISTOL UK REF-2915,standard_rate
POS TFL TRAVEL 8967  UK REF-2095,zero_rated
POS EDF ENERGY 9305  UK,reduced_rate
SQ *MICROSOFT 365 BRISTOL REF-1494,standard_rate
IZ *AA BREAKDOWN 9689 UK UK REF-1329,exempt
WATERSTONES  PLC REF-7094,zero_rated
dd trainline birmingham store,zero_rated
card aldi stores 496  uk ref-3773,zero_rated
POS AMAZON EU 8501 BRISTOL UK,standard_rate
IZ *HSBC BANK FEES 636 UK,exempt
IZ *AMAZON EU 7340 LONDON LTD,standard_rate
SQ *MICROSOFT 365 145 LONDON STORE REF-2941,standard_rate
SQ *EON NEXT 6041 LONDON,reduced_rate
DD TFL TRAVEL 4884 MANCHESTER ONLINE,zero_rated
Dd Barclays Bank 4653  Uk Ref-5019,exempt
DELIVEROO 4486 BRISTOL LTD,standard_rate
DD HMRC SHIPLEY 2167  UK,outside_scope
SQ *XERO SOFTWARE LONDON STORE REF-2003,standard_rate
IZ *EON NEXT 3028 LONDON UK,reduced_rate
dd amazon uk 2721 bristol ltd,standard_rate
SQ *BOOTS UK 7219 LEEDS DIRECT,standard_rate
sq *national express bristol ltd ref-2198,zero_rated
ADOBE CREATIVE 7214 LEEDS DIRECT REF-8554,standard_rate
DD STATIONERY STATION 3386 GLASGOW ONLINE,standard_rate
PAYMENT TO SAINSBURYS LEEDS PLC,zero_rated
SQ *TFL TRAVEL 9379 UK DIRECT REF-8775,zero_rated
Card National Express 6734 Manchester Store,zero_rated
IZ *PAYROLL TRANSFER,outside_scope
SQ *HMRC PAYMENTS GLASGOW UK REF-1661,outside_scope
LNER TICKETS 7296  STORE,zero_rated
Waterstones 960 London Uk,zero_rated
SQ *AMAZON UK 2164  UK,standard_rate
PAYMENT TO TRAINLINE 8865  REF-2189,zero_rated
POS POST OFFICE 5654 UK ONLINE,exempt
DD BARCLAYS BANK 1688 GLASGOW DIRECT,exempt
PAYMENT TO BOOTS UK 1146 BIRMINGHAM UK,standard_rate
EON NEXT  PLC,reduced_rate
CARD HMRC PAYMENTS 4022 MANCHESTER DIRECT,outside_scope
SQ *GOOGLE WORKSPACE ONLINE STORE,standard_rate
Sq *Adobe Creative 3493 Manchester Plc,standard_rate
CARD LINKEDIN PREMIUM 8525  PLC,standard_rate
LNER TICKETS 8532 MANCHESTER LTD REF-8768,zero_rated
DD LINKEDIN PREMIUM MANCHESTER PLC REF-9197,standard_rate
iz *lidl gb birmingham online,zero_rated
CARD HMRC SHIPLEY  PLC,outside_scope
DD HMRC SHIPLEY 9899 LONDON REF-7589,outside_scope
DD BRITISH GAS 9159 LEEDS,reduced_rate
POS GOOGLE WORKSPACE 9655 ONLINE ONLINE REF-6932,standard_rate
PAYMENT TO EDF ENERGY 3924  PLC REF-6120,reduced_rate
POS SAINSBURYS BRISTOL,zero_rated
Director Drawings,outside_scope
SQ *LINKEDIN PREMIUM  DIRECT,standard_rate
STATIONERY STATION 355 BIRMINGHAM STORE REF-3795,standard_rate
Payment To Linkedin Premium 5395 Birmingham Online Ref-2930,standard_rate
PAYMENT TO HSBC BANK FEES 6272 GLASGOW LTD REF-5586,exempt
IZ *SAINSBURYS 8122 BIRMINGHAM STORE,zero_rated
SQ *TRAINLINE 4627 GLASGOW LTD REF-6532,zero_rated
SQ *AMAZON EU  REF-6410,standard_rate
SQ *INTRA ACCOUNT TRANSFER 2888 ONLINE UK,outside_scope
payment to hsbc bank fees birmingham direct,exempt
DIRECTOR DRAWINGS 6213 UK PLC REF-1439,outside_scope
SAGE SUBSCRIPTION LEEDS UK,standard_rate
IZ *TRAINLINE ONLINE UK REF-4268,zero_rated
card edf energy 9407  direct,reduced_rate
AMAZON EU  STORE REF-8371,standard_rate
iz *lner tickets  direct,zero_rated
SQ *TESCO STORES  DIRECT,zero_rated
sq *octopus energy leeds uk,reduced_rate
POS EON NEXT 6382  REF-2310,reduced_rate
DD STATIONERY STATION 5636 GLASGOW LTD,standard_rate
SQ *HMRC PAYMENTS 1539 ONLINE LTD,outside_scope
POS ROYAL MAIL BRISTOL UK,exempt
sq *waterstones 9622  store ref-5749,zero_rated
sq *intra account transfer 869  plc ref-9311,outside_scope
LNER TICKETS 6593 MANCHESTER,zero_rated
NATIONAL EXPRESS 2552 BRISTOL DIRECT REF-3125,zero_rated
pos asda supermarket birmingham store ref-3832,zero_rated
IZ *AMAZON EU 2157  LTD,standard_rate
TESCO STORES 8198 ONLINE DIRECT REF-3979,zero_rated
CARD WATERSTONES ONLINE STORE,zero_rated
DD ADOBE CREATIVE 3864 LEEDS LTD,standard_rate
POS AVIVA INSURANCE 1879 BRISTOL PLC REF-2571,exempt
PAYMENT TO TESCO EXPRESS 9861 LEEDS REF-2341,zero_rated
Card Lner Tickets 4831  Plc,zero_rated
DD ASDA SUPERMARKET 1197 BRISTOL,zero_rated
CARD TESCO EXPRESS 5749 GLASGOW UK,zero_rated
tfl travel  uk ref-7414,zero_rated
POS AA BREAKDOWN 242 MANCHESTER UK,exempt
PAYMENT TO ADOBE CREATIVE 1319 BIRMINGHAM LTD REF-9789,standard_rate
POST OFFICE GLASGOW STORE,exempt
POS TFL TRAVEL 6911  ONLINE REF-2212,zero_rated
Dd Waterstones 6758 Manchester Direct,zero_rated
Pos Tesco Express Glasgow Direct Ref-3981,zero_rated
Dd Google Workspace 5981 Leeds Online Ref-6174,standard_rate
PAYMENT TO ASDA SUPERMARKET 4741,zero_rated
Pos Aa Breakdown  Uk,exempt
PAYMENT TO NATIONAL EXPRESS 8759 BIRMINGHAM LTD,zero_rated
CARD AVIVA INSURANCE 1797 BRISTOL STORE,exempt
PAYMENT TO NATIONAL EXPRESS 8853 LONDON DIRECT REF-5399,zero_rated
DD ALDI STORES LEEDS UK,zero_rated
Sq *Stationery Station 3445 Manchester Uk,standard_rate
National Express 8984 Leeds Ltd,zero_rated
DD SAGE SUBSCRIPTION 4018  UK REF-4488,standard_rate
DD STATIONERY STATION ONLINE STORE,standard_rate
SQ *DIRECTOR DRAWINGS 4330 BIRMINGHAM STORE REF-3818,outside_scope
POS UBER EATS 9923  STORE REF-5311,standard_rate
POS AVIVA INSURANCE 3494 BIRMINGHAM UK,exempt
SQ *XERO SOFTWARE 8846 ONLINE PLC REF-2799,standard_rate
Iz *Google Workspace 7084  Direct Ref-8720,standard_rate
DD QUICKBOOKS 9892 LEEDS LTD,standard_rate
CARD POST OFFICE 3912 ONLINE UK,exempt
IZ *AA BREAKDOWN MANCHESTER ONLINE,exempt
Sq *Lidl Gb 5287 Leeds Store,zero_rated
POS LNER TICKETS 2955 GLASGOW PLC REF-6884,zero_rated
PAYMENT TO HMRC SHIPLEY 4009  ONLINE,outside_scope
sq *hmrc shipley 4299 online plc,outside_scope
PAYMENT TO WESTMINSTER COUNCIL 8285 BRISTOL UK,outside_scope
PAYMENT TO BOOTS UK 4277 LEEDS UK REF-8424,standard_rate
sq *intra account transfer 5637  uk,outside_scope
POS DELIVEROO 4799  ONLINE,standard_rate
POS ALDI STORES BIRMINGHAM LTD,zero_rated
IZ *STATIONERY STATION LEEDS STORE,standard_rate
Sq *Hmrc Payments 6895  Uk,outside_scope
Iz *Hsbc Bank Fees Leeds Ltd Ref-5554,exempt
eon next manchester direct,reduced_rate
IZ *AVIVA INSURANCE  ONLINE,exempt
IZ *PAYROLL TRANSFER 8709 LEEDS LTD REF-2261,outside_scope
DD ROYAL MAIL 4451 BRISTOL UK,exempt
SQ *BARCLAYS BANK 9748 LEEDS PLC,exempt
DD TRAINLINE  DIRECT,zero_rated
IZ *ADOBE CREATIVE  UK,standard_rate
POS EDF ENERGY ONLINE DIRECT REF-8998,reduced_rate
DD ASDA SUPERMARKET 3099  ONLINE REF-6499,zero_rated
pos eon next 1252 uk online ref-5260,reduced_rate
DD TRAINLINE GLASGOW UK,zero_rated
PAYMENT TO XERO SOFTWARE LONDON STORE,standard_rate
POS HMRC PAYMENTS 4592  DIRECT,outside_scope
POS NATIONAL EXPRESS 9706 GLASGOW PLC REF-4802,zero_rated
Sq *Lidl Gb 610 Manchester,zero_rated
POS ASDA SUPERMARKET 4657 LEEDS,zero_rated
IZ *ASDA SUPERMARKET LEEDS DIRECT,zero_rated
sq *google workspace 5222 bristol,standard_rate
Iz *Post Office 9189 Uk Ltd,exempt
PAYMENT TO PAYROLL TRANSFER GLASGOW PLC REF-2630,outside_scope
AVIVA INSURANCE 6061 BRISTOL ONLINE,exempt
Dd National Express 1966 Bristol Online Ref-8308,zero_rated
TRAINLINE 1885 LONDON STORE,zero_rated
hmrc shipley 5608  uk ref-6956,outside_scope
IZ *LIDL GB 5740 ONLINE UK REF-1133,zero_rated
CARD DIRECTOR DRAWINGS 8026 BIRMINGHAM REF-2185,outside_scope
IZ *MICROSOFT 365 9557  DIRECT REF-2050,standard_rate
Pos British Gas 5608 London Store Ref-5301,reduced_rate
EDF ENERGY BIRMINGHAM DIRECT,reduced_rate
SQ *ALDI STORES 3176  DIRECT,zero_rated
Pos Trainline Birmingham,zero_rated
EDF ENERGY 4411  LTD REF-3631,reduced_rate
IZ *SAINSBURYS ONLINE STORE,zero_rated
PAYMENT TO WESTMINSTER COUNCIL 7779 UK LTD,outside_scope
Iz *Adobe Creative 286 Glasgow Direct Ref-7208,standard_rate
Tesco Stores 4477  Direct Ref-5634,zero_rated
CARD SAINSBURYS 8051 BIRMINGHAM UK REF-1793,zero_rated
Card Tesco Express 7856  Store,zero_rated
POS TRAINLINE  PLC REF-2748,zero_rated
Payroll Transfer 9907 Online,outside_scope
IZ *BRITISH GAS  UK,reduced_rate
SQ *POST OFFICE 814 MANCHESTER,exempt
HMRC PAYMENTS LEEDS DIRECT,outside_scope
Pos Aa Breakdown 3412 Online,exempt
pos quickbooks  direct,standard_rate
CARD AMAZON UK 548 GLASGOW DIRECT REF-4010,standard_rate
AA BREAKDOWN 1162 ONLINE LTD REF-9761,exempt
CARD LNER TICKETS BRISTOL ONLINE,zero_rated
DD UBER EATS 446  PLC,standard_rate
DD PAYROLL TRANSFER,outside_scope
Dd Deliveroo 8363  Ltd Ref-7919,standard_rate
SQ *SAINSBURYS GLASGOW LTD,zero_rated
IZ *GOOGLE WORKSPACE  DIRECT REF-9688,standard_rate
Iz *Amazon Kindle 8479  Online Ref-7876,zero_rated
dd sage subscription glasgow uk ref-8258,standard_rate
CARD MICROSOFT 365 2214  DIRECT REF-8420,standard_rate
IZ *LNER TICKETS 4737 ONLINE LTD REF-7165,zero_rated
uber eats bristol,standard_rate
CARD QUICKBOOKS 2537  PLC,standard_rate
POS BOOTS UK BIRMINGHAM DIRECT,standard_rate
iz *trainline manchester,zero_rated
GOOGLE WORKSPACE 1638 UK ONLINE REF-4167,standard_rate
POS TFL TRAVEL 7698 GLASGOW ONLINE REF-8707,zero_rated
POS SAGE SUBSCRIPTION 1627  DIRECT REF-7852,standard_rate
CARD OCTOPUS ENERGY 4357  PLC,reduced_rate
payment to uber eats 9877 glasgow online ref-1580,standard_rate
LIDL GB 1262 GLASGOW ONLINE REF-9728,zero_rated
IZ *AMAZON KINDLE 1750  UK,zero_rated
AVIVA INSURANCE BRISTOL LTD,exempt
IZ *XERO SOFTWARE 8149 UK PLC,standard_rate
IZ *UBER EATS  STORE REF-1091,standard_rate
Tfl Travel  Direct,zero_rated
DD AVIVA INSURANCE 6040 MANCHESTER LTD REF-9197,exempt
Pos Waterstones 579,zero_rated
POS AMAZON KINDLE 7205 ONLINE,zero_rated
PAYMENT TO ADOBE CREATIVE 9190  ONLINE,standard_rate
CARD SAINSBURYS 8164 LEEDS STORE,zero_rated
SQ *EON NEXT 4751 LONDON DIRECT,reduced_rate
CARD HSBC BANK FEES 1448 GLASGOW ONLINE REF-8979,exempt
CARD SAINSBURYS 1954 UK PLC,zero_rated
pos director drawings glasgow ltd,outside_scope
TESCO EXPRESS 6012  PLC,zero_rated
POS BOOTS UK 6974 BIRMINGHAM PLC,standard_rate
SQ *TESCO STORES BRISTOL DIRECT,zero_rated
POS WESTMINSTER COUNCIL 512  PLC,outside_scope
DD BARCLAYS BANK 5055 LEEDS LTD REF-1315,exempt
POS DIRECTOR DRAWINGS MANCHESTER UK REF-4139,outside_scope
POS XERO SOFTWARE 5309  DIRECT,standard_rate
SAINSBURYS 9161 BRISTOL UK,zero_rated
POS STATIONERY STATION 4558  LTD,standard_rate
SQ *QUICKBOOKS 1628  UK,standard_rate
POS XERO SOFTWARE  LTD,standard_rate
iz *octopus energy 9145 manchester direct ref-5956,reduced_rate
IZ *TESCO STORES 1519  STORE,zero_rated
CARD XERO SOFTWARE 6923 ONLINE ONLINE REF-4536,standard_rate
DD HSBC BANK FEES ONLINE LTD,exempt
POS LIDL GB 5436 GLASGOW PLC,zero_rated
AMAZON UK 6680 MANCHESTER STORE REF-3692,standard_rate
DD ADOBE CREATIVE GLASGOW,standard_rate
hmrc payments 9515 bristol direct ref-5176,outside_scope
ADOBE CREATIVE 8065 BIRMINGHAM DIRECT,standard_rate
POS POST OFFICE 2512  ONLINE,exempt
CARD HMRC SHIPLEY 8811  PLC,outside_scope
Sq *Tfl Travel  Direct Ref-2979,zero_rated
PAYMENT TO ADOBE CREATIVE 8978  LTD,standard_rate
SQ *ADOBE CREATIVE 6266 BIRMINGHAM DIRECT,standard_rate
DD LIDL GB 1586  UK,zero_rated
BARCLAYS BANK 5076 BIRMINGHAM PLC,exempt
POS TESCO STORES  REF-3496,zero_rated
DD POST OFFICE LONDON ONLINE REF-5360,exempt
IZ *TRAINLINE 9098 ONLINE LTD REF-3412,zero_rated
Iz *Stationery Station  Plc,standard_rate
Dd Stationery Station 7989  Uk Ref-8167,standard_rate
pos aviva insurance 5420 bristol,exempt
LIDL GB 8556  REF-3174,zero_rated
Sq *Microsoft 365  Store,standard_rate
POS SAGE SUBSCRIPTION 9062 ONLINE PLC REF-6308,standard_rate
Payment To Lidl Gb  Direct Ref-9161,zero_rated
POS NATIONAL EXPRESS 1482 ONLINE UK REF-3800,zero_rated
PAYMENT TO PAYROLL TRANSFER 6243 LONDON,outside_scope
IZ *HMRC PAYMENTS 3502 UK,outside_scope
Sq *Boots Uk 5012  Ltd Ref-4909,standard_rate
CARD DELIVEROO 9103 ONLINE DIRECT,standard_rate
pos quickbooks  uk ref-1825,standard_rate
POS HMRC SHIPLEY 9727 GLASGOW STORE,outside_scope
PAYMENT TO ADOBE CREATIVE 1194  UK,standard_rate
Iz *Trainline London,zero_rated
POS SAINSBURYS 1606 UK PLC REF-6432,zero_rated
SQ *SAINSBURYS 7817  DIRECT REF-2195,zero_rated
CARD HMRC SHIPLEY 3105 GLASGOW LTD,outside_scope
pos uber eats 6759  online,standard_rate
IZ *TRAINLINE UK STORE,zero_rated
Sq *Tesco Stores 1269 Bristol Plc,zero_rated
TFL TRAVEL 1986 LONDON STORE REF-1710,zero_rated
PAYMENT TO AVIVA INSURANCE LEEDS LTD,exempt
card linkedin premium online plc ref-8938,standard_rate
payment to octopus energy 5715  ltd ref-7096,reduced_rate
POS PAYROLL TRANSFER 455 GLASGOW STORE REF-7698,outside_scope
Pos Xero Software 7429 Glasgow Direct,standard_rate
PAYMENT TO EDF ENERGY 5458 BRISTOL PLC REF-7432,reduced_rate
CARD WATERSTONES 2185  REF-5806,zero_rated
IZ *HMRC PAYMENTS 8513  UK,outside_scope
dd eon next 6408 london store ref-4242,reduced_rate
Card Hsbc Bank Fees 4271,exempt
SQ *ALDI STORES 5285 BRISTOL,zero_rated
SQ *STATIONERY STATION 7078  LTD REF-1818,standard_rate
DD DELIVEROO 2777 BRISTOL DIRECT,standard_rate
CARD BRITISH GAS 8107  ONLINE,reduced_rate
UBER EATS 4416 ONLINE UK REF-9195,standard_rate
card eon next 2401 bristol store ref-2114,reduced_rate
DD DELIVEROO 8885  PLC,standard_rate
CARD PAYROLL TRANSFER 7085  STORE REF-4065,outside_scope
DD TESCO EXPRESS MANCHESTER REF-9095,zero_rated
Pos Eon Next Glasgow Online Ref-9102,reduced_rate
PAYMENT TO NATIONAL EXPRESS 1622  LTD REF-2886,zero_rated
CARD EDF ENERGY 1239  UK,reduced_rate
card aldi stores 401 birmingham store,zero_rated
card lner tickets 5191  plc,zero_rated
DD UBER EATS 1733  DIRECT,standard_rate
Card Asda Supermarket Leeds,zero_rated
SQ *PAYROLL TRANSFER 2296 UK ONLINE,outside_scope
pos asda supermarket 9646  direct ref-2641,zero_rated
PAYMENT TO ADOBE CREATIVE  UK,standard_rate
SQ *WESTMINSTER COUNCIL 5938  UK REF-1313,outside_scope
SQ *TESCO EXPRESS 1964 LEEDS DIRECT,zero_rated
PAYMENT TO OCTOPUS ENERGY 6438 MANCHESTER ONLINE,reduced_rate
Dd Deliveroo 9205  Online,standard_rate
POS LINKEDIN PREMIUM 4345,standard_rate
PAYMENT TO AA BREAKDOWN 8315 LONDON,exempt
CARD LNER TICKETS 3878 GLASGOW ONLINE REF-2077,zero_rated
CARD STATIONERY STATION MANCHESTER PLC REF-1406,standard_rate
iz *octopus energy 8870 glasgow ref-6048,reduced_rate
PAYMENT TO NATIONAL EXPRESS 9869 ONLINE PLC,zero_rated
BARCLAYS BANK 9383 MANCHESTER STORE REF-3617,exempt
Pos Trainline 4524  Plc Ref-2857,zero_rated
DD AMAZON UK 1351 MANCHESTER,standard_rate
CARD WATERSTONES 5724  UK REF-3014,zero_rated
IZ *EDF ENERGY 7971,reduced_rate
IZ *XERO SOFTWARE MANCHESTER LTD,standard_rate
TFL TRAVEL LONDON STORE REF-3677,zero_rated
DD INTRA ACCOUNT TRANSFER ONLINE PLC,outside_scope
IZ *QUICKBOOKS  REF-6702,standard_rate
DD ALDI STORES 6879 BRISTOL LTD,zero_rated
IZ *NATIONAL EXPRESS 110 GLASGOW LTD,zero_rated
PAYMENT TO LNER TICKETS 8202 ONLINE STORE REF-3094,zero_rated
DD LINKEDIN PREMIUM 1915 LONDON ONLINE,standard_rate
Iz *Linkedin Premium 2121 Uk Ltd,standard_rate
Intra Account Transfer 2438  Plc,outside_scope
POS AMAZON KINDLE 1745 UK UK REF-5814,zero_rated
iz *asda supermarket  online,zero_rated
card quickbooks 2230 bristol,standard_rate
payment to intra account transfer 5395  plc,outside_scope
Sq *Stationery Station 8383 Glasgow Ltd,standard_rate
eon next  store,reduced_rate
CARD AVIVA INSURANCE 6161 BRISTOL LTD,exempt
card british gas  plc,reduced_rate
Iz *Barclays Bank 8320 Birmingham Uk,exempt
HMRC SHIPLEY  ONLINE,outside_scope
TRAINLINE 8756  ONLINE,zero_rated
PAYMENT TO TFL TRAVEL ONLINE LTD,zero_rated
DD AVIVA INSURANCE 9975  STORE REF-3540,exempt
CARD OCTOPUS ENERGY 9167 MANCHESTER REF-3931,reduced_rate
CARD LIDL GB 7729 MANCHESTER UK,zero_rated
SQ *DELIVEROO  PLC,standard_rate
sq *linkedin premium 1814 london online ref-7265,standard_rate
SQ *QUICKBOOKS GLASGOW PLC,standard_rate
Pos British Gas Bristol Direct,reduced_rate
IZ *BARCLAYS BANK 8721 ONLINE LTD,exempt
LINKEDIN PREMIUM 8600 ONLINE LTD REF-2812,standard_rate
PAYMENT TO DELIVEROO 7603 ONLINE UK REF-3281,standard_rate
Sainsburys Leeds Direct,zero_rated
CARD TESCO STORES 1733,zero_rated
IZ *BOOTS UK 6286 MANCHESTER ONLINE REF-7770,standard_rate
LINKEDIN PREMIUM 1434 UK STORE REF-1439,standard_rate
hsbc bank fees 6097  ltd,exempt
POS LIDL GB 6717 UK STORE REF-2148,zero_rated
CARD WATERSTONES 1978 GLASGOW STORE,zero_rated
SQ *WATERSTONES 945  DIRECT REF-8030,zero_rated
PAYMENT TO TRAINLINE 5799 MANCHESTER,zero_rated
IZ *BOOTS UK 631 UK UK REF-9114,standard_rate
PAYMENT TO BRITISH GAS 3868  LTD REF-5051,reduced_rate
CARD BRITISH GAS 9405 LEEDS STORE REF-3128,reduced_rate
EON NEXT 6368 ONLINE,reduced_rate
sq *sage subscription 9573 birmingham online ref-5004,standard_rate
CARD DELIVEROO MANCHESTER STORE,standard_rate
dd aa breakdown 6490  ltd,exempt
Sq *Sainsburys Bristol Store,zero_rated
POS HSBC BANK FEES 9044,exempt
payment to national express manchester online,zero_rated
Payment To Lidl Gb 6015 London Plc,zero_rated
xero software  online,standard_rate
POS STATIONERY STATION 3142 LONDON,standard_rate
AMAZON EU 2603 BRISTOL LTD,standard_rate
SQ *WATERSTONES 6668  DIRECT,zero_rated
PAYMENT TO GOOGLE WORKSPACE 9404  PLC REF-8005,standard_rate
AVIVA INSURANCE 8910  LTD,exempt
sq *trainline 767  online,zero_rated
pos amazon uk 7250  direct,standard_rate
DD ASDA SUPERMARKET GLASGOW UK,zero_rated
SQ *WATERSTONES 9253 GLASGOW REF-2100,zero_rated
DD AMAZON EU 4706  DIRECT REF-6862,standard_rate
Pos Octopus Energy Leeds Direct,reduced_rate
IZ *WESTMINSTER COUNCIL 333 BIRMINGHAM DIRECT,outside_scope
CARD ALDI STORES 3814 MANCHESTER REF-1187,zero_rated
Dd Director Drawings Bristol Ltd Ref-7944,outside_scope
DD LNER TICKETS 9055  ONLINE REF-9957,zero_rated
CARD ALDI STORES 2895 BIRMINGHAM DIRECT,zero_rated
national express 5261 bristol online,zero_rated
SQ *ROYAL MAIL 5263  DIRECT,exempt
octopus energy 6466  uk ref-8501,reduced_rate
payment to xero software  store ref-9711,standard_rate
SQ *GOOGLE WORKSPACE UK STORE REF-6368,standard_rate
pos barclays bank leeds ref-1674,exempt
Sq *Google Workspace 1705  Ltd Ref-1259,standard_rate
POS HMRC SHIPLEY 9818  PLC,outside_scope
SQ *ROYAL MAIL 1892 BIRMINGHAM UK,exempt
DD AMAZON EU  ONLINE,standard_rate
POS HMRC SHIPLEY UK REF-7778,outside_scope
CARD DELIVEROO 4157 BIRMINGHAM PLC,standard_rate
IZ *MICROSOFT 365 9980 UK PLC,standard_rate
Card Edf Energy 2502 Leeds Online Ref-2590,reduced_rate
DD WESTMINSTER COUNCIL 115  ONLINE REF-7418,outside_scope
SQ *SAINSBURYS 5042 LONDON ONLINE,zero_rated
SQ *LNER TICKETS 7622 BIRMINGHAM STORE REF-9650,zero_rated
POS EDF ENERGY 7458 LONDON ONLINE,reduced_rate
Barclays Bank Uk Uk Ref-1294,exempt
IZ *DELIVEROO MANCHESTER LTD REF-1053,standard_rate
QUICKBOOKS 1737 ONLINE PLC REF-4527,standard_rate
DD LIDL GB 3376  LTD,zero_rated
Asda Supermarket 6449 London,zero_rated
DD QUICKBOOKS 4708 BRISTOL ONLINE,standard_rate
IZ *TESCO STORES 7853  PLC,zero_rated
DD QUICKBOOKS  ONLINE REF-6007,standard_rate
Sq *Uber Eats Online Plc,standard_rate
IZ *LINKEDIN PREMIUM GLASGOW STORE,standard_rate
SQ *GOOGLE WORKSPACE 344 UK LTD REF-3414,standard_rate
octopus energy  online ref-7912,reduced_rate
DD HSBC BANK FEES 7198 LONDON UK REF-8792,exempt
DD WESTMINSTER COUNCIL 8781  DIRECT,outside_scope
HSBC BANK FEES 5207,exempt
card intra account transfer manchester direct,outside_scope
Card Hmrc Payments 827 Manchester Store,outside_scope
dd hmrc payments 1139  ltd,outside_scope
DD POST OFFICE 2103 ONLINE DIRECT,exempt
CARD XERO SOFTWARE 6142 LEEDS PLC,standard_rate
DD LNER TICKETS 5560 LONDON ONLINE REF-6317,zero_rated
CARD MICROSOFT 365 GLASGOW PLC,standard_rate
POS EON NEXT 6671  STORE,reduced_rate
SQ *AMAZON UK 6794 MANCHESTER UK,standard_rate
POST OFFICE LONDON LTD,exempt
POS OCTOPUS ENERGY 9599 UK LTD REF-5475,reduced_rate
PAYMENT TO LNER TICKETS 9931 LONDON ONLINE,zero_rated
Dd Hmrc Shipley 6068  Uk Ref-9892,outside_scope
sq *intra account transfer  plc ref-5174,outside_scope
POS STATIONERY STATION 760 MANCHESTER PLC,standard_rate
IZ *TESCO EXPRESS 8840  STORE,zero_rated
PAYMENT TO MICROSOFT 365 1245 GLASGOW ONLINE REF-7710,standard_rate
IZ *STATIONERY STATION GLASGOW REF-4953,standard_rate
PAYMENT TO AMAZON EU 8908 ONLINE DIRECT,standard_rate
card post office online direct,exempt
IZ *EDF ENERGY 6022  DIRECT REF-3761,reduced_rate
Iz *Intra Account Transfer 5328  Direct Ref-7437,outside_scope
pos tesco express 9215 glasgow ltd,zero_rated
Pos Hmrc Shipley London Plc Ref-4888,outside_scope
iz *uber eats 6388 uk,standard_rate
Iz *Uber Eats 6340 Birmingham,standard_rate
CARD HMRC SHIPLEY 4235 LEEDS STORE REF-9667,outside_scope
HMRC SHIPLEY  LTD,outside_scope
HMRC PAYMENTS 8522 LEEDS DIRECT,outside_scope
PAYMENT TO TESCO EXPRESS 2499,zero_rated
card linkedin premium birmingham online ref-8672,standard_rate
PAYMENT TO OCTOPUS ENERGY 7936,reduced_rate
DD EDF ENERGY  PLC,reduced_rate
payment to hsbc bank fees 6450,exempt
CARD ADOBE CREATIVE 6352 LONDON DIRECT REF-7820,standard_rate
DD POST OFFICE 2366 ONLINE ONLINE,exempt
DD UBER EATS 471 GLASGOW ONLINE REF-6140,standard_rate
DD POST OFFICE LONDON UK,exempt
IZ *HMRC PAYMENTS 6182  UK REF-4648,outside_scope
SQ *AVIVA INSURANCE 9174 MANCHESTER STORE REF-2616,exempt
DD WATERSTONES 5567  PLC,zero_rated
iz *sainsburys 285  plc,zero_rated
Sq *Aviva Insurance 4498  Online Ref-4176,exempt
IZ *AA BREAKDOWN 5585 ONLINE,exempt
PAYMENT TO AMAZON UK LEEDS ONLINE,standard_rate
PAYMENT TO BARCLAYS BANK 8331 ONLINE STORE REF-1764,exempt
ADOBE CREATIVE 4005  LTD REF-3018,standard_rate
PAYMENT TO BARCLAYS BANK 5828 MANCHESTER PLC,exempt
DD AA BREAKDOWN 2930 MANCHESTER ONLINE REF-7134,exempt
POS INTRA ACCOUNT TRANSFER 3617  LTD,outside_scope
dd uber eats,standard_rate
POS WESTMINSTER COUNCIL 8780 BIRMINGHAM REF-4916,outside_scope
CARD HSBC BANK FEES 8542  DIRECT,exempt
DD EDF ENERGY  LTD,reduced_rate
PAYMENT TO WATERSTONES BRISTOL STORE,zero_rated
SQ *ASDA SUPERMARKET 3006 BIRMINGHAM ONLINE,zero_rated
DD ROYAL MAIL 3047 BRISTOL,exempt
CARD TESCO STORES 4433  ONLINE,zero_rated
SQ *ASDA SUPERMARKET 1289 LONDON LTD,zero_rated
INTRA ACCOUNT TRANSFER 4615  ONLINE,outside_scope
DD DIRECTOR DRAWINGS  STORE,outside_scope
SQ *ASDA SUPERMARKET 9661 MANCHESTER UK,zero_rated
IZ *TESCO EXPRESS 6170,zero_rated
POS HSBC BANK FEES MANCHESTER STORE,exempt
sq *amazon kindle bristol ltd,zero_rated
IZ *DIRECTOR DRAWINGS 6323  UK,outside_scope
PAYMENT TO MICROSOFT 365 5738 LONDON PLC REF-3964,standard_rate
SQ *ADOBE CREATIVE 3736 LONDON PLC,standard_rate
IZ *SAINSBURYS  UK,zero_rated
IZ *WATERSTONES LONDON STORE,zero_rated
CARD TESCO EXPRESS 2937 ONLINE ONLINE,zero_rated
Card Intra Account Transfer Online Store Ref-4746,outside_scope
POS XERO SOFTWARE  ONLINE REF-4846,standard_rate
DD AVIVA INSURANCE 7528 LONDON DIRECT,exempt
SQ *EON NEXT 1079 LONDON LTD,reduced_rate
PAYMENT TO XERO SOFTWARE UK DIRECT,standard_rate
EON NEXT 3367  DIRECT REF-9240,reduced_rate
IZ *AMAZON KINDLE 7885 GLASGOW,zero_rated
CARD LIDL GB 9167 BIRMINGHAM PLC,zero_rated
IZ *EDF ENERGY 7467  DIRECT REF-4893,reduced_rate
card lner tickets 1370 birmingham,zero_rated
payment to barclays bank 5229  ref-3193,exempt
IZ *HMRC SHIPLEY 1828 BRISTOL ONLINE,outside_scope
PAYMENT TO OCTOPUS ENERGY 1590 BIRMINGHAM STORE REF-6610,reduced_rate
microsoft 365 1370,standard_rate
payment to sainsburys 6537 glasgow store,zero_rated
IZ *MICROSOFT 365 7674 LONDON STORE,standard_rate
Iz *British Gas  Plc,reduced_rate
IZ *ROYAL MAIL 7657 MANCHESTER,exempt
AA BREAKDOWN 390 BIRMINGHAM,exempt
UBER EATS LONDON REF-8869,standard_rate
PAYMENT TO ASDA SUPERMARKET 220 ONLINE UK,zero_rated
POS LINKEDIN PREMIUM 3349  LTD,standard_rate
PAYMENT TO QUICKBOOKS 4107 ONLINE STORE,standard_rate
DD STATIONERY STATION  LTD REF-8965,standard_rate
PAYMENT TO ROYAL MAIL 3750 GLASGOW UK REF-6345,exempt
IZ *BRITISH GAS 4344  PLC REF-1264,reduced_rate
PAYMENT TO QUICKBOOKS  REF-5459,standard_rate
HMRC SHIPLEY UK REF-8774,outside_scope
Pos Aa Breakdown  Uk,exempt
PAYMENT TO AVIVA INSURANCE LONDON REF-6833,exempt
PAYMENT TO UBER EATS 8726 LEEDS,standard_rate
Payment To Lidl Gb 3969 Bristol Uk,zero_rated
Pos Eon Next  Plc Ref-6384,reduced_rate
IZ *AA BREAKDOWN 1316 BIRMINGHAM DIRECT,exempt
CARD BARCLAYS BANK 1128  LTD,exempt
POS LNER TICKETS 323 GLASGOW PLC REF-5476,zero_rated
DD ADOBE CREATIVE 4352  LTD REF-3444,standard_rate
Pos Hmrc Payments Leeds Uk,outside_scope
IZ *BOOTS UK 7281 LONDON STORE,standard_rate
Westminster Council 4696  Store,outside_scope
SQ *QUICKBOOKS 9745  PLC,standard_rate
POS UBER EATS 7431 ONLINE STORE,standard_rate
SQ *SAINSBURYS 6909 ONLINE STORE REF-8272,zero_rated
DD AMAZON KINDLE 5985  PLC REF-4251,zero_rated
Iz *Stationery Station 4858 Glasgow Uk,standard_rate
OCTOPUS ENERGY 1289,reduced_rate
SQ *AA BREAKDOWN 5267 LONDON ONLINE REF-1036,exempt
POS MICROSOFT 365 6877  REF-3255,standard_rate
UBER EATS BRISTOL STORE,standard_rate
PAYMENT TO INTRA ACCOUNT TRANSFER 4788 BRISTOL ONLINE,outside_scope
IZ *SAINSBURYS 7152 GLASGOW ONLINE,zero_rated
PAYMENT TO SAGE SUBSCRIPTION  DIRECT REF-7053,standard_rate
PAYMENT TO DIRECTOR DRAWINGS 7834 LONDON STORE,outside_scope
DD QUICKBOOKS 1466  STORE REF-9248,standard_rate
Iz *Aviva Insurance 1758 Birmingham Direct Ref-6071,exempt
PAYMENT TO TFL TRAVEL BIRMINGHAM DIRECT,zero_rated
pos barclays bank bristol store ref-9477,exempt
MICROSOFT 365 BIRMINGHAM LTD REF-6771,standard_rate
Pos Aviva Insurance Manchester Uk,exempt
Sq *Waterstones 5208 Glasgow Ref-3523,zero_rated
ALDI STORES LONDON UK REF-5078,zero_rated
DD BARCLAYS BANK  REF-1242,exempt
IZ *AVIVA INSURANCE GLASGOW DIRECT REF-4955,exempt
POS TRAINLINE 9469 ONLINE DIRECT,zero_rated
ALDI STORES 5852  UK REF-4259,zero_rated
LNER TICKETS LEEDS PLC,zero_rated
SQ *TFL TRAVEL 5812 GLASGOW STORE REF-7782,zero_rated
HMRC PAYMENTS ONLINE LTD,outside_scope
CARD HMRC SHIPLEY 3624  PLC REF-7390,outside_scope
HMRC PAYMENTS  STORE REF-2393,outside_scope
iz *national express  store,zero_rated
Iz *Payroll Transfer 2208 Birmingham Plc Ref-7275,outside_scope
Iz *Quickbooks 9192 Leeds Direct Ref-4490,standard_rate
Payment To Linkedin Premium 6674  Uk,standard_rate
google workspace 4076 uk plc,standard_rate
Pos Waterstones 7944 Manchester Direct Ref-5432,zero_rated
LNER TICKETS 2694  PLC REF-1449,zero_rated
SQ *LINKEDIN PREMIUM 4362 UK,standard_rate
IZ *AMAZON KINDLE  DIRECT,zero_rated
payment to tfl travel 7331 birmingham uk,zero_rated
DD ROYAL MAIL MANCHESTER STORE REF-1486,exempt
SQ *AVIVA INSURANCE 5989 UK REF-6988,exempt
Iz *Director Drawings 3262 Birmingham Store Ref-9077,outside_scope
Card Hmrc Shipley  Store Ref-5647,outside_scope
CARD BARCLAYS BANK LONDON DIRECT REF-9782,exempt
Payment To Westminster Council 3142  Uk,outside_scope
IZ *STATIONERY STATION 9894  PLC,standard_rate
POS EON NEXT GLASGOW,reduced_rate
Pos Royal Mail Glasgow Ref-1327,exempt
WESTMINSTER COUNCIL LONDON DIRECT,outside_scope
LNER TICKETS 2353  DIRECT,zero_rated
iz *tfl travel 2900  plc,zero_rated
SQ *DELIVEROO 4551 LONDON DIRECT REF-9748,standard_rate
PAYMENT TO PAYROLL TRANSFER UK,outside_scope
IZ *ALDI STORES 5095  LTD,zero_rated
POS BARCLAYS BANK 3389  STORE,exempt
payment to boots uk 9557  ref-2163,standard_rate
PAYROLL TRANSFER BRISTOL LTD REF-9650,outside_scope
CARD TESCO STORES 9047 ONLINE UK REF-4613,zero_rated
CARD UBER EATS 1007 UK,standard_rate
Iz *Amazon Eu Manchester Direct,standard_rate
payment to tfl travel 9842  ref-7263,zero_rated
CARD AMAZON EU  PLC,standard_rate
AMAZON KINDLE UK UK,zero_rated
PAYMENT TO AA BREAKDOWN GLASGOW PLC,exempt
Sq *Intra Account Transfer Manchester Direct Ref-5171,outside_scope
payment to sage subscription glasgow ref-5436,standard_rate
DD ADOBE CREATIVE 9176 LONDON ONLINE,standard_rate
POS BRITISH GAS ONLINE LTD REF-9875,reduced_rate
PAYMENT TO ADOBE CREATIVE GLASGOW UK,standard_rate
Payment To Quickbooks  Store Ref-9001,standard_rate
Iz *Amazon Kindle 2560  Store,zero_rated
Dd Stationery Station 7988 Bristol Ltd Ref-4751,standard_rate
DD SAINSBURYS GLASGOW ONLINE,zero_rated
SQ *AMAZON EU 8966 GLASGOW DIRECT REF-3415,standard_rate
PAYMENT TO TFL TRAVEL 4108 UK PLC,zero_rated
POS PAYROLL TRANSFER ONLINE DIRECT,outside_scope
Payment To Aldi Stores 4554  Online,zero_rated
POS BRITISH GAS 9342  PLC,reduced_rate
Iz *Boots Uk 9778 Uk Plc,standard_rate
IZ *DIRECTOR DRAWINGS UK,outside_scope
DD POST OFFICE 5934 MANCHESTER,exempt
POS XERO SOFTWARE 7108 BRISTOL LTD,standard_rate
POS HMRC PAYMENTS 703 ONLINE DIRECT,outside_scope
POS ALDI STORES  DIRECT,zero_rated
card amazon kindle leeds plc,zero_rated
Stationery Station 2730 Manchester Online,standard_rate
POS ASDA SUPERMARKET 4378 GLASGOW UK REF-5895,zero_rated
POS BRITISH GAS 8125 LEEDS LTD,reduced_rate
Card Waterstones 2089 Glasgow Store Ref-9369,zero_rated
CARD BARCLAYS BANK 9749  DIRECT REF-3953,exempt
DD PAYROLL TRANSFER 9415 MANCHESTER DIRECT,outside_scope
Iz *Hsbc Bank Fees Manchester Ltd,exempt
DD QUICKBOOKS BRISTOL UK REF-1504,standard_rate
PAYMENT TO GOOGLE WORKSPACE MANCHESTER STORE,standard_rate
Iz *Microsoft 365 4179 London Plc,standard_rate
iz *hsbc bank fees 8311 manchester store,exempt
Pos Amazon Eu 6576 Manchester Plc Ref-3288,standard_rate
iz *tfl travel 8177 birmingham store ref-8122,zero_rated
EON NEXT UK ONLINE,reduced_rate
pos lner tickets 459  direct ref-6903,zero_rated
DD BOOTS UK 1322  PLC,standard_rate
POS BARCLAYS BANK 1174 LONDON STORE,exempt
Pos Adobe Creative 1010  Store,standard_rate
CARD AA BREAKDOWN 7934  DIRECT REF-7997,exempt
POS UBER EATS 6749 BIRMINGHAM DIRECT REF-6688,standard_rate
Pos Deliveroo 9404 Uk Uk,standard_rate
pos uber eats 6023  uk ref-7060,standard_rate
CARD WATERSTONES 8269  PLC,zero_rated
DD EDF ENERGY 8214 MANCHESTER PLC,reduced_rate
EON NEXT 7174 LONDON DIRECT REF-1420,reduced_rate
DD ADOBE CREATIVE 3013 LEEDS UK,standard_rate
sq *waterstones birmingham uk ref-5963,zero_rated
IZ *TESCO STORES  REF-5033,zero_rated
CARD SAINSBURYS 1553  UK REF-6500,zero_rated
DD NATIONAL EXPRESS 7415  LTD,zero_rated
QUICKBOOKS 7916 BRISTOL ONLINE REF-8353,standard_rate
SQ *HSBC BANK FEES 9852 MANCHESTER LTD,exempt
IZ *AMAZON KINDLE 8764  REF-4903,zero_rated
SQ *HMRC SHIPLEY 6048 BIRMINGHAM STORE REF-8683,outside_scope
IZ *SAGE SUBSCRIPTION 9687 LEEDS ONLINE REF-3390,standard_rate
iz *trainline 5740  direct,zero_rated
PAYMENT TO TFL TRAVEL 5630  LTD,zero_rated
pos adobe creative 7290  store,standard_rate
DELIVEROO LEEDS STORE REF-7207,standard_rate
PAYMENT TO EON NEXT  DIRECT,reduced_rate
Dd Uber Eats 2060 Uk Direct,standard_rate
CARD EON NEXT 8006 BIRMINGHAM DIRECT,reduced_rate
dd hmrc shipley  ltd ref-4368,outside_scope
SQ *DIRECTOR DRAWINGS 596  PLC REF-6920,outside_scope
PAYMENT TO QUICKBOOKS 6481 ONLINE STORE REF-4048,standard_rate
SAINSBURYS 2178 LONDON REF-3174,zero_rated
IZ *WESTMINSTER COUNCIL 4943  UK,outside_scope
card tesco stores 2406  ref-4696,zero_rated
POS UBER EATS 1561 GLASGOW ONLINE REF-2836,standard_rate
SQ *INTRA ACCOUNT TRANSFER 5839  PLC,outside_scope
iz *aldi stores 2484  ltd ref-6221,zero_rated
DD HSBC BANK FEES 4447  STORE,exempt
AA BREAKDOWN 8068 ONLINE STORE REF-5210,exempt
MICROSOFT 365 6341  DIRECT,standard_rate
pos sainsburys 852  plc ref-2129,zero_rated
dd tesco stores birmingham online ref-7932,zero_rated
POS AMAZON UK 317 LONDON DIRECT,standard_rate
LNER TICKETS LONDON DIRECT,zero_rated
LNER TICKETS GLASGOW PLC,zero_rated
NATIONAL EXPRESS 7757  LTD,zero_rated
dd director drawings  plc ref-9587,outside_scope
SQ *TESCO STORES 5717  PLC,zero_rated
POS ROYAL MAIL 5371  ONLINE REF-8048,exempt
IZ *SAGE SUBSCRIPTION 655 BRISTOL PLC REF-2332,standard_rate
dd barclays bank online online,exempt
Card Sage Subscription 2794,standard_rate
SQ *TESCO STORES 6582  ONLINE REF-8517,zero_rated
CARD AMAZON EU 5991 MANCHESTER,standard_rate
DD EDF ENERGY 4710  DIRECT,reduced_rate
IZ *LNER TICKETS 6409 BIRMINGHAM LTD REF-2222,zero_rated
IZ *POST OFFICE 6805  PLC REF-1510,exempt
LINKEDIN PREMIUM 1798  STORE,standard_rate
AMAZON UK 2357  LTD,standard_rate
Iz *Linkedin Premium 2139 Leeds Store,standard_rate
PAYMENT TO POST OFFICE 2682 LONDON LTD REF-9899,exempt
PAYMENT TO AMAZON UK 1744 GLASGOW DIRECT REF-5275,standard_rate
Pos Post Office Online Ltd,exempt
BARCLAYS BANK,exempt
CARD SAGE SUBSCRIPTION BIRMINGHAM PLC,standard_rate
microsoft 365 9538  ltd ref-1392,standard_rate
PAYMENT TO ALDI STORES LONDON DIRECT,zero_rated
IZ *WATERSTONES 4316 GLASGOW UK REF-5153,zero_rated
CARD POST OFFICE 7805  UK,exempt
CARD ADOBE CREATIVE GLASGOW LTD REF-3576,standard_rate
payment to amazon uk 6120 uk plc,standard_rate
Sq *Boots Uk 4038  Online,standard_rate
DD GOOGLE WORKSPACE MANCHESTER ONLINE REF-9670,standard_rate
CARD AVIVA INSURANCE 1173  LTD REF-5710,exempt
DIRECTOR DRAWINGS 9029  ONLINE,outside_scope
IZ *ROYAL MAIL 1836  DIRECT,exempt
POS BRITISH GAS 3230 BRISTOL ONLINE REF-3174,reduced_rate
PAYMENT TO DIRECTOR DRAWINGS LEEDS LTD REF-5143,outside_scope
CARD LIDL GB  ONLINE REF-2485,zero_rated
sq *waterstones 5285  store,zero_rated
IZ *QUICKBOOKS 6128  PLC REF-8126,standard_rate
DD AA BREAKDOWN 7450 ONLINE ONLINE,exempt
sq *lidl gb leeds plc ref-9015,zero_rated
Amazon Uk 8348  Uk,standard_rate
Pos Hmrc Shipley Glasgow Plc Ref-1533,outside_scope
Sq *Google Workspace 3756 Birmingham Plc Ref-3806,standard_rate
PAYMENT TO BRITISH GAS 9816,reduced_rate
EON NEXT  ONLINE,reduced_rate
POS HSBC BANK FEES 572  PLC,exempt
card payroll transfer 3274  plc,outside_scope
amazon kindle 6450  direct,zero_rated
SQ *DIRECTOR DRAWINGS 966  PLC,outside_scope
card hsbc bank fees online store ref-4955,exempt
POS MICROSOFT 365 9282  LTD,standard_rate
IZ *UBER EATS 4406 BRISTOL PLC,standard_rate
HSBC BANK FEES 6935  STORE,exempt
SQ *INTRA ACCOUNT TRANSFER 6300 MANCHESTER ONLINE REF-7485,outside_scope
SQ *ALDI STORES  LTD,zero_rated
Iz *Director Drawings 2086 Birmingham Online,outside_scope
DD HSBC BANK FEES  STORE,exempt
POS QUICKBOOKS 7805  STORE,standard_rate
CARD LNER TICKETS 6330 BIRMINGHAM DIRECT,zero_rated
payment to amazon kindle  plc ref-2920,zero_rated
Pos Uber Eats London Ltd Ref-5175,standard_rate
Intra Account Transfer 3652  Ref-5769,outside_scope
DD STATIONERY STATION 8618  LTD REF-2513,standard_rate
POS AMAZON UK 2098  UK,standard_rate
CARD AVIVA INSURANCE 245 GLASGOW LTD,exempt
IZ *WESTMINSTER COUNCIL 3597  ONLINE,outside_scope
dd intra account transfer 9219  direct,outside_scope
Dd Adobe Creative  Ltd Ref-6794,standard_rate
CARD XERO SOFTWARE 951  DIRECT,standard_rate
Sq *Lner Tickets 5252 London Store,zero_rated
Sq *Linkedin Premium 7126 Leeds Ltd,standard_rate
POS AMAZON EU LONDON ONLINE,standard_rate
DD GOOGLE WORKSPACE 3980  REF-1432,standard_rate
CARD BRITISH GAS 7307,reduced_rate
Dd Eon Next Glasgow Ltd Ref-1464,reduced_rate
IZ *AMAZON UK ONLINE UK,standard_rate
POS TESCO STORES  LTD,zero_rated
PAYMENT TO WATERSTONES BRISTOL UK,zero_rated
Dd Payroll Transfer 3587  Plc Ref-5019,outside_scope
Card Lidl Gb 4109  Direct,zero_rated
POS ROYAL MAIL 955  DIRECT,exempt
BOOTS UK LONDON STORE,standard_rate
DELIVEROO 4478 MANCHESTER STORE,standard_rate
PAYMENT TO WESTMINSTER COUNCIL 8476 ONLINE LTD REF-7190,outside_scope
CARD HSBC BANK FEES LONDON STORE REF-1017,exempt
SQ *AMAZON KINDLE 7999 UK REF-4946,zero_rated
Sq *Linkedin Premium 5115 Glasgow,standard_rate
iz *google workspace 4655 london ref-3788,standard_rate
DD WESTMINSTER COUNCIL 4968 BRISTOL UK REF-9490,outside_scope
DD AMAZON KINDLE LONDON LTD,zero_rated
DD NATIONAL EXPRESS 8935 ONLINE STORE REF-4059,zero_rated
IZ *ROYAL MAIL 1034  PLC,exempt
Tesco Express 4315  Ltd Ref-1230,zero_rated
SQ *AMAZON UK 6727 UK STORE REF-5940,standard_rate
payment to amazon kindle 5645 manchester plc,zero_rated
payment to amazon uk london plc ref-8295,standard_rate
SQ *LINKEDIN PREMIUM 1159 MANCHESTER ONLINE,standard_rate
LNER TICKETS 984 UK UK REF-3902,zero_rated
SQ *MICROSOFT 365 8204 BRISTOL UK,standard_rate
Pos Amazon Eu 4604 Birmingham Ltd Ref-5018,standard_rate
Payment To Hmrc Shipley  Ltd,outside_scope
DD TESCO EXPRESS 6221  DIRECT,zero_rated
PAYMENT TO AMAZON UK 6851  LTD,standard_rate
dd amazon kindle 5567 bristol ltd,zero_rated
DD AMAZON UK 2545 ONLINE LTD,standard_rate
CARD NATIONAL EXPRESS 1872  DIRECT REF-1996,zero_rated
SQ *DIRECTOR DRAWINGS 8039 GLASGOW DIRECT,outside_scope
Dd Edf Energy  Plc Ref-2505,reduced_rate
PAYMENT TO HMRC PAYMENTS  LTD REF-4221,outside_scope
dd amazon kindle 6470 online uk,zero_rated
IZ *ALDI STORES LEEDS PLC REF-6833,zero_rated
SQ *PAYROLL TRANSFER 8987 BRISTOL DIRECT,outside_scope
dd eon next 3382 glasgow store ref-6810,reduced_rate
POS WATERSTONES  LTD,zero_rated
PAYMENT TO INTRA ACCOUNT TRANSFER 1213  PLC REF-9432,outside_scope
PAYMENT TO BRITISH GAS BRISTOL STORE,reduced_rate
POS EON NEXT 9919 UK LTD REF-5134,reduced_rate
POS XERO SOFTWARE LEEDS,standard_rate
CARD NATIONAL EXPRESS 9447 LEEDS REF-2533,zero_rated
IZ *TRAINLINE 2127 UK STORE,zero_rated
Iz *Stationery Station 9347 Online,standard_rate
CARD HSBC BANK FEES 5496 BRISTOL ONLINE,exempt
SQ *HSBC BANK FEES 8208  PLC,exempt
POS AMAZON KINDLE 6694  DIRECT,zero_rated
sq *asda supermarket 9137 leeds direct,zero_rated
IZ *NATIONAL EXPRESS LEEDS STORE REF-4507,zero_rated
DD AMAZON KINDLE LEEDS PLC,zero_rated
PAYMENT TO INTRA ACCOUNT TRANSFER 555 BRISTOL PLC,outside_scope
INTRA ACCOUNT TRANSFER 1026 ONLINE UK REF-7734,outside_scope
POS OCTOPUS ENERGY  LTD REF-1387,reduced_rate
POS TFL TRAVEL 5095 LEEDS DIRECT REF-6307,zero_rated
payment to tesco express birmingham ltd,zero_rated
aldi stores 5015 glasgow online,zero_rated
Dd Hmrc Shipley 1036  Direct,outside_scope
Dd Barclays Bank 4398  Ref-7923,exempt
Sq *Xero Software Birmingham Uk Ref-5718,standard_rate
pos westminster council 2519 uk direct,outside_scope
PAYMENT TO ADOBE CREATIVE 7936 LEEDS DIRECT,standard_rate
Sq *Octopus Energy  Ltd,reduced_rate
DD DIRECTOR DRAWINGS 5429  STORE,outside_scope
Card Trainline 7984 Uk Ltd Ref-5559,zero_rated
IZ *TESCO STORES MANCHESTER UK,zero_rated
card octopus energy  direct,reduced_rate
DD ADOBE CREATIVE 8624  LTD REF-5193,standard_rate
PAYMENT TO AVIVA INSURANCE GLASGOW DIRECT,exempt
Dd Hsbc Bank Fees 9450 Leeds Ltd Ref-9874,exempt
IZ *LINKEDIN PREMIUM BIRMINGHAM UK,standard_rate
dd tesco stores birmingham store,zero_rated
Payment To Uber Eats 2250 Online Direct Ref-3610,standard_rate
sq *stationery station glasgow ltd,standard_rate
DD TESCO STORES 2604 LONDON STORE REF-7916,zero_rated
PAYMENT TO AA BREAKDOWN 4985 LONDON DIRECT,exempt
SQ *BRITISH GAS  DIRECT,reduced_rate
Sq *National Express 5833 Glasgow Plc Ref-2081,zero_rated
Barclays Bank 3468 Leeds Direct Ref-4247,exempt
sq *adobe creative glasgow direct ref-6787,standard_rate
CARD NATIONAL EXPRESS 7686 UK UK REF-9078,zero_rated
POS SAINSBURYS 4658 MANCHESTER ONLINE REF-7046,zero_rated
SQ *HMRC PAYMENTS 7583 BIRMINGHAM LTD,outside_scope
Sq *Westminster Council Birmingham Online,outside_scope
CARD AMAZON UK 5790 UK LTD REF-5945,standard_rate
PAYMENT TO DELIVEROO  LTD,standard_rate
Payment To Trainline Birmingham Ltd,zero_rated
DD XERO SOFTWARE 6330 BIRMINGHAM DIRECT REF-6635,standard_rate
PAYMENT TO AVIVA INSURANCE  LTD,exempt
POS BOOTS UK 8096,standard_rate
SQ *QUICKBOOKS 8975 LEEDS ONLINE,standard_rate
Sq *Asda Supermarket 6537  Plc,zero_rated
Iz *Quickbooks 5193 Leeds Store,standard_rate
POS AMAZON KINDLE BRISTOL PLC,zero_rated
MICROSOFT 365 4966  REF-5563,standard_rate
POS WATERSTONES 9930 GLASGOW LTD,zero_rated
ADOBE CREATIVE 5862 LEEDS UK,standard_rate
HMRC PAYMENTS 2282 ONLINE UK,outside_scope
Iz *Eon Next 753 Online Online,reduced_rate
Sq *Post Office 6759 Uk Direct Ref-1494,exempt
POS WATERSTONES 8584  REF-8935,zero_rated
payment to hmrc shipley 8334 glasgow direct ref-5277,outside_scope
SQ *DELIVEROO LEEDS PLC REF-1585,standard_rate
POS LINKEDIN PREMIUM 5190  REF-7607,standard_rate
PAYMENT TO AMAZON KINDLE 9113 MANCHESTER ONLINE,zero_rated
IZ *EON NEXT LONDON STORE,reduced_rate
IZ *AMAZON UK 6125 BIRMINGHAM PLC REF-1345,standard_rate
POS HMRC SHIPLEY 3887 ONLINE DIRECT,outside_scope
IZ *DIRECTOR DRAWINGS 5996 ONLINE STORE,outside_scope
SQ *AA BREAKDOWN LONDON UK,exempt
SQ *SAINSBURYS 4106  LTD,zero_rated
PAYMENT TO OCTOPUS ENERGY 8273  UK REF-7630,reduced_rate
card uber eats  store ref-4946,standard_rate
POS OCTOPUS ENERGY 5062 LEEDS ONLINE REF-9879,reduced_rate
IZ *TESCO EXPRESS  DIRECT REF-2076,zero_rated
POS LINKEDIN PREMIUM  DIRECT,standard_rate
card amazon uk 2043 london plc,standard_rate
sainsburys 1891  online ref-3692,zero_rated
IZ *GOOGLE WORKSPACE 2438  ONLINE,standard_rate
POS LIDL GB 5252 BRISTOL REF-5448,zero_rated
PAYMENT TO POST OFFICE 8809  REF-4766,exempt
IZ *STATIONERY STATION 2006  UK REF-5050,standard_rate
IZ *POST OFFICE 6656  REF-3130,exempt
IZ *SAINSBURYS,zero_rated
ALDI STORES 246 ONLINE UK REF-8786,zero_rated
POS OCTOPUS ENERGY 4906 BIRMINGHAM ONLINE REF-1652,reduced_rate
QUICKBOOKS 1022,standard_rate
PAYMENT TO SAINSBURYS 5992 GLASGOW DIRECT,zero_rated
IZ *NATIONAL EXPRESS UK DIRECT,zero_rated
POS NATIONAL EXPRESS  ONLINE,zero_rated
PAYMENT TO QUICKBOOKS ONLINE,standard_rate
CARD LINKEDIN PREMIUM 6809 ONLINE ONLINE REF-9231,standard_rate
PAYMENT TO EDF ENERGY BRISTOL DIRECT,reduced_rate
POS SAGE SUBSCRIPTION  STORE REF-5104,standard_rate
pos aldi stores 5636  ref-8849,zero_rated
QUICKBOOKS 9011,standard_rate
PAYMENT TO AA BREAKDOWN 5338 LONDON ONLINE,exempt
SQ *AMAZON KINDLE GLASGOW,zero_rated
POS PAYROLL TRANSFER,outside_scope
PAYMENT TO AA BREAKDOWN 4232 BIRMINGHAM DIRECT,exempt
card xero software 3703 glasgow uk ref-1512,standard_rate
sq *trainline 2175 london online,zero_rated
POS GOOGLE WORKSPACE BIRMINGHAM STORE,standard_rate
asda supermarket birmingham direct ref-1960,zero_rated
Card Aa Breakdown 7377 Leeds Plc,exempt
SQ *SAINSBURYS BIRMINGHAM,zero_rated
hmrc shipley 9925 manchester online,outside_scope
CARD STATIONERY STATION 4450 MANCHESTER ONLINE,standard_rate
CARD STATIONERY STATION LONDON,standard_rate
DD WESTMINSTER COUNCIL LONDON LTD,outside_scope
TESCO EXPRESS ONLINE PLC,zero_rated
card asda supermarket 6442 leeds ref-7858,zero_rated
SQ *OCTOPUS ENERGY 5047 BIRMINGHAM,reduced_rate
IZ *LNER TICKETS 2483 UK LTD,zero_rated
Card Tesco Express 7478  Store Ref-5582,zero_rated
DD BOOTS UK 172 LEEDS DIRECT,standard_rate
CARD AMAZON EU  LTD,standard_rate
DD INTRA ACCOUNT TRANSFER 9428 LEEDS UK,outside_scope
IZ *EON NEXT 4749  PLC REF-5909,reduced_rate
PAYMENT TO ADOBE CREATIVE 6953  UK,standard_rate
PAYMENT TO ALDI STORES 4585  DIRECT,zero_rated
Iz *Asda Supermarket 5358 Leeds Store,zero_rated
SQ *WATERSTONES  STORE,zero_rated
NATIONAL EXPRESS 3974 BRISTOL LTD,zero_rated
BARCLAYS BANK 658  STORE REF-6853,exempt
DELIVEROO 166  PLC REF-6314,standard_rate
EDF ENERGY 3983 LEEDS ONLINE REF-5081,reduced_rate
POS ALDI STORES 2473 UK DIRECT REF-6527,zero_rated
SQ *SAINSBURYS 3037 ONLINE,zero_rated
DD UBER EATS 9975 LONDON STORE REF-8081,standard_rate
POS SAINSBURYS 8273 LEEDS STORE,zero_rated
IZ *HMRC SHIPLEY 4422 GLASGOW DIRECT REF-9490,outside_scope
sq *tesco stores 7779 bristol online ref-7594,zero_rated
POS BARCLAYS BANK BIRMINGHAM,exempt
Dd Microsoft 365 8814  Online,standard_rate
iz *trainline  direct,zero_rated
EON NEXT 3318  LTD,reduced_rate
SQ *TESCO STORES LEEDS LTD REF-9004,zero_rated
Trainline 3219 Leeds Store,zero_rated
SQ *HSBC BANK FEES 7637  UK REF-8659,exempt
Dd Hmrc Shipley Uk Direct Ref-9274,outside_scope
CARD EDF ENERGY 8485  DIRECT REF-4352,reduced_rate
ADOBE CREATIVE 3711  PLC,standard_rate
Iz *Royal Mail 3613 Leeds Uk,exempt
IZ *TESCO STORES 620 MANCHESTER ONLINE,zero_rated
POS MICROSOFT 365  LTD,standard_rate
Sq *Amazon Uk 5382 Online Ltd,standard_rate
payment to westminster council glasgow direct,outside_scope
PAYMENT TO ROYAL MAIL 9393 BIRMINGHAM UK,exempt
ASDA SUPERMARKET BRISTOL PLC REF-8429,zero_rated
SQ *HMRC SHIPLEY 5498  ONLINE REF-6364,outside_scope
DD POST OFFICE 1820  PLC,exempt
LNER TICKETS 7865 UK,zero_rated
iz *british gas 2249 online ltd ref-5423,reduced_rate
IZ *BOOTS UK 5387 GLASGOW DIRECT,standard_rate
POS TESCO EXPRESS GLASGOW,zero_rated
SQ *LIDL GB 2544 LONDON,zero_rated
Pos Xero Software 6477  Direct,standard_rate
sq *boots uk online ltd,standard_rate
Dd Octopus Energy 9973  Plc Ref-2103,reduced_rate
DD AVIVA INSURANCE 4727 LEEDS DIRECT,exempt
BRITISH GAS GLASGOW,reduced_rate
SQ *TESCO EXPRESS 3585  UK,zero_rated
PAYMENT TO XERO SOFTWARE GLASGOW ONLINE,standard_rate
PAYROLL TRANSFER 5915  ONLINE REF-6473,outside_scope
POS STATIONERY STATION 3166 BIRMINGHAM DIRECT,standard_rate
CARD OCTOPUS ENERGY 2381 LEEDS UK REF-5833,reduced_rate
DD TESCO EXPRESS 251 BRISTOL ONLINE,zero_rated
Linkedin Premium 9402 Glasgow Online,standard_rate
IZ *GOOGLE WORKSPACE LEEDS LTD,standard_rate
Card Director Drawings 806 Manchester Ltd,outside_scope
POS LINKEDIN PREMIUM 4353 GLASGOW ONLINE,standard_rate
SQ *SAINSBURYS 6690 ONLINE UK,zero_rated
ASDA SUPERMARKET 3751 ONLINE LTD,zero_rated
payment to stationery station manchester plc,standard_rate
SQ *UBER EATS 8067  REF-4591,standard_rate
PAYMENT TO DELIVEROO 8360 ONLINE REF-9578,standard_rate
sq *asda supermarket 8383  ltd ref-9123,zero_rated
Iz *Eon Next 1679  Store,reduced_rate
edf energy london,reduced_rate
PAYMENT TO ADOBE CREATIVE BIRMINGHAM PLC,standard_rate
DD SAGE SUBSCRIPTION 4484 ONLINE UK,standard_rate
NATIONAL EXPRESS LEEDS PLC REF-9419,zero_rated
Sq *Hsbc Bank Fees 2747 Uk Online,exempt
CARD ASDA SUPERMARKET 6052 UK STORE REF-2868,zero_rated
POS POST OFFICE BIRMINGHAM,exempt
CARD HMRC PAYMENTS 9222  REF-5147,outside_scope
CARD LINKEDIN PREMIUM 5071 LONDON DIRECT,standard_rate
ALDI STORES MANCHESTER STORE,zero_rated
SQ *UBER EATS 4403 GLASGOW DIRECT,standard_rate
POS HMRC PAYMENTS 5184 LEEDS STORE,outside_scope
POS QUICKBOOKS GLASGOW,standard_rate
amazon eu 897  plc ref-5999,standard_rate
PAYMENT TO ASDA SUPERMARKET 9944 LEEDS,zero_rated
Sq *Asda Supermarket 6405 Leeds Ltd,zero_rated
DD SAGE SUBSCRIPTION  LTD,standard_rate
Sq *Quickbooks,standard_rate
IZ *AA BREAKDOWN 2205 ONLINE UK REF-9458,exempt
Sq *British Gas  Ref-5550,reduced_rate
QUICKBOOKS 9688 BIRMINGHAM LTD,standard_rate
POS DELIVEROO  UK REF-2766,standard_rate
POS EDF ENERGY 4128 UK UK,reduced_rate
LIDL GB 8674 UK REF-2449,zero_rated
IZ *LIDL GB 8934 MANCHESTER ONLINE REF-6119,zero_rated
AVIVA INSURANCE 8014 LONDON ONLINE REF-3509,exempt
SQ *EDF ENERGY 684 BIRMINGHAM,reduced_rate
IZ *OCTOPUS ENERGY 5722  DIRECT,reduced_rate
pos hsbc bank fees 7466 glasgow ltd ref-7657,exempt
Payment To Xero Software 4316 Birmingham Online Ref-3847,standard_rate
POS AMAZON UK 5631  ONLINE,standard_rate
SQ *ADOBE CREATIVE  ONLINE,standard_rate
DD UBER EATS 6179 BRISTOL LTD,standard_rate
SQ *GOOGLE WORKSPACE 1627  STORE REF-3416,standard_rate
card adobe creative 4654 london store,standard_rate
CARD GOOGLE WORKSPACE GLASGOW,standard_rate
PAYMENT TO AMAZON UK 195 BRISTOL DIRECT,standard_rate
SQ *PAYROLL TRANSFER 9589  REF-5466,outside_scope
IZ *XERO SOFTWARE ONLINE,standard_rate
PAYMENT TO AVIVA INSURANCE 4517 BIRMINGHAM REF-4550,exempt
DD LINKEDIN PREMIUM 599 ONLINE ONLINE,standard_rate
IZ *BOOTS UK 566  STORE,standard_rate
BARCLAYS BANK 4541  LTD REF-2866,exempt
PAYMENT TO HSBC BANK FEES 3978 LEEDS UK,exempt
IZ *HSBC BANK FEES  PLC REF-1002,exempt
SQ *INTRA ACCOUNT TRANSFER 1558 UK PLC REF-6376,outside_scope
POS AMAZON EU 2164 LEEDS STORE REF-5198,standard_rate
BOOTS UK  ONLINE,standard_rate
IZ *ROYAL MAIL 7533 GLASGOW PLC,exempt
pos lidl gb 8706  plc ref-2083,zero_rated
DD STATIONERY STATION LONDON PLC REF-1524,standard_rate
POS PAYROLL TRANSFER 7240 BRISTOL STORE REF-9244,outside_scope
ASDA SUPERMARKET 8008  PLC REF-8178,zero_rated
DD AVIVA INSURANCE 5772  UK,exempt
WATERSTONES 1707 ONLINE ONLINE REF-5948,zero_rated
payment to xero software  ref-9810,standard_rate
SQ *QUICKBOOKS BRISTOL REF-7103,standard_rate
CARD LNER TICKETS BIRMINGHAM DIRECT,zero_rated
PAYMENT TO POST OFFICE 1417 LONDON DIRECT,exempt
POS ADOBE CREATIVE  UK,standard_rate
IZ *UBER EATS 7513 MANCHESTER STORE REF-6956,standard_rate
CARD AMAZON UK 1681  LTD REF-4365,standard_rate
Payment To Tesco Stores  Plc Ref-8260,zero_rated
LNER TICKETS 395 LONDON UK REF-1815,zero_rated
Sq *Lner Tickets 8033 Manchester Direct Ref-2070,zero_rated
CARD LIDL GB 2027  STORE,zero_rated
CARD QUICKBOOKS 1210 LONDON STORE,standard_rate
SQ *TESCO EXPRESS BIRMINGHAM PLC REF-8239,zero_rated
Dd Aldi Stores 9423 Manchester Uk Ref-2264,zero_rated
DD NATIONAL EXPRESS 1615 GLASGOW ONLINE,zero_rated
DIRECTOR DRAWINGS 4223 ONLINE DIRECT,outside_scope
Payment To Westminster Council 1742 Online Store,outside_scope
SQ *TESCO STORES 6637 LEEDS REF-7118,zero_rated
Payment To Royal Mail  Direct Ref-7065,exempt
CARD LIDL GB 6886 ONLINE PLC,zero_rated
PAYMENT TO AMAZON UK 1492  ONLINE,standard_rate
POS AMAZON UK 7524  DIRECT,standard_rate
iz *amazon kindle 8546 leeds online ref-1580,zero_rated
SQ *HMRC SHIPLEY 7789 UK UK,outside_scope
POS WESTMINSTER COUNCIL  STORE,outside_scope
SQ *TESCO EXPRESS 3127  UK REF-8822,zero_rated
POS OCTOPUS ENERGY BIRMINGHAM REF-5259,reduced_rate
pos amazon kindle 1256 birmingham uk ref-5413,zero_rated
Dd National Express 4138  Store,zero_rated
CARD ASDA SUPERMARKET 3729  DIRECT REF-8145,zero_rated
SQ *WATERSTONES LEEDS DIRECT REF-3730,zero_rated
POS ADOBE CREATIVE 7236 ONLINE REF-1153,standard_rate
CARD AMAZON KINDLE 4155 LONDON,zero_rated
XERO SOFTWARE  PLC,standard_rate
SQ *LNER TICKETS 1511 MANCHESTER PLC,zero_rated
DD AMAZON UK 8924 LEEDS DIRECT,standard_rate
SQ *HMRC SHIPLEY 8150  REF-4145,outside_scope
PAYMENT TO WESTMINSTER COUNCIL 1051 LEEDS LTD REF-8699,outside_scope
OCTOPUS ENERGY 6561  PLC,reduced_rate
POS DIRECTOR DRAWINGS 554 LONDON LTD,outside_scope
EON NEXT 8481 GLASGOW ONLINE REF-8209,reduced_rate
westminster council 1181  uk,outside_scope
octopus energy 5627 manchester online,reduced_rate
POS TESCO EXPRESS 897 UK LTD,zero_rated
SQ *BRITISH GAS 5319 BRISTOL REF-3346,reduced_rate
CARD OCTOPUS ENERGY 3243 GLASGOW PLC REF-9481,reduced_rate
DD ASDA SUPERMARKET 2506 LONDON PLC,zero_rated
SAGE SUBSCRIPTION 1694 MANCHESTER LTD,standard_rate
IZ *LNER TICKETS 1934 UK ONLINE,zero_rated
SQ *TRAINLINE 9093 MANCHESTER REF-9946,zero_rated
IZ *ADOBE CREATIVE  DIRECT REF-1012,standard_rate
Payment To Westminster Council  Ltd,outside_scope
QUICKBOOKS 1388  ONLINE REF-9222,standard_rate
PAYMENT TO XERO SOFTWARE 8868  REF-8731,standard_rate
dd royal mail 4491 glasgow plc,exempt
SQ *HMRC SHIPLEY 3697  UK,outside_scope
Sq *Aviva Insurance 5619  Plc,exempt
POS AVIVA INSURANCE 2786,exempt
Payment To Asda Supermarket 7230  Ref-2181,zero_rated
sq *lner tickets 4668 glasgow ltd,zero_rated
quickbooks 5702 online uk ref-4281,standard_rate
pos microsoft 365 glasgow online,standard_rate
Card Intra Account Transfer 1371  Online Ref-5604,outside_scope
POS EON NEXT BRISTOL REF-6610,reduced_rate
DD TFL TRAVEL  REF-7081,zero_rated
iz *intra account transfer 7307  direct,outside_scope
card eon next 8861  store ref-9810,reduced_rate
Card Trainline 6744 London Online,zero_rated
CARD HSBC BANK FEES 3404  LTD,exempt
CARD NATIONAL EXPRESS 8794 BRISTOL LTD REF-9061,zero_rated
Payment To Microsoft 365  Ltd Ref-2900,standard_rate
PAYMENT TO AMAZON KINDLE  UK REF-3134,zero_rated
BOOTS UK LONDON DIRECT,standard_rate
IZ *AA BREAKDOWN 5644 GLASGOW UK,exempt
dd adobe creative  uk,standard_rate
POS HMRC SHIPLEY 3659 BRISTOL UK REF-6487,outside_scope
payment to british gas 8082  direct,reduced_rate
SQ *AA BREAKDOWN BIRMINGHAM UK REF-1846,exempt
DD TRAINLINE 9902  STORE,zero_rated
SQ *NATIONAL EXPRESS 6358  ONLINE REF-3432,zero_rated
DD SAINSBURYS 5907  PLC,zero_rated
AA BREAKDOWN 101 MANCHESTER PLC,exempt
PAYMENT TO BARCLAYS BANK 7302 MANCHESTER UK REF-5561,exempt
DD ADOBE CREATIVE 9138  DIRECT REF-5617,standard_rate
SQ *LIDL GB 2870  UK,zero_rated
SQ *BARCLAYS BANK,exempt
SQ *EON NEXT 7352 MANCHESTER DIRECT REF-4191,reduced_rate
CARD SAGE SUBSCRIPTION MANCHESTER REF-2305,standard_rate
pos tesco stores 9360  store,zero_rated
IZ *HMRC SHIPLEY 7984 MANCHESTER,outside_scope
POS AMAZON UK  DIRECT REF-5723,standard_rate
CARD ADOBE CREATIVE 4070  PLC REF-6292,standard_rate
DD GOOGLE WORKSPACE  LTD,standard_rate
IZ *AMAZON UK 9884 ONLINE DIRECT,standard_rate
PAYMENT TO AMAZON UK 1943 UK LTD REF-3425,standard_rate
SQ *INTRA ACCOUNT TRANSFER 8386  LTD,outside_scope
DD WATERSTONES MANCHESTER PLC REF-7771,zero_rated
IZ *BRITISH GAS  PLC,reduced_rate
SQ *GOOGLE WORKSPACE 3950 UK PLC,standard_rate
DD DIRECTOR DRAWINGS 8555  PLC REF-6747,outside_scope
PAYMENT TO MICROSOFT 365  LTD,standard_rate
pos waterstones 1295  uk,zero_rated
Uber Eats 6507 Uk Uk,standard_rate
Pos Amazon Uk,standard_rate
IZ *TFL TRAVEL  PLC,zero_rated
PAYMENT TO BRITISH GAS 5036 LEEDS LTD,reduced_rate
SQ *AMAZON KINDLE 9280  ONLINE REF-6996,zero_rated
QUICKBOOKS 4124 LONDON,standard_rate
Payment To Waterstones  Ltd,zero_rated
IZ *EDF ENERGY 2518 GLASGOW,reduced_rate
POS PAYROLL TRANSFER GLASGOW ONLINE,outside_scope
IZ *BOOTS UK LEEDS,standard_rate
DD HSBC BANK FEES,exempt
OCTOPUS ENERGY 4551 LONDON STORE,reduced_rate
PAYMENT TO LIDL GB 9366 GLASGOW LTD,zero_rated
PAYMENT TO GOOGLE WORKSPACE 6001 LEEDS,standard_rate
Iz *Microsoft 365 Bristol Plc,standard_rate
SQ *TESCO STORES  STORE REF-9928,zero_rated
PAYMENT TO TRAINLINE 4330  LTD,zero_rated
Lidl Gb  Uk,zero_rated
POS ROYAL MAIL LONDON UK REF-9714,exempt
IZ *LNER TICKETS 3860  ONLINE,zero_rated
Payment To Edf Energy 6974  Plc Ref-3284,reduced_rate
Payment To British Gas  Plc Ref-6109,reduced_rate
payment to edf energy 6706 glasgow direct,reduced_rate
IZ *DELIVEROO 2293  PLC REF-9110,standard_rate
POS ROYAL MAIL 2472  STORE,exempt
IZ *ALDI STORES 7500 UK STORE,zero_rated
PAYMENT TO TESCO STORES 1989 GLASGOW ONLINE REF-5279,zero_rated
EON NEXT 2024 MANCHESTER REF-4909,reduced_rate
Card Linkedin Premium 4004 Leeds Online,standard_rate
DD TFL TRAVEL  STORE REF-3448,zero_rated
DD ROYAL MAIL 2968 UK DIRECT REF-2119,exempt
POS AMAZON UK 5663 GLASGOW ONLINE,standard_rate
POS INTRA ACCOUNT TRANSFER GLASGOW STORE,outside_scope
iz *lidl gb birmingham direct,zero_rated
Sq *Microsoft 365 Uk Uk Ref-8778,standard_rate
PAYMENT TO SAGE SUBSCRIPTION LONDON REF-7747,standard_rate
dd waterstones 1794  online,zero_rated
POS XERO SOFTWARE 316 BIRMINGHAM LTD,standard_rate
Payment To Lidl Gb 7378 Leeds Ref-7809,zero_rated
payment to edf energy leeds store ref-3856,reduced_rate
TESCO STORES 5268,zero_rated
sq *sage subscription 5741  store,standard_rate
POS WATERSTONES  ONLINE REF-9115,zero_rated
IZ *LIDL GB  REF-5183,zero_rated
POS DIRECTOR DRAWINGS 5805 GLASGOW ONLINE REF-4588,outside_scope
iz *google workspace 2750 glasgow direct,standard_rate
SQ *TRAINLINE 1405  ONLINE,zero_rated
PAYMENT TO AVIVA INSURANCE 8828 LONDON STORE REF-1883,exempt
CARD STATIONERY STATION BRISTOL DIRECT,standard_rate
DD TRAINLINE 3572 BIRMINGHAM DIRECT,zero_rated
AMAZON UK 5106  ONLINE,standard_rate
DD HMRC PAYMENTS MANCHESTER PLC,outside_scope
TFL TRAVEL 7939 BRISTOL UK,zero_rated
card aldi stores london ltd ref-6901,zero_rated
Pos Sainsburys 7828 London,zero_rated
sq *hmrc payments 5088 online plc,outside_scope
POS TESCO STORES MANCHESTER UK REF-3222,zero_rated
IZ *OCTOPUS ENERGY 3670  DIRECT,reduced_rate
Card Boots Uk Online Ltd,standard_rate
SQ *AMAZON EU 2277 ONLINE UK,standard_rate
DD XERO SOFTWARE 9734  UK,standard_rate
Sq *Octopus Energy 9561 Glasgow Direct Ref-7638,reduced_rate
card linkedin premium 8660 london store,standard_rate
TFL TRAVEL LEEDS ONLINE,zero_rated
Iz *Hmrc Payments 6458  Direct,outside_scope
HMRC PAYMENTS 9096 LEEDS PLC REF-6334,outside_scope
PAYMENT TO DIRECTOR DRAWINGS 5201 BRISTOL PLC,outside_scope
Sq *Payroll Transfer  Ltd Ref-4545,outside_scope
POS HMRC PAYMENTS 1195  LTD REF-8320,outside_scope
POS LNER TICKETS  UK REF-6262,zero_rated
DD AMAZON KINDLE  LTD,zero_rated
payment to eon next 4676  store ref-9429,reduced_rate
CARD XERO SOFTWARE 7976  PLC REF-7388,standard_rate
Iz *Tesco Express 3904 Manchester Ltd,zero_rated
DD TESCO EXPRESS 2408  DIRECT,zero_rated
Iz *Deliveroo 8258 Birmingham Store,standard_rate
IZ *HMRC SHIPLEY GLASGOW UK REF-3312,outside_scope
Payment To Octopus Energy  Store,reduced_rate
CARD DIRECTOR DRAWINGS 1880 MANCHESTER REF-6122,outside_scope
Iz *Lidl Gb Glasgow Online Ref-5543,zero_rated
Sq *Linkedin Premium Glasgow Direct Ref-6826,standard_rate
IZ *INTRA ACCOUNT TRANSFER  ONLINE,outside_scope
IZ *EDF ENERGY 3150 GLASGOW LTD REF-4312,reduced_rate
DD MICROSOFT 365 3892 BRISTOL DIRECT,standard_rate
POS LNER TICKETS 7431 BIRMINGHAM PLC,zero_rated
DD ASDA SUPERMARKET LEEDS,zero_rated
Payment To Hsbc Bank Fees Online Ltd Ref-5887,exempt
POS ALDI STORES BIRMINGHAM LTD,zero_rated
DD SAINSBURYS GLASGOW DIRECT REF-9037,zero_rated
SQ *XERO SOFTWARE  ONLINE REF-8835,standard_rate
IZ *AMAZON EU 9249  DIRECT,standard_rate
DD STATIONERY STATION 8362 MANCHESTER,standard_rate
PAYMENT TO GOOGLE WORKSPACE 7686 ONLINE PLC REF-2705,standard_rate
SQ *ROYAL MAIL 4532  LTD,exempt
SQ *AMAZON UK 6657  STORE,standard_rate
IZ *XERO SOFTWARE 5726 MANCHESTER PLC,standard_rate
adobe creative 3336  uk ref-6613,standard_rate
PAYMENT TO TESCO STORES MANCHESTER UK REF-2638,zero_rated
IZ *HMRC PAYMENTS MANCHESTER LTD,outside_scope
PAYMENT TO MICROSOFT 365 7470 LEEDS STORE REF-8506,standard_rate
CARD POST OFFICE  REF-6270,exempt
PAYMENT TO STATIONERY STATION  PLC,standard_rate
TFL TRAVEL 6580 BRISTOL LTD,zero_rated
PAYMENT TO HSBC BANK FEES BIRMINGHAM ONLINE,exempt
SQ *AMAZON EU 6912 UK ONLINE REF-7113,standard_rate
ALDI STORES 9714 UK UK REF-8896,zero_rated
Sq *Stationery Station 3753 Birmingham Online Ref-7395,standard_rate
waterstones 5013 london store,zero_rated
iz *hmrc payments 9012 uk direct,outside_scope
Sq *Barclays Bank 6940 London Plc,exempt
POS AMAZON UK 7000 ONLINE DIRECT,standard_rate
SQ *LNER TICKETS 8827 BRISTOL REF-4734,zero_rated
iz *aa breakdown manchester ltd ref-7265,exempt
Sq *Intra Account Transfer 4057  Plc Ref-3117,outside_scope
Lidl Gb London Direct,zero_rated
PAYMENT TO BRITISH GAS  PLC REF-1812,reduced_rate
SQ *POST OFFICE,exempt
DD MICROSOFT 365 4450 GLASGOW UK,standard_rate
DD ALDI STORES 259 BIRMINGHAM PLC,zero_rated
IZ *HMRC PAYMENTS 2627  ONLINE,outside_scope
DD LINKEDIN PREMIUM 6618  STORE REF-3557,standard_rate
DD SAINSBURYS 4021  ONLINE,zero_rated
IZ *MICROSOFT 365 4330  UK,standard_rate
POS DELIVEROO 2580 LEEDS REF-2439,standard_rate
DD ADOBE CREATIVE 6543 BRISTOL ONLINE,standard_rate
CARD SAINSBURYS 7134 LONDON ONLINE,zero_rated
PAYMENT TO SAGE SUBSCRIPTION 1548 LEEDS,standard_rate
sq *tesco stores  store,zero_rated
card deliveroo 7931  ref-7352,standard_rate
POS STATIONERY STATION UK LTD,standard_rate
PAYMENT TO QUICKBOOKS 113 LEEDS PLC,standard_rate
Iz *Quickbooks 7008  Plc,standard_rate
Iz *Deliveroo 4213  Ltd Ref-5385,standard_rate
payment to lner tickets manchester ltd,zero_rated
CARD EON NEXT 8405  DIRECT,reduced_rate
pos deliveroo 4891  online,standard_rate
PAYMENT TO INTRA ACCOUNT TRANSFER 9694 BRISTOL STORE,outside_scope
google workspace  direct,standard_rate
CARD SAINSBURYS 9838  DIRECT,zero_rated
TESCO EXPRESS  DIRECT REF-1686,zero_rated
IZ *QUICKBOOKS 3286  ONLINE,standard_rate
pos amazon kindle 238  ltd ref-5626,zero_rated
DD AVIVA INSURANCE 7223  UK,exempt
Payment To Linkedin Premium  Uk,standard_rate
PAYMENT TO QUICKBOOKS 2817  ONLINE REF-4562,standard_rate
SAINSBURYS  STORE,zero_rated
payment to barclays bank glasgow uk ref-9284,exempt
Iz *Deliveroo Uk Online,standard_rate
PAYMENT TO BARCLAYS BANK ONLINE DIRECT,exempt
CARD DELIVEROO 8470  ONLINE,standard_rate
CARD NATIONAL EXPRESS  DIRECT REF-3984,zero_rated
PAYMENT TO GOOGLE WORKSPACE 9070 UK ONLINE REF-2018,standard_rate
Pos Xero Software 2152 Online Store Ref-9891,standard_rate
PAYMENT TO WATERSTONES 6996 LONDON LTD,zero_rated
DD TESCO EXPRESS 4558 LONDON PLC,zero_rated
Pos Microsoft 365 7940 Bristol,standard_rate
IZ *BOOTS UK 7143  UK,standard_rate
DD XERO SOFTWARE ONLINE DIRECT REF-8392,standard_rate
microsoft 365 3174 manchester online,standard_rate
DD INTRA ACCOUNT TRANSFER 2438 BIRMINGHAM,outside_scope
DD INTRA ACCOUNT TRANSFER ONLINE LTD,outside_scope
CARD AMAZON UK 1606 LEEDS STORE REF-2552,standard_rate
TESCO STORES 7344 GLASGOW STORE REF-9375,zero_rated
sq *amazon kindle london plc,zero_rated
BOOTS UK  STORE REF-1864,standard_rate
Sq *Trainline 6203  Uk Ref-7808,zero_rated
BRITISH GAS 9939,reduced_rate
DD TESCO EXPRESS BIRMINGHAM PLC REF-3159,zero_rated
ASDA SUPERMARKET 4731,zero_rated
DD HMRC PAYMENTS 2773 BRISTOL LTD REF-1689,outside_scope
sq *adobe creative 632  direct,standard_rate
EON NEXT 7792 LONDON STORE REF-5208,reduced_rate
lidl gb uk ltd,zero_rated
dd eon next  ref-3300,reduced_rate
iz *hmrc shipley 4724  uk ref-6682,outside_scope
DD ROYAL MAIL BRISTOL DIRECT,exempt
intra account transfer 1052 manchester ref-6125,outside_scope
GOOGLE WORKSPACE 6291 BIRMINGHAM LTD REF-3403,standard_rate
POS AMAZON KINDLE 4327 UK DIRECT REF-9222,zero_rated
DD AA BREAKDOWN 4984 UK,exempt
post office 2714  online,exempt
TESCO EXPRESS 9181 ONLINE LTD REF-1672,zero_rated
DD AMAZON EU 7497  DIRECT REF-5991,standard_rate
SQ *OCTOPUS ENERGY 7955  DIRECT,reduced_rate
pos boots uk 614  online,standard_rate
dd tesco stores 6118,zero_rated
google workspace 5521  online ref-2879,standard_rate
SAGE SUBSCRIPTION 7342 BRISTOL PLC,standard_rate
IZ *PAYROLL TRANSFER 7760  PLC REF-6671,outside_scope
POST OFFICE BIRMINGHAM LTD,exempt
DD LINKEDIN PREMIUM 2123  ONLINE,standard_rate
SQ *WATERSTONES 1390  PLC,zero_rated
Uber Eats  Direct,standard_rate
CARD INTRA ACCOUNT TRANSFER 9158 MANCHESTER PLC,outside_scope
IZ *QUICKBOOKS 7946  ONLINE REF-7232,standard_rate
Pos Deliveroo Glasgow Ltd,standard_rate
Payment To Payroll Transfer 260 Glasgow Plc Ref-6491,outside_scope
PAYMENT TO BARCLAYS BANK BIRMINGHAM STORE REF-3078,exempt
POST OFFICE 7027 GLASGOW UK REF-8676,exempt
Payment To Aa Breakdown Glasgow Plc Ref-3082,exempt
POS EON NEXT 9623  PLC,reduced_rate
POST OFFICE UK DIRECT REF-1326,exempt
Pos Asda Supermarket  Plc,zero_rated
DD ALDI STORES 6574 ONLINE LTD,zero_rated
payment to microsoft 365 4564 glasgow direct,standard_rate
DD DIRECTOR DRAWINGS  LTD,outside_scope
DD BOOTS UK 2872 LEEDS REF-2209,standard_rate
PAYMENT TO OCTOPUS ENERGY 5000  ONLINE,reduced_rate
GOOGLE WORKSPACE 9612  DIRECT REF-9605,standard_rate
PAYMENT TO INTRA ACCOUNT TRANSFER 1023  STORE REF-4576,outside_scope
Sq *British Gas Uk Ref-3990,reduced_rate
dd payroll transfer manchester direct ref-6836,outside_scope
PAYMENT TO WESTMINSTER COUNCIL BRISTOL STORE,outside_scope
Payment To Tesco Stores 8766 Bristol,zero_rated
POS OCTOPUS ENERGY 4728  DIRECT REF-6242,reduced_rate
IZ *ADOBE CREATIVE 5732 LONDON PLC REF-4124,standard_rate
DD TRAINLINE UK DIRECT,zero_rated
SQ *TESCO STORES 9346  STORE REF-2375,zero_rated
DD DIRECTOR DRAWINGS 4457 MANCHESTER UK,outside_scope
CARD STATIONERY STATION  PLC REF-2137,standard_rate
SQ *TFL TRAVEL 7231  DIRECT,zero_rated
sq *hsbc bank fees 4736  plc ref-7523,exempt
DD OCTOPUS ENERGY 6168 LONDON DIRECT,reduced_rate
Card Sainsburys Birmingham Online,zero_rated
SQ *OCTOPUS ENERGY 2168  DIRECT REF-4389,reduced_rate
payment to lner tickets 299 leeds uk,zero_rated
amazon kindle 4682 leeds ltd,zero_rated
CARD SAGE SUBSCRIPTION 8275 LONDON UK,standard_rate
amazon kindle 7209 birmingham,zero_rated
CARD TESCO EXPRESS 8601  ONLINE REF-2292,zero_rated
IZ *BOOTS UK 4566  LTD REF-9773,standard_rate
Payment To Tfl Travel 7530 Bristol,zero_rated
CARD HMRC SHIPLEY LONDON DIRECT,outside_scope
Card Tfl Travel 2257 Bristol Uk Ref-9599,zero_rated
Dd Hsbc Bank Fees 8076  Uk,exempt
POS HSBC BANK FEES 1638 MANCHESTER LTD,exempt
Pos Adobe Creative 2146 Glasgow Uk,standard_rate
POS ROYAL MAIL 740  PLC,exempt
CARD DIRECTOR DRAWINGS 8556 LONDON UK REF-7769,outside_scope
IZ *MICROSOFT 365 2836 BRISTOL DIRECT,standard_rate
IZ *TRAINLINE 938 BRISTOL,zero_rated
SQ *TFL TRAVEL 9152 BRISTOL PLC,zero_rated
DD ROYAL MAIL 5089 ONLINE,exempt
CARD PAYROLL TRANSFER 5337  STORE REF-7858,outside_scope
IZ *WATERSTONES GLASGOW PLC REF-4633,zero_rated
DD UBER EATS 4666 BIRMINGHAM REF-2600,standard_rate
dd aviva insurance 2750 uk direct ref-6810,exempt
DD AMAZON KINDLE BIRMINGHAM,zero_rated
iz *stationery station 8595  store,standard_rate
DD BRITISH GAS  ONLINE,reduced_rate
POS AVIVA INSURANCE UK ONLINE,exempt
CARD HSBC BANK FEES 8696 MANCHESTER ONLINE REF-9708,exempt
HMRC SHIPLEY 3819 ONLINE ONLINE REF-5238,outside_scope
DIRECTOR DRAWINGS  LTD REF-7932,outside_scope
SQ *UBER EATS ONLINE LTD REF-6466,standard_rate
Director Drawings 4300 Uk Direct Ref-1980,outside_scope
XERO SOFTWARE 5411 MANCHESTER STORE,standard_rate
PAYMENT TO EDF ENERGY 5146  REF-6547,reduced_rate
CARD ASDA SUPERMARKET 7579  PLC,zero_rated
payment to google workspace 5165  uk,standard_rate
IZ *AMAZON KINDLE 439 MANCHESTER,zero_rated
POS AMAZON UK  LTD,standard_rate
DD XERO SOFTWARE 9063 ONLINE LTD REF-8238,standard_rate
Iz *Quickbooks Leeds Plc,standard_rate
MICROSOFT 365 4284 UK REF-9844,standard_rate
dd hsbc bank fees uk ltd ref-9243,exempt
card trainline 7860 birmingham online,zero_rated
POS LIDL GB 7163  UK REF-8132,zero_rated
DD HMRC PAYMENTS 7763 LONDON ONLINE REF-7228,outside_scope
IZ *AMAZON UK  ONLINE,standard_rate
LIDL GB 4850  UK REF-3893,zero_rated
DD MICROSOFT 365 2596,standard_rate
sq *tesco express 7029 online uk ref-1842,zero_rated
hmrc shipley 309  ltd,outside_scope
ADOBE CREATIVE 4134 MANCHESTER,standard_rate
SQ *LNER TICKETS  UK REF-9066,zero_rated
PAYMENT TO DELIVEROO 3500 LEEDS DIRECT REF-6733,standard_rate
Amazon Kindle  Online Ref-8279,zero_rated
CARD AVIVA INSURANCE 5512 LONDON ONLINE,exempt
BOOTS UK 9136 BIRMINGHAM DIRECT REF-7276,standard_rate
Pos Uber Eats 9771 Manchester Online,standard_rate
SQ *SAGE SUBSCRIPTION UK LTD,standard_rate
pos sage subscription 7036 leeds ltd,standard_rate
SQ *SAINSBURYS 585  STORE REF-8381,zero_rated
Payment To Lner Tickets  Uk,zero_rated
CARD STATIONERY STATION 8074 GLASGOW DIRECT REF-7372,standard_rate
DD HMRC PAYMENTS 6189  DIRECT REF-2862,outside_scope
LIDL GB GLASGOW ONLINE REF-9943,zero_rated
Barclays Bank 2871 Leeds Plc Ref-9252,exempt
XERO SOFTWARE 5885 LONDON UK,standard_rate
IZ *WESTMINSTER COUNCIL 5309 ONLINE STORE,outside_scope
card tesco stores 5239  ltd,zero_rated
GOOGLE WORKSPACE MANCHESTER LTD REF-8247,standard_rate
IZ *XERO SOFTWARE 1315 LONDON UK REF-1980,standard_rate
POS EDF ENERGY 3368  STORE REF-2329,reduced_rate
IZ *WATERSTONES 582 GLASGOW LTD REF-6261,zero_rated
CARD DIRECTOR DRAWINGS 1030  PLC,outside_scope
SQ *DIRECTOR DRAWINGS 3831 UK PLC,outside_scope
DD GOOGLE WORKSPACE ONLINE DIRECT REF-4207,standard_rate
POS SAGE SUBSCRIPTION 7970 LONDON UK,standard_rate
iz *director drawings 605  store,outside_scope
dd amazon uk 7704  ltd,standard_rate
sq *hsbc bank fees uk online,exempt
POS TRAINLINE 7470 BRISTOL STORE REF-2531,zero_rated
BOOTS UK 3342 LEEDS PLC REF-2763,standard_rate
BARCLAYS BANK GLASGOW LTD,exempt
lidl gb 7725 uk online,zero_rated
dd uber eats 7880 birmingham ltd ref-2299,standard_rate
PAYMENT TO XERO SOFTWARE 8736 MANCHESTER REF-4345,standard_rate
DD TESCO EXPRESS 7398 MANCHESTER ONLINE REF-8429,zero_rated
DD STATIONERY STATION UK LTD REF-3454,standard_rate
IZ *HMRC SHIPLEY 9202 LEEDS LTD,outside_scope
Iz *Aa Breakdown 6424 Bristol Plc,exempt
CARD NATIONAL EXPRESS UK STORE,zero_rated
Sq *Royal Mail 5823  Online,exempt
octopus energy 8171  online ref-3488,reduced_rate
card sage subscription  plc,standard_rate
SQ *ALDI STORES 9470 GLASGOW ONLINE,zero_rated
SQ *AMAZON UK 1578 BRISTOL LTD,standard_rate
dd westminster council manchester plc,outside_scope
sq *national express 4417 manchester online,zero_rated
sq *amazon uk 9425  direct,standard_rate
CARD HSBC BANK FEES 6110 ONLINE LTD,exempt
Payment To Eon Next 861 Birmingham Ltd,reduced_rate
PAYMENT TO INTRA ACCOUNT TRANSFER 1059  STORE REF-8408,outside_scope
PAYMENT TO HMRC PAYMENTS 9872 BRISTOL PLC,outside_scope
DD EON NEXT BRISTOL PLC,reduced_rate
Dd Sainsburys 9112 Birmingham Store,zero_rated
CARD QUICKBOOKS 7957  STORE REF-1135,standard_rate
CARD MICROSOFT 365  DIRECT,standard_rate
Card Aldi Stores Online Ltd,zero_rated
DD SAGE SUBSCRIPTION 3741 BRISTOL STORE REF-6278,standard_rate
card director drawings 7474 online uk ref-7545,outside_scope
CARD AMAZON UK 6547  PLC REF-4677,standard_rate
payment to uber eats 4589 leeds direct ref-9100,standard_rate
trainline 6492  uk,zero_rated
CARD ROYAL MAIL 3251 ONLINE ONLINE REF-1024,exempt
CARD PAYROLL TRANSFER 8763  DIRECT REF-6501,outside_scope
POS AA BREAKDOWN 9153 BRISTOL DIRECT REF-7316,exempt
AVIVA INSURANCE 3886  DIRECT,exempt
XERO SOFTWARE 8992  DIRECT REF-4412,standard_rate
DD DIRECTOR DRAWINGS 9626 GLASGOW LTD REF-1431,outside_scope
CARD OCTOPUS ENERGY  DIRECT REF-4262,reduced_rate
IZ *GOOGLE WORKSPACE 1423  LTD,standard_rate
SQ *PAYROLL TRANSFER 5334 GLASGOW,outside_scope
SQ *INTRA ACCOUNT TRANSFER LEEDS LTD REF-8961,outside_scope
PAYMENT TO WESTMINSTER COUNCIL ONLINE ONLINE REF-8182,outside_scope
POS INTRA ACCOUNT TRANSFER 3656  LTD REF-4863,outside_scope
CARD UBER EATS 7256 GLASGOW PLC,standard_rate
Pos Quickbooks 3934 London Store,standard_rate
IZ *AVIVA INSURANCE BIRMINGHAM STORE,exempt
Stationery Station Bristol Direct Ref-6200,standard_rate
PAYMENT TO INTRA ACCOUNT TRANSFER UK PLC REF-9986,outside_scope
SAINSBURYS BIRMINGHAM PLC,zero_rated
Westminster Council 8035 Leeds Direct Ref-1980,outside_scope
IZ *AVIVA INSURANCE 4293  ONLINE,exempt
SQ *ASDA SUPERMARKET 2273  ONLINE REF-3913,zero_rated
SQ *STATIONERY STATION 2585  LTD,standard_rate
POS MICROSOFT 365,standard_rate
Sq *Xero Software Online Uk,standard_rate
pos tesco express 1780 glasgow online ref-9452,zero_rated
POS AMAZON KINDLE  UK REF-3843,zero_rated
DD XERO SOFTWARE BIRMINGHAM DIRECT REF-8896,standard_rate
SQ *ROYAL MAIL 910 MANCHESTER LTD REF-8941,exempt
IZ *INTRA ACCOUNT TRANSFER  ONLINE,outside_scope
PAYMENT TO PAYROLL TRANSFER  UK,outside_scope
POS ADOBE CREATIVE 489 BRISTOL PLC REF-6604,standard_rate
edf energy 6570  store ref-4311,reduced_rate
CARD AA BREAKDOWN  STORE REF-7888,exempt
Pos Post Office  Plc,exempt
Card Barclays Bank 8942 Glasgow Online Ref-3954,exempt
AMAZON KINDLE 8038  ONLINE,zero_rated
CARD BRITISH GAS LONDON DIRECT REF-4852,reduced_rate
Sage Subscription Uk Online Ref-4924,standard_rate
Sq *Xero Software 3263 Birmingham Online,standard_rate
pos post office 2882 uk plc,exempt
payment to eon next  direct ref-5519,reduced_rate
IZ *LINKEDIN PREMIUM 2199 LEEDS LTD,standard_rate
IZ *SAGE SUBSCRIPTION 7497 MANCHESTER UK REF-1419,standard_rate
sq *sage subscription manchester,standard_rate
PAYMENT TO XERO SOFTWARE 6276  ONLINE REF-6236,standard_rate
DD WESTMINSTER COUNCIL 6271 MANCHESTER UK,outside_scope
payment to sage subscription  uk,standard_rate
Payment To Aldi Stores Birmingham,zero_rated
iz *barclays bank bristol plc ref-5545,exempt
CARD WESTMINSTER COUNCIL,outside_scope
iz *tesco stores 3946 london ref-5708,zero_rated
POS LINKEDIN PREMIUM 8975  LTD,standard_rate
dd post office 8377  direct,exempt
iz *hmrc payments london ltd,outside_scope
DD XERO SOFTWARE 9803  UK REF-9160,standard_rate
POS ROYAL MAIL  ONLINE,exempt
POS LIDL GB 8670  DIRECT,zero_rated
BRITISH GAS 2417 BRISTOL LTD REF-8515,reduced_rate
POS AMAZON UK 8435 BIRMINGHAM PLC REF-4479,standard_rate
HSBC BANK FEES LEEDS PLC,exempt
SQ *STATIONERY STATION 2409 GLASGOW ONLINE,standard_rate
CARD TRAINLINE 9936  PLC REF-9847,zero_rated
AVIVA INSURANCE UK ONLINE REF-8828,exempt
PAYMENT TO LNER TICKETS 5154 LONDON REF-4616,zero_rated
Sainsburys 8039 Glasgow Direct,zero_rated
DD NATIONAL EXPRESS 5955 GLASGOW ONLINE,zero_rated
iz *sainsburys 8896 glasgow direct,zero_rated
PAYMENT TO LIDL GB  DIRECT REF-5336,zero_rated
CARD DIRECTOR DRAWINGS  ONLINE,outside_scope
PAYMENT TO HSBC BANK FEES MANCHESTER UK REF-3036,exempt
PAYMENT TO AVIVA INSURANCE BIRMINGHAM ONLINE,exempt
IZ *DELIVEROO 9569 LONDON ONLINE,standard_rate
SQ *SAGE SUBSCRIPTION 7234  UK,standard_rate
PAYMENT TO GOOGLE WORKSPACE LEEDS DIRECT,standard_rate
trainline 5857 uk online,zero_rated
POS EDF ENERGY 8253 BIRMINGHAM UK,reduced_rate
CARD LIDL GB 7787 UK STORE,zero_rated
pos stationery station 9931  ltd,standard_rate
PAYMENT TO TFL TRAVEL BIRMINGHAM,zero_rated
CARD TESCO STORES 3280 BRISTOL ONLINE,zero_rated
card microsoft 365 7322  ltd,standard_rate
IZ *LINKEDIN PREMIUM 8241 ONLINE,standard_rate
Sq *Post Office Manchester,exempt
pos national express 1498 london plc,zero_rated
Dd Intra Account Transfer Bristol Uk,outside_scope
CARD AA BREAKDOWN 7022  DIRECT,exempt
card hsbc bank fees 9520  direct,exempt
AA BREAKDOWN 6394 BIRMINGHAM LTD REF-2574,exempt
CARD POST OFFICE  REF-9105,exempt
DD POST OFFICE ONLINE STORE,exempt
iz *edf energy manchester ltd ref-8805,reduced_rate
HMRC SHIPLEY 5645 MANCHESTER STORE,outside_scope
Sq *Edf Energy 772 Birmingham Uk Ref-9251,reduced_rate
POS TFL TRAVEL 7486 LEEDS STORE,zero_rated
POS TRAINLINE 7849 LONDON DIRECT,zero_rated
PAYMENT TO NATIONAL EXPRESS 9644 LEEDS REF-1479,zero_rated
IZ *AMAZON UK 2402 ONLINE ONLINE,standard_rate
SQ *BARCLAYS BANK 6591  UK REF-2349,exempt
Payment To Amazon Eu 9461  Plc,standard_rate
Dd Tfl Travel 4046 London Uk,zero_rated
PAYMENT TO TRAINLINE 4861  PLC REF-1693,zero_rated
Iz *Sainsburys 5470  Store,zero_rated
DD AMAZON UK LONDON ONLINE,standard_rate
Iz *Amazon Kindle 4480 Birmingham Plc,zero_rated
SQ *ASDA SUPERMARKET 3487 LEEDS,zero_rated
IZ *OCTOPUS ENERGY 7509  STORE REF-1358,reduced_rate
IZ *AMAZON KINDLE BIRMINGHAM,zero_rated
CARD TFL TRAVEL 3794 LEEDS,zero_rated
PAYMENT TO DELIVEROO 5555 BRISTOL LTD,standard_rate
octopus energy  online,reduced_rate
DD BARCLAYS BANK BRISTOL,exempt
DD ADOBE CREATIVE 4064 UK PLC,standard_rate
Pos Trainline 4553 Bristol Uk Ref-9462,zero_rated
SQ *QUICKBOOKS 5341 LEEDS STORE,standard_rate
SQ *DIRECTOR DRAWINGS GLASGOW DIRECT,outside_scope
SQ *OCTOPUS ENERGY 9044 UK PLC,reduced_rate
SQ *ADOBE CREATIVE 7167  LTD,standard_rate
Sq *Stationery Station 2326  Ltd,standard_rate
Dd Barclays Bank 4813 Online Plc,exempt
POS AMAZON KINDLE 1557 MANCHESTER ONLINE,zero_rated
CARD TRAINLINE 8784  LTD,zero_rated
POS ROYAL MAIL BIRMINGHAM UK,exempt
AMAZON UK 4768  PLC REF-3525,standard_rate
TRAINLINE 8409  LTD,zero_rated
POS PAYROLL TRANSFER 8145 MANCHESTER ONLINE,outside_scope
CARD LINKEDIN PREMIUM 1690 LEEDS,standard_rate
POS XERO SOFTWARE,standard_rate
POS PAYROLL TRANSFER UK REF-3227,outside_scope
DD AMAZON KINDLE 1802 BRISTOL ONLINE,zero_rated
POS EDF ENERGY 2450 GLASGOW STORE REF-4828,reduced_rate
NATIONAL EXPRESS UK,zero_rated
CARD LNER TICKETS  STORE,zero_rated
TRAINLINE 3997 LEEDS ONLINE,zero_rated
SQ *AMAZON EU MANCHESTER,standard_rate
PAYMENT TO STATIONERY STATION LONDON LTD,standard_rate
Sq *Microsoft 365 7042  Ref-7479,standard_rate
IZ *TFL TRAVEL 3351 BIRMINGHAM LTD,zero_rated
pos tesco stores glasgow online,zero_rated
DD POST OFFICE BRISTOL,exempt
SQ *DIRECTOR DRAWINGS 3757  STORE REF-3633,outside_scope
DD AMAZON KINDLE LONDON LTD,zero_rated
POS WESTMINSTER COUNCIL  DIRECT,outside_scope
CARD LIDL GB 4773 BIRMINGHAM DIRECT,zero_rated
POS LINKEDIN PREMIUM 6461 LEEDS LTD,standard_rate
IZ *DELIVEROO 9020 MANCHESTER PLC REF-7344,standard_rate
card post office manchester uk ref-8357,exempt
Iz *Sage Subscription 6760 Birmingham Direct,standard_rate
PAYMENT TO TFL TRAVEL  UK REF-4936,zero_rated
DD STATIONERY STATION 3710,standard_rate
sq *tfl travel 3116 birmingham online,zero_rated
Payment To Xero Software 7035  Online,standard_rate
payment to sainsburys 7611 manchester uk ref-6869,zero_rated
CARD EDF ENERGY  ONLINE REF-5123,reduced_rate
SQ *HMRC PAYMENTS  LTD,outside_scope
sq *uber eats glasgow direct,standard_rate
WESTMINSTER COUNCIL 8494  UK,outside_scope
SQ *ADOBE CREATIVE 6448 BRISTOL ONLINE,standard_rate
PAYMENT TO BRITISH GAS  REF-3244,reduced_rate
iz *amazon eu 9622 uk direct,standard_rate
dd quickbooks 8426 manchester uk,standard_rate
CARD XERO SOFTWARE 8438  PLC,standard_rate
Sq *Deliveroo Birmingham Ltd,standard_rate
DD POST OFFICE 3739 MANCHESTER ONLINE,exempt
CARD OCTOPUS ENERGY 6134 LONDON REF-2742,reduced_rate
DD STATIONERY STATION 9647 LONDON ONLINE,standard_rate
CARD WESTMINSTER COUNCIL 7484 GLASGOW,outside_scope
IZ *NATIONAL EXPRESS GLASGOW REF-5032,zero_rated
SQ *AMAZON KINDLE 5930  PLC REF-2595,zero_rated
POS SAINSBURYS  ONLINE,zero_rated
PAYMENT TO BRITISH GAS LONDON DIRECT REF-9216,reduced_rate
CARD QUICKBOOKS 372 BRISTOL LTD REF-7700,standard_rate
Sq *Octopus Energy Glasgow Plc,reduced_rate
PAYMENT TO TRAINLINE 5765 LEEDS LTD,zero_rated
CARD EON NEXT LONDON DIRECT,reduced_rate
PAYMENT TO TESCO EXPRESS 1120 UK STORE REF-9498,zero_rated
POS DELIVEROO BIRMINGHAM LTD,standard_rate
POS OCTOPUS ENERGY 9157 MANCHESTER ONLINE,reduced_rate
PAYMENT TO PAYROLL TRANSFER 750 LONDON STORE,outside_scope
Pos Amazon Uk 2377  Direct Ref-9570,standard_rate
IZ *QUICKBOOKS 8467 ONLINE UK REF-7690,standard_rate
SQ *OCTOPUS ENERGY 4519 MANCHESTER LTD REF-3040,reduced_rate
payment to microsoft 365 1583 manchester online ref-1929,standard_rate
PAYMENT TO EDF ENERGY 9100  DIRECT,reduced_rate
pos edf energy 434 manchester uk ref-1997,reduced_rate
BRITISH GAS 6225  ONLINE,reduced_rate
IZ *HMRC PAYMENTS 3999  PLC,outside_scope
Card Payroll Transfer 2122 London Direct Ref-6598,outside_scope
Iz *Westminster Council Glasgow Ref-3089,outside_scope
PAYROLL TRANSFER BIRMINGHAM ONLINE,outside_scope
Iz *Microsoft 365 3397  Online,standard_rate
IZ *HMRC SHIPLEY  DIRECT,outside_scope
POS TESCO EXPRESS 9393 GLASGOW PLC,zero_rated
iz *aldi stores,zero_rated
PAYMENT TO AA BREAKDOWN 560  STORE REF-4000,exempt
PAYMENT TO AMAZON EU UK,standard_rate
SQ *ROYAL MAIL 9853 LONDON DIRECT,exempt
PAYMENT TO LIDL GB ONLINE STORE REF-8454,zero_rated
PAYMENT TO MICROSOFT 365 9080 GLASGOW STORE REF-2240,standard_rate
Sq *Intra Account Transfer 6263 Manchester Online Ref-4482,outside_scope
dd tfl travel  online,zero_rated
sq *post office 7695 manchester direct,exempt
Dd Tesco Stores 2336  Direct Ref-5526,zero_rated
CARD ALDI STORES  PLC REF-3233,zero_rated
PAYMENT TO TESCO STORES 2715  STORE REF-6574,zero_rated
DD GOOGLE WORKSPACE GLASGOW PLC,standard_rate
DD ASDA SUPERMARKET ONLINE STORE REF-6431,zero_rated
SQ *TESCO STORES 6301 UK UK,zero_rated
Amazon Uk 8277  Direct,standard_rate
dd tfl travel  store,zero_rated
DD MICROSOFT 365 MANCHESTER ONLINE REF-1898,standard_rate
POS AMAZON EU 6863  UK REF-5225,standard_rate
IZ *TFL TRAVEL 2221  STORE REF-7313,zero_rated
Payment To Tesco Express 2453 Leeds Direct,zero_rated
SQ *WESTMINSTER COUNCIL 6408 MANCHESTER ONLINE,outside_scope
POS AMAZON EU 3205 GLASGOW DIRECT REF-9875,standard_rate
Card Post Office  Uk Ref-4695,exempt
Quickbooks Leeds Plc,standard_rate
CARD NATIONAL EXPRESS BRISTOL LTD REF-6280,zero_rated
Card Xero Software 3942 Online Ltd,standard_rate
CARD SAGE SUBSCRIPTION ONLINE UK,standard_rate
CARD TFL TRAVEL 9123,zero_rated
PAYMENT TO BRITISH GAS 2021 GLASGOW DIRECT,reduced_rate
deliveroo 1721 london plc,standard_rate
iz *national express 3738  direct,zero_rated
pos royal mail 5875 leeds,exempt
WESTMINSTER COUNCIL 8420 LONDON STORE,outside_scope
CARD AMAZON KINDLE LEEDS UK REF-9906,zero_rated
SQ *SAGE SUBSCRIPTION 8274 MANCHESTER ONLINE,standard_rate
SQ *LINKEDIN PREMIUM 916  DIRECT,standard_rate
payment to uber eats 7427 manchester online,standard_rate
IZ *NATIONAL EXPRESS MANCHESTER ONLINE REF-3885,zero_rated
DD OCTOPUS ENERGY 1843  STORE,reduced_rate
Iz *Xero Software 7424  Ltd Ref-2539,standard_rate
PAYMENT TO EON NEXT 6900  LTD REF-9793,reduced_rate
ROYAL MAIL 8731 BRISTOL DIRECT,exempt
CARD UBER EATS LEEDS STORE REF-8220,standard_rate
POS LNER TICKETS GLASGOW LTD,zero_rated
SQ *ADOBE CREATIVE 8685 ONLINE STORE,standard_rate
IZ *PAYROLL TRANSFER 8794 UK REF-3862,outside_scope
IZ *WATERSTONES  LTD REF-1579,zero_rated
DD MICROSOFT 365 6287 MANCHESTER DIRECT,standard_rate
DD TRAINLINE 1790 LONDON DIRECT,zero_rated
Payment To Amazon Eu 721  Uk,standard_rate
Sq *Aviva Insurance 8393  Plc Ref-4690,exempt
tesco express 1177  store,zero_rated
PAYMENT TO TESCO STORES 7351 GLASGOW PLC REF-9270,zero_rated
POS BRITISH GAS  REF-3400,reduced_rate
SQ *HSBC BANK FEES 4690 LEEDS DIRECT,exempt
PAYMENT TO XERO SOFTWARE 3373 MANCHESTER PLC,standard_rate
Iz *Hmrc Shipley 984 Online Direct,outside_scope
IZ *TESCO STORES 8842 GLASGOW DIRECT,zero_rated
IZ *AMAZON KINDLE 4955 BRISTOL ONLINE REF-2951,zero_rated
DD OCTOPUS ENERGY 8365 LEEDS REF-9113,reduced_rate
PAYMENT TO AVIVA INSURANCE ONLINE PLC,exempt
PAYMENT TO AA BREAKDOWN 1400  UK,exempt
Payment To Octopus Energy 1032  Online,reduced_rate
dd hmrc shipley online,outside_scope
PAYMENT TO BARCLAYS BANK 5145 LONDON ONLINE REF-3811,exempt
westminster council 6218  online,outside_scope
SAGE SUBSCRIPTION 7535 LEEDS STORE REF-8758,standard_rate
SQ *AA BREAKDOWN 6826 UK ONLINE,exempt
iz *royal mail uk,exempt
IZ *AMAZON UK BIRMINGHAM STORE REF-6548,standard_rate
CARD BRITISH GAS 3869 ONLINE STORE,reduced_rate
POS BOOTS UK 9435,standard_rate
PAYMENT TO BOOTS UK 4781 ONLINE PLC REF-9624,standard_rate
INTRA ACCOUNT TRANSFER 297  PLC,outside_scope
HMRC SHIPLEY 7799 LEEDS UK REF-1278,outside_scope
POS SAINSBURYS 4885  STORE,zero_rated
HSBC BANK FEES 7274 LONDON STORE REF-8378,exempt
CARD TRAINLINE 6060 MANCHESTER UK,zero_rated
POS GOOGLE WORKSPACE LEEDS PLC REF-5451,standard_rate
CARD HMRC SHIPLEY 2080 BIRMINGHAM DIRECT,outside_scope
Sq *Asda Supermarket 6053 Uk Plc Ref-4652,zero_rated
SQ *DIRECTOR DRAWINGS  DIRECT,outside_scope
POS TESCO STORES LEEDS DIRECT REF-1027,zero_rated
IZ *ALDI STORES MANCHESTER UK,zero_rated
PAYMENT TO SAINSBURYS 3220,zero_rated
Card Royal Mail London,exempt
AMAZON KINDLE 4842 LONDON UK,zero_rated
PAYMENT TO PAYROLL TRANSFER  PLC,outside_scope
DD OCTOPUS ENERGY 7721  DIRECT,reduced_rate
IZ *BOOTS UK 6222 LONDON,standard_rate
CARD HMRC PAYMENTS 480 ONLINE LTD,outside_scope
card quickbooks 8814  store ref-4394,standard_rate
DD GOOGLE WORKSPACE 4933 GLASGOW UK REF-6971,standard_rate
Sq *Post Office 8898  Online,exempt
PAYMENT TO MICROSOFT 365 9069 BRISTOL STORE REF-5274,standard_rate
CARD BOOTS UK 6510  ONLINE,standard_rate
IZ *NATIONAL EXPRESS 2229  ONLINE,zero_rated
national express 7868 uk ltd ref-1781,zero_rated
sq *boots uk 6476 online online ref-1594,standard_rate
POS NATIONAL EXPRESS 5713  PLC REF-5396,zero_rated
IZ *EON NEXT UK ONLINE REF-6296,reduced_rate
DD BOOTS UK 1638 MANCHESTER ONLINE REF-3680,standard_rate
CARD OCTOPUS ENERGY 8202  REF-7681,reduced_rate
SQ *WESTMINSTER COUNCIL 4855 UK REF-1494,outside_scope
SQ *BARCLAYS BANK  STORE,exempt
Pos National Express London Uk Ref-1620,zero_rated
POS ASDA SUPERMARKET GLASGOW,zero_rated
IZ *ADOBE CREATIVE  DIRECT,standard_rate
payment to deliveroo 1752  store ref-8476,standard_rate
IZ *PAYROLL TRANSFER 1876 GLASGOW,outside_scope
SQ *AA BREAKDOWN 7805 GLASGOW ONLINE REF-1536,exempt
CARD BARCLAYS BANK 4220  STORE REF-5047,exempt
Sq *Google Workspace 1818 Online,standard_rate
Payment To Octopus Energy 5976 Birmingham Ltd Ref-8385,reduced_rate
POS ALDI STORES BIRMINGHAM LTD,zero_rated
IZ *GOOGLE WORKSPACE 6236  PLC REF-1382,standard_rate
Payment To Aldi Stores 7774 Glasgow Plc,zero_rated
SQ *WESTMINSTER COUNCIL BRISTOL LTD,outside_scope
POS EDF ENERGY  UK,reduced_rate
PAYMENT TO HSBC BANK FEES  STORE REF-8293,exempt
CARD TESCO EXPRESS 4933 BRISTOL PLC,zero_rated
DD EON NEXT 2674 BIRMINGHAM PLC,reduced_rate
POST OFFICE ONLINE STORE,exempt
DD HMRC PAYMENTS GLASGOW DIRECT,outside_scope
LIDL GB BIRMINGHAM DIRECT,zero_rated
CARD DELIVEROO 7715 ONLINE DIRECT,standard_rate
Iz *Lidl Gb 855 Manchester,zero_rated
IZ *EDF ENERGY MANCHESTER LTD REF-4730,reduced_rate
Adobe Creative 9605 Manchester Ltd Ref-3051,standard_rate
card linkedin premium 6070 birmingham direct ref-3796,standard_rate
GOOGLE WORKSPACE 7233 GLASGOW PLC REF-8585,standard_rate
CARD LINKEDIN PREMIUM 6239  REF-9634,standard_rate
CARD MICROSOFT 365 761  UK REF-3220,standard_rate
Tfl Travel 8177 London Store Ref-2607,zero_rated
CARD GOOGLE WORKSPACE 9476 LONDON ONLINE REF-6961,standard_rate
POS BARCLAYS BANK 7168 UK UK,exempt
xero software 4225 leeds online,standard_rate
PAYMENT TO ROYAL MAIL 1995 BIRMINGHAM PLC,exempt
xero software london ref-5795,standard_rate
Payment To Tesco Stores Birmingham Ltd,zero_rated
SQ *DIRECTOR DRAWINGS GLASGOW ONLINE,outside_scope
SQ *TRAINLINE 5656  LTD,zero_rated
Pos Trainline Manchester Plc,zero_rated
IZ *HSBC BANK FEES  UK REF-3245,exempt
PAYMENT TO DIRECTOR DRAWINGS 6088 LEEDS ONLINE REF-5350,outside_scope
SQ *HMRC SHIPLEY 500 GLASGOW STORE REF-1547,outside_scope
POS BOOTS UK BRISTOL LTD REF-3235,standard_rate
Pos Westminster Council Uk Direct,outside_scope
iz *microsoft 365 570,standard_rate
SQ *MICROSOFT 365 462  STORE REF-6598,standard_rate
IZ *AMAZON KINDLE 5626 BRISTOL PLC,zero_rated
SQ *OCTOPUS ENERGY BIRMINGHAM DIRECT,reduced_rate
CARD HMRC SHIPLEY 9199  STORE,outside_scope
LNER TICKETS 2093 UK ONLINE,zero_rated
POS WATERSTONES 3583  UK REF-8802,zero_rated
POS AMAZON KINDLE 2691 UK ONLINE,zero_rated
STATIONERY STATION BRISTOL DIRECT,standard_rate
dd trainline 9139 uk ltd,zero_rated
POS HMRC SHIPLEY 7159 GLASGOW UK,outside_scope
TRAINLINE 9137 UK LTD REF-6582,zero_rated
PAYMENT TO PAYROLL TRANSFER 7132 GLASGOW LTD,outside_scope
Sq *Adobe Creative 3573 Bristol Direct Ref-4001,standard_rate
Pos Amazon Kindle 3060  Plc,zero_rated
Dd Hsbc Bank Fees 7540 Online Uk Ref-4974,exempt
CARD SAGE SUBSCRIPTION 8187 MANCHESTER LTD REF-1617,standard_rate
SQ *ROYAL MAIL 5002 MANCHESTER DIRECT,exempt
POS PAYROLL TRANSFER 4452  DIRECT REF-9600,outside_scope
PAYMENT TO EDF ENERGY 4330  LTD REF-7927,reduced_rate
CARD DIRECTOR DRAWINGS 6141 ONLINE STORE,outside_scope
Card Barclays Bank 3650 Birmingham Direct Ref-6224,exempt
PAYMENT TO SAINSBURYS LEEDS UK,zero_rated
DD TESCO EXPRESS 8588 LONDON DIRECT,zero_rated
Iz *Amazon Eu 5883 Uk Ltd Ref-7166,standard_rate
PAYMENT TO OCTOPUS ENERGY UK,reduced_rate
iz *hmrc payments 2759 leeds ltd,outside_scope
POS ADOBE CREATIVE 868  REF-4709,standard_rate
CARD LIDL GB 595 GLASGOW,zero_rated
SQ *TRAINLINE 101  STORE,zero_rated
SQ *HMRC SHIPLEY MANCHESTER,outside_scope
sq *aldi stores  uk ref-1214,zero_rated
DD TESCO EXPRESS 6663 ONLINE UK,zero_rated
IZ *BRITISH GAS 8727 LONDON PLC,reduced_rate
PAYMENT TO SAGE SUBSCRIPTION 441,standard_rate
OCTOPUS ENERGY 762  ONLINE,reduced_rate
pos edf energy 2741  store ref-5076,reduced_rate
Iz *Aviva Insurance 646  Plc,exempt
sq *deliveroo 6715 online online,standard_rate
SQ *HMRC SHIPLEY 1983 UK LTD,outside_scope
DD ALDI STORES 4472  PLC REF-4783,zero_rated
SQ *AA BREAKDOWN 1818  PLC,exempt
Uber Eats 2180 Leeds Ltd,standard_rate
IZ *OCTOPUS ENERGY 792 BIRMINGHAM LTD,reduced_rate
Westminster Council Glasgow Uk Ref-6525,outside_scope
CARD GOOGLE WORKSPACE 6516  STORE,standard_rate
DD DIRECTOR DRAWINGS 7056  STORE REF-8710,outside_scope
IZ *ROYAL MAIL ONLINE STORE REF-3525,exempt
Iz *Aviva Insurance 9113  Store Ref-9908,exempt
WATERSTONES 7682  DIRECT REF-9487,zero_rated
POS EON NEXT 7647  STORE,reduced_rate
IZ *ROYAL MAIL 2568  ONLINE REF-7174,exempt
POS OCTOPUS ENERGY 2345 LONDON STORE,reduced_rate
Pos Hmrc Shipley 6429 Manchester,outside_scope
SQ *HMRC SHIPLEY 4389 GLASGOW LTD REF-8429,outside_scope
DD SAINSBURYS 6970 LONDON PLC,zero_rated
Pos Sainsburys 2346  Ltd,zero_rated
PAYMENT TO AA BREAKDOWN ONLINE PLC,exempt
IZ *TRAINLINE 1855  DIRECT,zero_rated
PAYMENT TO BRITISH GAS 3165  UK REF-6018,reduced_rate
PAYMENT TO AVIVA INSURANCE 9602 MANCHESTER DIRECT,exempt
Sq *Payroll Transfer 3240 Leeds Plc Ref-3726,outside_scope
SQ *ADOBE CREATIVE  DIRECT,standard_rate
westminster council bristol ltd,outside_scope
SQ *GOOGLE WORKSPACE UK LTD,standard_rate
SQ *DIRECTOR DRAWINGS 8312 BIRMINGHAM STORE,outside_scope
CARD WESTMINSTER COUNCIL 9768 BIRMINGHAM PLC,outside_scope
CARD TESCO EXPRESS 2439 BIRMINGHAM STORE REF-8179,zero_rated
POS TRAINLINE 5369 BRISTOL PLC,zero_rated
CARD BARCLAYS BANK 5309  DIRECT,exempt
Hmrc Payments 5684  Plc Ref-9272,outside_scope
EDF ENERGY BIRMINGHAM REF-2957,reduced_rate
AVIVA INSURANCE 2926  UK,exempt
POS BOOTS UK 7767 LEEDS REF-7435,standard_rate
IZ *INTRA ACCOUNT TRANSFER  UK,outside_scope
lidl gb,zero_rated
CARD POST OFFICE BIRMINGHAM,exempt
PAYMENT TO TESCO STORES 9225  DIRECT,zero_rated
DD EDF ENERGY 6449  REF-7484,reduced_rate
SQ *EDF ENERGY 3392 ONLINE STORE,reduced_rate
DD DIRECTOR DRAWINGS 8866 MANCHESTER PLC,outside_scope
SQ *TESCO EXPRESS 5011 UK,zero_rated
PAYMENT TO HMRC PAYMENTS 3207 ONLINE PLC,outside_scope
AA BREAKDOWN 3359 ONLINE STORE,exempt
IZ *BRITISH GAS ONLINE STORE,reduced_rate
PAYMENT TO POST OFFICE ONLINE UK,exempt
POS AMAZON UK 8164  REF-4308,standard_rate
Iz *Aa Breakdown 9507 Manchester Direct,exempt
PAYMENT TO LNER TICKETS 965 GLASGOW PLC,zero_rated
POS INTRA ACCOUNT TRANSFER UK ONLINE REF-4947,outside_scope
IZ *WESTMINSTER COUNCIL UK DIRECT,outside_scope
PAYMENT TO LINKEDIN PREMIUM LONDON ONLINE REF-9625,standard_rate
payment to director drawings 4679 london uk,outside_scope
POS GOOGLE WORKSPACE 6728 BRISTOL ONLINE,standard_rate
PAYMENT TO INTRA ACCOUNT TRANSFER 8892 LEEDS ONLINE,outside_scope
iz *royal mail  ltd,exempt
Payment To Asda Supermarket  Plc,zero_rated
PAYMENT TO ROYAL MAIL 7245 BIRMINGHAM STORE REF-4721,exempt
PAYMENT TO AA BREAKDOWN 1384  PLC REF-7969,exempt
SQ *AVIVA INSURANCE 4495 BRISTOL STORE,exempt
AMAZON EU 2969 ONLINE ONLINE,standard_rate
boots uk 1097 glasgow plc,standard_rate
DD HMRC PAYMENTS 8422  UK REF-3222,outside_scope
ALDI STORES 7462  STORE,zero_rated
BARCLAYS BANK,exempt
PAYMENT TO SAINSBURYS 8746  LTD REF-6134,zero_rated
sq *intra account transfer 227  plc,outside_scope
IZ *ROYAL MAIL LEEDS UK,exempt
CARD ROYAL MAIL 3062 BIRMINGHAM DIRECT,exempt
IZ *WATERSTONES 6869 GLASGOW PLC,zero_rated
BOOTS UK 2634 GLASGOW UK,standard_rate
PAYMENT TO ASDA SUPERMARKET 1562 BRISTOL,zero_rated
ROYAL MAIL 757  LTD REF-6623,exempt
IZ *SAGE SUBSCRIPTION 5517  STORE REF-1866,standard_rate
Quickbooks 6666 Leeds Plc,standard_rate
DD WATERSTONES 583 MANCHESTER PLC,zero_rated
PAYMENT TO XERO SOFTWARE GLASGOW PLC REF-6658,standard_rate
POS AA BREAKDOWN 3129  STORE,exempt
DD WESTMINSTER COUNCIL 5737  ONLINE,outside_scope
iz *sage subscription  online ref-3646,standard_rate
PAYMENT TO AMAZON KINDLE 8629  STORE REF-4748,zero_rated
XERO SOFTWARE 1458  STORE,standard_rate
DD AMAZON KINDLE MANCHESTER DIRECT REF-6022,zero_rated
Card Westminster Council Uk Store Ref-8130,outside_scope
CARD DELIVEROO LONDON LTD REF-5256,standard_rate
SQ *MICROSOFT 365 5233 MANCHESTER PLC,standard_rate
sq *hsbc bank fees 5201  store,exempt
CARD POST OFFICE 1447  UK REF-4055,exempt
CARD GOOGLE WORKSPACE 9687 GLASGOW DIRECT,standard_rate
PAYMENT TO WESTMINSTER COUNCIL 3046  ONLINE REF-4532,outside_scope
IZ *DIRECTOR DRAWINGS 1837  ONLINE,outside_scope
POS EDF ENERGY  ONLINE REF-2089,reduced_rate
IZ *UBER EATS 7985 UK UK REF-2818,standard_rate
Pos Deliveroo 994  Direct,standard_rate
PAYMENT TO TRAINLINE 9054 BRISTOL LTD REF-1267,zero_rated
payment to tesco stores 5981 leeds,zero_rated
CARD BOOTS UK 2969 BRISTOL PLC,standard_rate
INTRA ACCOUNT TRANSFER GLASGOW PLC REF-6308,outside_scope
IZ *AMAZON UK 8137 MANCHESTER DIRECT REF-9837,standard_rate
PAYMENT TO LIDL GB 1849  ONLINE REF-6886,zero_rated
iz *aviva insurance 5600 online direct ref-9334,exempt
Sq *British Gas 2086 Online Online Ref-9646,reduced_rate
DD AMAZON KINDLE GLASGOW ONLINE,zero_rated
IZ *ASDA SUPERMARKET 8624  LTD,zero_rated
CARD MICROSOFT 365 7009 BRISTOL UK,standard_rate
IZ *OCTOPUS ENERGY 2353 LEEDS UK,reduced_rate
DD BARCLAYS BANK 5147 LONDON STORE,exempt
pos octopus energy 4404 manchester uk,reduced_rate
Pos Waterstones 6522 Manchester Online Ref-5263,zero_rated
SQ *LIDL GB 2319  LTD,zero_rated
POS DIRECTOR DRAWINGS 3075  UK,outside_scope
CARD ASDA SUPERMARKET 4441,zero_rated
AVIVA INSURANCE MANCHESTER PLC,exempt
Dd Quickbooks Uk,standard_rate
AVIVA INSURANCE  PLC REF-2929,exempt
IZ *DIRECTOR DRAWINGS 5516  DIRECT,outside_scope
payment to payroll transfer 5046 birmingham uk ref-6477,outside_scope
DD MICROSOFT 365 2331 UK,standard_rate
payment to xero software 9713 glasgow ltd,standard_rate
DD GOOGLE WORKSPACE 9155  ONLINE REF-6314,standard_rate
IZ *QUICKBOOKS 5505 BRISTOL DIRECT REF-9844,standard_rate
PAYMENT TO ALDI STORES 2689,zero_rated
Card Google Workspace London Online,standard_rate
DD TRAINLINE 1474 LONDON LTD REF-9272,zero_rated
CARD WESTMINSTER COUNCIL 8285 LEEDS PLC REF-5173,outside_scope
CARD POST OFFICE 1883  LTD REF-5969,exempt
CARD EDF ENERGY LEEDS LTD,reduced_rate
CARD XERO SOFTWARE 9339  STORE REF-7130,standard_rate
CARD BARCLAYS BANK 4795 BRISTOL,exempt
POS EDF ENERGY  PLC,reduced_rate
POS AMAZON EU 3015  ONLINE,standard_rate
PAYMENT TO AMAZON KINDLE 3693 ONLINE LTD REF-4853,zero_rated
dd microsoft 365 3439 manchester ltd,standard_rate
Card Asda Supermarket 746 Manchester Uk Ref-6901,zero_rated
PAYMENT TO EON NEXT 6380  ONLINE,reduced_rate
iz *asda supermarket 5985  plc ref-3701,zero_rated
IZ *AVIVA INSURANCE  LTD REF-5427,exempt
DD EDF ENERGY BIRMINGHAM LTD REF-2104,reduced_rate
SQ *WATERSTONES 6294  REF-1847,zero_rated
DD QUICKBOOKS 3309 LONDON,standard_rate
DD NATIONAL EXPRESS GLASGOW LTD REF-4282,zero_rated
CARD HSBC BANK FEES 2275 ONLINE STORE,exempt
IZ *BRITISH GAS 8772 BIRMINGHAM PLC REF-7919,reduced_rate
POS AMAZON KINDLE GLASGOW STORE REF-4586,zero_rated
card tfl travel 3221 bristol ltd ref-3581,zero_rated
payment to post office manchester uk,exempt
Payment To Aa Breakdown 4759  Plc,exempt
AMAZON EU  PLC REF-6047,standard_rate
PAYMENT TO WESTMINSTER COUNCIL  STORE,outside_scope
sq *british gas london ltd ref-8354,reduced_rate
Dd Sage Subscription 9140 Manchester Ltd,standard_rate
PAYMENT TO SAGE SUBSCRIPTION LEEDS STORE REF-1132,standard_rate
PAYMENT TO LNER TICKETS  ONLINE,zero_rated
DD AMAZON UK  PLC,standard_rate
CARD DIRECTOR DRAWINGS 8457  ONLINE REF-3720,outside_scope
Dd Microsoft 365  Plc,standard_rate
ALDI STORES 7411  ONLINE,zero_rated
PAYMENT TO STATIONERY STATION 656 BRISTOL LTD REF-9931,standard_rate
IZ *AMAZON EU 8666  STORE REF-2684,standard_rate
dd aviva insurance 4659  store ref-8170,exempt
HSBC BANK FEES  ONLINE,exempt
POST OFFICE 5463 ONLINE PLC,exempt
IZ *WESTMINSTER COUNCIL 6530  UK,outside_scope
BOOTS UK 1929 LEEDS UK,standard_rate
IZ *TRAINLINE GLASGOW,zero_rated
DD AMAZON EU BIRMINGHAM UK REF-3973,standard_rate
Pos Tfl Travel  Ltd Ref-6850,zero_rated
PAYMENT TO AMAZON EU 317 LEEDS DIRECT,standard_rate
CARD HSBC BANK FEES  PLC,exempt
PAYMENT TO QUICKBOOKS 2005  LTD REF-9208,standard_rate
DD POST OFFICE 4043 UK UK,exempt
POS HMRC PAYMENTS 2560 LONDON UK,outside_scope
SQ *BARCLAYS BANK 3210  DIRECT,exempt
PAYMENT TO INTRA ACCOUNT TRANSFER 5909 LEEDS DIRECT,outside_scope
card tesco stores uk ltd ref-6374,zero_rated
stationery station  uk,standard_rate
PAYMENT TO XERO SOFTWARE 2627,standard_rate
SQ *DIRECTOR DRAWINGS 5703  UK REF-3288,outside_scope
DD ROYAL MAIL 9887  LTD,exempt
DD ALDI STORES  ONLINE REF-3196,zero_rated
CARD EDF ENERGY 551 BRISTOL LTD REF-9041,reduced_rate
iz *lner tickets birmingham ref-7599,zero_rated
IZ *HMRC PAYMENTS 2236 GLASGOW DIRECT,outside_scope
Sq *Google Workspace 5556 Birmingham Store Ref-1708,standard_rate
SQ *SAINSBURYS 8477  PLC REF-3545,zero_rated
POS DELIVEROO 429 LONDON ONLINE,standard_rate
IZ *HMRC PAYMENTS 3187  PLC REF-9438,outside_scope
PAYMENT TO WATERSTONES 7256 BIRMINGHAM STORE,zero_rated
payment to aviva insurance 643  plc,exempt
ASDA SUPERMARKET 811 ONLINE ONLINE REF-8028,zero_rated
ADOBE CREATIVE 9692 LEEDS LTD,standard_rate
SQ *WESTMINSTER COUNCIL 9202 LONDON STORE REF-5113,outside_scope
IZ *INTRA ACCOUNT TRANSFER LONDON ONLINE REF-8441,outside_scope
POST OFFICE 853 BRISTOL REF-6004,exempt
SQ *NATIONAL EXPRESS GLASGOW ONLINE REF-2140,zero_rated
IZ *LINKEDIN PREMIUM 952  REF-2664,standard_rate
IZ *SAGE SUBSCRIPTION 4089  STORE,standard_rate
CARD LINKEDIN PREMIUM 7281 LONDON STORE REF-7278,standard_rate
Google Workspace 6910 Online Ltd,standard_rate
pos aviva insurance 5207  plc ref-6002,exempt
payment to trainline 2119  plc ref-6326,zero_rated
IZ *AVIVA INSURANCE BIRMINGHAM STORE,exempt
INTRA ACCOUNT TRANSFER 8289 GLASGOW UK REF-7588,outside_scope
POS BRITISH GAS 5560  REF-2039,reduced_rate
SQ *GOOGLE WORKSPACE 6541 GLASGOW STORE,standard_rate
SQ *AMAZON EU 7760 GLASGOW LTD,standard_rate
ROYAL MAIL 8113 LEEDS REF-3247,exempt
sq *post office  ltd,exempt
POS LNER TICKETS 4430  DIRECT REF-7003,zero_rated
IZ *XERO SOFTWARE 7788  DIRECT REF-5262,standard_rate
Payment To Aldi Stores 4455,zero_rated
SQ *ROYAL MAIL,exempt
Payment To Sage Subscription 1186  Direct,standard_rate
SQ *ALDI STORES UK ONLINE,zero_rated
Dd Sainsburys  Online,zero_rated
PAYMENT TO BARCLAYS BANK 1302 LONDON PLC,exempt
CARD BRITISH GAS 6026  STORE,reduced_rate
dd lidl gb 5141  direct,zero_rated
CARD HSBC BANK FEES 9023  UK,exempt
Pos Adobe Creative 2779  Ref-8618,standard_rate
SQ *ALDI STORES 4167  STORE,zero_rated
SQ *TESCO STORES,zero_rated
Dd Sainsburys Online Direct,zero_rated
PAYMENT TO BARCLAYS BANK 4300 GLASGOW REF-8657,exempt
PAYMENT TO BRITISH GAS  ONLINE,reduced_rate
Card Stationery Station 8913 Online Plc Ref-9176,standard_rate
DD GOOGLE WORKSPACE 3240 UK PLC,standard_rate
dd post office 4102 manchester plc ref-2351,exempt
SQ *UBER EATS 9019  ONLINE,standard_rate
Pos Octopus Energy 103 Manchester Ltd Ref-4149,reduced_rate
DD LIDL GB 8853 GLASGOW UK REF-7382,zero_rated
pos lner tickets 6617 london direct,zero_rated
pos adobe creative 1178 birmingham,standard_rate
Card Sage Subscription Bristol Store,standard_rate
SQ *GOOGLE WORKSPACE 5747  REF-9023,standard_rate
SQ *LNER TICKETS ONLINE REF-7054,zero_rated
POS HMRC PAYMENTS 2777 LONDON REF-7654,outside_scope
pos amazon eu 405  direct,standard_rate
CARD ADOBE CREATIVE  ONLINE,standard_rate
IZ *WESTMINSTER COUNCIL  LTD REF-2604,outside_scope
Payment To Aa Breakdown 3445  Store Ref-7964,exempt
CARD WESTMINSTER COUNCIL 8169 MANCHESTER STORE,outside_scope
IZ *XERO SOFTWARE  STORE,standard_rate
POS ROYAL MAIL MANCHESTER UK REF-8315,exempt
PAYMENT TO INTRA ACCOUNT TRANSFER BRISTOL DIRECT REF-4524,outside_scope
PAYMENT TO ADOBE CREATIVE 7646 ONLINE STORE REF-6014,standard_rate
PAYMENT TO BRITISH GAS 4496  DIRECT,reduced_rate
CARD LNER TICKETS  ONLINE,zero_rated
QUICKBOOKS 359 BIRMINGHAM REF-3181,standard_rate
Sq *Aviva Insurance  Store,exempt
EON NEXT BIRMINGHAM STORE REF-2144,reduced_rate
DD LIDL GB UK STORE REF-5041,zero_rated
payment to xero software 1650 bristol plc,standard_rate
CARD LIDL GB GLASGOW DIRECT,zero_rated
HMRC SHIPLEY 4397 LONDON UK REF-8851,outside_scope
CARD SAINSBURYS MANCHESTER UK,zero_rated
pos royal mail 7017  uk,exempt
card barclays bank 9788  plc,exempt
Pos Hmrc Shipley 6082  Store Ref-7861,outside_scope
Sq *Amazon Kindle Uk Ltd,zero_rated
card amazon uk  direct ref-6556,standard_rate
Card Royal Mail 3476 Bristol Uk,exempt
CARD BRITISH GAS 7755 BIRMINGHAM LTD,reduced_rate
payment to lner tickets 1607 online direct,zero_rated
Card Quickbooks 4799 Glasgow Ref-5673,standard_rate
SQ *HSBC BANK FEES 4693 BIRMINGHAM STORE REF-1287,exempt
AVIVA INSURANCE  STORE,exempt
OCTOPUS ENERGY 4118 BRISTOL ONLINE,reduced_rate
dd hmrc payments 610 manchester,outside_scope
pos stationery station 8202 bristol store,standard_rate
IZ *AA BREAKDOWN 6619,exempt
IZ *BRITISH GAS LEEDS DIRECT,reduced_rate
HMRC SHIPLEY 7212 UK ONLINE,outside_scope
SQ *LNER TICKETS 9226 LONDON PLC REF-3748,zero_rated
POS NATIONAL EXPRESS 3457 MANCHESTER DIRECT REF-3691,zero_rated
POST OFFICE LEEDS UK,exempt
IZ *WESTMINSTER COUNCIL 8840  PLC REF-5620,outside_scope
POS UBER EATS 445  DIRECT REF-9179,standard_rate
CARD BARCLAYS BANK 4479  STORE,exempt
PAYMENT TO INTRA ACCOUNT TRANSFER 1467 MANCHESTER DIRECT,outside_scope
dd trainline  online,zero_rated
SQ *BOOTS UK 5155 ONLINE ONLINE,standard_rate
POS BARCLAYS BANK 9425 MANCHESTER DIRECT,exempt
Payment To Boots Uk 6044 London Plc Ref-4706,standard_rate
POS UBER EATS  UK,standard_rate
DD ADOBE CREATIVE  REF-2696,standard_rate
IZ *SAGE SUBSCRIPTION 7131 GLASGOW UK,standard_rate
IZ *ROYAL MAIL 2900 BIRMINGHAM LTD REF-2023,exempt
POS INTRA ACCOUNT TRANSFER BRISTOL ONLINE REF-3413,outside_scope
DD XERO SOFTWARE 1103  UK,standard_rate
DD EON NEXT,reduced_rate
POS MICROSOFT 365 3081  ONLINE REF-6453,standard_rate
Pos Barclays Bank 1663  Uk,exempt
IZ *NATIONAL EXPRESS,zero_rated
pos asda supermarket 6018  online,zero_rated
Card Waterstones 1858  Online,zero_rated
payment to payroll transfer 747 uk ref-4255,outside_scope
GOOGLE WORKSPACE 9695  LTD,standard_rate
SQ *WESTMINSTER COUNCIL  UK REF-3765,outside_scope
Dd Sage Subscription 4981  Store Ref-8015,standard_rate
CARD INTRA ACCOUNT TRANSFER 6527  PLC,outside_scope
PAYMENT TO HMRC SHIPLEY 7807 UK LTD,outside_scope
DD QUICKBOOKS 1637 BRISTOL ONLINE,standard_rate
PAYMENT TO ASDA SUPERMARKET 2038  DIRECT,zero_rated
Pos Boots Uk 9949 Leeds Store,standard_rate
sq *boots uk 2420 uk uk ref-6973,standard_rate
PAYMENT TO ROYAL MAIL MANCHESTER LTD,exempt
IZ *ASDA SUPERMARKET 4495  PLC REF-2522,zero_rated
payment to payroll transfer  online ref-9992,outside_scope
CARD AMAZON EU LEEDS DIRECT REF-7489,standard_rate
IZ *EON NEXT 3625  REF-8158,reduced_rate
IZ *AMAZON UK UK STORE,standard_rate
Pos Edf Energy Bristol Online,reduced_rate
DD AMAZON EU  STORE REF-8567,standard_rate
pos royal mail 120  ltd,exempt
IZ *TESCO STORES 8005 BRISTOL UK REF-4993,zero_rated
ALDI STORES 1208  UK REF-2063,zero_rated
DD DELIVEROO UK STORE REF-7881,standard_rate
payment to boots uk 9367 bristol direct,standard_rate
Quickbooks 626 Birmingham Store,standard_rate
Pos Lidl Gb 2896 Manchester Uk Ref-2047,zero_rated
TESCO STORES 7416 UK STORE,zero_rated
PAYMENT TO PAYROLL TRANSFER 4346 GLASGOW LTD,outside_scope
SQ *DELIVEROO 4029 ONLINE STORE REF-1759,standard_rate
CARD UBER EATS UK PLC REF-8659,standard_rate
Payment To Stationery Station  Direct,standard_rate
SQ *ALDI STORES MANCHESTER STORE,zero_rated
PAYMENT TO HMRC PAYMENTS 7134 GLASGOW STORE,outside_scope
SQ *HMRC PAYMENTS 856 MANCHESTER STORE,outside_scope
payment to google workspace 2250 bristol ltd,standard_rate
POS AMAZON UK  DIRECT REF-7535,standard_rate
pos lidl gb 5346 birmingham direct,zero_rated
POS DIRECTOR DRAWINGS 4264  PLC,outside_scope
Westminster Council 5581 Uk Uk,outside_scope
PAYMENT TO BOOTS UK 1748 LONDON UK,standard_rate
Dd Tesco Stores,zero_rated
SQ *BARCLAYS BANK  UK,exempt
DD AVIVA INSURANCE BIRMINGHAM LTD REF-9451,exempt
PAYMENT TO BARCLAYS BANK 4844  LTD,exempt
DD TFL TRAVEL  UK,zero_rated
DD LNER TICKETS 5407  UK,zero_rated
payment to boots uk 3035 uk uk ref-4296,standard_rate
LINKEDIN PREMIUM 9690 LEEDS UK,standard_rate
PAYMENT TO DIRECTOR DRAWINGS  DIRECT,outside_scope
IZ *PAYROLL TRANSFER 7089 UK ONLINE REF-8696,outside_scope
EON NEXT 8448 GLASGOW PLC,reduced_rate
pos amazon eu 6838 leeds online ref-2986,standard_rate
PAYMENT TO HSBC BANK FEES 5218,exempt
Dd Asda Supermarket 405 Manchester Uk Ref-1511,zero_rated
Card Linkedin Premium 738 Manchester Plc,standard_rate
IZ *QUICKBOOKS 648  ONLINE REF-7104,standard_rate
sq *google workspace 5528 london,standard_rate
Pos Lidl Gb 6560 London Ltd,zero_rated
Pos Octopus Energy  Direct Ref-7287,reduced_rate
dd royal mail 6707 online ltd,exempt
SQ *DIRECTOR DRAWINGS 552 UK REF-1712,outside_scope
CARD BOOTS UK 2246 LONDON ONLINE,standard_rate
iz *amazon eu uk uk,standard_rate
DD AMAZON UK 4736 LEEDS DIRECT REF-4102,standard_rate
SQ *ROYAL MAIL,exempt
SQ *HMRC PAYMENTS 4641 LEEDS UK REF-2230,outside_scope
payment to linkedin premium 1673 uk,standard_rate
dd national express 6446 glasgow direct,zero_rated
Pos Google Workspace Leeds Direct Ref-4760,standard_rate
card payroll transfer 9903  ref-9078,outside_scope
IZ *GOOGLE WORKSPACE BIRMINGHAM PLC,standard_rate
IZ *POST OFFICE 8300 GLASGOW ONLINE,exempt
sq *aviva insurance glasgow online,exempt
pos asda supermarket 9999 london direct ref-5990,zero_rated
DD LNER TICKETS  LTD REF-8843,zero_rated
SQ *INTRA ACCOUNT TRANSFER 4917 LEEDS DIRECT REF-7600,outside_scope
EDF ENERGY 782 LONDON UK,reduced_rate
IZ *ASDA SUPERMARKET  ONLINE,zero_rated
POS ROYAL MAIL 2337  UK,exempt
PAYMENT TO AVIVA INSURANCE  ONLINE REF-9101,exempt
POS MICROSOFT 365 4513  STORE,standard_rate
Card Hsbc Bank Fees 782 Birmingham Plc,exempt
DD LIDL GB 6002  DIRECT REF-3527,zero_rated
POS GOOGLE WORKSPACE 6752  LTD REF-5838,standard_rate
POS WATERSTONES 3973 GLASGOW LTD,zero_rated
IZ *LNER TICKETS 9737 GLASGOW PLC,zero_rated
TESCO EXPRESS 2954,zero_rated
POS BARCLAYS BANK  PLC,exempt
PAYMENT TO EON NEXT 2997 UK PLC REF-9195,reduced_rate
IZ *POST OFFICE 979 ONLINE UK,exempt
POS STATIONERY STATION 2481 ONLINE UK REF-9441,standard_rate
IZ *PAYROLL TRANSFER 4722  DIRECT,outside_scope
POS LINKEDIN PREMIUM 3073  STORE REF-7800,standard_rate
Payment To Royal Mail 8692 Uk Plc,exempt
SQ *EDF ENERGY 5705 ONLINE,reduced_rate
AA BREAKDOWN 2312  ONLINE REF-2059,exempt
CARD ASDA SUPERMARKET LEEDS PLC REF-4170,zero_rated
SQ *EDF ENERGY 3832  UK REF-4669,reduced_rate
POS OCTOPUS ENERGY 6941  PLC REF-3484,reduced_rate
IZ *TESCO STORES 1746 MANCHESTER LTD,zero_rated
sq *sage subscription 4725 glasgow online,standard_rate
PAYMENT TO SAGE SUBSCRIPTION  PLC,standard_rate
SQ *STATIONERY STATION 1506  DIRECT REF-8068,standard_rate
POST OFFICE 2516  REF-4046,exempt
Sq *Amazon Uk 7239 Bristol Ref-6169,standard_rate
card national express 8018 glasgow plc,zero_rated
PAYMENT TO TESCO EXPRESS 5582 LONDON DIRECT,zero_rated
card amazon eu 6831  store,standard_rate
DD INTRA ACCOUNT TRANSFER MANCHESTER UK REF-2505,outside_scope
DD ALDI STORES 1505  ONLINE,zero_rated
POS DELIVEROO 4043  UK REF-9489,standard_rate
sq *aldi stores 8636 online ltd,zero_rated
MICROSOFT 365 7442  PLC REF-1371,standard_rate
PAYMENT TO SAINSBURYS ONLINE STORE,zero_rated
SQ *SAGE SUBSCRIPTION 7143  ONLINE,standard_rate
IZ *DELIVEROO 3348,standard_rate
CARD AMAZON EU  DIRECT,standard_rate
SQ *TFL TRAVEL 8109  REF-6997,zero_rated
CARD STATIONERY STATION 7203 MANCHESTER DIRECT,standard_rate
AMAZON EU 9195 ONLINE PLC,standard_rate
Dd Lner Tickets 9040 Online Direct,zero_rated
trainline 3163 glasgow plc,zero_rated
CARD AMAZON KINDLE 3639 BIRMINGHAM,zero_rated
PAYMENT TO TESCO STORES 3027 BRISTOL LTD,zero_rated
CARD BARCLAYS BANK 6650 UK,exempt
DD STATIONERY STATION 7332,standard_rate
PAYMENT TO HMRC SHIPLEY 7518  STORE,outside_scope
SQ *PAYROLL TRANSFER 5626,outside_scope
POS LIDL GB 3023 LEEDS DIRECT REF-2776,zero_rated
CARD BARCLAYS BANK 4910 ONLINE DIRECT,exempt
IZ *DELIVEROO ONLINE STORE,standard_rate
Aviva Insurance 389 Uk Store,exempt
amazon uk 2725  plc ref-6196,standard_rate
CARD DIRECTOR DRAWINGS 5934  DIRECT,outside_scope
PAYMENT TO TESCO EXPRESS 9503  UK,zero_rated
IZ *SAGE SUBSCRIPTION 2569 UK,standard_rate
LNER TICKETS 9116  DIRECT REF-4194,zero_rated
Iz *Asda Supermarket Leeds Ltd,zero_rated
sq *sage subscription  ref-3885,standard_rate
IZ *EON NEXT 8153  ONLINE REF-5259,reduced_rate
SQ *AMAZON UK,standard_rate
SAGE SUBSCRIPTION 4845 BRISTOL STORE,standard_rate
CARD HMRC SHIPLEY 191 BIRMINGHAM PLC,outside_scope
AMAZON UK 1950  STORE,standard_rate
DD STATIONERY STATION 3879 ONLINE LTD,standard_rate
ROYAL MAIL 2218  ONLINE,exempt
IZ *STATIONERY STATION 7639  ONLINE,standard_rate
PAYROLL TRANSFER 1315 UK REF-5935,outside_scope
IZ *DELIVEROO  UK,standard_rate
PAYMENT TO AMAZON KINDLE 662 BIRMINGHAM PLC,zero_rated
IZ *WESTMINSTER COUNCIL 5283  UK,outside_scope
Pos Aa Breakdown  Ltd,exempt
british gas 6239  uk,reduced_rate
DD ADOBE CREATIVE 6649  UK,standard_rate
stationery station 5207 manchester store,standard_rate
SQ *AMAZON KINDLE 4931 ONLINE UK,zero_rated
CARD STATIONERY STATION 8067 BIRMINGHAM STORE REF-8757,standard_rate
Iz *Aviva Insurance 3035 London Ltd,exempt
SQ *TESCO EXPRESS 9133  DIRECT REF-4522,zero_rated
PAYMENT TO GOOGLE WORKSPACE  UK REF-5964,standard_rate
SQ *UBER EATS 9824  DIRECT,standard_rate
SQ *AMAZON UK 4026 LONDON LTD,standard_rate
SQ *LINKEDIN PREMIUM MANCHESTER STORE REF-1859,standard_rate
CARD HSBC BANK FEES 5973 ONLINE DIRECT REF-6768,exempt
POS POST OFFICE 1220  STORE,exempt
LINKEDIN PREMIUM 8279 BIRMINGHAM STORE,standard_rate
PAYMENT TO HMRC PAYMENTS 9262 GLASGOW UK,outside_scope
DD INTRA ACCOUNT TRANSFER 4630  UK,outside_scope
CARD POST OFFICE 9112  LTD REF-5764,exempt
DD TRAINLINE 4935  ONLINE REF-9547,zero_rated
POS TESCO STORES LONDON DIRECT REF-5978,zero_rated
PAYMENT TO DELIVEROO 5630 MANCHESTER DIRECT,standard_rate
POS TFL TRAVEL 2329  LTD REF-1106,zero_rated
POS HSBC BANK FEES 7031 BIRMINGHAM,exempt
dd tesco express 7587  online,zero_rated
adobe creative 6290 london direct,standard_rate
POS GOOGLE WORKSPACE 6091  UK,standard_rate
SQ *WATERSTONES 5526  PLC,zero_rated
Sq *Aa Breakdown 5459 Leeds Uk,exempt
PAYMENT TO BRITISH GAS LONDON ONLINE REF-3941,reduced_rate
Payment To Payroll Transfer 6738 London Direct Ref-8750,outside_scope
Payment To Payroll Transfer 3007 Uk Store,outside_scope
SQ *ADOBE CREATIVE 1535  PLC,standard_rate
CARD EON NEXT 2693  ONLINE,reduced_rate
iz *hsbc bank fees 7139 online uk,exempt
DD HMRC PAYMENTS 353 MANCHESTER DIRECT REF-7272,outside_scope
POS AMAZON EU 6503  PLC,standard_rate
POS NATIONAL EXPRESS 517 GLASGOW LTD,zero_rated
SQ *EON NEXT 5425 ONLINE LTD REF-3727,reduced_rate
HSBC BANK FEES  LTD,exempt
DD OCTOPUS ENERGY 1759 LEEDS DIRECT,reduced_rate
iz *google workspace 6861 leeds direct ref-6944,standard_rate
DELIVEROO  UK REF-4549,standard_rate
POS BARCLAYS BANK 6736 BRISTOL PLC REF-1963,exempt
SQ *HMRC SHIPLEY 4197  DIRECT REF-1303,outside_scope
QUICKBOOKS  DIRECT,standard_rate
DD AA BREAKDOWN 4718  UK REF-2199,exempt
Pos Octopus Energy 6571 Uk Uk,reduced_rate
Card Intra Account Transfer Glasgow Ltd Ref-4479,outside_scope
POS QUICKBOOKS 2952 MANCHESTER REF-2675,standard_rate
CARD STATIONERY STATION 498 LONDON STORE REF-2906,standard_rate
PAYMENT TO ALDI STORES 2072 BIRMINGHAM REF-8537,zero_rated
SQ *TESCO EXPRESS 3250 BRISTOL UK REF-5571,zero_rated
POS UBER EATS 1883 LONDON UK,standard_rate
SQ *SAGE SUBSCRIPTION  PLC,standard_rate
iz *google workspace manchester plc,standard_rate
IZ *AA BREAKDOWN  STORE,exempt
Edf Energy 5810 Glasgow Ref-3818,reduced_rate
IZ *PAYROLL TRANSFER  UK REF-2253,outside_scope
sq *stationery station 408 leeds plc,standard_rate
CARD NATIONAL EXPRESS 7136 GLASGOW STORE,zero_rated
Sq *Uber Eats 9620  Direct Ref-3581,standard_rate
OCTOPUS ENERGY 597  PLC REF-8807,reduced_rate
POST OFFICE 4207 UK UK,exempt
DD ASDA SUPERMARKET 6989  UK REF-6428,zero_rated
Card Edf Energy 959  Direct Ref-8107,reduced_rate
IZ *EON NEXT 7101  LTD,reduced_rate
DD POST OFFICE  DIRECT REF-3879,exempt
PAYMENT TO HSBC BANK FEES BRISTOL,exempt
Card Tesco Stores 2631 Online Online Ref-2622,zero_rated
IZ *AVIVA INSURANCE  DIRECT,exempt
POS OCTOPUS ENERGY 7492  UK,reduced_rate
PAYMENT TO WATERSTONES 9576 UK,zero_rated
PAYMENT TO ROYAL MAIL 7600 BRISTOL UK,exempt
iz *aldi stores 4995 bristol store,zero_rated
IZ *EON NEXT UK,reduced_rate
LNER TICKETS 7515  STORE,zero_rated
Dd Sage Subscription 6485 Manchester Direct,standard_rate
CARD MICROSOFT 365 3495 UK ONLINE,standard_rate
POS AMAZON EU BIRMINGHAM PLC REF-5782,standard_rate
Pos Hsbc Bank Fees 9973  Plc,exempt
POS ALDI STORES 690 LEEDS,zero_rated
SQ *XERO SOFTWARE 234 BIRMINGHAM UK,standard_rate
CARD EDF ENERGY 3183 LEEDS DIRECT REF-2972,reduced_rate
DD TESCO EXPRESS 815 BIRMINGHAM,zero_rated
PAYMENT TO POST OFFICE 4354  STORE REF-1299,exempt
National Express 1834  Ref-4119,zero_rated
IZ *HMRC PAYMENTS GLASGOW PLC,outside_scope
POS LIDL GB 9811 BIRMINGHAM LTD REF-8304,zero_rated
POS HMRC PAYMENTS 4445 UK REF-4224,outside_scope
Sq *Microsoft 365 1838  Ltd,standard_rate
Sq *Hsbc Bank Fees 8619 Glasgow Ref-9426,exempt
CARD TESCO EXPRESS 8510 BRISTOL LTD,zero_rated
Dd Xero Software 1999 Uk Direct,standard_rate
POS DIRECTOR DRAWINGS 8098 MANCHESTER LTD REF-5648,outside_scope
POS AA BREAKDOWN 8770 LEEDS,exempt
PAYMENT TO EON NEXT GLASGOW PLC REF-5243,reduced_rate
UBER EATS  UK,standard_rate
SQ *ROYAL MAIL 419 UK LTD REF-9696,exempt
CARD EON NEXT 1143  STORE REF-3171,reduced_rate
POS BOOTS UK 1538 BIRMINGHAM ONLINE,standard_rate
POS BOOTS UK 8794  REF-8273,standard_rate
CARD UBER EATS UK PLC REF-8702,standard_rate
SQ *XERO SOFTWARE 8615 BIRMINGHAM DIRECT,standard_rate
PAYMENT TO DELIVEROO GLASGOW STORE,standard_rate
lidl gb leeds ltd ref-7662,zero_rated
dd aviva insurance london uk,exempt
CARD PAYROLL TRANSFER 2405  DIRECT REF-8527,outside_scope
sq *google workspace 1766 online plc,standard_rate
SQ *TRAINLINE 3679 LEEDS DIRECT,zero_rated
Sq *Aldi Stores 7316 Uk,zero_rated
pos stationery station 5818 manchester direct,standard_rate
IZ *POST OFFICE GLASGOW STORE REF-4684,exempt
IZ *QUICKBOOKS 4316 LEEDS STORE,standard_rate
IZ *BRITISH GAS 3938  DIRECT REF-9306,reduced_rate
POS XERO SOFTWARE 4124  ONLINE,standard_rate
XERO SOFTWARE  UK REF-1522,standard_rate
Iz *Amazon Kindle 8681 Manchester Ltd Ref-9255,zero_rated
Sq *Payroll Transfer 5626  Online,outside_scope
PAYMENT TO AVIVA INSURANCE 988 LONDON ONLINE REF-2893,exempt
CARD EDF ENERGY 6624 BRISTOL PLC,reduced_rate
Pos Boots Uk Glasgow Ltd,standard_rate
linkedin premium 772  store ref-4212,standard_rate
dd sage subscription 4828 birmingham store ref-4954,standard_rate
Payment To Stationery Station  Ltd,standard_rate
CARD UBER EATS 1091 GLASGOW DIRECT,standard_rate
SQ *QUICKBOOKS 4633 UK PLC,standard_rate
IZ *SAGE SUBSCRIPTION 1457 BIRMINGHAM REF-8679,standard_rate
POS OCTOPUS ENERGY ONLINE,reduced_rate
ALDI STORES 2621  ONLINE REF-2759,zero_rated
card payroll transfer london plc ref-1586,outside_scope
dd westminster council 5105 glasgow online,outside_scope
DD QUICKBOOKS 9508  ONLINE REF-9132,standard_rate
CARD HMRC PAYMENTS 2275  STORE,outside_scope
POS PAYROLL TRANSFER 6910 MANCHESTER LTD REF-2861,outside_scope
Sq *Aa Breakdown 493  Uk,exempt
PAYMENT TO AVIVA INSURANCE 7149 BIRMINGHAM LTD REF-2446,exempt
SQ *ALDI STORES 582 BRISTOL UK REF-5590,zero_rated
payment to amazon kindle  online,zero_rated
DELIVEROO 8868 BIRMINGHAM UK REF-2138,standard_rate
POS INTRA ACCOUNT TRANSFER 7876 BRISTOL LTD REF-2453,outside_scope
SQ *TFL TRAVEL 2531 ONLINE DIRECT REF-4660,zero_rated
PAYMENT TO ADOBE CREATIVE 168,standard_rate
IZ *AMAZON KINDLE 3011 LONDON PLC REF-4077,zero_rated
payment to aa breakdown 2523  plc,exempt
SQ *AA BREAKDOWN 6034 GLASGOW DIRECT,exempt
POS TRAINLINE 2813 BRISTOL ONLINE,zero_rated
CARD SAGE SUBSCRIPTION 4580  LTD REF-7334,standard_rate
SQ *AVIVA INSURANCE 1279 GLASGOW PLC,exempt
Octopus Energy 6349 Leeds Store,reduced_rate
dd british gas 8426  ref-6636,reduced_rate
Payment To Eon Next 8522 Bristol Ltd,reduced_rate
POS AA BREAKDOWN 229 LONDON ONLINE,exempt
PAYMENT TO STATIONERY STATION BIRMINGHAM PLC REF-6971,standard_rate
stationery station 5623 uk online,standard_rate
POS QUICKBOOKS 1358 LEEDS REF-7336,standard_rate
pos uber eats 9524 bristol online ref-1327,standard_rate
POS BOOTS UK LEEDS ONLINE,standard_rate
DD DIRECTOR DRAWINGS 4218  LTD REF-9551,outside_scope
POS TFL TRAVEL 5791 BIRMINGHAM DIRECT REF-6164,zero_rated
DD BARCLAYS BANK 3317  UK,exempt
DD BRITISH GAS 1651  ONLINE,reduced_rate
DD ROYAL MAIL 6196 BIRMINGHAM LTD REF-9378,exempt
TFL TRAVEL 8655  DIRECT REF-3855,zero_rated
DELIVEROO 169 BIRMINGHAM REF-6157,standard_rate
pos hsbc bank fees 8383 online ref-8912,exempt
CARD SAGE SUBSCRIPTION 6275 BIRMINGHAM DIRECT REF-2802,standard_rate
iz *eon next 6934 online uk,reduced_rate
CARD WESTMINSTER COUNCIL 6781 BIRMINGHAM LTD REF-6140,outside_scope
amazon eu 837 glasgow store,standard_rate
DD HMRC SHIPLEY 4074 LONDON DIRECT REF-7885,outside_scope
CARD HSBC BANK FEES ONLINE PLC,exempt
sq *eon next 7700  direct,reduced_rate
EON NEXT 1892  ONLINE REF-1491,reduced_rate
CARD GOOGLE WORKSPACE 7892 UK UK REF-2876,standard_rate
pos boots uk uk online ref-9736,standard_rate
sq *asda supermarket birmingham uk ref-7113,zero_rated
CARD ROYAL MAIL 9204 LEEDS STORE,exempt
SQ *LIDL GB LONDON ONLINE,zero_rated
Waterstones 1676,zero_rated
POS DELIVEROO 5706 ONLINE LTD,standard_rate
BOOTS UK 7114 BRISTOL ONLINE,standard_rate
PAYMENT TO TESCO EXPRESS 186 UK ONLINE REF-1311,zero_rated
CARD HMRC PAYMENTS BIRMINGHAM REF-3416,outside_scope
Iz *Lidl Gb 9393 Uk Online,zero_rated
PAYMENT TO HMRC PAYMENTS 3867  LTD,outside_scope
ASDA SUPERMARKET 423 LONDON STORE,zero_rated
POS AMAZON UK 6008  UK REF-5021,standard_rate
card linkedin premium  direct,standard_rate
DD TFL TRAVEL LEEDS STORE,zero_rated
PAYMENT TO AVIVA INSURANCE LEEDS PLC,exempt
CARD INTRA ACCOUNT TRANSFER 357,outside_scope
dd british gas glasgow,reduced_rate
ROYAL MAIL 7424  PLC REF-1208,exempt
DELIVEROO 7510 BRISTOL DIRECT REF-9833,standard_rate
PAYMENT TO ROYAL MAIL  DIRECT REF-2797,exempt
LIDL GB 7453  DIRECT,zero_rated
POS UBER EATS 4074 GLASGOW ONLINE,standard_rate
PAYMENT TO QUICKBOOKS 6278 BRISTOL UK,standard_rate
Iz *Lner Tickets 7063 Birmingham Direct,zero_rated
HMRC SHIPLEY 986  UK,outside_scope
CARD BARCLAYS BANK 9846  UK,exempt
SQ *DIRECTOR DRAWINGS 2632 BRISTOL STORE,outside_scope
DD DELIVEROO 2910 LONDON LTD,standard_rate
tesco express 3371 online direct ref-3267,zero_rated
POS BARCLAYS BANK UK ONLINE,exempt
payment to national express 8591 leeds ref-3400,zero_rated
IZ *XERO SOFTWARE 3108 LONDON UK,standard_rate
PAYMENT TO DELIVEROO 5579  STORE REF-4951,standard_rate
hmrc payments 1334 london ref-9184,outside_scope
Iz *Hmrc Shipley 3598  Direct,outside_scope
iz *uber eats uk online,standard_rate
payment to sainsburys 5285 london online,zero_rated
DD AVIVA INSURANCE 6240  PLC REF-7889,exempt
PAYMENT TO WESTMINSTER COUNCIL GLASGOW PLC,outside_scope
Pos Waterstones 7169 Leeds Ltd,zero_rated
DD TFL TRAVEL 2895 BRISTOL PLC,zero_rated
OCTOPUS ENERGY 2813  DIRECT REF-4610,reduced_rate
BOOTS UK 9253 BIRMINGHAM DIRECT,standard_rate
SQ *AA BREAKDOWN 7398 GLASGOW UK REF-7221,exempt
iz *tfl travel 924  ltd ref-6565,zero_rated
Payment To Tesco Stores 190  Direct Ref-2746,zero_rated
Iz *Linkedin Premium 6439  Ref-5098,standard_rate
OCTOPUS ENERGY 9078 LONDON DIRECT REF-9289,reduced_rate
DD WESTMINSTER COUNCIL 5447  STORE REF-1148,outside_scope
DD ASDA SUPERMARKET 2997,zero_rated
payment to sainsburys 5045 birmingham plc,zero_rated
DIRECTOR DRAWINGS 3097 BRISTOL STORE REF-3188,outside_scope
Dd Adobe Creative 5822 Glasgow Ref-4657,standard_rate
PAYMENT TO DIRECTOR DRAWINGS BRISTOL DIRECT REF-6215,outside_scope
iz *amazon eu 8916 uk plc,standard_rate
IZ *LIDL GB  DIRECT,zero_rated
Pos Sainsburys 5543  Plc Ref-7224,zero_rated
Amazon Uk Uk,standard_rate
AMAZON KINDLE 323  LTD REF-4874,zero_rated
POS LINKEDIN PREMIUM 9347 LEEDS ONLINE,standard_rate
POS HMRC SHIPLEY MANCHESTER STORE,outside_scope
SQ *SAGE SUBSCRIPTION 4741  UK,standard_rate
Iz *Director Drawings 4794 Leeds Plc,outside_scope
PAYMENT TO AMAZON UK 7212 GLASGOW LTD REF-2522,standard_rate
PAYMENT TO OCTOPUS ENERGY 9821 UK STORE,reduced_rate
IZ *MICROSOFT 365 7524  UK REF-9676,standard_rate
DD TESCO EXPRESS 6915  DIRECT REF-6120,zero_rated
PAYMENT TO AVIVA INSURANCE LEEDS ONLINE,exempt
CARD PAYROLL TRANSFER 2432 UK LTD,outside_scope
British Gas 344 London Ref-5094,reduced_rate
CARD LINKEDIN PREMIUM 9894 GLASGOW UK,standard_rate
POS BOOTS UK 9772  DIRECT REF-6598,standard_rate
TFL TRAVEL 8260  DIRECT,zero_rated
PAYMENT TO XERO SOFTWARE 8681 GLASGOW UK,standard_rate
PAYMENT TO AMAZON UK 8068 MANCHESTER LTD,standard_rate
IZ *BARCLAYS BANK ONLINE REF-6952,exempt
iz *adobe creative bristol store,standard_rate
PAYMENT TO BRITISH GAS LEEDS STORE,reduced_rate
iz *octopus energy 104 manchester ref-1819,reduced_rate
SQ *HSBC BANK FEES 2726 ONLINE LTD REF-1653,exempt
TESCO STORES 1412  STORE REF-2122,zero_rated
SQ *ADOBE CREATIVE MANCHESTER UK,standard_rate
CARD LIDL GB 1376 BIRMINGHAM STORE REF-8972,zero_rated
tfl travel 4080 online store,zero_rated
WATERSTONES  DIRECT REF-4796,zero_rated
SQ *AA BREAKDOWN UK REF-4176,exempt
sq *waterstones bristol plc,zero_rated
dd tfl travel 2987 bristol uk,zero_rated
POS ROYAL MAIL MANCHESTER LTD REF-9726,exempt
DD OCTOPUS ENERGY 3898 BIRMINGHAM PLC REF-1854,reduced_rate
PAYMENT TO TESCO EXPRESS ONLINE PLC,zero_rated
payment to octopus energy 8570 bristol uk,reduced_rate
CARD NATIONAL EXPRESS 2403 ONLINE LTD REF-1143,zero_rated
Card Aldi Stores 4614 Online Uk Ref-7511,zero_rated
dd lner tickets 4136 uk ltd ref-7250,zero_rated
WESTMINSTER COUNCIL 6683 MANCHESTER,outside_scope
IZ *POST OFFICE 124 GLASGOW PLC REF-4568,exempt
Payment To Aldi Stores 7916  Store,zero_rated
DD LINKEDIN PREMIUM 510  PLC,standard_rate
payment to xero software 3179  direct ref-7051,standard_rate
SQ *HSBC BANK FEES 8558  PLC,exempt
SQ *BRITISH GAS  LTD REF-1418,reduced_rate
POS AMAZON KINDLE 6687  LTD,zero_rated
dd edf energy  ref-6589,reduced_rate
PAYROLL TRANSFER 6192 UK UK REF-8542,outside_scope
PAYMENT TO BARCLAYS BANK 6053 ONLINE UK REF-1355,exempt
Sq *Royal Mail 4716 Online Uk Ref-7542,exempt
dd tesco express 2700 uk online,zero_rated
POS EDF ENERGY 8918 BRISTOL PLC,reduced_rate
POS AMAZON UK  LTD REF-1745,standard_rate
IZ *ROYAL MAIL 8985 MANCHESTER LTD REF-7594,exempt
DD OCTOPUS ENERGY 4675 GLASGOW,reduced_rate
iz *tfl travel 9317 uk uk,zero_rated
CARD AMAZON EU 9368 BIRMINGHAM STORE REF-3875,standard_rate
DD ASDA SUPERMARKET 6603  UK REF-3029,zero_rated
PAYMENT TO POST OFFICE 1247  PLC,exempt
PAYMENT TO DIRECTOR DRAWINGS BIRMINGHAM DIRECT REF-3635,outside_scope
POS GOOGLE WORKSPACE 2356 LONDON STORE,standard_rate
pos sage subscription 5000 uk plc,standard_rate
PAYMENT TO HMRC SHIPLEY  DIRECT,outside_scope
SQ *AMAZON EU 4282  PLC REF-6711,standard_rate
DD INTRA ACCOUNT TRANSFER 2787  UK,outside_scope
IZ *WESTMINSTER COUNCIL 5912,outside_scope
PAYMENT TO LNER TICKETS 1579 ONLINE UK,zero_rated
IZ *AVIVA INSURANCE 6126 BRISTOL,exempt
Pos National Express 9144 Leeds Online,zero_rated
dd lidl gb 6523 bristol,zero_rated
DD EON NEXT  UK,reduced_rate
SQ *TESCO STORES 2444  ONLINE,zero_rated
Dd Post Office 162 Birmingham,exempt
POS HSBC BANK FEES 1537  UK REF-8027,exempt
Pos Sage Subscription Birmingham Online,standard_rate
SQ *AVIVA INSURANCE 8711 BRISTOL STORE REF-1216,exempt
DD HMRC PAYMENTS 6498 BIRMINGHAM ONLINE REF-8556,outside_scope
SQ *WESTMINSTER COUNCIL 7617  STORE,outside_scope
PAYMENT TO ASDA SUPERMARKET 7850  UK,zero_rated
POS UBER EATS 1732  PLC,standard_rate
IZ *BARCLAYS BANK 8927 MANCHESTER PLC,exempt
LINKEDIN PREMIUM 2060  UK REF-4010,standard_rate
Dd Boots Uk 130 Bristol Ref-1137,standard_rate
Payment To Boots Uk 4049 Uk Store Ref-1820,standard_rate
westminster council uk uk ref-2552,outside_scope
CARD LIDL GB 769  LTD,zero_rated
American Express Business Gold Card Statement,standard_rate
Cardmember: Louisville BBQ Co. Closing Date: 03/31/2025,standard_rate
Account Ending: 7-21009 Payment Due Date: 04/28/2025,standard_rate
"Reward Points: 14,820 pts New Balance: $4,506.69",standard_rate
Charges — March 2025,standard_rate
Date Description Appears On Statement As Amount,standard_rate
03/03/2025 SPECTRUM INTERNET SPECTRUM INTERNET $103.19,standard_rate
03/04/2025 ULINE SHIPPING SUPPLY ULINE SHIPPING SUPPLY $200.79,standard_rate
03/05/2025 DOORDASH FEE PLATFORM DOORDASH FEE PLATFORM $85.01,standard_rate
03/07/2025 SAMS CLUB #6342 SAMS CLUB #6342 $403.23,standard_rate
03/08/2025 GORDON FOOD SERVICE GORDON FOOD SERVICE $728.65,standard_rate
03/10/2025 UBER EATS PLATFORM FEE UBER EATS PLATFORM FEE $71.99,standard_rate
03/12/2025 SYSCO SMALLWARES SYSCO SMALLWARES $299.30,standard_rate
03/13/2025 GORDON FOOD SERVICE GORDON FOOD SERVICE $730.83,standard_rate
03/15/2025 WHOLE FOODS MARKET WHOLE FOODS MARKET $195.46,standard_rate
03/17/2025 AT&T BUSINESS AT&T BUSINESS $184.45,standard_rate
03/18/2025 SPECTRUM INTERNET SPECTRUM INTERNET $97.64,standard_rate
03/19/2025 STAPLES INC #0392 STAPLES INC #0392 $58.84,standard_rate
03/21/2025 WALMART SUPERCENTER #4421 WALMART SUPERCENTER #4421 $221.70,standard_rate
03/23/2025 US FOODS INC US FOODS INC $898.25,standard_rate
03/25/2025 GRUBHUB FEE GRUBHUB FEE $40.93,standard_rate
03/27/2025 AT&T BUSINESS AT&T BUSINESS $186.43,standard_rate
"TOTAL CHARGES $4,506.69",standard_rate
"American Express — Test Statement Only | P.O. Box 981535, El Paso TX 79998-1535",standard_rate
First National Bank of Louisville,standard_rate
Business Checking — Louisville BBQ Co.,standard_rate
Dataset 1 — Small (<50 transactions),standard_rate
"Statement Period: March 1 – March 31, 2025",standard_rate
Date Description Debit Credit Balance,standard_rate
"2025-03-02 TOAST POS DEPOSIT 2,705.14 17,705.14",standard_rate
"2025-03-03 SQUARE *LOUISVILLE BBQ DEPOSIT 4,730.20 22,435.34",standard_rate
"2025-03-03 LOUISVILLE WATER CO 71.48 22,363.86",standard_rate
"2025-03-04 CLOVER SALES DEPOSIT 3,163.93 25,527.79",standard_rate
"2025-03-05 CLOVER SALES DEPOSIT 2,963.56 28,491.35",standard_rate
"2025-03-05 PAYCHEX INC PAYROLL 3,349.67 25,141.68",standard_rate
"2025-03-07 SQUARE *LOUISVILLE BBQ DEPOSIT 3,975.20 29,116.88",standard_rate
"2025-03-08 PAYCHEX INC PAYROLL 3,820.12 25,296.76",standard_rate
"2025-03-09 CLOVER SALES DEPOSIT 2,733.71 28,030.47",standard_rate
"2025-03-11 TOAST POS DEPOSIT 2,715.72 30,746.19",standard_rate
"2025-03-11 ADP PAYROLL SVCS 3,923.02 26,823.17",standard_rate
"2025-03-13 ATMOS GAS COMPANY 88.44 26,734.73",standard_rate
"2025-03-14 UBER EATS TRANSFER 707.62 27,442.35",standard_rate
"2025-03-15 LGE ELECTRIC BILL 396.29 27,046.06",standard_rate
"2025-03-16 ADP PAYROLL SVCS 3,860.18 23,185.88",standard_rate
"2025-03-19 HEARTLAND PAYROLL 3,648.77 19,537.11",standard_rate
"2025-03-21 GUSTO PAYROLL 3,828.02 15,709.09",standard_rate
"2025-03-24 WIRE FEE 34.84 15,674.25",standard_rate
"2025-03-27 ADP PAYROLL SVCS 3,539.65 12,134.60",standard_rate
"2025-03-30 GORDON FOOD SERVICE 870.22 11,264.38",standard_rate
First National Bank of Louisville,standard_rate
Business Checking — Louisville BBQ Co.,standard_rate
Dataset 2 — Medium (50–150 transactions),standard_rate
"Statement Period: March 1 – March 31, 2025",standard_rate
Date Description Debit Credit Balance,standard_rate
"2025-03-03 ATMOS GAS COMPANY 96.02 14,903.98",standard_rate
"2025-03-04 DOORDASH PAYOUT 763.06 15,667.04",standard_rate
"2025-03-05 SQUARE *LOUISVILLE BBQ DEPOSIT 3,560.10 19,227.14",standard_rate
"2025-03-05 PAYCHEX INC PAYROLL 3,447.85 15,779.29",standard_rate
"2025-03-07 STRIPE PAYOUT 1,062.79 16,842.08",standard_rate
"2025-03-08 MONTHLY SERVICE FEE 25.25 16,816.83",standard_rate
"2025-03-09 DOORDASH PAYOUT 806.19 17,623.02",standard_rate
"2025-03-10 TOAST POS DEPOSIT 3,413.05 21,036.07",standard_rate
"2025-03-10 ATMOS GAS COMPANY 98.85 20,937.22",standard_rate
"2025-03-12 SQUARE *LOUISVILLE BBQ DEPOSIT 5,512.94 26,450.16",standard_rate
"2025-03-12 HEARTLAND PAYROLL 3,845.30 22,604.86",standard_rate
"2025-03-13 HEARTLAND PAYROLL 3,696.52 18,908.34",standard_rate
"2025-03-14 LOUISVILLE WATER CO 72.23 18,836.11",standard_rate
"2025-03-15 SQUARE *LOUISVILLE BBQ DEPOSIT 5,554.98 24,391.09",standard_rate
"2025-03-16 SQUARE *LOUISVILLE BBQ DEPOSIT 4,178.25 28,569.34",standard_rate
"2025-03-17 MONTHLY SERVICE FEE 25.18 28,544.16",standard_rate
"2025-03-19 UBER EATS TRANSFER 644.21 29,188.37",standard_rate
"2025-03-20 SQUARE *LOUISVILLE BBQ DEPOSIT 4,898.47 34,086.84",standard_rate
"2025-03-20 SYSCO FOODS LLC 2,248.87 31,837.97",standard_rate
"2025-03-21 COMCAST BUSINESS 167.64 31,670.33",standard_rate
"2025-03-22 CLOVER SALES DEPOSIT 2,941.95 34,612.28",standard_rate
"2025-03-23 AT&T BUSINESS 188.09 34,424.19",standard_rate
"2025-03-24 GRUBHUB DEPOSIT 433.29 34,857.48",standard_rate
"2025-03-26 COMCAST BUSINESS 163.10 34,694.38",standard_rate
"2025-03-27 SQUARE *LOUISVILLE BBQ DEPOSIT 5,147.05 39,841.43",standard_rate
"2025-03-27 HEARTLAND PAYROLL 4,266.10 35,575.33",standard_rate
"2025-03-29 LGE ELECTRIC BILL 397.11 35,178.22",standard_rate
"2025-03-30 TOAST POS DEPOSIT 3,454.60 38,632.82",standard_rate
"2025-03-30 LOUISVILLE WATER CO 72.03 38,560.79",standard_rate
"2025-04-01 CLOVER SALES DEPOSIT 3,209.21 41,770.00",standard_rate
"2025-04-02 GUSTO PAYROLL 4,228.67 37,541.33",standard_rate
"2025-04-03 CASH DEPOSIT 498.56 38,039.89",standard_rate
"2025-04-04 ADP PAYROLL SVCS 3,454.59 34,585.30",standard_rate
"2025-04-05 TOAST POS DEPOSIT 2,611.51 37,196.81",standard_rate
"2025-04-05 PAYCHEX INC PAYROLL 3,537.35 33,659.46",standard_rate
"2025-04-08 CASH DEPOSIT 529.81 34,189.27",standard_rate
"2025-04-08 COMMERCIAL LEASE PMT 3,484.22 30,705.05",standard_rate
"2025-04-11 TOAST POS DEPOSIT 2,985.63 33,690.68",standard_rate
"2025-04-11 GORDON FOOD SERVICE 1,020.01 32,670.67",standard_rate
"2025-04-13 CLOVER SALES DEPOSIT 3,034.94 35,705.61",standard_rate
"2025-04-13 HEARTLAND PAYROLL 3,682.07 32,023.54",standard_rate
"2025-04-14 WIRE FEE 35.52 31,988.02",standard_rate
"2025-04-16 SQUARE *LOUISVILLE BBQ DEPOSIT 5,134.81 37,122.83",standard_rate
"2025-04-16 SYSCO FOODS LLC 2,389.78 34,733.05",standard_rate
"2025-04-18 CASH DEPOSIT 509.19 35,242.24",standard_rate
"2025-04-18 SYSCO FOODS LLC 2,248.49 32,993.75",standard_rate
"2025-04-19 COMMERCIAL LEASE PMT 3,041.59 29,952.16",standard_rate
"2025-04-21 UBER EATS TRANSFER 597.58 30,549.74",standard_rate
"2025-04-21 US FOODS INC 1,661.07 28,888.67",standard_rate
"2025-04-22 PAYCHEX INC PAYROLL 3,430.50 25,458.17",standard_rate
"2025-04-23 COMCAST BUSINESS 162.46 25,295.71",standard_rate
"2025-04-24 UBER EATS TRANSFER 650.58 25,946.29",standard_rate
"2025-04-26 AT&T BUSINESS 163.93 25,782.36",standard_rate
"2025-04-27 MONTHLY SERVICE FEE 26.56 25,755.80",standard_rate
"2025-04-29 SYSCO FOODS LLC 2,200.89 23,554.91",standard_rate
"2025-04-30 GUSTO PAYROLL 3,879.50 19,675.41",standard_rate
"2025-05-02 LGE ELECTRIC BILL 428.93 19,246.48",standard_rate
"2025-05-05 COMCAST BUSINESS 151.22 19,095.26",standard_rate
"2025-05-08 LOUISVILLE WATER CO 73.21 19,022.05",standard_rate
"2025-05-10 GORDON FOOD SERVICE 911.50 18,110.55",standard_rate
First National Bank of Louisville,standard_rate
Business Checking — Louisville BBQ Co.,standard_rate
Dataset 2 — Cash Flow Analysis Set (Expanded),standard_rate
"Statement Period: February 1 – February 28, 2026",standard_rate
Date Description Debit Credit Balance,standard_rate
"2026-02-02 TOAST POS DEPOSIT 2,910.45 28,995.31",standard_rate
"2026-02-02 LOUISVILLE WATER CO 76.85 28,918.46",standard_rate
"2026-02-03 SQUARE *LOUISVILLE BBQ DEPOSIT 3,205.60 32,124.06",standard_rate
"2026-02-04 CLOVER SALES DEPOSIT 2,755.30 34,879.36",standard_rate
"2026-02-04 GORDON FOOD SERVICE 2,958.38 31,920.98",standard_rate
"2026-02-05 UBER EATS TRANSFER 645.80 32,566.78",standard_rate
"2026-02-06 ADP PAYROLL SVCS 4,263.71 28,303.07",standard_rate
"2026-02-06 TOAST POS DEPOSIT 3,120.65 31,423.72",standard_rate
"2026-02-07 DOORDASH TRANSFER 510.35 31,934.07",standard_rate
"2026-02-09 SQUARE *LOUISVILLE BBQ DEPOSIT 2,985.90 34,919.97",standard_rate
"2026-02-09 SYSCO FOODS 3,624.92 31,295.05",standard_rate
"2026-02-10 GRUBHUB TRANSFER 398.20 31,693.25",standard_rate
"2026-02-11 ATMOS GAS COMPANY 165.40 31,527.85",standard_rate
"2026-02-11 CLOVER SALES DEPOSIT 3,055.15 34,583.00",standard_rate
"2026-02-12 LINEN SERVICE WEEKLY 96.40 34,486.60",standard_rate
"2026-02-12 PROPANE - SMOKER FUEL DELIVERY 295.00 34,191.60",standard_rate
"2026-02-13 TOAST POS DEPOSIT 2,880.55 37,072.15",standard_rate
"2026-02-13 ADP PAYROLL SVCS 4,235.98 32,836.17",standard_rate
"2026-02-14 CATERING INVOICE - VALENTINES BANQUET 3,150.00 35,986.17",standard_rate
"2026-02-16 SQUARE *LOUISVILLE BBQ DEPOSIT 3,310.80 39,296.97",standard_rate
"2026-02-17 LGE ELECTRIC BILL 432.70 38,864.27",standard_rate
"2026-02-17 GORDON FOOD SERVICE 2,880.27 35,984.00",standard_rate
"2026-02-18 UBER EATS TRANSFER 602.40 36,586.40",standard_rate
"2026-02-19 LINEN SERVICE WEEKLY 96.40 36,490.00",standard_rate
"2026-02-19 CLOVER SALES DEPOSIT 2,895.65 39,385.65",standard_rate
"2026-02-20 DOORDASH TRANSFER 540.15 39,925.80",standard_rate
"2026-02-20 EQUIPMENT REPAIR - WALK-IN COOLER 685.00 39,240.80",standard_rate
"2026-02-23 TOAST POS DEPOSIT 3,045.30 42,286.10",standard_rate
"2026-02-23 RENT - LOUISVILLE COMMERCIAL PROPERTIES 3,200.00 39,086.10",standard_rate
"2026-02-24 US FOODS 3,286.06 35,800.04",standard_rate
"2026-02-25 GRUBHUB TRANSFER 365.90 36,165.94",standard_rate
"2026-02-26 LINEN SERVICE WEEKLY 96.40 36,069.54",standard_rate
"2026-02-26 ADP PAYROLL SVCS 4,249.95 31,819.59",standard_rate
Date Description Debit Credit Balance,standard_rate
"2026-02-27 SQUARE *LOUISVILLE BBQ DEPOSIT 3,180.45 35,000.04",standard_rate
"2026-02-27 COMMERCIAL INSURANCE CO 455.00 34,545.04",standard_rate
"2026-02-27 PEST CONTROL SVC 85.00 34,460.04",standard_rate
"2026-02-27 MARKETING - META ADS 320.00 34,140.04",standard_rate
"2026-02-28 KENTUCKY SBA LOAN PMT 1,125.40 33,014.64",standard_rate
"2026-02-28 POS SOFTWARE FEES (TOAST/SQUARE/CLOVER) 178.00 32,836.64",standard_rate
"2026-02-28 BANK MAINTENANCE FEE 25.00 32,811.64",standard_rate
"2026-02-28 CC PROCESSING FEES 258.40 32,553.24",standard_rate
"2026-02-28 CLOVER SALES DEPOSIT 2,940.20 35,493.44",standard_rate
"2026-02-28 OWNER DISTRIBUTION - J. HARRISON 4,000.00 31,493.44",standard_rate
"Opening Balance: 26,084.86 Closing Balance: 31,493.44",standard_rate
First National Bank of Louisville,standard_rate
Business Checking — Louisville BBQ Co.,standard_rate
Dataset 2 — Cash Flow Analysis Set (Expanded),standard_rate
"Statement Period: January 1 – January 31, 2026",standard_rate
Date Description Debit Credit Balance,standard_rate
"2026-01-02 TOAST POS DEPOSIT 2,840.55 21,340.55",standard_rate
"2026-01-03 SQUARE *LOUISVILLE BBQ DEPOSIT 3,120.40 24,460.95",standard_rate
"2026-01-03 LOUISVILLE WATER CO 74.10 24,386.85",standard_rate
"2026-01-05 CLOVER SALES DEPOSIT 2,615.85 27,002.70",standard_rate
"2026-01-05 GORDON FOOD SERVICE 3,466.05 23,536.65",standard_rate
"2026-01-06 UBER EATS TRANSFER 612.30 24,148.95",standard_rate
"2026-01-07 TOAST POS DEPOSIT 3,005.95 27,154.90",standard_rate
"2026-01-08 ADP PAYROLL SVCS 5,013.89 22,141.01",standard_rate
"2026-01-09 SQUARE *LOUISVILLE BBQ DEPOSIT 2,990.10 25,131.11",standard_rate
"2026-01-09 SYSCO FOODS 4,359.11 20,772.00",standard_rate
"2026-01-10 DOORDASH TRANSFER 488.75 21,260.75",standard_rate
"2026-01-11 CLOVER SALES DEPOSIT 3,215.60 24,476.35",standard_rate
"2026-01-12 GRUBHUB TRANSFER 355.20 24,831.55",standard_rate
"2026-01-13 ATMOS GAS COMPANY 142.85 24,688.70",standard_rate
"2026-01-13 TOAST POS DEPOSIT 2,755.30 27,444.00",standard_rate
"2026-01-14 LINEN SERVICE WEEKLY 96.40 27,347.60",standard_rate
"2026-01-15 SQUARE *LOUISVILLE BBQ DEPOSIT 3,340.15 30,687.75",standard_rate
"2026-01-15 PROPANE - SMOKER FUEL DELIVERY 310.00 30,377.75",standard_rate
"2026-01-16 ADP PAYROLL SVCS 5,048.29 25,329.46",standard_rate
"2026-01-16 CATERING INVOICE - SMITH WEDDING 2,450.00 27,779.46",standard_rate
"2026-01-17 CLOVER SALES DEPOSIT 2,880.45 30,659.91",standard_rate
"2026-01-18 LGE ELECTRIC BILL 408.55 30,251.36",standard_rate
"2026-01-19 UBER EATS TRANSFER 590.10 30,841.46",standard_rate
"2026-01-20 GORDON FOOD SERVICE 3,299.26 27,542.20",standard_rate
"2026-01-20 TOAST POS DEPOSIT 2,995.20 30,537.40",standard_rate
"2026-01-21 LINEN SERVICE WEEKLY 96.40 30,441.00",standard_rate
"2026-01-21 DOORDASH TRANSFER 502.65 30,943.65",standard_rate
"2026-01-22 SQUARE *LOUISVILLE BBQ DEPOSIT 3,105.85 34,049.50",standard_rate
"2026-01-23 GRUBHUB TRANSFER 372.40 34,421.90",standard_rate
"2026-01-24 CLOVER SALES DEPOSIT 2,940.70 37,362.60",standard_rate
"2026-01-25 RENT - LOUISVILLE COMMERCIAL PROPERTIES 3,200.00 34,162.60",standard_rate
"2026-01-26 US FOODS 3,968.25 30,194.35",standard_rate
"2026-01-27 TOAST POS DEPOSIT 3,050.85 33,245.20",standard_rate
Date Description Debit Credit Balance,standard_rate
"2026-01-28 LINEN SERVICE WEEKLY 96.40 33,148.80",standard_rate
"2026-01-29 ADP PAYROLL SVCS 5,030.49 28,118.31",standard_rate
"2026-01-29 SQUARE *LOUISVILLE BBQ DEPOSIT 3,210.40 31,328.71",standard_rate
"2026-01-30 COMMERCIAL INSURANCE CO 455.00 30,873.71",standard_rate
"2026-01-30 PEST CONTROL SVC 85.00 30,788.71",standard_rate
"2026-01-30 CLOVER SALES DEPOSIT 2,870.15 33,658.86",standard_rate
"2026-01-31 KENTUCKY SBA LOAN PMT 1,125.40 32,533.46",standard_rate
"2026-01-31 POS SOFTWARE FEES (TOAST/SQUARE/CLOVER) 178.00 32,355.46",standard_rate
"2026-01-31 BANK MAINTENANCE FEE 25.00 32,330.46",standard_rate
"2026-01-31 CC PROCESSING FEES 245.60 32,084.86",standard_rate
"2026-01-31 OWNER DISTRIBUTION - J. HARRISON 6,000.00 26,084.86",standard_rate
"Opening Balance: 18,500.00 Closing Balance: 26,084.86",standard_rate
First National Bank of Louisville,standard_rate
Business Checking — Louisville BBQ Co.,standard_rate
Dataset 2 — Cash Flow Analysis Set (Expanded),standard_rate
"Statement Period: March 1 – March 31, 2026",standard_rate
Date Description Debit Credit Balance,standard_rate
"2026-03-02 TOAST POS DEPOSIT 3,015.85 34,509.29",standard_rate
"2026-03-02 LOUISVILLE WATER CO 78.20 34,431.09",standard_rate
"2026-03-03 SQUARE *LOUISVILLE BBQ DEPOSIT 3,240.10 37,671.19",standard_rate
"2026-03-04 CLOVER SALES DEPOSIT 2,815.45 40,486.64",standard_rate
"2026-03-04 GORDON FOOD SERVICE 2,992.95 37,493.69",standard_rate
"2026-03-05 UBER EATS TRANSFER 670.25 38,163.94",standard_rate
"2026-03-06 ADP PAYROLL SVCS 4,291.30 33,872.64",standard_rate
"2026-03-06 TOAST POS DEPOSIT 3,155.40 37,028.04",standard_rate
"2026-03-07 DOORDASH TRANSFER 525.80 37,553.84",standard_rate
"2026-03-09 SQUARE *LOUISVILLE BBQ DEPOSIT 3,015.65 40,569.49",standard_rate
"2026-03-09 SYSCO FOODS 3,647.29 36,922.20",standard_rate
"2026-03-10 GRUBHUB TRANSFER 410.55 37,332.75",standard_rate
"2026-03-11 ATMOS GAS COMPANY 138.90 37,193.85",standard_rate
"2026-03-11 CLOVER SALES DEPOSIT 3,090.30 40,284.15",standard_rate
"2026-03-12 LINEN SERVICE WEEKLY 96.40 40,187.75",standard_rate
"2026-03-12 PROPANE - SMOKER FUEL DELIVERY 320.00 39,867.75",standard_rate
"2026-03-13 TOAST POS DEPOSIT 2,920.75 42,788.50",standard_rate
"2026-03-13 ADP PAYROLL SVCS 4,262.57 38,525.93",standard_rate
"2026-03-14 CATERING INVOICE - CORPORATE LUNCHEON 2,780.00 41,305.93",standard_rate
"2026-03-16 SQUARE *LOUISVILLE BBQ DEPOSIT 3,355.90 44,661.83",standard_rate
"2026-03-17 LGE ELECTRIC BILL 395.60 44,266.23",standard_rate
"2026-03-17 GORDON FOOD SERVICE 2,887.54 41,378.69",standard_rate
"2026-03-18 UBER EATS TRANSFER 615.40 41,994.09",standard_rate
"2026-03-19 LINEN SERVICE WEEKLY 96.40 41,897.69",standard_rate
"2026-03-19 CLOVER SALES DEPOSIT 2,935.85 44,833.54",standard_rate
"2026-03-20 DOORDASH TRANSFER 555.30 45,388.84",standard_rate
"2026-03-20 WIRE FEE 32.50 45,356.34",standard_rate
"2026-03-23 TOAST POS DEPOSIT 3,080.60 48,436.94",standard_rate
"2026-03-23 RENT - LOUISVILLE COMMERCIAL PROPERTIES 3,200.00 45,236.94",standard_rate
"2026-03-24 US FOODS 3,303.94 41,933.00",standard_rate
"2026-03-25 GRUBHUB TRANSFER 388.95 42,321.95",standard_rate
"2026-03-26 LINEN SERVICE WEEKLY 96.40 42,225.55",standard_rate
"2026-03-26 ADP PAYROLL SVCS 4,277.85 37,947.70",standard_rate
Date Description Debit Credit Balance,standard_rate
"2026-03-27 SQUARE *LOUISVILLE BBQ DEPOSIT 3,215.20 41,162.90",standard_rate
"2026-03-27 COMMERCIAL INSURANCE CO 455.00 40,707.90",standard_rate
"2026-03-27 PEST CONTROL SVC 85.00 40,622.90",standard_rate
"2026-03-27 EQUIPMENT REPAIR - POS TERMINAL 245.00 40,377.90",standard_rate
"2026-03-30 CLOVER SALES DEPOSIT 2,985.10 43,363.00",standard_rate
"2026-03-31 KENTUCKY SBA LOAN PMT 1,125.40 42,237.60",standard_rate
"2026-03-31 POS SOFTWARE FEES (TOAST/SQUARE/CLOVER) 178.00 42,059.60",standard_rate
"2026-03-31 BANK MAINTENANCE FEE 25.00 42,034.60",standard_rate
"2026-03-31 CC PROCESSING FEES 268.75 41,765.85",standard_rate
"2026-03-31 MARKETING - META ADS 280.00 41,485.85",standard_rate
"2026-03-31 OWNER DISTRIBUTION - J. HARRISON 5,000.00 36,485.85",standard_rate
"Opening Balance: 31,493.44 Closing Balance: 36,485.85",standard_rate
Capital One Spark Business Credit — Statement,standard_rate
Account: Spark Cash Plus (cid:127)(cid:127)(cid:127)(cid:127)5678 Statement Period: 03/01/2025–03/31/2025,standard_rate
Business Name: Louisville BBQ Co. Minimum Payment Due: See below,standard_rate
"Rewards Cash Back:$187.42 New Balance: $5,034.75",standard_rate
Transaction Detail — March 2025,standard_rate
Trans. Date Posted Date Card No. Description Category Debit,standard_rate
03/03/2025 03/03/2025 5678 WHOLE FOODS MARKET FoodCost $176.23,standard_rate
03/05/2025 03/05/2025 5678 GORDON FOOD SERVICE FoodCost $771.74,standard_rate
03/06/2025 03/06/2025 5678 WALMART SUPERCENTER #4421 FoodCost $233.41,standard_rate
03/08/2025 03/08/2025 5678 SAMS CLUB #6342 FoodCost $403.88,standard_rate
03/09/2025 03/09/2025 5678 WHOLE FOODS MARKET FoodCost $183.71,standard_rate
03/10/2025 03/10/2025 5678 US FOODS INC FoodCost $862.25,standard_rate
03/11/2025 03/11/2025 5678 WALMART SUPERCENTER #4421 FoodCost $202.87,standard_rate
03/13/2025 03/13/2025 5678 DOORDASH FEE PLATFORM DeliveryFees $84.62,standard_rate
03/14/2025 03/14/2025 5678 HOME DEPOT #4823 Other $84.81,standard_rate
03/16/2025 03/16/2025 5678 STAPLES INC #0392 Other $65.31,standard_rate
03/18/2025 03/18/2025 5678 HOME DEPOT #4823 Other $93.38,standard_rate
03/19/2025 03/19/2025 5678 SPECTRUM INTERNET Utilities $101.07,standard_rate
03/21/2025 03/21/2025 5678 VERIZON WIRELESS Utilities $145.69,standard_rate
03/23/2025 03/23/2025 5678 AMAZON BUSINESS PRIME Other $130.25,standard_rate
03/24/2025 03/24/2025 5678 SAMS CLUB #6342 FoodCost $389.54,standard_rate
03/25/2025 03/25/2025 5678 AMAZON BUSINESS PRIME Other $56.83,standard_rate
03/26/2025 03/26/2025 5678 STAPLES INC #0392 Other $59.93,standard_rate
03/28/2025 03/28/2025 5678 US FOODS INC FoodCost $989.23,standard_rate
"STATEMENT TOTAL $5,034.75",standard_rate
"Capital One — Test Statement Only | P.O. Box 30285, Salt Lake City, UT 84130-0285",standard_rate
CHASE Business Credit Card Statement,standard_rate
Account Number: (cid:127)(cid:127)(cid:127)(cid:127) (cid:127)(cid:127)(cid:127)(cid:127) (cid:127)(cid:127)(cid:127)(cid:127) 5821 Statement Period: 03/01/2025 – 03/31/2025,standard_rate
Account Name: Louisville BBQ Co. Payment Due: 04/25/2025,standard_rate
"Card Type: Chase Ink Business Cash New Balance: $3,364.36",standard_rate
Transaction History — March 2025,standard_rate
Trans. Date Post Date Description Category Amount,standard_rate
03/02/2025 03/02/2025 HOME DEPOT #4823 Other $76.03,standard_rate
"03/04/2025 03/04/2025 SYSCO FOODS LLC FoodCost $1,128.48",standard_rate
03/06/2025 03/06/2025 SYSCO SMALLWARES Other $348.03,standard_rate
03/07/2025 03/07/2025 SYSCO SMALLWARES Other $341.23,standard_rate
03/08/2025 03/08/2025 RESTAURANT DEPOT #14 FoodCost $579.72,standard_rate
03/09/2025 03/09/2025 AMAZON BUSINESS PRIME Other $58.58,standard_rate
03/10/2025 03/10/2025 DOORDASH FEE PLATFORM DeliveryFees $87.10,standard_rate
03/11/2025 03/11/2025 UBER EATS PLATFORM FEE DeliveryFees $68.67,standard_rate
03/12/2025 03/12/2025 GRUBHUB FEE DeliveryFees $46.01,standard_rate
03/14/2025 03/14/2025 AMAZON BUSINESS PRIME Other $141.77,standard_rate
03/16/2025 03/16/2025 WHOLE FOODS MARKET FoodCost $176.36,standard_rate
03/18/2025 03/18/2025 STAPLES INC #0392 Other $64.70,standard_rate
03/19/2025 03/19/2025 GRUBHUB FEE DeliveryFees $43.90,standard_rate
03/21/2025 03/21/2025 WALMART SUPERCENTER #4421 FoodCost $203.78,standard_rate
"STATEMENT TOTAL $3,364.36",standard_rate
"This statement is generated for testing purposes only. Chase Bank N.A. | P.O. Box 15123, Wilmington, DE 19850 | Member FDIC",standard_rate
FirstTrust Commercial Bank,standard_rate
Business Checking Account Statement,standard_rate
Member FDIC | www.firsttrustbank.com | 1-800-555-0199,standard_rate
"Account Holder: The Golden Fork LLC Statement Period: January 1 - March 31, 2024",standard_rate
Business Name: The Golden Fork Restaurant Account Number: ****4872,standard_rate
"Address: 2214 W. Maple Ave, Chicago, IL 60614 Routing Number: 071000013",standard_rate
Account Type: Business Checking - Premium Branch: Lincoln Park Branch,standard_rate
Account Summary,standard_rate
"Opening Balance (Jan 1, 2024) $42,318.55",standard_rate
"Total Deposits & Credits $187,450.00",standard_rate
"Total Withdrawals & Debits ($161,892.40)",standard_rate
"Ending Balance (Mar 31, 2024) $67,876.15",standard_rate
Transaction History — Q1 2024,standard_rate
Date Description Reference Debit (-) Credit (+) Balance,standard_rate
"Jan 02 OPENING BALANCE FORWARD BAL-FWD 42,318.55",standard_rate
"Jan 03 Sysco Foods Inc - Inventory ACH-7741 4,820.00 37,498.55",standard_rate
"Jan 04 POS Sales Deposit - Daily DEP-0104 3,210.50 40,709.05",standard_rate
"Jan 05 ADP Payroll Processing ACH-3301 8,450.00 32,259.05",standard_rate
"Jan 06 POS Sales Deposit - Daily DEP-0106 4,105.75 36,364.80",standard_rate
"Jan 08 Gordon Food Service - Produce ACH-5522 1,240.00 35,124.80",standard_rate
"Jan 10 ComEd Electric Bill ACH-8821 1,840.00 33,284.80",standard_rate
"Jan 11 POS Sales Deposit - Weekly DEP-0111 14,320.00 47,604.80",standard_rate
"Jan 12 Peoples Gas - Utilities ACH-4410 620.00 46,984.80",standard_rate
"Jan 13 US Foods - Meat & Dairy ACH-9921 3,180.00 43,804.80",standard_rate
"Jan 15 Rent Payment - 2214 W Maple CHK-1021 12,500.00 31,304.80",standard_rate
"Jan 18 POS Sales Deposit - Weekly DEP-0118 15,640.00 46,944.80",standard_rate
"Jan 19 Sysco Foods Inc - Inventory ACH-7742 3,950.00 42,994.80",standard_rate
"Jan 22 ADP Payroll Processing ACH-3302 8,450.00 34,544.80",standard_rate
"Jan 25 POS Sales Deposit - Weekly DEP-0125 16,820.00 51,364.80",standard_rate
"Jan 26 Beverage Distributor - Liquor ACH-6612 2,100.00 49,264.80",standard_rate
"Jan 29 Republic Services - Trash ACH-2210 310.00 48,954.80",standard_rate
"Jan 31 POS Sales Deposit - Weekly DEP-0131 14,950.00 63,904.80",standard_rate
"Feb 01 Sysco Foods Inc - Inventory ACH-7743 4,620.00 59,284.80",standard_rate
"Feb 02 ADP Payroll Processing ACH-3303 8,450.00 50,834.80",standard_rate
Date Description Reference Debit (-) Credit (+) Balance,standard_rate
"Feb 05 ComEd Electric Bill ACH-8822 1,920.00 48,914.80",standard_rate
"Feb 08 POS Sales Deposit - Weekly DEP-0208 13,750.00 62,664.80",standard_rate
"Feb 09 Gordon Food Service - Produce ACH-5523 1,380.00 61,284.80",standard_rate
"Feb 10 Peoples Gas - Utilities ACH-4411 780.00 60,504.80",standard_rate
"Feb 14 POS Sales Deposit - Valentine's DEP-0214 22,400.00 82,904.80",standard_rate
"Feb 15 Rent Payment - 2214 W Maple CHK-1022 12,500.00 70,404.80",standard_rate
"Feb 16 ADP Payroll Processing ACH-3304 8,450.00 61,954.80",standard_rate
"Feb 18 US Foods - Meat & Dairy ACH-9922 3,420.00 58,534.80",standard_rate
"Feb 19 Sysco Foods Inc - Inventory ACH-7744 4,100.00 54,434.80",standard_rate
"Feb 22 POS Sales Deposit - Weekly DEP-0222 14,980.00 69,414.80",standard_rate
"Feb 26 Beverage Distributor - Liquor ACH-6613 2,350.00 67,064.80",standard_rate
"Feb 29 POS Sales Deposit - Weekly DEP-0229 15,200.00 82,264.80",standard_rate
"Mar 01 ADP Payroll Processing ACH-3305 8,450.00 73,814.80",standard_rate
"Mar 04 Sysco Foods Inc - Inventory ACH-7745 5,100.00 68,714.80",standard_rate
"Mar 05 ComEd Electric Bill ACH-8823 1,760.00 66,954.80",standard_rate
"Mar 07 POS Sales Deposit - Weekly DEP-0307 15,640.00 82,594.80",standard_rate
"Mar 08 Gordon Food Service - Produce ACH-5524 1,560.00 81,034.80",standard_rate
"Mar 10 Peoples Gas - Utilities ACH-4412 640.00 80,394.80",standard_rate
"Mar 12 US Foods - Meat & Dairy ACH-9923 3,680.00 76,714.80",standard_rate
"Mar 15 Rent Payment - 2214 W Maple CHK-1023 12,500.00 64,214.80",standard_rate
"Mar 15 POS Sales Deposit - Weekly DEP-0315 16,980.00 81,194.80",standard_rate
"Mar 16 ADP Payroll Processing ACH-3306 8,450.00 72,744.80",standard_rate
"Mar 19 Sysco Foods Inc - Inventory ACH-7746 4,840.00 67,904.80",standard_rate
"Mar 22 POS Sales Deposit - Weekly DEP-0322 17,450.00 85,354.80",standard_rate
"Mar 25 Beverage Distributor - Liquor ACH-6614 2,580.00 82,774.80",standard_rate
"Mar 26 Republic Services - Trash ACH-2211 310.00 82,464.80",standard_rate
"Mar 28 OpenTable - Reservation Fee ACH-1105 149.00 82,315.80",standard_rate
"Mar 29 POS Sales Deposit - Weekly DEP-0329 18,200.00 100,515.80",standard_rate
"Mar 31 Square POS - Final March Dep DEP-0331 4,760.00 105,275.80",standard_rate
"Mar 31 Bank Service Fee - Q1 FEE-0331 399.65 104,876.15",standard_rate
"Mar 31 Interest Earned - Q1 INT-0331 3,000.00 107,876.15",standard_rate
"Mar 31 CLOSING BALANCE BAL-END 67,876.15",standard_rate
Q1 2024 Expense Category Summary,standard_rate
Category Vendor(s) Transactions Total Amount,standard_rate
"Food & Beverage (COGS) Sysco Foods, Gordon Food, US Foods 12 $37,870.00",standard_rate
"Labor ADP Payroll Processing 6 $50,700.00",standard_rate
"Rent 2214 W. Maple Ave Landlord 3 $37,500.00",standard_rate
"Utilities - Electric ComEd 3 $5,520.00",standard_rate
"Utilities - Gas Peoples Gas 3 $2,040.00",standard_rate
"Beverages / Liquor Beverage Distributor 3 $7,030.00",standard_rate
Waste Management Republic Services 2 $620.00,standard_rate
"Software / Services OpenTable, Square POS 2 $149.00",standard_rate
Bank Fees FirstTrust Commercial Bank 1 $399.65,standard_rate
"TOTAL EXPENSES 35 $141,828.65",standard_rate
"TOTAL REVENUE (POS Deposits) 18 $187,450.00",standard_rate
"NET PROFIT (Q1 2024) $45,621.35",standard_rate
"This statement is for the period January 1 - March 31, 2024. Questions? Call 1-800-555-0199",standard_rate
"FirstTrust Commercial Bank | Member FDIC | Equal Housing Lender Generated: April 1, 2024",standard_rate
FirstTrust Commercial Bank,standard_rate
Business Checking Account Statement,standard_rate
Member FDIC | www.firsttrustbank.com | 1-800-555-0199,standard_rate
"Account Holder: The Golden Fork LLC Statement Period: January 1 - March 31, 2024",standard_rate
Business Name: The Golden Fork Restaurant Account Number: ****4872,standard_rate
"Address: 2214 W. Maple Ave, Chicago, IL 60614 Routing Number: 071000013",standard_rate
Account Type: Business Checking - Premium Branch: Lincoln Park Branch,standard_rate
Account Summary,standard_rate
"Opening Balance (Jan 1, 2024) $42,318.55",standard_rate
"Total Deposits & Credits $187,450.00",standard_rate
"Total Withdrawals & Debits ($161,892.40)",standard_rate
"Ending Balance (Mar 31, 2024) $67,876.15",standard_rate
Transaction History — Q1 2024,standard_rate
Date Description Reference Debit (-) Credit (+) Balance,standard_rate
"Jan 02 OPENING BALANCE FORWARD BAL-FWD 42,318.55",standard_rate
"Jan 03 Sysco Foods Inc - Inventory ACH-7741 4,820.00 37,498.55",standard_rate
"Jan 04 POS Sales Deposit - Daily DEP-0104 3,210.50 40,709.05",standard_rate
"Jan 05 ADP Payroll Processing ACH-3301 8,450.00 32,259.05",standard_rate
"Jan 06 POS Sales Deposit - Daily DEP-0106 4,105.75 36,364.80",standard_rate
"Jan 08 Gordon Food Service - Produce ACH-5522 1,240.00 35,124.80",standard_rate
"Jan 10 ComEd Electric Bill ACH-8821 1,840.00 33,284.80",standard_rate
"Jan 11 POS Sales Deposit - Weekly DEP-0111 14,320.00 47,604.80",standard_rate
"Jan 12 Peoples Gas - Utilities ACH-4410 620.00 46,984.80",standard_rate
"Jan 13 US Foods - Meat & Dairy ACH-9921 3,180.00 43,804.80",standard_rate
"Jan 15 Rent Payment - 2214 W Maple CHK-1021 12,500.00 31,304.80",standard_rate
"Jan 18 POS Sales Deposit - Weekly DEP-0118 15,640.00 46,944.80",standard_rate
"Jan 19 Sysco Foods Inc - Inventory ACH-7742 3,950.00 42,994.80",standard_rate
"Jan 22 ADP Payroll Processing ACH-3302 8,450.00 34,544.80",standard_rate
"Jan 25 POS Sales Deposit - Weekly DEP-0125 16,820.00 51,364.80",standard_rate
"Jan 26 Beverage Distributor - Liquor ACH-6612 2,100.00 49,264.80",standard_rate
"Jan 29 Republic Services - Trash ACH-2210 310.00 48,954.80",standard_rate
"Jan 31 POS Sales Deposit - Weekly DEP-0131 14,950.00 63,904.80",standard_rate
"Feb 01 Sysco Foods Inc - Inventory ACH-7743 4,620.00 59,284.80",standard_rate
"Feb 02 ADP Payroll Processing ACH-3303 8,450.00 50,834.80",standard_rate
Date Description Reference Debit (-) Credit (+) Balance,standard_rate
"Feb 05 ComEd Electric Bill ACH-8822 1,920.00 48,914.80",standard_rate
"Feb 08 POS Sales Deposit - Weekly DEP-0208 13,750.00 62,664.80",standard_rate
"Feb 09 Gordon Food Service - Produce ACH-5523 1,380.00 61,284.80",standard_rate
"Feb 10 Peoples Gas - Utilities ACH-4411 780.00 60,504.80",standard_rate
"Feb 14 POS Sales Deposit - Valentine's DEP-0214 22,400.00 82,904.80",standard_rate
"Feb 15 Rent Payment - 2214 W Maple CHK-1022 12,500.00 70,404.80",standard_rate
"Feb 16 ADP Payroll Processing ACH-3304 8,450.00 61,954.80",standard_rate
"Feb 18 US Foods - Meat & Dairy ACH-9922 3,420.00 58,534.80",standard_rate
"Feb 19 Sysco Foods Inc - Inventory ACH-7744 4,100.00 54,434.80",standard_rate
"Feb 22 POS Sales Deposit - Weekly DEP-0222 14,980.00 69,414.80",standard_rate
"Feb 26 Beverage Distributor - Liquor ACH-6613 2,350.00 67,064.80",standard_rate
"Feb 29 POS Sales Deposit - Weekly DEP-0229 15,200.00 82,264.80",standard_rate
"Mar 01 ADP Payroll Processing ACH-3305 8,450.00 73,814.80",standard_rate
"Mar 04 Sysco Foods Inc - Inventory ACH-7745 5,100.00 68,714.80",standard_rate
"Mar 05 ComEd Electric Bill ACH-8823 1,760.00 66,954.80",standard_rate
"Mar 07 POS Sales Deposit - Weekly DEP-0307 15,640.00 82,594.80",standard_rate
"Mar 08 Gordon Food Service - Produce ACH-5524 1,560.00 81,034.80",standard_rate
"Mar 10 Peoples Gas - Utilities ACH-4412 640.00 80,394.80",standard_rate
"Mar 12 US Foods - Meat & Dairy ACH-9923 3,680.00 76,714.80",standard_rate
"Mar 15 Rent Payment - 2214 W Maple CHK-1023 12,500.00 64,214.80",standard_rate
"Mar 15 POS Sales Deposit - Weekly DEP-0315 16,980.00 81,194.80",standard_rate
"Mar 16 ADP Payroll Processing ACH-3306 8,450.00 72,744.80",standard_rate
"Mar 19 Sysco Foods Inc - Inventory ACH-7746 4,840.00 67,904.80",standard_rate
"Mar 22 POS Sales Deposit - Weekly DEP-0322 17,450.00 85,354.80",standard_rate
"Mar 25 Beverage Distributor - Liquor ACH-6614 2,580.00 82,774.80",standard_rate
"Mar 26 Republic Services - Trash ACH-2211 310.00 82,464.80",standard_rate
"Mar 28 OpenTable - Reservation Fee ACH-1105 149.00 82,315.80",standard_rate
"Mar 29 POS Sales Deposit - Weekly DEP-0329 18,200.00 100,515.80",standard_rate
"Mar 31 Square POS - Final March Dep DEP-0331 4,760.00 105,275.80",standard_rate
"Mar 31 Bank Service Fee - Q1 FEE-0331 399.65 104,876.15",standard_rate
"Mar 31 Interest Earned - Q1 INT-0331 3,000.00 107,876.15",standard_rate
"Mar 31 CLOSING BALANCE BAL-END 67,876.15",standard_rate
Q1 2024 Expense Category Summary,standard_rate
Category Vendor(s) Transactions Total Amount,standard_rate
"Food & Beverage (COGS) Sysco Foods, Gordon Food, US Foods 12 $37,870.00",standard_rate
"Labor ADP Payroll Processing 6 $50,700.00",standard_rate
"Rent 2214 W. Maple Ave Landlord 3 $37,500.00",standard_rate
"Utilities - Electric ComEd 3 $5,520.00",standard_rate
"Utilities - Gas Peoples Gas 3 $2,040.00",standard_rate
"Beverages / Liquor Beverage Distributor 3 $7,030.00",standard_rate
Waste Management Republic Services 2 $620.00,standard_rate
"Software / Services OpenTable, Square POS 2 $149.00",standard_rate
Bank Fees FirstTrust Commercial Bank 1 $399.65,standard_rate
"TOTAL EXPENSES 35 $141,828.65",standard_rate
"TOTAL REVENUE (POS Deposits) 18 $187,450.00",standard_rate
"NET PROFIT (Q1 2024) $45,621.35",standard_rate
"This statement is for the period January 1 - March 31, 2024. Questions? Call 1-800-555-0199",standard_rate
"FirstTrust Commercial Bank | Member FDIC | Equal Housing Lender Generated: April 1, 2024",standard_rate
FirstTrust Commercial Bank,standard_rate
Business Checking Account Statement,standard_rate
Member FDIC | www.firsttrustbank.com | 1-800-555-0199,standard_rate
"Account Holder: The Golden Fork LLC Statement Period: January 1 - March 31, 2024",standard_rate
Business Name: The Golden Fork Restaurant Account Number: ****4872,standard_rate
"Address: 2214 W. Maple Ave, Chicago, IL 60614 Routing Number: 071000013",standard_rate
Account Type: Business Checking - Premium Branch: Lincoln Park Branch,standard_rate
Account Summary,standard_rate
"Opening Balance (Jan 1, 2024) $42,318.55",standard_rate
"Total Deposits & Credits $187,450.00",standard_rate
"Total Withdrawals & Debits ($161,892.40)",standard_rate
"Ending Balance (Mar 31, 2024) $67,876.15",standard_rate
Transaction History — Q1 2024,standard_rate
Date Description Reference Debit (-) Credit (+) Balance,standard_rate
"Jan 02 OPENING BALANCE FORWARD BAL-FWD 42,318.55",standard_rate
"Jan 03 Sysco Foods Inc - Inventory ACH-7741 4,820.00 37,498.55",standard_rate
"Jan 04 POS Sales Deposit - Daily DEP-0104 3,210.50 40,709.05",standard_rate
"Jan 05 ADP Payroll Processing ACH-3301 8,450.00 32,259.05",standard_rate
"Jan 06 POS Sales Deposit - Daily DEP-0106 4,105.75 36,364.80",standard_rate
"Jan 08 Gordon Food Service - Produce ACH-5522 1,240.00 35,124.80",standard_rate
"Jan 10 ComEd Electric Bill ACH-8821 1,840.00 33,284.80",standard_rate
"Jan 11 POS Sales Deposit - Weekly DEP-0111 14,320.00 47,604.80",standard_rate
"Jan 12 Peoples Gas - Utilities ACH-4410 620.00 46,984.80",standard_rate
"Jan 13 US Foods - Meat & Dairy ACH-9921 3,180.00 43,804.80",standard_rate
"Jan 15 Rent Payment - 2214 W Maple CHK-1021 12,500.00 31,304.80",standard_rate
"Jan 18 POS Sales Deposit - Weekly DEP-0118 15,640.00 46,944.80",standard_rate
"Jan 19 Sysco Foods Inc - Inventory ACH-7742 3,950.00 42,994.80",standard_rate
"Jan 22 ADP Payroll Processing ACH-3302 8,450.00 34,544.80",standard_rate
"Jan 25 POS Sales Deposit - Weekly DEP-0125 16,820.00 51,364.80",standard_rate
"Jan 26 Beverage Distributor - Liquor ACH-6612 2,100.00 49,264.80",standard_rate
"Jan 29 Republic Services - Trash ACH-2210 310.00 48,954.80",standard_rate
"Jan 31 POS Sales Deposit - Weekly DEP-0131 14,950.00 63,904.80",standard_rate
"Feb 01 Sysco Foods Inc - Inventory ACH-7743 4,620.00 59,284.80",standard_rate
"Feb 02 ADP Payroll Processing ACH-3303 8,450.00 50,834.80",standard_rate
Date Description Reference Debit (-) Credit (+) Balance,standard_rate
"Feb 05 ComEd Electric Bill ACH-8822 1,920.00 48,914.80",standard_rate
"Feb 08 POS Sales Deposit - Weekly DEP-0208 13,750.00 62,664.80",standard_rate
"Feb 09 Gordon Food Service - Produce ACH-5523 1,380.00 61,284.80",standard_rate
"Feb 10 Peoples Gas - Utilities ACH-4411 780.00 60,504.80",standard_rate
"Feb 14 POS Sales Deposit - Valentine's DEP-0214 22,400.00 82,904.80",standard_rate
"Feb 15 Rent Payment - 2214 W Maple CHK-1022 12,500.00 70,404.80",standard_rate
"Feb 16 ADP Payroll Processing ACH-3304 8,450.00 61,954.80",standard_rate
"Feb 18 US Foods - Meat & Dairy ACH-9922 3,420.00 58,534.80",standard_rate
"Feb 19 Sysco Foods Inc - Inventory ACH-7744 4,100.00 54,434.80",standard_rate
"Feb 22 POS Sales Deposit - Weekly DEP-0222 14,980.00 69,414.80",standard_rate
"Feb 26 Beverage Distributor - Liquor ACH-6613 2,350.00 67,064.80",standard_rate
"Feb 29 POS Sales Deposit - Weekly DEP-0229 15,200.00 82,264.80",standard_rate
"Mar 01 ADP Payroll Processing ACH-3305 8,450.00 73,814.80",standard_rate
"Mar 04 Sysco Foods Inc - Inventory ACH-7745 5,100.00 68,714.80",standard_rate
"Mar 05 ComEd Electric Bill ACH-8823 1,760.00 66,954.80",standard_rate
"Mar 07 POS Sales Deposit - Weekly DEP-0307 15,640.00 82,594.80",standard_rate
"Mar 08 Gordon Food Service - Produce ACH-5524 1,560.00 81,034.80",standard_rate
"Mar 10 Peoples Gas - Utilities ACH-4412 640.00 80,394.80",standard_rate
"Mar 12 US Foods - Meat & Dairy ACH-9923 3,680.00 76,714.80",standard_rate
"Mar 15 Rent Payment - 2214 W Maple CHK-1023 12,500.00 64,214.80",standard_rate
"Mar 15 POS Sales Deposit - Weekly DEP-0315 16,980.00 81,194.80",standard_rate
"Mar 16 ADP Payroll Processing ACH-3306 8,450.00 72,744.80",standard_rate
"Mar 19 Sysco Foods Inc - Inventory ACH-7746 4,840.00 67,904.80",standard_rate
"Mar 22 POS Sales Deposit - Weekly DEP-0322 17,450.00 85,354.80",standard_rate
"Mar 25 Beverage Distributor - Liquor ACH-6614 2,580.00 82,774.80",standard_rate
"Mar 26 Republic Services - Trash ACH-2211 310.00 82,464.80",standard_rate
"Mar 28 OpenTable - Reservation Fee ACH-1105 149.00 82,315.80",standard_rate
"Mar 29 POS Sales Deposit - Weekly DEP-0329 18,200.00 100,515.80",standard_rate
"Mar 31 Square POS - Final March Dep DEP-0331 4,760.00 105,275.80",standard_rate
"Mar 31 Bank Service Fee - Q1 FEE-0331 399.65 104,876.15",standard_rate
"Mar 31 Interest Earned - Q1 INT-0331 3,000.00 107,876.15",standard_rate
"Mar 31 CLOSING BALANCE BAL-END 67,876.15",standard_rate
Q1 2024 Expense Category Summary,standard_rate
Category Vendor(s) Transactions Total Amount,standard_rate
"Food & Beverage (COGS) Sysco Foods, Gordon Food, US Foods 12 $37,870.00",standard_rate
"Labor ADP Payroll Processing 6 $50,700.00",standard_rate
"Rent 2214 W. Maple Ave Landlord 3 $37,500.00",standard_rate
"Utilities - Electric ComEd 3 $5,520.00",standard_rate
"Utilities - Gas Peoples Gas 3 $2,040.00",standard_rate
"Beverages / Liquor Beverage Distributor 3 $7,030.00",standard_rate
Waste Management Republic Services 2 $620.00,standard_rate
"Software / Services OpenTable, Square POS 2 $149.00",standard_rate
Bank Fees FirstTrust Commercial Bank 1 $399.65,standard_rate
"TOTAL EXPENSES 35 $141,828.65",standard_rate
"TOTAL REVENUE (POS Deposits) 18 $187,450.00",standard_rate
"NET PROFIT (Q1 2024) $45,621.35",standard_rate
"This statement is for the period January 1 - March 31, 2024. Questions? Call 1-800-555-0199",standard_rate
"FirstTrust Commercial Bank | Member FDIC | Equal Housing Lender Generated: April 1, 2024",standard_rate
"Chase Business Banking Member FDIC · Business ChecAkincgc Aocuconuntt Statement March 1, 2025 – March 31, 2025",standard_rate
Account Holder Account Number Statement Period,standard_rate
"James Mitchell March 1, 2025 – March",standard_rate
"****4821 31, 2025",standard_rate
The Bluegrass Diner,standard_rate
Opening Balance Closing Balance,standard_rate
"142 Main Street, Louisville, KY 40202",standard_rate
"$12,430.55 $23,664.60",standard_rate
Total Credits Total Debits Net Cash Flow Transactions,standard_rate
"+ $30,263.55 - $19,029.50 $+11,234.05 31",standard_rate
Date Description Category Debit Credit Balance,standard_rate
"03/01 SQUARE INC PAYMENT LOUISVILLE Revenue $3,240.50 $15,671.05",standard_rate
"03/01 SYSCO FOODS 0301 LOUISVILLE KY FoodCost $1,180.00 $14,491.05",standard_rate
"03/02 SQUARE INC PAYMENT LOUISVILLE Revenue $2,890.75 $17,381.80",standard_rate
"03/03 DOORDASH TRANSFER DASHER INC Revenue $640.20 $18,022.00",standard_rate
"03/03 GUSTO PAYROLL 030325 Labor $2,100.00 $15,922.00",standard_rate
"03/04 SQUARE INC PAYMENT LOUISVILLE Revenue $3,100.00 $19,022.00",standard_rate
"03/05 US FOODS INC LOUISVILLE FoodCost $890.50 $18,131.50",standard_rate
"03/06 UBER EATS PAYOUT MARCH Revenue $520.40 $18,651.90",standard_rate
"03/07 AT&T; BUSINESS INTERNET SVC Utilities $189.00 $18,462.90",standard_rate
"03/07 SQUARE INC PAYMENT LOUISVILLE Revenue $2,760.00 $21,222.90",standard_rate
"03/08 RESTAURANT DEPOT LOUISVILLE FoodCost $740.00 $20,482.90",standard_rate
"03/10 GRUBHUB HOLDINGS INC PAYOUT Revenue $380.60 $20,863.50",standard_rate
"03/10 GUSTO PAYROLL 031025 Labor $2,100.00 $18,763.50",standard_rate
"03/11 SYSCO FOODS 0311 LOUISVILLE KY FoodCost $1,050.00 $17,713.50",standard_rate
"03/12 SQUARE INC PAYMENT LOUISVILLE Revenue $3,420.00 $21,133.50",standard_rate
"03/13 LEASE PAYMENT 142 MAIN ST LLC Rent $3,500.00 $17,633.50",standard_rate
"03/14 CENTERPOINT ENERGY GAS SVC Utilities $210.00 $17,423.50",standard_rate
"03/15 SQUARE INC PAYMENT LOUISVILLE Revenue $2,980.00 $20,403.50",standard_rate
"03/17 GUSTO PAYROLL 031725 Labor $2,100.00 $18,303.50",standard_rate
Date Description Category Debit Credit Balance,standard_rate
"03/18 US FOODS INC LOUISVILLE FoodCost $920.00 $17,383.50",standard_rate
"03/19 DOORDASH TRANSFER DASHER INC Revenue $710.30 $18,093.80",standard_rate
"03/20 AMAZON MARKETPLACE PMTS Supplies $340.00 $17,753.80",standard_rate
"03/21 SQUARE INC PAYMENT LOUISVILLE Revenue $3,180.00 $20,933.80",standard_rate
"03/22 COMCAST BUSINESS SERVICES Utilities $145.00 $20,788.80",standard_rate
"03/24 GUSTO PAYROLL 032425 Labor $2,100.00 $18,688.80",standard_rate
"03/25 SYSCO FOODS 0325 LOUISVILLE KY FoodCost $1,200.00 $17,488.80",standard_rate
"03/26 UBER EATS PAYOUT MARCH Revenue $490.80 $17,979.60",standard_rate
"03/27 SQUARE INC PAYMENT LOUISVILLE Revenue $3,050.00 $21,029.60",standard_rate
"03/28 FACEBOOK ADS MARKETING Marketing $250.00 $20,779.60",standard_rate
"03/29 MONTHLY SERVICE FEE CHASE BUS Banking $15.00 $20,764.60",standard_rate
"03/31 SQUARE INC PAYMENT LOUISVILLE Revenue $2,900.00 $23,664.60",standard_rate
Category Summary Total In Total Out Net Tax Estimates (Kentucky),standard_rate
Banking - $15.00 $-15.00 Net Profit This Period,standard_rate
"FoodCost - $5,980.50 $-5,980.50 $11,234.05",standard_rate
"Labor - $8,400.00 $-8,400.00",standard_rate
KY State Tax (5%): $561.70,standard_rate
Marketing - $250.00 $-250.00,standard_rate
"Federal Est (27%): $3,033.19",standard_rate
"Rent - $3,500.00 $-3,500.00",standard_rate
"Revenue $30,263.55 - $+30,263.55 Quarterly Set-Aside: $898.72",standard_rate
Supplies - $340.00 $-340.00,standard_rate
* Estimate only. Confirm with your CPA.,standard_rate
Utilities - $544.00 $-544.00,standard_rate
"Chase Business Banking · Account ****4821 · Statement for March 1, 2025 – March 31, 2025 · This is a sample statement for testing purposes",standard_rate
