raw_description,vat_code,base_merchant
DD ROYAL MAIL 8854  LTD,exempt,ROYAL MAIL
DD STATIONERY STATION  DIRECT REF-8557,standard_rate,STATIONERY STATION
SQ *BOOTS UK 3839 LONDON STORE REF-3285,standard_rate,BOOTS UK
CARD PAYROLL TRANSFER BRISTOL PLC,outside_scope,PAYROLL TRANSFER
SQ *INTRA ACCOUNT TRANSFER 4818 GLASGOW REF-8752,outside_scope,INTRA ACCOUNT TRANSFER
IZ *AMAZON KINDLE 3210  LTD REF-7941,zero_rated,AMAZON KINDLE
Pos Edf Energy 6347 Online Direct Ref-3269,reduced_rate,EDF ENERGY
SQ *UBER EATS 8864  UK,standard_rate,UBER EATS
linkedin premium bristol plc,standard_rate,LINKEDIN PREMIUM
Card Sainsburys 123 London Online Ref-7164,zero_rated,SAINSBURYS
iz *uber eats 7596 birmingham uk ref-6318,standard_rate,UBER EATS
Dd Boots Uk 4097  Online Ref-4800,standard_rate,BOOTS UK
CARD TFL TRAVEL  DIRECT,zero_rated,TFL TRAVEL
PAYMENT TO EDF ENERGY 1170 LONDON UK,reduced_rate,EDF ENERGY
XERO SOFTWARE 902  REF-9486,standard_rate,XERO SOFTWARE
SQ *WATERSTONES 6022  REF-8756,zero_rated,WATERSTONES
SQ *BARCLAYS BANK 4949 ONLINE PLC REF-9627,exempt,BARCLAYS BANK
CARD DELIVEROO 7601 GLASGOW DIRECT REF-3219,standard_rate,DELIVEROO
CARD LINKEDIN PREMIUM 2210  STORE,standard_rate,LINKEDIN PREMIUM
CARD HMRC SHIPLEY 9889  UK,outside_scope,HMRC SHIPLEY
PAYMENT TO BARCLAYS BANK  DIRECT,exempt,BARCLAYS BANK
Asda Supermarket 6125 Leeds Ref-9955,zero_rated,ASDA SUPERMARKET
iz *amazon eu 646 manchester direct,standard_rate,AMAZON EU
POS QUICKBOOKS 7964 LONDON UK,standard_rate,QUICKBOOKS
CARD AMAZON EU LEEDS PLC,standard_rate,AMAZON EU
CARD POST OFFICE 2311 LEEDS ONLINE,exempt,POST OFFICE
IZ *MICROSOFT 365 7034  DIRECT REF-4918,standard_rate,MICROSOFT 365
CARD SAGE SUBSCRIPTION 2971 BIRMINGHAM ONLINE,standard_rate,SAGE SUBSCRIPTION
POS OCTOPUS ENERGY 3421 BRISTOL REF-1399,reduced_rate,OCTOPUS ENERGY
Pos Waterstones 8753 Manchester Uk,zero_rated,WATERSTONES
IZ *AA BREAKDOWN 7905 LEEDS UK REF-5036,exempt,AA BREAKDOWN
IZ *LNER TICKETS 6441  STORE REF-1683,zero_rated,LNER TICKETS
SQ *TRAINLINE  LTD,zero_rated,TRAINLINE
ALDI STORES  UK,zero_rated,ALDI STORES
SQ *TFL TRAVEL LEEDS UK REF-1969,zero_rated,TFL TRAVEL
sq *lner tickets 6524 birmingham online,zero_rated,LNER TICKETS
iz *hmrc shipley 1446 bristol ltd,outside_scope,HMRC SHIPLEY
POS BARCLAYS BANK 796 ONLINE STORE,exempt,BARCLAYS BANK
card deliveroo 8273 online uk ref-5626,standard_rate,DELIVEROO
Payment To Amazon Kindle 9306 Online Online Ref-8159,zero_rated,AMAZON KINDLE
DD QUICKBOOKS 7450 GLASGOW STORE REF-7789,standard_rate,QUICKBOOKS
DELIVEROO 5270 ONLINE LTD REF-7297,standard_rate,DELIVEROO
Pos Quickbooks 366 Leeds Online Ref-4776,standard_rate,QUICKBOOKS
WESTMINSTER COUNCIL 9586 BRISTOL STORE,outside_scope,WESTMINSTER COUNCIL
IZ *HMRC PAYMENTS 5844 LEEDS ONLINE REF-9877,outside_scope,HMRC PAYMENTS
DD TFL TRAVEL BRISTOL,zero_rated,TFL TRAVEL
IZ *LINKEDIN PREMIUM  PLC,standard_rate,LINKEDIN PREMIUM
Iz *Amazon Uk 6010 Uk Direct Ref-7471,standard_rate,AMAZON UK
pos payroll transfer 9242 leeds plc ref-1872,outside_scope,PAYROLL TRANSFER
ROYAL MAIL  LTD,exempt,ROYAL MAIL
PAYMENT TO AMAZON UK 7860 LEEDS,standard_rate,AMAZON UK
IZ *DELIVEROO GLASGOW LTD,standard_rate,DELIVEROO
Payment To Amazon Kindle Online Uk Ref-3501,zero_rated,AMAZON KINDLE
SQ *AA BREAKDOWN  STORE,exempt,AA BREAKDOWN
POS SAINSBURYS 2825  REF-1725,zero_rated,SAINSBURYS
POS BARCLAYS BANK 6948  UK REF-1899,exempt,BARCLAYS BANK
STATIONERY STATION LEEDS,standard_rate,STATIONERY STATION
Pos Payroll Transfer 8052 Leeds Direct Ref-8117,outside_scope,PAYROLL TRANSFER
Iz *Director Drawings  Direct,outside_scope,DIRECTOR DRAWINGS
CARD PAYROLL TRANSFER 5128 GLASGOW,outside_scope,PAYROLL TRANSFER
microsoft 365 8976 uk,standard_rate,MICROSOFT 365
Iz *Asda Supermarket 5717  Ref-8419,zero_rated,ASDA SUPERMARKET
Intra Account Transfer 6434 Uk Online,outside_scope,INTRA ACCOUNT TRANSFER
pos amazon kindle  store,zero_rated,AMAZON KINDLE
PAYMENT TO EDF ENERGY 2148 LEEDS ONLINE REF-6782,reduced_rate,EDF ENERGY
AMAZON UK 6458 UK UK,standard_rate,AMAZON UK
pos xero software bristol store,standard_rate,XERO SOFTWARE
PAYMENT TO GOOGLE WORKSPACE 2613  REF-7357,standard_rate,GOOGLE WORKSPACE
sq *tesco stores 1871 birmingham online,zero_rated,TESCO STORES
HMRC PAYMENTS  STORE REF-5725,outside_scope,HMRC PAYMENTS
POS PAYROLL TRANSFER 9067  PLC,outside_scope,PAYROLL TRANSFER
DD TESCO EXPRESS 8111 LEEDS UK,zero_rated,TESCO EXPRESS
TESCO EXPRESS 4481 LONDON STORE,zero_rated,TESCO EXPRESS
iz *eon next 7572,reduced_rate,EON NEXT
POS AA BREAKDOWN BRISTOL PLC REF-6366,exempt,AA BREAKDOWN
IZ *INTRA ACCOUNT TRANSFER GLASGOW DIRECT,outside_scope,INTRA ACCOUNT TRANSFER
CARD POST OFFICE BIRMINGHAM ONLINE,exempt,POST OFFICE
Sq *Boots Uk 9757 Manchester Uk Ref-5917,standard_rate,BOOTS UK
Dd Amazon Eu  Plc,standard_rate,AMAZON EU
POS MICROSOFT 365 9327 LEEDS LTD,standard_rate,MICROSOFT 365
CARD HMRC SHIPLEY 1631 GLASGOW ONLINE REF-8484,outside_scope,HMRC SHIPLEY
sq *director drawings 9051 birmingham store,outside_scope,DIRECTOR DRAWINGS
BOOTS UK 2017 ONLINE STORE,standard_rate,BOOTS UK
CARD AMAZON UK 4482  REF-9444,standard_rate,AMAZON UK
PAYMENT TO BRITISH GAS 1813 LONDON ONLINE REF-1129,reduced_rate,BRITISH GAS
POS AMAZON EU LEEDS DIRECT,standard_rate,AMAZON EU
CARD HSBC BANK FEES 4666 ONLINE REF-1344,exempt,HSBC BANK FEES
IZ *WATERSTONES 365 GLASGOW STORE,zero_rated,WATERSTONES
payment to octopus energy online,reduced_rate,OCTOPUS ENERGY
national express 3003 manchester,zero_rated,NATIONAL EXPRESS
CARD SAGE SUBSCRIPTION BIRMINGHAM UK REF-7583,standard_rate,SAGE SUBSCRIPTION
DD TESCO STORES  STORE REF-4750,zero_rated,TESCO STORES
PAYMENT TO TESCO STORES 7719  ONLINE REF-7043,zero_rated,TESCO STORES
DD BOOTS UK MANCHESTER PLC REF-2144,standard_rate,BOOTS UK
Card Trainline  Uk Ref-5749,zero_rated,TRAINLINE
dd westminster council 4944  store,outside_scope,WESTMINSTER COUNCIL
SQ *ADOBE CREATIVE 8742  REF-5471,standard_rate,ADOBE CREATIVE
Pos Trainline  Online,zero_rated,TRAINLINE
DD BARCLAYS BANK 2198 LEEDS LTD REF-5490,exempt,BARCLAYS BANK
IZ *ROYAL MAIL  LTD REF-7694,exempt,ROYAL MAIL
Pos Quickbooks,standard_rate,QUICKBOOKS
IZ *HMRC PAYMENTS 3450,outside_scope,HMRC PAYMENTS
POS AVIVA INSURANCE 6618  ONLINE,exempt,AVIVA INSURANCE
Iz *Tfl Travel 4219 London Uk,zero_rated,TFL TRAVEL
DD AMAZON EU 8551 LEEDS PLC,standard_rate,AMAZON EU
LIDL GB 7544 ONLINE ONLINE,zero_rated,LIDL GB
NATIONAL EXPRESS 4745 MANCHESTER ONLINE,zero_rated,NATIONAL EXPRESS
Sq *British Gas 7211 Glasgow Plc Ref-1935,reduced_rate,BRITISH GAS
POS INTRA ACCOUNT TRANSFER MANCHESTER UK,outside_scope,INTRA ACCOUNT TRANSFER
Card Boots Uk 9641  Ltd,standard_rate,BOOTS UK
POS XERO SOFTWARE  ONLINE REF-9786,standard_rate,XERO SOFTWARE
CARD BRITISH GAS 4665 MANCHESTER UK,reduced_rate,BRITISH GAS
POS NATIONAL EXPRESS 7953  DIRECT,zero_rated,NATIONAL EXPRESS
CARD BRITISH GAS  LTD REF-9281,reduced_rate,BRITISH GAS
Dd Sainsburys 4466  Plc,zero_rated,SAINSBURYS
SQ *AMAZON EU 8581  UK,standard_rate,AMAZON EU
CARD HMRC PAYMENTS 655 UK PLC,outside_scope,HMRC PAYMENTS
IZ *NATIONAL EXPRESS 9420  ONLINE,zero_rated,NATIONAL EXPRESS
PAYMENT TO HSBC BANK FEES LEEDS REF-4153,exempt,HSBC BANK FEES
SQ *STATIONERY STATION 1887 GLASGOW DIRECT,standard_rate,STATIONERY STATION
IZ *STATIONERY STATION MANCHESTER DIRECT REF-9899,standard_rate,STATIONERY STATION
IZ *LNER TICKETS 7318 LEEDS LTD,zero_rated,LNER TICKETS
SQ *ASDA SUPERMARKET,zero_rated,ASDA SUPERMARKET
IZ *TRAINLINE 2758 MANCHESTER LTD,zero_rated,TRAINLINE
Iz *Deliveroo Glasgow Ltd Ref-9673,standard_rate,DELIVEROO
CARD AVIVA INSURANCE  STORE REF-6130,exempt,AVIVA INSURANCE
Iz *Amazon Kindle London Plc,zero_rated,AMAZON KINDLE
Dd Lner Tickets 6208 Glasgow Ltd,zero_rated,LNER TICKETS
IZ *ROYAL MAIL 8486 LEEDS PLC,exempt,ROYAL MAIL
POS WATERSTONES 366 LONDON STORE,zero_rated,WATERSTONES
IZ *WESTMINSTER COUNCIL 3267 GLASGOW UK,outside_scope,WESTMINSTER COUNCIL
payment to tfl travel 8798 birmingham,zero_rated,TFL TRAVEL
EDF ENERGY 7858 GLASGOW ONLINE,reduced_rate,EDF ENERGY
payment to waterstones 7342 bristol uk ref-3301,zero_rated,WATERSTONES
POS LNER TICKETS 1519 BRISTOL LTD REF-6116,zero_rated,LNER TICKETS
card sage subscription 4578 leeds direct,standard_rate,SAGE SUBSCRIPTION
hmrc payments 8490 london plc ref-7830,outside_scope,HMRC PAYMENTS
IZ *LIDL GB  PLC,zero_rated,LIDL GB
Payment To Aa Breakdown 9220 Glasgow Ltd,exempt,AA BREAKDOWN
INTRA ACCOUNT TRANSFER BRISTOL LTD,outside_scope,INTRA ACCOUNT TRANSFER
TRAINLINE LEEDS UK,zero_rated,TRAINLINE
SQ *AMAZON EU 8648 LONDON STORE,standard_rate,AMAZON EU
PAYMENT TO UBER EATS 990 ONLINE,standard_rate,UBER EATS
DD SAGE SUBSCRIPTION 2012  UK REF-3593,standard_rate,SAGE SUBSCRIPTION
IZ *GOOGLE WORKSPACE 3888 LEEDS LTD,standard_rate,GOOGLE WORKSPACE
EDF ENERGY 5176 LEEDS PLC,reduced_rate,EDF ENERGY
IZ *UBER EATS 5571 LONDON UK,standard_rate,UBER EATS
DD EDF ENERGY UK PLC,reduced_rate,EDF ENERGY
amazon eu 8499 london direct ref-3445,standard_rate,AMAZON EU
IZ *QUICKBOOKS 3217  UK,standard_rate,QUICKBOOKS
CARD BARCLAYS BANK 1036  LTD,exempt,BARCLAYS BANK
DD ALDI STORES  STORE REF-6621,zero_rated,ALDI STORES
CARD HMRC SHIPLEY 8053 GLASGOW ONLINE REF-4351,outside_scope,HMRC SHIPLEY
dd microsoft 365 online plc,standard_rate,MICROSOFT 365
DD LINKEDIN PREMIUM 1700 LONDON PLC REF-4170,standard_rate,LINKEDIN PREMIUM
IZ *XERO SOFTWARE MANCHESTER PLC,standard_rate,XERO SOFTWARE
POS OCTOPUS ENERGY 2798  STORE REF-6486,reduced_rate,OCTOPUS ENERGY
CARD EDF ENERGY 7910  LTD REF-3317,reduced_rate,EDF ENERGY
dd sage subscription 6969 leeds uk ref-4360,standard_rate,SAGE SUBSCRIPTION
CARD GOOGLE WORKSPACE 5461  LTD,standard_rate,GOOGLE WORKSPACE
IZ *XERO SOFTWARE 1139  LTD,standard_rate,XERO SOFTWARE
IZ *PAYROLL TRANSFER  STORE REF-3390,outside_scope,PAYROLL TRANSFER
CARD WESTMINSTER COUNCIL 8005  STORE,outside_scope,WESTMINSTER COUNCIL
DD TESCO STORES LEEDS ONLINE,zero_rated,TESCO STORES
IZ *POST OFFICE 1446  UK REF-9972,exempt,POST OFFICE
POS BOOTS UK 4357  UK REF-7368,standard_rate,BOOTS UK
Iz *Lner Tickets 8652 Uk,zero_rated,LNER TICKETS
CARD SAGE SUBSCRIPTION  STORE,standard_rate,SAGE SUBSCRIPTION
IZ *TESCO EXPRESS 1308 ONLINE DIRECT,zero_rated,TESCO EXPRESS
DD EDF ENERGY ONLINE PLC,reduced_rate,EDF ENERGY
iz *westminster council 1219 uk plc ref-7952,outside_scope,WESTMINSTER COUNCIL
PAYMENT TO ALDI STORES 6199  DIRECT,zero_rated,ALDI STORES
AMAZON KINDLE 2190 ONLINE STORE,zero_rated,AMAZON KINDLE
Iz *Tfl Travel 930  Ltd,zero_rated,TFL TRAVEL
Iz *Xero Software 3709 London Uk,standard_rate,XERO SOFTWARE
SQ *TESCO EXPRESS 810 LEEDS LTD REF-9543,zero_rated,TESCO EXPRESS
IZ *AMAZON EU 2128 BRISTOL LTD REF-2395,standard_rate,AMAZON EU
CARD UBER EATS 230  LTD,standard_rate,UBER EATS
DD POST OFFICE 723 MANCHESTER PLC REF-7298,exempt,POST OFFICE
DD HMRC SHIPLEY ONLINE UK REF-6056,outside_scope,HMRC SHIPLEY
IZ *EDF ENERGY ONLINE DIRECT,reduced_rate,EDF ENERGY
Payment To Amazon Kindle 6507 Glasgow Online,zero_rated,AMAZON KINDLE
sq *boots uk  direct ref-8039,standard_rate,BOOTS UK
IZ *HMRC PAYMENTS LONDON STORE REF-4439,outside_scope,HMRC PAYMENTS
payroll transfer 7588  store ref-6356,outside_scope,PAYROLL TRANSFER
uber eats 8184  ltd,standard_rate,UBER EATS
TFL TRAVEL 1716 LEEDS PLC,zero_rated,TFL TRAVEL
Sq *Hsbc Bank Fees 6499 Bristol Ltd,exempt,HSBC BANK FEES
POS AMAZON KINDLE 6923  PLC,zero_rated,AMAZON KINDLE
POS POST OFFICE 487 BRISTOL STORE,exempt,POST OFFICE
DD EDF ENERGY LONDON STORE,reduced_rate,EDF ENERGY
DD WATERSTONES 2380 GLASGOW STORE REF-4268,zero_rated,WATERSTONES
POS AVIVA INSURANCE  STORE REF-7246,exempt,AVIVA INSURANCE
dd quickbooks 917  uk,standard_rate,QUICKBOOKS
Payment To Intra Account Transfer 4154 Online Direct Ref-4331,outside_scope,INTRA ACCOUNT TRANSFER
PAYMENT TO TESCO STORES 7632 GLASGOW LTD REF-8135,zero_rated,TESCO STORES
SQ *ASDA SUPERMARKET BRISTOL STORE REF-6633,zero_rated,ASDA SUPERMARKET
DD STATIONERY STATION 1615  ONLINE REF-8053,standard_rate,STATIONERY STATION
Payment To Amazon Kindle 5637  Direct Ref-5092,zero_rated,AMAZON KINDLE
payment to adobe creative glasgow store,standard_rate,ADOBE CREATIVE
SQ *INTRA ACCOUNT TRANSFER  LTD,outside_scope,INTRA ACCOUNT TRANSFER
PAYMENT TO EON NEXT 9515 BIRMINGHAM,reduced_rate,EON NEXT
Payment To Eon Next  Uk,reduced_rate,EON NEXT
Card British Gas 2008 Bristol Ltd Ref-2295,reduced_rate,BRITISH GAS
pos edf energy 6470  direct,reduced_rate,EDF ENERGY
POS UBER EATS 882  PLC,standard_rate,UBER EATS
dd lidl gb leeds online,zero_rated,LIDL GB
SQ *EDF ENERGY 2006 ONLINE UK REF-2072,reduced_rate,EDF ENERGY
SQ *ASDA SUPERMARKET 9417  DIRECT,zero_rated,ASDA SUPERMARKET
Payment To Barclays Bank 4397  Ltd Ref-6614,exempt,BARCLAYS BANK
PAYMENT TO AA BREAKDOWN 8030  DIRECT,exempt,AA BREAKDOWN
DD WESTMINSTER COUNCIL  REF-3354,outside_scope,WESTMINSTER COUNCIL
Payment To Hmrc Shipley 8835 Bristol Plc,outside_scope,HMRC SHIPLEY
DD ASDA SUPERMARKET 9075 BRISTOL DIRECT REF-4560,zero_rated,ASDA SUPERMARKET
Dd Tfl Travel  Uk,zero_rated,TFL TRAVEL
sq *tfl travel 5195 bristol direct ref-2572,zero_rated,TFL TRAVEL
card tesco express 4803 london direct,zero_rated,TESCO EXPRESS
sq *google workspace 9446 glasgow store,standard_rate,GOOGLE WORKSPACE
SQ *ROYAL MAIL 3439 ONLINE PLC,exempt,ROYAL MAIL
Dd Tfl Travel 4886 Bristol Uk Ref-6036,zero_rated,TFL TRAVEL
PAYMENT TO TFL TRAVEL 2675  DIRECT,zero_rated,TFL TRAVEL
POS POST OFFICE  ONLINE,exempt,POST OFFICE
DD BRITISH GAS 271 LONDON UK,reduced_rate,BRITISH GAS
CARD LINKEDIN PREMIUM ONLINE ONLINE,standard_rate,LINKEDIN PREMIUM
DD TRAINLINE BIRMINGHAM STORE,zero_rated,TRAINLINE
Sq *Director Drawings 9582 London Store Ref-6106,outside_scope,DIRECTOR DRAWINGS
card tesco express 8435 birmingham uk,zero_rated,TESCO EXPRESS
Dd National Express 2904 Leeds Plc Ref-7997,zero_rated,NATIONAL EXPRESS
POS HMRC PAYMENTS LEEDS STORE,outside_scope,HMRC PAYMENTS
DD HMRC PAYMENTS 3347  ONLINE REF-8023,outside_scope,HMRC PAYMENTS
CARD AMAZON EU LONDON ONLINE,standard_rate,AMAZON EU
SQ *BOOTS UK 3285  DIRECT,standard_rate,BOOTS UK
SQ *HSBC BANK FEES 1392 BRISTOL,exempt,HSBC BANK FEES
ROYAL MAIL  STORE REF-6856,exempt,ROYAL MAIL
IZ *ROYAL MAIL 3189 LEEDS PLC REF-1063,exempt,ROYAL MAIL
DD AMAZON UK  DIRECT REF-7598,standard_rate,AMAZON UK
PAYMENT TO SAGE SUBSCRIPTION 533 BIRMINGHAM UK,standard_rate,SAGE SUBSCRIPTION
IZ *WATERSTONES 5312 BIRMINGHAM DIRECT,zero_rated,WATERSTONES
IZ *MICROSOFT 365 2815 BRISTOL ONLINE,standard_rate,MICROSOFT 365
Iz *Tesco Stores 3133  Plc,zero_rated,TESCO STORES
Pos Sainsburys  Ltd,zero_rated,SAINSBURYS
Dd Tfl Travel 8228  Online,zero_rated,TFL TRAVEL
CARD TESCO EXPRESS UK ONLINE,zero_rated,TESCO EXPRESS
PAYMENT TO HMRC PAYMENTS 6413  DIRECT,outside_scope,HMRC PAYMENTS
DD QUICKBOOKS 320 LONDON DIRECT REF-1603,standard_rate,QUICKBOOKS
POST OFFICE 2539 BRISTOL ONLINE,exempt,POST OFFICE
sq *national express 2178 london store ref-1619,zero_rated,NATIONAL EXPRESS
Sq *Post Office Leeds Store Ref-7070,exempt,POST OFFICE
Sq *Lner Tickets 1493 Leeds Uk,zero_rated,LNER TICKETS
POS BOOTS UK 1582 LEEDS LTD,standard_rate,BOOTS UK
SQ *DIRECTOR DRAWINGS UK LTD,outside_scope,DIRECTOR DRAWINGS
POS SAGE SUBSCRIPTION 2050 ONLINE PLC,standard_rate,SAGE SUBSCRIPTION
Payment To Octopus Energy Online Direct,reduced_rate,OCTOPUS ENERGY
PAYMENT TO UBER EATS LONDON REF-1093,standard_rate,UBER EATS
Payment To Aviva Insurance 9020 Bristol,exempt,AVIVA INSURANCE
SQ *LINKEDIN PREMIUM  ONLINE,standard_rate,LINKEDIN PREMIUM
DD BARCLAYS BANK MANCHESTER UK,exempt,BARCLAYS BANK
Dd Amazon Kindle 8170 Uk Direct,zero_rated,AMAZON KINDLE
PAYMENT TO HMRC PAYMENTS UK UK,outside_scope,HMRC PAYMENTS
PAYMENT TO EDF ENERGY 7605  UK REF-6454,reduced_rate,EDF ENERGY
CARD STATIONERY STATION  STORE,standard_rate,STATIONERY STATION
iz *trainline 5629 london ltd,zero_rated,TRAINLINE
DD TESCO EXPRESS GLASGOW UK REF-5902,zero_rated,TESCO EXPRESS
PAYMENT TO POST OFFICE 5283 MANCHESTER STORE REF-1767,exempt,POST OFFICE
SQ *GOOGLE WORKSPACE 2944 LONDON,standard_rate,GOOGLE WORKSPACE
iz *tesco stores leeds uk ref-9837,zero_rated,TESCO STORES
Payment To Tesco Express 5859 Birmingham Store,zero_rated,TESCO EXPRESS
DD ALDI STORES 6466  LTD REF-9615,zero_rated,ALDI STORES
POS HMRC PAYMENTS 8692 BRISTOL DIRECT REF-7567,outside_scope,HMRC PAYMENTS
Dd Tesco Stores Uk Plc,zero_rated,TESCO STORES
PAYMENT TO INTRA ACCOUNT TRANSFER 8735  UK REF-2073,outside_scope,INTRA ACCOUNT TRANSFER
IZ *TESCO EXPRESS 6680  LTD,zero_rated,TESCO EXPRESS
Iz *Tfl Travel 6219 Leeds Ref-6771,zero_rated,TFL TRAVEL
IZ *AA BREAKDOWN  ONLINE REF-2302,exempt,AA BREAKDOWN
CARD STATIONERY STATION 6954  DIRECT,standard_rate,STATIONERY STATION
CARD STATIONERY STATION 8925 LEEDS STORE,standard_rate,STATIONERY STATION
card amazon kindle 1941 online plc,zero_rated,AMAZON KINDLE
iz *tesco express 5353  store,zero_rated,TESCO EXPRESS
DD HMRC PAYMENTS 2502  UK REF-5452,outside_scope,HMRC PAYMENTS
dd director drawings  online,outside_scope,DIRECTOR DRAWINGS
card asda supermarket 3834 manchester uk,zero_rated,ASDA SUPERMARKET
payment to post office 9713  plc ref-9199,exempt,POST OFFICE
SQ *ALDI STORES 7936  PLC REF-1533,zero_rated,ALDI STORES
SQ *ASDA SUPERMARKET 7020 BRISTOL ONLINE REF-9564,zero_rated,ASDA SUPERMARKET
pos xero software glasgow ltd ref-5612,standard_rate,XERO SOFTWARE
POS TESCO STORES 7554  DIRECT,zero_rated,TESCO STORES
IZ *HMRC PAYMENTS 1025 UK DIRECT,outside_scope,HMRC PAYMENTS
DD BRITISH GAS 1669 UK DIRECT,reduced_rate,BRITISH GAS
DD ROYAL MAIL  UK REF-5201,exempt,ROYAL MAIL
sq *aldi stores  online ref-7436,zero_rated,ALDI STORES
DD DELIVEROO UK DIRECT REF-2315,standard_rate,DELIVEROO
payment to post office 6272 bristol,exempt,POST OFFICE
PAYMENT TO UBER EATS UK PLC REF-6316,standard_rate,UBER EATS
PAYMENT TO TESCO EXPRESS 6943 ONLINE LTD,zero_rated,TESCO EXPRESS
Pos Stationery Station 6782 Leeds Store Ref-5404,standard_rate,STATIONERY STATION
IZ *LIDL GB 9525 MANCHESTER DIRECT,zero_rated,LIDL GB
DD HSBC BANK FEES 8173 BIRMINGHAM,exempt,HSBC BANK FEES
IZ *WESTMINSTER COUNCIL,outside_scope,WESTMINSTER COUNCIL
DD POST OFFICE 2233  DIRECT,exempt,POST OFFICE
CARD TRAINLINE 123 ONLINE,zero_rated,TRAINLINE
sq *post office london store ref-1531,exempt,POST OFFICE
DD AMAZON KINDLE  LTD REF-9401,zero_rated,AMAZON KINDLE
Dd Quickbooks 3067 Glasgow Online Ref-3375,standard_rate,QUICKBOOKS
CARD XERO SOFTWARE 9920 BRISTOL ONLINE,standard_rate,XERO SOFTWARE
DD MICROSOFT 365 1104  STORE REF-3233,standard_rate,MICROSOFT 365
Pos Waterstones 3821  Plc,zero_rated,WATERSTONES
Iz *Intra Account Transfer 8756 Online,outside_scope,INTRA ACCOUNT TRANSFER
IZ *UBER EATS BRISTOL UK REF-1794,standard_rate,UBER EATS
BRITISH GAS 8652 GLASGOW DIRECT,reduced_rate,BRITISH GAS
PAYMENT TO DELIVEROO 4246  STORE REF-2883,standard_rate,DELIVEROO
lidl gb  uk ref-2431,zero_rated,LIDL GB
POS SAINSBURYS LONDON ONLINE,zero_rated,SAINSBURYS
DD DIRECTOR DRAWINGS BIRMINGHAM STORE REF-5783,outside_scope,DIRECTOR DRAWINGS
IZ *ADOBE CREATIVE 4868  LTD,standard_rate,ADOBE CREATIVE
DD DELIVEROO 7124 ONLINE,standard_rate,DELIVEROO
CARD BOOTS UK 6076 MANCHESTER UK REF-7822,standard_rate,BOOTS UK
PAYMENT TO MICROSOFT 365 3523  PLC,standard_rate,MICROSOFT 365
octopus energy 131  plc ref-1722,reduced_rate,OCTOPUS ENERGY
SQ *EON NEXT 7047 BIRMINGHAM PLC REF-5561,reduced_rate,EON NEXT
pos hmrc shipley  store,outside_scope,HMRC SHIPLEY
ASDA SUPERMARKET MANCHESTER UK,zero_rated,ASDA SUPERMARKET
UBER EATS 195 LEEDS,standard_rate,UBER EATS
DD LINKEDIN PREMIUM 7896 GLASGOW STORE,standard_rate,LINKEDIN PREMIUM
pos waterstones 4987  plc ref-8396,zero_rated,WATERSTONES
Iz *Microsoft 365  Store Ref-9573,standard_rate,MICROSOFT 365
PAYMENT TO SAINSBURYS 7512 UK UK,zero_rated,SAINSBURYS
PAYMENT TO AMAZON KINDLE LONDON STORE,zero_rated,AMAZON KINDLE
POS BARCLAYS BANK BRISTOL LTD,exempt,BARCLAYS BANK
POS STATIONERY STATION 7660 BIRMINGHAM ONLINE,standard_rate,STATIONERY STATION
SQ *LINKEDIN PREMIUM 3859 UK LTD,standard_rate,LINKEDIN PREMIUM
POS AMAZON UK 5253 MANCHESTER DIRECT REF-8250,standard_rate,AMAZON UK
XERO SOFTWARE  REF-2647,standard_rate,XERO SOFTWARE
CARD ALDI STORES 8483 ONLINE LTD REF-3619,zero_rated,ALDI STORES
PAYROLL TRANSFER ONLINE UK,outside_scope,PAYROLL TRANSFER
POS LNER TICKETS,zero_rated,LNER TICKETS
CARD LNER TICKETS ONLINE STORE,zero_rated,LNER TICKETS
Card Hmrc Payments 4279,outside_scope,HMRC PAYMENTS
DD LNER TICKETS  LTD,zero_rated,LNER TICKETS
Card Director Drawings 5397  Uk,outside_scope,DIRECTOR DRAWINGS
DD BOOTS UK 4937  LTD REF-9245,standard_rate,BOOTS UK
PAYMENT TO TRAINLINE BIRMINGHAM PLC,zero_rated,TRAINLINE
PAYMENT TO ROYAL MAIL 5694 BRISTOL ONLINE,exempt,ROYAL MAIL
PAYMENT TO MICROSOFT 365 6313 BRISTOL PLC REF-2190,standard_rate,MICROSOFT 365
payment to uber eats 3921 london uk,standard_rate,UBER EATS
CARD GOOGLE WORKSPACE 2210 BRISTOL ONLINE,standard_rate,GOOGLE WORKSPACE
AA BREAKDOWN 4424 BRISTOL ONLINE REF-7394,exempt,AA BREAKDOWN
PAYMENT TO TFL TRAVEL 5407 ONLINE DIRECT,zero_rated,TFL TRAVEL
POST OFFICE 7767 LONDON DIRECT,exempt,POST OFFICE
Pos Eon Next 1940  Store,reduced_rate,EON NEXT
CARD STATIONERY STATION 7666 GLASGOW DIRECT REF-7178,standard_rate,STATIONERY STATION
CARD AMAZON EU 5315  DIRECT REF-6613,standard_rate,AMAZON EU
card payroll transfer  ltd ref-4878,outside_scope,PAYROLL TRANSFER
Aldi Stores London Store Ref-1086,zero_rated,ALDI STORES
POS SAINSBURYS BIRMINGHAM STORE,zero_rated,SAINSBURYS
PAYMENT TO AMAZON EU 4817 LONDON DIRECT REF-8476,standard_rate,AMAZON EU
CARD HMRC SHIPLEY UK ONLINE REF-1911,outside_scope,HMRC SHIPLEY
Tesco Stores 7811  Online,zero_rated,TESCO STORES
dd tfl travel 8259 birmingham plc,zero_rated,TFL TRAVEL
CARD TFL TRAVEL 1043 BIRMINGHAM DIRECT,zero_rated,TFL TRAVEL
Card Sage Subscription 5586 Online Online,standard_rate,SAGE SUBSCRIPTION
Sainsburys  Uk,zero_rated,SAINSBURYS
PAYMENT TO ASDA SUPERMARKET 3404 BRISTOL PLC,zero_rated,ASDA SUPERMARKET
DELIVEROO 695 BRISTOL DIRECT,standard_rate,DELIVEROO
SQ *ASDA SUPERMARKET 3758 BIRMINGHAM DIRECT REF-5767,zero_rated,ASDA SUPERMARKET
sq *uber eats 5369 uk direct,standard_rate,UBER EATS
iz *sainsburys 6000 uk store,zero_rated,SAINSBURYS
IZ *XERO SOFTWARE 4022 LEEDS PLC REF-9342,standard_rate,XERO SOFTWARE
card adobe creative glasgow store,standard_rate,ADOBE CREATIVE
DD TRAINLINE 2307 LEEDS PLC,zero_rated,TRAINLINE
Westminster Council Glasgow Direct,outside_scope,WESTMINSTER COUNCIL
DD AMAZON KINDLE MANCHESTER REF-1478,zero_rated,AMAZON KINDLE
OCTOPUS ENERGY 874 UK,reduced_rate,OCTOPUS ENERGY
OCTOPUS ENERGY  PLC,reduced_rate,OCTOPUS ENERGY
dd asda supermarket 7596  plc,zero_rated,ASDA SUPERMARKET
POS EON NEXT 7278  ONLINE REF-2819,reduced_rate,EON NEXT
dd tfl travel 7298  uk ref-7776,zero_rated,TFL TRAVEL
Dd Trainline 7347 Manchester,zero_rated,TRAINLINE
CARD AMAZON KINDLE 5526  LTD REF-3626,zero_rated,AMAZON KINDLE
CARD ADOBE CREATIVE BIRMINGHAM STORE,standard_rate,ADOBE CREATIVE
DD OCTOPUS ENERGY 7306  REF-5376,reduced_rate,OCTOPUS ENERGY
DD TFL TRAVEL UK PLC,zero_rated,TFL TRAVEL
LINKEDIN PREMIUM BIRMINGHAM STORE,standard_rate,LINKEDIN PREMIUM
Sq *Hmrc Payments 9776  Uk Ref-6446,outside_scope,HMRC PAYMENTS
HMRC SHIPLEY MANCHESTER,outside_scope,HMRC SHIPLEY
card edf energy 8993  plc ref-5920,reduced_rate,EDF ENERGY
POS POST OFFICE 4624  LTD REF-7891,exempt,POST OFFICE
DD BARCLAYS BANK  LTD,exempt,BARCLAYS BANK
sq *amazon eu 133  uk ref-1070,standard_rate,AMAZON EU
Payment To Waterstones  Online,zero_rated,WATERSTONES
IZ *LNER TICKETS GLASGOW UK,zero_rated,LNER TICKETS
Iz *Westminster Council 1861 London Plc,outside_scope,WESTMINSTER COUNCIL
Card National Express 9538 Birmingham Plc Ref-7412,zero_rated,NATIONAL EXPRESS
POS TESCO EXPRESS 9549  LTD,zero_rated,TESCO EXPRESS
PAYMENT TO INTRA ACCOUNT TRANSFER 4978 LONDON ONLINE,outside_scope,INTRA ACCOUNT TRANSFER
DD AMAZON UK 6822 BIRMINGHAM PLC REF-6233,standard_rate,AMAZON UK
Tesco Express 9445 Leeds Direct Ref-8564,zero_rated,TESCO EXPRESS
dd royal mail  direct,exempt,ROYAL MAIL
IZ *STATIONERY STATION 391  LTD,standard_rate,STATIONERY STATION
IZ *AVIVA INSURANCE  STORE REF-9004,exempt,AVIVA INSURANCE
dd hsbc bank fees 6711 glasgow online ref-5298,exempt,HSBC BANK FEES
SQ *SAGE SUBSCRIPTION 9780 LONDON PLC REF-6582,standard_rate,SAGE SUBSCRIPTION
GOOGLE WORKSPACE 8470 BIRMINGHAM LTD,standard_rate,GOOGLE WORKSPACE
IZ *NATIONAL EXPRESS  DIRECT REF-9502,zero_rated,NATIONAL EXPRESS
Iz *Xero Software 3766,standard_rate,XERO SOFTWARE
CARD LNER TICKETS BRISTOL STORE,zero_rated,LNER TICKETS
DD HMRC SHIPLEY 5969 BIRMINGHAM LTD REF-7546,outside_scope,HMRC SHIPLEY
SQ *MICROSOFT 365 BIRMINGHAM STORE REF-6199,standard_rate,MICROSOFT 365
Iz *Lidl Gb 1340  Plc Ref-5528,zero_rated,LIDL GB
DD TESCO STORES 2673  ONLINE,zero_rated,TESCO STORES
POS DELIVEROO 5470  REF-6380,standard_rate,DELIVEROO
DD BOOTS UK 9306 ONLINE ONLINE REF-4764,standard_rate,BOOTS UK
IZ *TESCO EXPRESS 6961  LTD,zero_rated,TESCO EXPRESS
IZ *TRAINLINE 3644 UK LTD REF-6418,zero_rated,TRAINLINE
SQ *BRITISH GAS 8861 BRISTOL DIRECT,reduced_rate,BRITISH GAS
SQ *WATERSTONES 7009 MANCHESTER UK REF-8130,zero_rated,WATERSTONES
Payment To Linkedin Premium 5726 London Store,standard_rate,LINKEDIN PREMIUM
IZ *HMRC SHIPLEY 3561 MANCHESTER DIRECT,outside_scope,HMRC SHIPLEY
pos british gas 7943  store,reduced_rate,BRITISH GAS
iz *aldi stores 5162 leeds plc ref-9582,zero_rated,ALDI STORES
POST OFFICE 4871 LONDON LTD,exempt,POST OFFICE
DD BRITISH GAS 7082  UK,reduced_rate,BRITISH GAS
IZ *PAYROLL TRANSFER BIRMINGHAM LTD,outside_scope,PAYROLL TRANSFER
CARD PAYROLL TRANSFER 516 MANCHESTER PLC REF-2611,outside_scope,PAYROLL TRANSFER
POS BRITISH GAS  LTD,reduced_rate,BRITISH GAS
IZ *STATIONERY STATION 2994 GLASGOW DIRECT,standard_rate,STATIONERY STATION
PAYMENT TO HMRC SHIPLEY 6556  DIRECT REF-1611,outside_scope,HMRC SHIPLEY
DD GOOGLE WORKSPACE 4765 GLASGOW UK REF-3553,standard_rate,GOOGLE WORKSPACE
DD BARCLAYS BANK 647  UK,exempt,BARCLAYS BANK
IZ *UBER EATS 9468 BIRMINGHAM ONLINE,standard_rate,UBER EATS
SQ *HMRC PAYMENTS UK DIRECT,outside_scope,HMRC PAYMENTS
eon next leeds uk,reduced_rate,EON NEXT
Card Aa Breakdown 5359 Bristol Store,exempt,AA BREAKDOWN
Sq *Lidl Gb 3652  Ltd Ref-2995,zero_rated,LIDL GB
Sq *Linkedin Premium  Ltd,standard_rate,LINKEDIN PREMIUM
dd waterstones 3314 london ltd,zero_rated,WATERSTONES
CARD AMAZON EU 736 MANCHESTER ONLINE REF-3039,standard_rate,AMAZON EU
Iz *Boots Uk 7058  Online,standard_rate,BOOTS UK
PAYMENT TO UBER EATS 4578  PLC,standard_rate,UBER EATS
Dd Tesco Stores 1233 Manchester Store Ref-9727,zero_rated,TESCO STORES
PAYMENT TO POST OFFICE 747  PLC REF-2111,exempt,POST OFFICE
SQ *AMAZON EU 478 LEEDS ONLINE REF-9731,standard_rate,AMAZON EU
Dd Tesco Express 5538  Uk,zero_rated,TESCO EXPRESS
POS HMRC SHIPLEY 6726 LONDON DIRECT REF-6953,outside_scope,HMRC SHIPLEY
OCTOPUS ENERGY BIRMINGHAM,reduced_rate,OCTOPUS ENERGY
IZ *SAGE SUBSCRIPTION 4404 UK PLC REF-5892,standard_rate,SAGE SUBSCRIPTION
sq *hsbc bank fees 9512  uk ref-1405,exempt,HSBC BANK FEES
sq *aa breakdown 3750 birmingham ref-6846,exempt,AA BREAKDOWN
dd intra account transfer leeds uk,outside_scope,INTRA ACCOUNT TRANSFER
Payment To Hsbc Bank Fees 297  Ltd,exempt,HSBC BANK FEES
payment to sage subscription 181  store,standard_rate,SAGE SUBSCRIPTION
CARD LNER TICKETS 1258 LEEDS,zero_rated,LNER TICKETS
Pos Asda Supermarket 431 Bristol Online,zero_rated,ASDA SUPERMARKET
SQ *TFL TRAVEL 6328  ONLINE,zero_rated,TFL TRAVEL
Amazon Uk London Online,standard_rate,AMAZON UK
pos aldi stores online uk,zero_rated,ALDI STORES
card tesco stores,zero_rated,TESCO STORES
DD STATIONERY STATION 2007  UK,standard_rate,STATIONERY STATION
Sainsburys Bristol Direct,zero_rated,SAINSBURYS
QUICKBOOKS  PLC REF-2156,standard_rate,QUICKBOOKS
dd tfl travel 9199 uk uk ref-2292,zero_rated,TFL TRAVEL
UBER EATS 5481  UK REF-1394,standard_rate,UBER EATS
card adobe creative 3511  uk,standard_rate,ADOBE CREATIVE
Card Sainsburys 9794 Leeds Store Ref-4201,zero_rated,SAINSBURYS
PAYMENT TO SAINSBURYS 2392 GLASGOW ONLINE REF-2284,zero_rated,SAINSBURYS
CARD HSBC BANK FEES  STORE,exempt,HSBC BANK FEES
CARD ASDA SUPERMARKET MANCHESTER REF-7249,zero_rated,ASDA SUPERMARKET
CARD TESCO STORES 4197  STORE,zero_rated,TESCO STORES
payment to amazon uk 2573  ref-1947,standard_rate,AMAZON UK
SQ *HSBC BANK FEES ONLINE PLC,exempt,HSBC BANK FEES
POS LIDL GB MANCHESTER LTD,zero_rated,LIDL GB
card hmrc shipley leeds ltd,outside_scope,HMRC SHIPLEY
Iz *Waterstones 8129 Leeds Ltd Ref-6274,zero_rated,WATERSTONES
SQ *BRITISH GAS UK UK REF-5524,reduced_rate,BRITISH GAS
Dd Linkedin Premium 7779 Online Ltd Ref-1757,standard_rate,LINKEDIN PREMIUM
XERO SOFTWARE 8059 MANCHESTER UK,standard_rate,XERO SOFTWARE
DD AVIVA INSURANCE 5387  LTD REF-5559,exempt,AVIVA INSURANCE
IZ *BRITISH GAS 683 LEEDS REF-1130,reduced_rate,BRITISH GAS
SQ *TRAINLINE 6473 MANCHESTER ONLINE,zero_rated,TRAINLINE
CARD STATIONERY STATION 6172 BRISTOL DIRECT REF-2681,standard_rate,STATIONERY STATION
DD AMAZON EU MANCHESTER REF-9600,standard_rate,AMAZON EU
Payment To Xero Software 2723  Ltd,standard_rate,XERO SOFTWARE
dd microsoft 365 5021 online plc ref-2133,standard_rate,MICROSOFT 365
DD BRITISH GAS GLASGOW LTD,reduced_rate,BRITISH GAS
CARD HMRC PAYMENTS 2460  UK,outside_scope,HMRC PAYMENTS
POS SAGE SUBSCRIPTION 488 LONDON PLC REF-2676,standard_rate,SAGE SUBSCRIPTION
POS EON NEXT LEEDS PLC,reduced_rate,EON NEXT
SQ *AVIVA INSURANCE 1730 LEEDS UK,exempt,AVIVA INSURANCE
SQ *TRAINLINE 1548  PLC REF-1446,zero_rated,TRAINLINE
PAYMENT TO LIDL GB 5058  PLC,zero_rated,LIDL GB
CARD QUICKBOOKS,standard_rate,QUICKBOOKS
POS INTRA ACCOUNT TRANSFER LEEDS LTD,outside_scope,INTRA ACCOUNT TRANSFER
IZ *SAINSBURYS  UK REF-2560,zero_rated,SAINSBURYS
Post Office 3973  Ltd,exempt,POST OFFICE
PAYMENT TO AMAZON EU BIRMINGHAM ONLINE REF-1648,standard_rate,AMAZON EU
IZ *HMRC PAYMENTS 2724  UK,outside_scope,HMRC PAYMENTS
PAYMENT TO AA BREAKDOWN 3186 GLASGOW ONLINE REF-5628,exempt,AA BREAKDOWN
SQ *ASDA SUPERMARKET 712  STORE,zero_rated,ASDA SUPERMARKET
UBER EATS 1016 BRISTOL STORE REF-1073,standard_rate,UBER EATS
POS POST OFFICE UK REF-1309,exempt,POST OFFICE
TESCO EXPRESS GLASGOW UK REF-7566,zero_rated,TESCO EXPRESS
PAYMENT TO SAGE SUBSCRIPTION 9294 LEEDS DIRECT,standard_rate,SAGE SUBSCRIPTION
card royal mail  ltd,exempt,ROYAL MAIL
PAYMENT TO TESCO STORES 9164 UK DIRECT REF-1188,zero_rated,TESCO STORES
POS AVIVA INSURANCE ONLINE UK REF-8903,exempt,AVIVA INSURANCE
Pos National Express  Store,zero_rated,NATIONAL EXPRESS
dd tesco express uk direct,zero_rated,TESCO EXPRESS
Pos Trainline 2135  Ref-9671,zero_rated,TRAINLINE
CARD DIRECTOR DRAWINGS 9980 GLASGOW UK,outside_scope,DIRECTOR DRAWINGS
CARD AMAZON UK 6235 MANCHESTER LTD,standard_rate,AMAZON UK
Pos Aldi Stores 5568 Online Online,zero_rated,ALDI STORES
PAYMENT TO ADOBE CREATIVE UK STORE REF-9143,standard_rate,ADOBE CREATIVE
Iz *Post Office Glasgow Direct,exempt,POST OFFICE
Dd British Gas 9680  Store Ref-5264,reduced_rate,BRITISH GAS
Iz *Uber Eats Uk Online,standard_rate,UBER EATS
dd octopus energy  online ref-8695,reduced_rate,OCTOPUS ENERGY
PAYMENT TO LIDL GB 6351  ONLINE,zero_rated,LIDL GB
CARD ALDI STORES 6245  STORE REF-5162,zero_rated,ALDI STORES
DD EDF ENERGY 414 LONDON,reduced_rate,EDF ENERGY
card uber eats  store ref-3589,standard_rate,UBER EATS
Pos Tfl Travel 3315 Glasgow Direct Ref-3073,zero_rated,TFL TRAVEL
SQ *AMAZON UK 5079  STORE REF-9278,standard_rate,AMAZON UK
BRITISH GAS 373  STORE,reduced_rate,BRITISH GAS
dd eon next  online,reduced_rate,EON NEXT
Sq *Asda Supermarket 273  Store Ref-3717,zero_rated,ASDA SUPERMARKET
CARD SAINSBURYS 7257  UK REF-8982,zero_rated,SAINSBURYS
POS LNER TICKETS 8347  LTD REF-5115,zero_rated,LNER TICKETS
CARD INTRA ACCOUNT TRANSFER 3120 BIRMINGHAM,outside_scope,INTRA ACCOUNT TRANSFER
IZ *HMRC PAYMENTS 4212  STORE REF-1557,outside_scope,HMRC PAYMENTS
PAYMENT TO LINKEDIN PREMIUM 7259 GLASGOW ONLINE REF-3512,standard_rate,LINKEDIN PREMIUM
PAYMENT TO MICROSOFT 365 608  LTD REF-7144,standard_rate,MICROSOFT 365
Waterstones 6838,zero_rated,WATERSTONES
SQ *DIRECTOR DRAWINGS 4736 ONLINE STORE REF-8616,outside_scope,DIRECTOR DRAWINGS
SQ *POST OFFICE 2294,exempt,POST OFFICE
Sq *Aldi Stores 8766  Ltd Ref-8924,zero_rated,ALDI STORES
CARD POST OFFICE 7135 LONDON STORE,exempt,POST OFFICE
IZ *TESCO EXPRESS 3971  STORE,zero_rated,TESCO EXPRESS
PAYMENT TO POST OFFICE  PLC REF-7892,exempt,POST OFFICE
Dd Waterstones 1561  Ltd,zero_rated,WATERSTONES
PAYMENT TO OCTOPUS ENERGY 9382  ONLINE REF-4014,reduced_rate,OCTOPUS ENERGY
WESTMINSTER COUNCIL 3065 MANCHESTER PLC,outside_scope,WESTMINSTER COUNCIL
sq *deliveroo 436 bristol online ref-4428,standard_rate,DELIVEROO
SQ *ROYAL MAIL 4997 LEEDS DIRECT,exempt,ROYAL MAIL
Card Aldi Stores  Ltd Ref-1355,zero_rated,ALDI STORES
Payment To Trainline  Store Ref-3042,zero_rated,TRAINLINE
SQ *BRITISH GAS MANCHESTER ONLINE,reduced_rate,BRITISH GAS
SQ *LINKEDIN PREMIUM 6764 GLASGOW UK REF-8080,standard_rate,LINKEDIN PREMIUM
POS GOOGLE WORKSPACE 6465  PLC REF-1349,standard_rate,GOOGLE WORKSPACE
CARD HMRC PAYMENTS 9250 LEEDS STORE REF-6990,outside_scope,HMRC PAYMENTS
POS POST OFFICE LONDON UK,exempt,POST OFFICE
PAYMENT TO STATIONERY STATION 6926 UK,standard_rate,STATIONERY STATION
CARD DIRECTOR DRAWINGS BIRMINGHAM UK,outside_scope,DIRECTOR DRAWINGS
QUICKBOOKS BIRMINGHAM UK REF-3893,standard_rate,QUICKBOOKS
PAYMENT TO AVIVA INSURANCE 8753  DIRECT,exempt,AVIVA INSURANCE
SQ *DELIVEROO 6946 MANCHESTER LTD,standard_rate,DELIVEROO
DD WATERSTONES  LTD,zero_rated,WATERSTONES
national express 5089  store ref-2944,zero_rated,NATIONAL EXPRESS
sainsburys 797 manchester uk,zero_rated,SAINSBURYS
IZ *QUICKBOOKS 248 LEEDS,standard_rate,QUICKBOOKS
BOOTS UK 2389 MANCHESTER ONLINE,standard_rate,BOOTS UK
DD DELIVEROO 143  STORE,standard_rate,DELIVEROO
SQ *LINKEDIN PREMIUM 4936  UK,standard_rate,LINKEDIN PREMIUM
Payment To Boots Uk 6222 Glasgow Plc,standard_rate,BOOTS UK
sq *linkedin premium 907 bristol ltd ref-9292,standard_rate,LINKEDIN PREMIUM
pos edf energy bristol plc,reduced_rate,EDF ENERGY
hsbc bank fees uk,exempt,HSBC BANK FEES
CARD AMAZON EU 1751 UK LTD,standard_rate,AMAZON EU
PAYMENT TO MICROSOFT 365 3902 LONDON UK,standard_rate,MICROSOFT 365
DD OCTOPUS ENERGY GLASGOW DIRECT,reduced_rate,OCTOPUS ENERGY
PAYMENT TO TESCO EXPRESS 2716 LEEDS REF-6123,zero_rated,TESCO EXPRESS
card sainsburys bristol direct ref-1509,zero_rated,SAINSBURYS
pos post office 4676 bristol ltd ref-2832,exempt,POST OFFICE
POS ASDA SUPERMARKET 504  DIRECT REF-7143,zero_rated,ASDA SUPERMARKET
IZ *SAINSBURYS 9560 ONLINE UK REF-7786,zero_rated,SAINSBURYS
IZ *OCTOPUS ENERGY 8437 UK PLC,reduced_rate,OCTOPUS ENERGY
POS GOOGLE WORKSPACE 4423  LTD,standard_rate,GOOGLE WORKSPACE
CARD TFL TRAVEL 1764 UK ONLINE REF-8803,zero_rated,TFL TRAVEL
POS WATERSTONES  ONLINE,zero_rated,WATERSTONES
card royal mail 9818  direct,exempt,ROYAL MAIL
SQ *HSBC BANK FEES 825  UK REF-2474,exempt,HSBC BANK FEES
Card Royal Mail 9687 Online Plc,exempt,ROYAL MAIL
TESCO EXPRESS LEEDS ONLINE,zero_rated,TESCO EXPRESS
Dd Westminster Council 9714 Birmingham Store Ref-3723,outside_scope,WESTMINSTER COUNCIL
CARD TFL TRAVEL 6225 UK REF-5375,zero_rated,TFL TRAVEL
ALDI STORES 1567  DIRECT,zero_rated,ALDI STORES
IZ *UBER EATS LONDON DIRECT REF-9852,standard_rate,UBER EATS
DD TRAINLINE 7174 BRISTOL UK,zero_rated,TRAINLINE
SQ *ADOBE CREATIVE 1401  STORE,standard_rate,ADOBE CREATIVE
BRITISH GAS LEEDS DIRECT,reduced_rate,BRITISH GAS
IZ *WATERSTONES 4111 LONDON LTD REF-1130,zero_rated,WATERSTONES
POS ASDA SUPERMARKET 1846 GLASGOW DIRECT,zero_rated,ASDA SUPERMARKET
Dd Asda Supermarket 861  Online Ref-3018,zero_rated,ASDA SUPERMARKET
Payment To Director Drawings,outside_scope,DIRECTOR DRAWINGS
DD SAGE SUBSCRIPTION  UK REF-8503,standard_rate,SAGE SUBSCRIPTION
SQ *LNER TICKETS 6368 GLASGOW UK REF-5881,zero_rated,LNER TICKETS
HSBC BANK FEES  UK,exempt,HSBC BANK FEES
deliveroo 5531 manchester online ref-4163,standard_rate,DELIVEROO
POS DIRECTOR DRAWINGS 210 BIRMINGHAM PLC,outside_scope,DIRECTOR DRAWINGS
IZ *DELIVEROO 1176 ONLINE STORE REF-9104,standard_rate,DELIVEROO
DIRECTOR DRAWINGS 4859 MANCHESTER STORE REF-9183,outside_scope,DIRECTOR DRAWINGS
SQ *HMRC PAYMENTS BRISTOL PLC,outside_scope,HMRC PAYMENTS
LIDL GB MANCHESTER ONLINE REF-2430,zero_rated,LIDL GB
SQ *LIDL GB 5897 MANCHESTER ONLINE REF-8074,zero_rated,LIDL GB
CARD ROYAL MAIL 5106 ONLINE STORE REF-1015,exempt,ROYAL MAIL
PAYMENT TO AMAZON UK 6930 UK ONLINE REF-3364,standard_rate,AMAZON UK
Payroll Transfer 9019 Glasgow Online,outside_scope,PAYROLL TRANSFER
PAYMENT TO INTRA ACCOUNT TRANSFER  ONLINE,outside_scope,INTRA ACCOUNT TRANSFER
SQ *ROYAL MAIL 5476 MANCHESTER REF-9669,exempt,ROYAL MAIL
payment to lner tickets 1075 glasgow uk,zero_rated,LNER TICKETS
IZ *LINKEDIN PREMIUM 1219 BRISTOL DIRECT,standard_rate,LINKEDIN PREMIUM
POS TESCO STORES 5673 BRISTOL ONLINE,zero_rated,TESCO STORES
pos aviva insurance  direct,exempt,AVIVA INSURANCE
Sage Subscription 4370 Online Direct,standard_rate,SAGE SUBSCRIPTION
Iz *British Gas 7856 Uk Direct Ref-9938,reduced_rate,BRITISH GAS
POS WESTMINSTER COUNCIL,outside_scope,WESTMINSTER COUNCIL
DD XERO SOFTWARE 5849 GLASGOW STORE REF-9755,standard_rate,XERO SOFTWARE
iz *british gas 8434 glasgow online ref-5576,reduced_rate,BRITISH GAS
Payment To Aviva Insurance 1606  Online,exempt,AVIVA INSURANCE
IZ *AMAZON KINDLE  PLC REF-7089,zero_rated,AMAZON KINDLE
SQ *EON NEXT 8776  UK,reduced_rate,EON NEXT
PAYMENT TO TRAINLINE 9246 LEEDS LTD,zero_rated,TRAINLINE
Card Tfl Travel 5119 London Ltd,zero_rated,TFL TRAVEL
Dd Director Drawings 7601  Ltd Ref-6716,outside_scope,DIRECTOR DRAWINGS
IZ *ROYAL MAIL 8961,exempt,ROYAL MAIL
IZ *GOOGLE WORKSPACE 6597 GLASGOW ONLINE,standard_rate,GOOGLE WORKSPACE
Pos Amazon Uk 5907,standard_rate,AMAZON UK
dd adobe creative 501 london online,standard_rate,ADOBE CREATIVE
PAYMENT TO BOOTS UK  LTD,standard_rate,BOOTS UK
POS TFL TRAVEL 3292  UK,zero_rated,TFL TRAVEL
Eon Next 3227  Ref-8060,reduced_rate,EON NEXT
IZ *NATIONAL EXPRESS BRISTOL,zero_rated,NATIONAL EXPRESS
PAYMENT TO EDF ENERGY 7372 UK DIRECT REF-8594,reduced_rate,EDF ENERGY
CARD AMAZON KINDLE 3079  PLC REF-6777,zero_rated,AMAZON KINDLE
PAYMENT TO GOOGLE WORKSPACE  UK REF-8499,standard_rate,GOOGLE WORKSPACE
IZ *HSBC BANK FEES 1809 MANCHESTER STORE,exempt,HSBC BANK FEES
pos quickbooks 4892  online,standard_rate,QUICKBOOKS
DELIVEROO 7846  PLC,standard_rate,DELIVEROO
SQ *ASDA SUPERMARKET 5510 LEEDS ONLINE REF-8889,zero_rated,ASDA SUPERMARKET
IZ *EON NEXT  STORE,reduced_rate,EON NEXT
SQ *TRAINLINE 734 BRISTOL PLC REF-5163,zero_rated,TRAINLINE
DD TFL TRAVEL 5936 GLASGOW ONLINE,zero_rated,TFL TRAVEL
CARD MICROSOFT 365 7504  UK REF-2134,standard_rate,MICROSOFT 365
Card Waterstones 4534 Birmingham,zero_rated,WATERSTONES
CARD TESCO STORES 2903 MANCHESTER PLC,zero_rated,TESCO STORES
sq *stationery station 4170 glasgow,standard_rate,STATIONERY STATION
SQ *GOOGLE WORKSPACE 3837  ONLINE REF-6624,standard_rate,GOOGLE WORKSPACE
DD HSBC BANK FEES 6834  STORE,exempt,HSBC BANK FEES
dd post office 5012 leeds direct,exempt,POST OFFICE
DD BRITISH GAS MANCHESTER LTD REF-2021,reduced_rate,BRITISH GAS
DD TRAINLINE 7823  UK REF-9724,zero_rated,TRAINLINE
IZ *ASDA SUPERMARKET 8376 BIRMINGHAM UK,zero_rated,ASDA SUPERMARKET
AMAZON EU 5369 LEEDS ONLINE,standard_rate,AMAZON EU
IZ *HMRC SHIPLEY 4919,outside_scope,HMRC SHIPLEY
Payment To Hsbc Bank Fees 7140  Plc Ref-1225,exempt,HSBC BANK FEES
payment to sainsburys 4605  plc,zero_rated,SAINSBURYS
PAYMENT TO SAGE SUBSCRIPTION 2510,standard_rate,SAGE SUBSCRIPTION
SQ *TESCO STORES GLASGOW ONLINE,zero_rated,TESCO STORES
Quickbooks 2831 London Plc Ref-2864,standard_rate,QUICKBOOKS
Pos Tesco Stores Bristol Uk,zero_rated,TESCO STORES
royal mail 424 glasgow ltd,exempt,ROYAL MAIL
lidl gb  ltd,zero_rated,LIDL GB
AMAZON KINDLE 5081,zero_rated,AMAZON KINDLE
DD WESTMINSTER COUNCIL 3551 LONDON STORE,outside_scope,WESTMINSTER COUNCIL
SQ *AMAZON EU 3744 LEEDS LTD REF-7250,standard_rate,AMAZON EU
payment to waterstones 469  plc,zero_rated,WATERSTONES
IZ *HMRC SHIPLEY 4505  ONLINE,outside_scope,HMRC SHIPLEY
IZ *WATERSTONES BRISTOL ONLINE,zero_rated,WATERSTONES
Pos Microsoft 365 574 Leeds Plc Ref-4953,standard_rate,MICROSOFT 365
PAYMENT TO BOOTS UK 9333 LONDON,standard_rate,BOOTS UK
DD TESCO STORES 9531 MANCHESTER DIRECT,zero_rated,TESCO STORES
Dd National Express 7267 Uk Ref-8156,zero_rated,NATIONAL EXPRESS
POS DIRECTOR DRAWINGS 8037 MANCHESTER PLC REF-9355,outside_scope,DIRECTOR DRAWINGS
CARD QUICKBOOKS 7730 LEEDS,standard_rate,QUICKBOOKS
CARD LINKEDIN PREMIUM 2048 GLASGOW PLC,standard_rate,LINKEDIN PREMIUM
CARD ALDI STORES 8631 MANCHESTER DIRECT REF-4726,zero_rated,ALDI STORES
sq *tesco express  ltd,zero_rated,TESCO EXPRESS
DD LNER TICKETS 1774 BIRMINGHAM LTD,zero_rated,LNER TICKETS
sq *national express manchester ltd,zero_rated,NATIONAL EXPRESS
SQ *BRITISH GAS 7756 BIRMINGHAM REF-4903,reduced_rate,BRITISH GAS
CARD UBER EATS 6513 MANCHESTER UK,standard_rate,UBER EATS
POS SAGE SUBSCRIPTION 6859  UK,standard_rate,SAGE SUBSCRIPTION
CARD EON NEXT 2891 ONLINE UK REF-3553,reduced_rate,EON NEXT
Payment To Adobe Creative 4997 Glasgow Ltd Ref-7775,standard_rate,ADOBE CREATIVE
pos lidl gb 9374 birmingham ltd ref-4027,zero_rated,LIDL GB
Payment To Aa Breakdown 6398 London Ltd,exempt,AA BREAKDOWN
POS ALDI STORES MANCHESTER UK,zero_rated,ALDI STORES
Card Director Drawings 1140 Glasgow Plc,outside_scope,DIRECTOR DRAWINGS
DD TFL TRAVEL 3946 LEEDS DIRECT REF-6144,zero_rated,TFL TRAVEL
WATERSTONES 8092  STORE,zero_rated,WATERSTONES
NATIONAL EXPRESS 3005,zero_rated,NATIONAL EXPRESS
card british gas glasgow plc,reduced_rate,BRITISH GAS
DIRECTOR DRAWINGS 2705 LEEDS,outside_scope,DIRECTOR DRAWINGS
IZ *GOOGLE WORKSPACE 8544  UK,standard_rate,GOOGLE WORKSPACE
DD EDF ENERGY  PLC REF-6169,reduced_rate,EDF ENERGY
POS ADOBE CREATIVE 3029  LTD,standard_rate,ADOBE CREATIVE
iz *google workspace 7269 online ref-2693,standard_rate,GOOGLE WORKSPACE
SQ *EDF ENERGY 8245,reduced_rate,EDF ENERGY
card hmrc payments manchester ltd ref-5253,outside_scope,HMRC PAYMENTS
IZ *LIDL GB  STORE REF-4610,zero_rated,LIDL GB
CARD DELIVEROO 7018  DIRECT,standard_rate,DELIVEROO
PAYROLL TRANSFER 4264 LONDON LTD,outside_scope,PAYROLL TRANSFER
Hmrc Shipley 7461 London Uk,outside_scope,HMRC SHIPLEY
EDF ENERGY 7320 GLASGOW ONLINE REF-3908,reduced_rate,EDF ENERGY
ASDA SUPERMARKET LEEDS PLC,zero_rated,ASDA SUPERMARKET
card adobe creative 7375 london uk,standard_rate,ADOBE CREATIVE
SQ *BRITISH GAS BRISTOL STORE REF-5230,reduced_rate,BRITISH GAS
CARD MICROSOFT 365 7640 BRISTOL,standard_rate,MICROSOFT 365
IZ *EDF ENERGY 1959 GLASGOW LTD,reduced_rate,EDF ENERGY
IZ *TESCO EXPRESS 1098  STORE,zero_rated,TESCO EXPRESS
SQ *SAINSBURYS  STORE REF-4555,zero_rated,SAINSBURYS
CARD WESTMINSTER COUNCIL ONLINE PLC REF-6664,outside_scope,WESTMINSTER COUNCIL
dd lner tickets 9165  direct ref-7038,zero_rated,LNER TICKETS
Dd Stationery Station 377 Manchester Ltd,standard_rate,STATIONERY STATION
POS EON NEXT BIRMINGHAM ONLINE,reduced_rate,EON NEXT
PAYMENT TO OCTOPUS ENERGY MANCHESTER STORE,reduced_rate,OCTOPUS ENERGY
DD ALDI STORES 8999  LTD,zero_rated,ALDI STORES
sq *aviva insurance 8379 birmingham uk,exempt,AVIVA INSURANCE
BARCLAYS BANK 2502 BIRMINGHAM STORE REF-2162,exempt,BARCLAYS BANK
AMAZON EU 2522 LONDON UK,standard_rate,AMAZON EU
sq *tesco express 9038 london direct,zero_rated,TESCO EXPRESS
IZ *SAGE SUBSCRIPTION 6136 MANCHESTER UK,standard_rate,SAGE SUBSCRIPTION
SQ *DIRECTOR DRAWINGS 7285 BRISTOL PLC,outside_scope,DIRECTOR DRAWINGS
sq *intra account transfer online plc,outside_scope,INTRA ACCOUNT TRANSFER
SQ *XERO SOFTWARE 9172  ONLINE,standard_rate,XERO SOFTWARE
DD ROYAL MAIL 8330 MANCHESTER ONLINE,exempt,ROYAL MAIL
card eon next  ltd ref-8698,reduced_rate,EON NEXT
HMRC PAYMENTS 7826 ONLINE PLC REF-3059,outside_scope,HMRC PAYMENTS
card google workspace 4265  ltd,standard_rate,GOOGLE WORKSPACE
SQ *HSBC BANK FEES MANCHESTER UK,exempt,HSBC BANK FEES
IZ *STATIONERY STATION 3571 GLASGOW LTD,standard_rate,STATIONERY STATION
POS POST OFFICE 1540 BRISTOL DIRECT REF-2656,exempt,POST OFFICE
CARD INTRA ACCOUNT TRANSFER  ONLINE REF-3089,outside_scope,INTRA ACCOUNT TRANSFER
CARD POST OFFICE 3139 BRISTOL LTD,exempt,POST OFFICE
CARD DIRECTOR DRAWINGS 7575 MANCHESTER ONLINE REF-4659,outside_scope,DIRECTOR DRAWINGS
DD DELIVEROO 3048 LONDON STORE,standard_rate,DELIVEROO
payment to amazon kindle 5563 online direct,zero_rated,AMAZON KINDLE
dd adobe creative  uk ref-6990,standard_rate,ADOBE CREATIVE
DD ADOBE CREATIVE 9719  UK REF-8455,standard_rate,ADOBE CREATIVE
Sq *Sainsburys Online Store,zero_rated,SAINSBURYS
DD ALDI STORES BRISTOL LTD,zero_rated,ALDI STORES
INTRA ACCOUNT TRANSFER 9970 UK REF-5058,outside_scope,INTRA ACCOUNT TRANSFER
BOOTS UK 5695  UK REF-2324,standard_rate,BOOTS UK
Sq *Director Drawings Bristol Direct,outside_scope,DIRECTOR DRAWINGS
IZ *TFL TRAVEL 778  LTD REF-3140,zero_rated,TFL TRAVEL
Sq *Amazon Uk 9641  Online,standard_rate,AMAZON UK
Payment To National Express  Store,zero_rated,NATIONAL EXPRESS
PAYMENT TO HMRC SHIPLEY  UK,outside_scope,HMRC SHIPLEY
DD ASDA SUPERMARKET 3565  PLC,zero_rated,ASDA SUPERMARKET
sq *google workspace 8623 bristol direct,standard_rate,GOOGLE WORKSPACE
Pos Westminster Council 4672 Glasgow Plc,outside_scope,WESTMINSTER COUNCIL
Payment To Amazon Uk 7561 Manchester Online,standard_rate,AMAZON UK
PAYMENT TO TESCO EXPRESS LEEDS STORE,zero_rated,TESCO EXPRESS
POS HMRC PAYMENTS 196 LEEDS PLC,outside_scope,HMRC PAYMENTS
CARD AA BREAKDOWN 1633  ONLINE REF-9179,exempt,AA BREAKDOWN
PAYMENT TO TFL TRAVEL  UK,zero_rated,TFL TRAVEL
PAYMENT TO AVIVA INSURANCE  UK,exempt,AVIVA INSURANCE
Card Edf Energy 3473  Online,reduced_rate,EDF ENERGY
payment to payroll transfer  direct,outside_scope,PAYROLL TRANSFER
payment to edf energy 1590 manchester ref-6251,reduced_rate,EDF ENERGY
DD TFL TRAVEL GLASGOW,zero_rated,TFL TRAVEL
Dd Adobe Creative 6810 Birmingham Plc,standard_rate,ADOBE CREATIVE
PAYMENT TO TFL TRAVEL 1486 BRISTOL PLC REF-7230,zero_rated,TFL TRAVEL
PAYMENT TO DELIVEROO BIRMINGHAM PLC REF-1707,standard_rate,DELIVEROO
ADOBE CREATIVE 3318,standard_rate,ADOBE CREATIVE
eon next 4020 birmingham plc,reduced_rate,EON NEXT
IZ *PAYROLL TRANSFER 561 ONLINE REF-8366,outside_scope,PAYROLL TRANSFER
IZ *INTRA ACCOUNT TRANSFER 2805 UK LTD REF-8232,outside_scope,INTRA ACCOUNT TRANSFER
Pos Lner Tickets 8426 Bristol Online,zero_rated,LNER TICKETS
IZ *AA BREAKDOWN 2425  DIRECT,exempt,AA BREAKDOWN
CARD ASDA SUPERMARKET 216  PLC,zero_rated,ASDA SUPERMARKET
Dd Post Office 5098 London Online Ref-8308,exempt,POST OFFICE
SQ *SAINSBURYS 4601  DIRECT,zero_rated,SAINSBURYS
CARD AMAZON KINDLE 832 LEEDS STORE,zero_rated,AMAZON KINDLE
SQ *HMRC PAYMENTS 9051  STORE REF-6707,outside_scope,HMRC PAYMENTS
Card National Express  Plc,zero_rated,NATIONAL EXPRESS
CARD TRAINLINE LEEDS PLC,zero_rated,TRAINLINE
Card Tesco Stores  Ltd,zero_rated,TESCO STORES
IZ *INTRA ACCOUNT TRANSFER 591  LTD REF-4976,outside_scope,INTRA ACCOUNT TRANSFER
dd national express 4554 bristol store ref-1664,zero_rated,NATIONAL EXPRESS
payment to tesco express 8935  direct,zero_rated,TESCO EXPRESS
DD ASDA SUPERMARKET 4925  LTD REF-8869,zero_rated,ASDA SUPERMARKET
Pos Edf Energy 6729  Plc Ref-3388,reduced_rate,EDF ENERGY
Boots Uk 2804  Ltd,standard_rate,BOOTS UK
sq *amazon eu  online,standard_rate,AMAZON EU
OCTOPUS ENERGY ONLINE PLC REF-6481,reduced_rate,OCTOPUS ENERGY
iz *boots uk 9950 birmingham direct,standard_rate,BOOTS UK
Iz *Hmrc Payments 6115 Leeds Online,outside_scope,HMRC PAYMENTS
CARD BOOTS UK 8904  UK REF-3216,standard_rate,BOOTS UK
DD WATERSTONES 1331 LEEDS ONLINE REF-1987,zero_rated,WATERSTONES
DD QUICKBOOKS 5738 LONDON REF-2481,standard_rate,QUICKBOOKS
Dd Hsbc Bank Fees Manchester Ltd Ref-6553,exempt,HSBC BANK FEES
PAYMENT TO PAYROLL TRANSFER 6544  STORE,outside_scope,PAYROLL TRANSFER
POS LINKEDIN PREMIUM BRISTOL PLC REF-3706,standard_rate,LINKEDIN PREMIUM
Iz *Payroll Transfer,outside_scope,PAYROLL TRANSFER
IZ *DELIVEROO ONLINE LTD REF-1045,standard_rate,DELIVEROO
payment to director drawings 1777 birmingham,outside_scope,DIRECTOR DRAWINGS
CARD UBER EATS 3947 MANCHESTER DIRECT,standard_rate,UBER EATS
WESTMINSTER COUNCIL 1664  UK,outside_scope,WESTMINSTER COUNCIL
Dd Aa Breakdown 1503 London Uk,exempt,AA BREAKDOWN
IZ *MICROSOFT 365 8770,standard_rate,MICROSOFT 365
DIRECTOR DRAWINGS 4855 GLASGOW REF-7223,outside_scope,DIRECTOR DRAWINGS
POS AMAZON UK  STORE,standard_rate,AMAZON UK
IZ *SAGE SUBSCRIPTION 2009  STORE,standard_rate,SAGE SUBSCRIPTION
SQ *BARCLAYS BANK 1776 ONLINE DIRECT REF-5276,exempt,BARCLAYS BANK
amazon eu 6797  plc,standard_rate,AMAZON EU
PAYMENT TO DELIVEROO 8547  REF-8794,standard_rate,DELIVEROO
CARD BOOTS UK 9510 UK STORE,standard_rate,BOOTS UK
CARD LINKEDIN PREMIUM 6428  STORE,standard_rate,LINKEDIN PREMIUM
Quickbooks Glasgow,standard_rate,QUICKBOOKS
POS HMRC PAYMENTS 7097  REF-3412,outside_scope,HMRC PAYMENTS
IZ *SAINSBURYS 8009  STORE,zero_rated,SAINSBURYS
Iz *Hmrc Payments Leeds,outside_scope,HMRC PAYMENTS
Pos Amazon Uk Birmingham Online Ref-2653,standard_rate,AMAZON UK
iz *uber eats 9592  store,standard_rate,UBER EATS
IZ *SAINSBURYS 1594 LEEDS UK REF-1017,zero_rated,SAINSBURYS
CARD AA BREAKDOWN 9161  STORE,exempt,AA BREAKDOWN
Dd Octopus Energy 4470  Plc Ref-6792,reduced_rate,OCTOPUS ENERGY
PAYMENT TO LINKEDIN PREMIUM 2699 GLASGOW UK REF-9004,standard_rate,LINKEDIN PREMIUM
Pos Sainsburys 3741  Ltd,zero_rated,SAINSBURYS
IZ *AMAZON EU 2743  DIRECT,standard_rate,AMAZON EU
Payment To Waterstones 1456  Plc,zero_rated,WATERSTONES
CARD ROYAL MAIL  UK,exempt,ROYAL MAIL
PAYMENT TO HMRC SHIPLEY 2130 LONDON UK REF-3507,outside_scope,HMRC SHIPLEY
Dd Octopus Energy Uk Uk,reduced_rate,OCTOPUS ENERGY
pos aa breakdown online online,exempt,AA BREAKDOWN
DD INTRA ACCOUNT TRANSFER 3091 GLASGOW LTD,outside_scope,INTRA ACCOUNT TRANSFER
IZ *TESCO STORES BIRMINGHAM PLC REF-5342,zero_rated,TESCO STORES
Dd Tesco Stores Uk Ltd,zero_rated,TESCO STORES
Card British Gas 6962 Leeds Online,reduced_rate,BRITISH GAS
DD AVIVA INSURANCE 7984 GLASGOW,exempt,AVIVA INSURANCE
POS PAYROLL TRANSFER LEEDS LTD REF-5060,outside_scope,PAYROLL TRANSFER
Dd Quickbooks 1274 Birmingham,standard_rate,QUICKBOOKS
CARD GOOGLE WORKSPACE 5943  UK,standard_rate,GOOGLE WORKSPACE
IZ *ASDA SUPERMARKET 9246 BIRMINGHAM UK,zero_rated,ASDA SUPERMARKET
SQ *AA BREAKDOWN 6073 MANCHESTER UK,exempt,AA BREAKDOWN
IZ *GOOGLE WORKSPACE 5270  UK,standard_rate,GOOGLE WORKSPACE
Sq *Google Workspace  Plc,standard_rate,GOOGLE WORKSPACE
PAYMENT TO WATERSTONES 5132  PLC REF-2672,zero_rated,WATERSTONES
Hmrc Shipley 1547 Uk Direct,outside_scope,HMRC SHIPLEY
IZ *TESCO STORES 4789 UK LTD REF-4770,zero_rated,TESCO STORES
PAYMENT TO AMAZON EU  LTD,standard_rate,AMAZON EU
IZ *POST OFFICE 1867 BIRMINGHAM ONLINE,exempt,POST OFFICE
sage subscription online plc ref-1066,standard_rate,SAGE SUBSCRIPTION
PAYMENT TO INTRA ACCOUNT TRANSFER LONDON STORE,outside_scope,INTRA ACCOUNT TRANSFER
CARD AMAZON UK 8738 BIRMINGHAM DIRECT REF-9596,standard_rate,AMAZON UK
CARD BARCLAYS BANK 4615  STORE,exempt,BARCLAYS BANK
CARD HSBC BANK FEES 248 BIRMINGHAM DIRECT REF-8917,exempt,HSBC BANK FEES
SQ *AMAZON UK 7533  LTD REF-9096,standard_rate,AMAZON UK
SQ *HSBC BANK FEES 6787 UK UK,exempt,HSBC BANK FEES
IZ *LINKEDIN PREMIUM 887 BIRMINGHAM REF-4378,standard_rate,LINKEDIN PREMIUM
Dd Aa Breakdown 8299 Glasgow Uk Ref-5013,exempt,AA BREAKDOWN
PAYMENT TO AA BREAKDOWN 3458  ONLINE REF-9662,exempt,AA BREAKDOWN
PAYMENT TO LIDL GB 9745 LEEDS DIRECT REF-9518,zero_rated,LIDL GB
PAYMENT TO ADOBE CREATIVE UK DIRECT REF-7810,standard_rate,ADOBE CREATIVE
IZ *INTRA ACCOUNT TRANSFER 3114  PLC REF-3095,outside_scope,INTRA ACCOUNT TRANSFER
PAYMENT TO BOOTS UK 7598 ONLINE ONLINE REF-8453,standard_rate,BOOTS UK
DD WESTMINSTER COUNCIL 6447  PLC,outside_scope,WESTMINSTER COUNCIL
IZ *HMRC SHIPLEY  DIRECT,outside_scope,HMRC SHIPLEY
IZ *HMRC SHIPLEY 8104  STORE,outside_scope,HMRC SHIPLEY
IZ *QUICKBOOKS 9750 ONLINE DIRECT,standard_rate,QUICKBOOKS
Pos Payroll Transfer 1923 Bristol Ref-6587,outside_scope,PAYROLL TRANSFER
SQ *MICROSOFT 365 ONLINE PLC REF-1361,standard_rate,MICROSOFT 365
IZ *SAINSBURYS 6581  PLC,zero_rated,SAINSBURYS
POS HMRC PAYMENTS  ONLINE,outside_scope,HMRC PAYMENTS
PAYMENT TO TFL TRAVEL LEEDS STORE REF-3532,zero_rated,TFL TRAVEL
IZ *EON NEXT 7404 GLASGOW ONLINE REF-4519,reduced_rate,EON NEXT
Sq *Quickbooks 8169 London Store,standard_rate,QUICKBOOKS
DD TESCO STORES 5051  ONLINE REF-2911,zero_rated,TESCO STORES
CARD SAINSBURYS BRISTOL LTD REF-3711,zero_rated,SAINSBURYS
IZ *MICROSOFT 365 3254  DIRECT,standard_rate,MICROSOFT 365
IZ *BRITISH GAS 3741 BRISTOL STORE REF-5563,reduced_rate,BRITISH GAS
CARD XERO SOFTWARE  STORE REF-4746,standard_rate,XERO SOFTWARE
DD TESCO STORES 7849 LONDON REF-7246,zero_rated,TESCO STORES
dd amazon uk london plc ref-5544,standard_rate,AMAZON UK
ALDI STORES 7550  UK REF-1076,zero_rated,ALDI STORES
Card Eon Next 4308 Birmingham Direct Ref-2298,reduced_rate,EON NEXT
DD AMAZON EU 5203 ONLINE PLC,standard_rate,AMAZON EU
Payment To Sainsburys Manchester Uk Ref-5984,zero_rated,SAINSBURYS
DD SAGE SUBSCRIPTION  STORE,standard_rate,SAGE SUBSCRIPTION
POS LNER TICKETS ONLINE LTD REF-1312,zero_rated,LNER TICKETS
PAYMENT TO WATERSTONES 6124  STORE,zero_rated,WATERSTONES
Card Hmrc Payments 7080  Store Ref-1083,outside_scope,HMRC PAYMENTS
sq *tfl travel 7915 birmingham uk ref-4580,zero_rated,TFL TRAVEL
pos asda supermarket 3553 london plc ref-4492,zero_rated,ASDA SUPERMARKET
DD QUICKBOOKS 4529  ONLINE,standard_rate,QUICKBOOKS
PAYMENT TO HMRC PAYMENTS LONDON LTD,outside_scope,HMRC PAYMENTS
Payment To Post Office 2039 Manchester Online,exempt,POST OFFICE
CARD EON NEXT 3545 MANCHESTER,reduced_rate,EON NEXT
PAYMENT TO TESCO EXPRESS UK STORE,zero_rated,TESCO EXPRESS
CARD AMAZON UK 4156  DIRECT,standard_rate,AMAZON UK
pos payroll transfer 4225  online,outside_scope,PAYROLL TRANSFER
CARD GOOGLE WORKSPACE 8240 LEEDS DIRECT,standard_rate,GOOGLE WORKSPACE
PAYMENT TO DELIVEROO 8572 LEEDS STORE,standard_rate,DELIVEROO
CARD SAINSBURYS 9570  STORE REF-4695,zero_rated,SAINSBURYS
Dd Aviva Insurance 6147 Leeds,exempt,AVIVA INSURANCE
payment to director drawings 5133 leeds ltd ref-6245,outside_scope,DIRECTOR DRAWINGS
PAYMENT TO LNER TICKETS 1700 GLASGOW,zero_rated,LNER TICKETS
PAYMENT TO INTRA ACCOUNT TRANSFER 6441 BIRMINGHAM ONLINE REF-3009,outside_scope,INTRA ACCOUNT TRANSFER
DD MICROSOFT 365 9882 GLASGOW DIRECT,standard_rate,MICROSOFT 365
Dd Intra Account Transfer 2136 Manchester Store,outside_scope,INTRA ACCOUNT TRANSFER
SQ *LINKEDIN PREMIUM 6340 UK STORE,standard_rate,LINKEDIN PREMIUM
POS QUICKBOOKS 2415 LONDON ONLINE,standard_rate,QUICKBOOKS
CARD TRAINLINE BIRMINGHAM,zero_rated,TRAINLINE
DD NATIONAL EXPRESS 8950 LEEDS UK,zero_rated,NATIONAL EXPRESS
ROYAL MAIL  PLC REF-2953,exempt,ROYAL MAIL
DD BRITISH GAS 5768 UK LTD REF-4502,reduced_rate,BRITISH GAS
PAYMENT TO SAGE SUBSCRIPTION LONDON UK REF-2182,standard_rate,SAGE SUBSCRIPTION
DD XERO SOFTWARE 2304  DIRECT,standard_rate,XERO SOFTWARE
POS LNER TICKETS 7021  UK REF-2013,zero_rated,LNER TICKETS
iz *tfl travel 3550  ltd,zero_rated,TFL TRAVEL
iz *sainsburys 1120,zero_rated,SAINSBURYS
IZ *LIDL GB LONDON UK REF-6793,zero_rated,LIDL GB
Payment To Intra Account Transfer Glasgow Ltd,outside_scope,INTRA ACCOUNT TRANSFER
Card Lidl Gb  Ref-5981,zero_rated,LIDL GB
PAYMENT TO EDF ENERGY LEEDS UK,reduced_rate,EDF ENERGY
DD AMAZON EU GLASGOW ONLINE,standard_rate,AMAZON EU
Card Aldi Stores 619 Glasgow,zero_rated,ALDI STORES
DD INTRA ACCOUNT TRANSFER 3216 BIRMINGHAM UK REF-3722,outside_scope,INTRA ACCOUNT TRANSFER
DD AVIVA INSURANCE 1702 ONLINE,exempt,AVIVA INSURANCE
DD LINKEDIN PREMIUM ONLINE LTD,standard_rate,LINKEDIN PREMIUM
DD QUICKBOOKS 8069  LTD REF-4732,standard_rate,QUICKBOOKS
dd waterstones 7267 online store ref-2625,zero_rated,WATERSTONES
CARD TFL TRAVEL 918 BRISTOL STORE,zero_rated,TFL TRAVEL
google workspace 5169  store ref-4573,standard_rate,GOOGLE WORKSPACE
DD DIRECTOR DRAWINGS  DIRECT,outside_scope,DIRECTOR DRAWINGS
DD ASDA SUPERMARKET 4744 LONDON STORE REF-4548,zero_rated,ASDA SUPERMARKET
IZ *AA BREAKDOWN 7863 BIRMINGHAM,exempt,AA BREAKDOWN
POS AMAZON EU 5441,standard_rate,AMAZON EU
Sq *Aviva Insurance 8874 London Store,exempt,AVIVA INSURANCE
CARD TFL TRAVEL 3650  PLC REF-3502,zero_rated,TFL TRAVEL
IZ *EON NEXT  UK,reduced_rate,EON NEXT
royal mail 675 bristol direct,exempt,ROYAL MAIL
PAYMENT TO DELIVEROO  STORE REF-6764,standard_rate,DELIVEROO
payment to uber eats 3768 manchester store,standard_rate,UBER EATS
CARD WESTMINSTER COUNCIL 5343  ONLINE,outside_scope,WESTMINSTER COUNCIL
PAYMENT TO ALDI STORES 3571  LTD,zero_rated,ALDI STORES
SQ *BOOTS UK 1948 LEEDS DIRECT REF-1984,standard_rate,BOOTS UK
card octopus energy manchester online ref-3713,reduced_rate,OCTOPUS ENERGY
DD SAGE SUBSCRIPTION GLASGOW PLC,standard_rate,SAGE SUBSCRIPTION
dd google workspace 1887 glasgow uk ref-1507,standard_rate,GOOGLE WORKSPACE
POS OCTOPUS ENERGY  DIRECT REF-7009,reduced_rate,OCTOPUS ENERGY
POS TESCO EXPRESS UK PLC REF-9189,zero_rated,TESCO EXPRESS
OCTOPUS ENERGY 8133 GLASGOW LTD REF-7225,reduced_rate,OCTOPUS ENERGY
IZ *HSBC BANK FEES 9590  DIRECT,exempt,HSBC BANK FEES
PAYMENT TO SAINSBURYS 6571  LTD,zero_rated,SAINSBURYS
CARD WATERSTONES ONLINE PLC,zero_rated,WATERSTONES
Iz *Adobe Creative 271  Store,standard_rate,ADOBE CREATIVE
CARD UBER EATS UK LTD REF-1822,standard_rate,UBER EATS
Card Google Workspace 3463  Store,standard_rate,GOOGLE WORKSPACE
DD WATERSTONES  UK,zero_rated,WATERSTONES
Iz *Aa Breakdown 2700 Leeds Online,exempt,AA BREAKDOWN
PAYMENT TO TESCO STORES 9112 ONLINE UK,zero_rated,TESCO STORES
DD HMRC SHIPLEY UK UK,outside_scope,HMRC SHIPLEY
DD AA BREAKDOWN 2111  DIRECT,exempt,AA BREAKDOWN
sq *royal mail 9157  ltd,exempt,ROYAL MAIL
PAYMENT TO LNER TICKETS 8737 ONLINE PLC,zero_rated,LNER TICKETS
CARD AMAZON EU 5525 UK PLC REF-6499,standard_rate,AMAZON EU
CARD HMRC SHIPLEY  UK REF-9182,outside_scope,HMRC SHIPLEY
DD DIRECTOR DRAWINGS GLASGOW STORE REF-6179,outside_scope,DIRECTOR DRAWINGS
pos hmrc shipley 5577  ltd,outside_scope,HMRC SHIPLEY
HMRC PAYMENTS 8535  ONLINE,outside_scope,HMRC PAYMENTS
SQ *AMAZON EU 7853 BRISTOL STORE REF-8036,standard_rate,AMAZON EU
CARD MICROSOFT 365  REF-5467,standard_rate,MICROSOFT 365
POS XERO SOFTWARE 9890 BRISTOL,standard_rate,XERO SOFTWARE
SQ *XERO SOFTWARE 3870,standard_rate,XERO SOFTWARE
POS UBER EATS MANCHESTER STORE REF-6657,standard_rate,UBER EATS
iz *amazon kindle 2861 london ref-9577,zero_rated,AMAZON KINDLE
DD ADOBE CREATIVE 3110  DIRECT REF-8275,standard_rate,ADOBE CREATIVE
IZ *WESTMINSTER COUNCIL  UK,outside_scope,WESTMINSTER COUNCIL
Pos Director Drawings 5254  Store,outside_scope,DIRECTOR DRAWINGS
Card Intra Account Transfer 7416 Online Plc,outside_scope,INTRA ACCOUNT TRANSFER
pos trainline 2343  ref-7219,zero_rated,TRAINLINE
SQ *SAINSBURYS 5401 GLASGOW PLC,zero_rated,SAINSBURYS
WATERSTONES 9747 BIRMINGHAM ONLINE REF-6703,zero_rated,WATERSTONES
SQ *POST OFFICE GLASGOW LTD,exempt,POST OFFICE
DD SAGE SUBSCRIPTION LEEDS UK REF-1525,standard_rate,SAGE SUBSCRIPTION
SQ *INTRA ACCOUNT TRANSFER  STORE,outside_scope,INTRA ACCOUNT TRANSFER
IZ *UBER EATS 2452 LEEDS UK,standard_rate,UBER EATS
Hmrc Payments Birmingham Store,outside_scope,HMRC PAYMENTS
PAYMENT TO AMAZON EU BRISTOL PLC,standard_rate,AMAZON EU
Pos Post Office 8748 London Ltd,exempt,POST OFFICE
POS DELIVEROO  UK,standard_rate,DELIVEROO
dd british gas birmingham online ref-9459,reduced_rate,BRITISH GAS
Dd Tesco Stores 4515 London Online,zero_rated,TESCO STORES
sq *barclays bank 8833  store ref-6167,exempt,BARCLAYS BANK
tesco stores 8956  store ref-2528,zero_rated,TESCO STORES
sq *lner tickets 9851 online store,zero_rated,LNER TICKETS
POS AMAZON EU 5577 LONDON LTD REF-5049,standard_rate,AMAZON EU
SQ *HSBC BANK FEES BIRMINGHAM LTD REF-5374,exempt,HSBC BANK FEES
PAYMENT TO EON NEXT 4513 ONLINE ONLINE,reduced_rate,EON NEXT
trainline 8756 birmingham plc,zero_rated,TRAINLINE
CARD LIDL GB 1017 ONLINE DIRECT REF-5904,zero_rated,LIDL GB
SQ *AVIVA INSURANCE UK ONLINE REF-4612,exempt,AVIVA INSURANCE
ASDA SUPERMARKET 208 UK UK,zero_rated,ASDA SUPERMARKET
SQ *TESCO EXPRESS 2247 LONDON,zero_rated,TESCO EXPRESS
PAYMENT TO NATIONAL EXPRESS 7466  LTD REF-1375,zero_rated,NATIONAL EXPRESS
pos director drawings 4530 leeds uk ref-6307,outside_scope,DIRECTOR DRAWINGS
card amazon uk 4442 uk store,standard_rate,AMAZON UK
PAYMENT TO XERO SOFTWARE 8778  LTD,standard_rate,XERO SOFTWARE
CARD PAYROLL TRANSFER 9646  ONLINE,outside_scope,PAYROLL TRANSFER
PAYMENT TO BOOTS UK 8416 LEEDS UK,standard_rate,BOOTS UK
POS ADOBE CREATIVE 8092,standard_rate,ADOBE CREATIVE
lner tickets london uk,zero_rated,LNER TICKETS
card google workspace 8525,standard_rate,GOOGLE WORKSPACE
IZ *EON NEXT 4325  DIRECT,reduced_rate,EON NEXT
pos uber eats  ltd ref-5967,standard_rate,UBER EATS
IZ *TFL TRAVEL 8951 ONLINE STORE REF-1535,zero_rated,TFL TRAVEL
DD NATIONAL EXPRESS 4961  DIRECT,zero_rated,NATIONAL EXPRESS
CARD STATIONERY STATION 6382  UK,standard_rate,STATIONERY STATION
CARD STATIONERY STATION 7024  STORE,standard_rate,STATIONERY STATION
OCTOPUS ENERGY 5167 LEEDS DIRECT REF-4449,reduced_rate,OCTOPUS ENERGY
Aa Breakdown 9144  Online,exempt,AA BREAKDOWN
DD TESCO EXPRESS 5183 MANCHESTER DIRECT REF-4630,zero_rated,TESCO EXPRESS
IZ *GOOGLE WORKSPACE 5527  STORE,standard_rate,GOOGLE WORKSPACE
PAYMENT TO OCTOPUS ENERGY 3952 ONLINE DIRECT,reduced_rate,OCTOPUS ENERGY
POST OFFICE LONDON LTD REF-5254,exempt,POST OFFICE
Dd Xero Software 5957 Online Direct,standard_rate,XERO SOFTWARE
SQ *EDF ENERGY 832  REF-2616,reduced_rate,EDF ENERGY
IZ *DIRECTOR DRAWINGS 3506  DIRECT,outside_scope,DIRECTOR DRAWINGS
Quickbooks 1651 Online Ref-4278,standard_rate,QUICKBOOKS
SQ *BOOTS UK LEEDS DIRECT,standard_rate,BOOTS UK
card eon next 7544,reduced_rate,EON NEXT
POS POST OFFICE  PLC REF-9055,exempt,POST OFFICE
DD INTRA ACCOUNT TRANSFER 8384 BRISTOL,outside_scope,INTRA ACCOUNT TRANSFER
IZ *AMAZON EU 1416 ONLINE ONLINE,standard_rate,AMAZON EU
DIRECTOR DRAWINGS 2632  DIRECT,outside_scope,DIRECTOR DRAWINGS
DD TESCO STORES 382 UK ONLINE,zero_rated,TESCO STORES
DD AMAZON EU UK STORE,standard_rate,AMAZON EU
PAYMENT TO EDF ENERGY 7173 GLASGOW UK REF-3359,reduced_rate,EDF ENERGY
pos aldi stores 5431 online ltd,zero_rated,ALDI STORES
SQ *TESCO STORES  LTD REF-4505,zero_rated,TESCO STORES
Pos Lidl Gb 7693 Bristol,zero_rated,LIDL GB
PAYMENT TO BARCLAYS BANK  REF-6799,exempt,BARCLAYS BANK
DD PAYROLL TRANSFER 6123 BIRMINGHAM DIRECT,outside_scope,PAYROLL TRANSFER
LINKEDIN PREMIUM 5535 ONLINE STORE,standard_rate,LINKEDIN PREMIUM
SQ *TFL TRAVEL 3863  LTD,zero_rated,TFL TRAVEL
BOOTS UK 9343  REF-8706,standard_rate,BOOTS UK
Sq *Lidl Gb 7864  Store Ref-3409,zero_rated,LIDL GB
PAYMENT TO ROYAL MAIL 2763 UK LTD,exempt,ROYAL MAIL
CARD TESCO EXPRESS MANCHESTER PLC REF-1256,zero_rated,TESCO EXPRESS
CARD LNER TICKETS 9631 LEEDS STORE,zero_rated,LNER TICKETS
CARD SAINSBURYS  PLC,zero_rated,SAINSBURYS
SQ *BRITISH GAS 3419 BRISTOL,reduced_rate,BRITISH GAS
POS INTRA ACCOUNT TRANSFER BRISTOL PLC,outside_scope,INTRA ACCOUNT TRANSFER
Pos Adobe Creative 6941  Ltd Ref-1820,standard_rate,ADOBE CREATIVE
Card Adobe Creative 9430  Direct,standard_rate,ADOBE CREATIVE
IZ *HSBC BANK FEES,exempt,HSBC BANK FEES
DD MICROSOFT 365 9768 MANCHESTER LTD,standard_rate,MICROSOFT 365
POS SAINSBURYS LEEDS ONLINE REF-8368,zero_rated,SAINSBURYS
LINKEDIN PREMIUM 5482  ONLINE REF-5205,standard_rate,LINKEDIN PREMIUM
IZ *XERO SOFTWARE 3913  UK,standard_rate,XERO SOFTWARE
NATIONAL EXPRESS  LTD,zero_rated,NATIONAL EXPRESS
payment to aviva insurance 3440  plc,exempt,AVIVA INSURANCE
DD STATIONERY STATION 9768 LEEDS ONLINE,standard_rate,STATIONERY STATION
POS LNER TICKETS BRISTOL STORE,zero_rated,LNER TICKETS
lner tickets 1490 uk online,zero_rated,LNER TICKETS
dd national express 3419  uk,zero_rated,NATIONAL EXPRESS
Payment To Sage Subscription 1720  Ltd Ref-2415,standard_rate,SAGE SUBSCRIPTION
dd trainline 4421  store,zero_rated,TRAINLINE
Payment To Payroll Transfer Birmingham Ltd,outside_scope,PAYROLL TRANSFER
IZ *STATIONERY STATION 3352  ONLINE REF-5195,standard_rate,STATIONERY STATION
TESCO EXPRESS 9180  STORE,zero_rated,TESCO EXPRESS
iz *amazon uk 9170 bristol ref-6139,standard_rate,AMAZON UK
card amazon uk uk online,standard_rate,AMAZON UK
POS POST OFFICE 6967  UK REF-4052,exempt,POST OFFICE
DELIVEROO GLASGOW LTD REF-8583,standard_rate,DELIVEROO
SQ *LINKEDIN PREMIUM BIRMINGHAM LTD,standard_rate,LINKEDIN PREMIUM
PAYMENT TO LINKEDIN PREMIUM 5175  REF-4714,standard_rate,LINKEDIN PREMIUM
OCTOPUS ENERGY 990 BRISTOL ONLINE REF-4765,reduced_rate,OCTOPUS ENERGY
IZ *WATERSTONES 2902 BRISTOL REF-6695,zero_rated,WATERSTONES
SQ *ALDI STORES 5692 MANCHESTER UK,zero_rated,ALDI STORES
POS AA BREAKDOWN 655 GLASGOW REF-3257,exempt,AA BREAKDOWN
IZ *MICROSOFT 365  ONLINE REF-9051,standard_rate,MICROSOFT 365
AMAZON EU 1869 GLASGOW LTD,standard_rate,AMAZON EU
dd intra account transfer  online ref-6734,outside_scope,INTRA ACCOUNT TRANSFER
Sq *Microsoft 365 957  Direct Ref-8437,standard_rate,MICROSOFT 365
Sq *Eon Next Uk Plc,reduced_rate,EON NEXT
DD HMRC SHIPLEY 8167  DIRECT,outside_scope,HMRC SHIPLEY
DD HMRC PAYMENTS 5506  UK,outside_scope,HMRC PAYMENTS
ROYAL MAIL 8277  LTD,exempt,ROYAL MAIL
ASDA SUPERMARKET 8542 GLASGOW DIRECT REF-2075,zero_rated,ASDA SUPERMARKET
BARCLAYS BANK 8949 LONDON STORE,exempt,BARCLAYS BANK
DD BARCLAYS BANK 8456 BRISTOL,exempt,BARCLAYS BANK
Card Amazon Kindle 423 Birmingham Ltd,zero_rated,AMAZON KINDLE
Sq *Adobe Creative 7289  Ref-4558,standard_rate,ADOBE CREATIVE
POS UBER EATS 4324 UK REF-9490,standard_rate,UBER EATS
IZ *MICROSOFT 365 6505 BRISTOL LTD,standard_rate,MICROSOFT 365
POS LIDL GB 1648  STORE,zero_rated,LIDL GB
WESTMINSTER COUNCIL BIRMINGHAM PLC REF-6891,outside_scope,WESTMINSTER COUNCIL
sq *tesco express 6553 birmingham online,zero_rated,TESCO EXPRESS
PAYMENT TO TRAINLINE 1672 LONDON DIRECT,zero_rated,TRAINLINE
Card Uber Eats 2486  Plc,standard_rate,UBER EATS
Card Trainline Birmingham Uk,zero_rated,TRAINLINE
IZ *BARCLAYS BANK 2436  ONLINE,exempt,BARCLAYS BANK
IZ *TESCO STORES 8408,zero_rated,TESCO STORES
Dd Sage Subscription 859  Online Ref-2865,standard_rate,SAGE SUBSCRIPTION
PAYMENT TO TESCO EXPRESS 3862 ONLINE ONLINE,zero_rated,TESCO EXPRESS
LNER TICKETS 8522  ONLINE,zero_rated,LNER TICKETS
Quickbooks 3085 Manchester Direct Ref-7648,standard_rate,QUICKBOOKS
Payment To Director Drawings 1717 Leeds Store,outside_scope,DIRECTOR DRAWINGS
CARD LINKEDIN PREMIUM 421 LEEDS UK REF-8438,standard_rate,LINKEDIN PREMIUM
card barclays bank 4177 online uk ref-2916,exempt,BARCLAYS BANK
CARD AMAZON EU  PLC,standard_rate,AMAZON EU
POS STATIONERY STATION 4689 GLASGOW UK REF-1190,standard_rate,STATIONERY STATION
Payment To Amazon Eu 8219  Uk,standard_rate,AMAZON EU
card aviva insurance 6012 leeds,exempt,AVIVA INSURANCE
IZ *EON NEXT 3477 LEEDS,reduced_rate,EON NEXT
payment to lner tickets 6424 bristol store ref-7972,zero_rated,LNER TICKETS
DD WATERSTONES 2764 BRISTOL DIRECT,zero_rated,WATERSTONES
card google workspace uk direct,standard_rate,GOOGLE WORKSPACE
PAYMENT TO EDF ENERGY 6393  LTD REF-6269,reduced_rate,EDF ENERGY
payment to amazon kindle 2618  plc,zero_rated,AMAZON KINDLE
SQ *NATIONAL EXPRESS  PLC REF-2614,zero_rated,NATIONAL EXPRESS
Aldi Stores 6278 Bristol Store,zero_rated,ALDI STORES
POS DELIVEROO 8246  LTD,standard_rate,DELIVEROO
CARD LNER TICKETS 7314 LEEDS STORE REF-7124,zero_rated,LNER TICKETS
Iz *Edf Energy 8777 Manchester Store,reduced_rate,EDF ENERGY
SQ *BARCLAYS BANK 3443 GLASGOW PLC REF-4823,exempt,BARCLAYS BANK
POS AA BREAKDOWN 8760 GLASGOW ONLINE,exempt,AA BREAKDOWN
Dd Asda Supermarket 2028 Manchester Direct,zero_rated,ASDA SUPERMARKET
DD GOOGLE WORKSPACE 939 ONLINE STORE REF-7633,standard_rate,GOOGLE WORKSPACE
Pos Tesco Express 695 Birmingham Plc Ref-7504,zero_rated,TESCO EXPRESS
pos quickbooks 1444,standard_rate,QUICKBOOKS
POS TRAINLINE 1162  STORE REF-5681,zero_rated,TRAINLINE
CARD EON NEXT 7554 LEEDS ONLINE,reduced_rate,EON NEXT
TRAINLINE ONLINE,zero_rated,TRAINLINE
SQ *BOOTS UK 3727  ONLINE REF-9902,standard_rate,BOOTS UK
SQ *TESCO STORES 7178 MANCHESTER STORE REF-5102,zero_rated,TESCO STORES
IZ *EON NEXT 6879  LTD REF-3464,reduced_rate,EON NEXT
AA BREAKDOWN 2042 GLASGOW UK,exempt,AA BREAKDOWN
amazon uk 6488  uk ref-4865,standard_rate,AMAZON UK
Iz *Amazon Kindle 9503  Ltd,zero_rated,AMAZON KINDLE
PAYMENT TO EON NEXT 3537  REF-5801,reduced_rate,EON NEXT
National Express 8459  Plc,zero_rated,NATIONAL EXPRESS
Iz *Amazon Kindle 1842  Store,zero_rated,AMAZON KINDLE
pos payroll transfer  direct,outside_scope,PAYROLL TRANSFER
DD XERO SOFTWARE ONLINE ONLINE REF-7453,standard_rate,XERO SOFTWARE
AMAZON UK 787 MANCHESTER STORE,standard_rate,AMAZON UK
Iz *Edf Energy 3918  Ltd,reduced_rate,EDF ENERGY
IZ *WESTMINSTER COUNCIL 7179  PLC REF-1623,outside_scope,WESTMINSTER COUNCIL
CARD SAINSBURYS  PLC REF-2785,zero_rated,SAINSBURYS
PAYMENT TO ADOBE CREATIVE 7355 LONDON REF-8474,standard_rate,ADOBE CREATIVE
IZ *ROYAL MAIL 7666 LONDON ONLINE REF-6297,exempt,ROYAL MAIL
PAYROLL TRANSFER 6361 UK UK REF-1109,outside_scope,PAYROLL TRANSFER
POS ASDA SUPERMARKET BIRMINGHAM STORE,zero_rated,ASDA SUPERMARKET
POS ASDA SUPERMARKET 2267 LONDON REF-1138,zero_rated,ASDA SUPERMARKET
SQ *TRAINLINE 8756  PLC REF-7548,zero_rated,TRAINLINE
Pos Tesco Stores 4395  Direct,zero_rated,TESCO STORES
SQ *QUICKBOOKS 3514  UK,standard_rate,QUICKBOOKS
IZ *AVIVA INSURANCE  LTD,exempt,AVIVA INSURANCE
dd amazon kindle 961 leeds ref-3933,zero_rated,AMAZON KINDLE
HMRC SHIPLEY  DIRECT REF-4715,outside_scope,HMRC SHIPLEY
ALDI STORES ONLINE PLC,zero_rated,ALDI STORES
IZ *PAYROLL TRANSFER GLASGOW ONLINE,outside_scope,PAYROLL TRANSFER
Payroll Transfer 1214 London Plc,outside_scope,PAYROLL TRANSFER
Pos Hmrc Shipley 7555 London,outside_scope,HMRC SHIPLEY
DD ASDA SUPERMARKET BRISTOL ONLINE,zero_rated,ASDA SUPERMARKET
PAYMENT TO ADOBE CREATIVE 2095  ONLINE REF-2991,standard_rate,ADOBE CREATIVE
Dd Sage Subscription Online Direct,standard_rate,SAGE SUBSCRIPTION
PAYMENT TO XERO SOFTWARE 3290 LONDON DIRECT,standard_rate,XERO SOFTWARE
CARD UBER EATS 9137  DIRECT,standard_rate,UBER EATS
Payment To Aldi Stores 4143  Online,zero_rated,ALDI STORES
UBER EATS  PLC,standard_rate,UBER EATS
POS AMAZON UK 4886  REF-9288,standard_rate,AMAZON UK
CARD PAYROLL TRANSFER 4761 LEEDS ONLINE REF-7753,outside_scope,PAYROLL TRANSFER
SQ *DELIVEROO BIRMINGHAM DIRECT,standard_rate,DELIVEROO
sq *national express 7331 london direct,zero_rated,NATIONAL EXPRESS
CARD AMAZON EU 2300 BIRMINGHAM ONLINE,standard_rate,AMAZON EU
IZ *NATIONAL EXPRESS  ONLINE,zero_rated,NATIONAL EXPRESS
DD PAYROLL TRANSFER 5358 LEEDS,outside_scope,PAYROLL TRANSFER
PAYMENT TO INTRA ACCOUNT TRANSFER 7174  PLC,outside_scope,INTRA ACCOUNT TRANSFER
EDF ENERGY 3828  LTD,reduced_rate,EDF ENERGY
payment to aa breakdown 8271  uk,exempt,AA BREAKDOWN
POS PAYROLL TRANSFER BRISTOL ONLINE,outside_scope,PAYROLL TRANSFER
PAYMENT TO NATIONAL EXPRESS LONDON LTD,zero_rated,NATIONAL EXPRESS
PAYMENT TO BARCLAYS BANK 5386 GLASGOW LTD REF-5959,exempt,BARCLAYS BANK
SAINSBURYS 8223  LTD,zero_rated,SAINSBURYS
Pos Westminster Council 4476 Uk Ref-5115,outside_scope,WESTMINSTER COUNCIL
Card Trainline 2785  Direct,zero_rated,TRAINLINE
pos aa breakdown 7487  uk,exempt,AA BREAKDOWN
PAYMENT TO BOOTS UK BIRMINGHAM UK,standard_rate,BOOTS UK
SQ *PAYROLL TRANSFER 2392,outside_scope,PAYROLL TRANSFER
SQ *ADOBE CREATIVE 4102  REF-4845,standard_rate,ADOBE CREATIVE
Sq *British Gas 4886 Bristol Online Ref-9031,reduced_rate,BRITISH GAS
POS HMRC SHIPLEY 5855  PLC,outside_scope,HMRC SHIPLEY
CARD UBER EATS 2477  STORE,standard_rate,UBER EATS
DD ALDI STORES 8556 LONDON STORE REF-1807,zero_rated,ALDI STORES
SQ *LIDL GB  DIRECT REF-1826,zero_rated,LIDL GB
PAYMENT TO TESCO EXPRESS 5149 UK DIRECT REF-7487,zero_rated,TESCO EXPRESS
Sq *Aviva Insurance 7874,exempt,AVIVA INSURANCE
POS SAINSBURYS 5346 UK REF-7073,zero_rated,SAINSBURYS
IZ *NATIONAL EXPRESS 5344,zero_rated,NATIONAL EXPRESS
PAYROLL TRANSFER 3696 GLASGOW ONLINE,outside_scope,PAYROLL TRANSFER
IZ *GOOGLE WORKSPACE 4125  LTD,standard_rate,GOOGLE WORKSPACE
DD AVIVA INSURANCE 9835 LEEDS LTD,exempt,AVIVA INSURANCE
Payment To Microsoft 365  Ltd Ref-9567,standard_rate,MICROSOFT 365
sq *amazon kindle 6358 manchester online ref-5216,zero_rated,AMAZON KINDLE
POS UBER EATS 7920 LEEDS ONLINE,standard_rate,UBER EATS
SQ *QUICKBOOKS 8123,standard_rate,QUICKBOOKS
SQ *TESCO STORES 9532  ONLINE,zero_rated,TESCO STORES
POS OCTOPUS ENERGY LONDON UK REF-3411,reduced_rate,OCTOPUS ENERGY
SQ *ALDI STORES 5495 BRISTOL PLC,zero_rated,ALDI STORES
iz *linkedin premium 4020  ltd ref-6345,standard_rate,LINKEDIN PREMIUM
IZ *AMAZON UK 8348  PLC,standard_rate,AMAZON UK
DD BRITISH GAS 9666 BRISTOL LTD,reduced_rate,BRITISH GAS
IZ *EON NEXT 849  REF-3969,reduced_rate,EON NEXT
iz *microsoft 365 1203 london uk,standard_rate,MICROSOFT 365
dd aldi stores 9984,zero_rated,ALDI STORES
POS HSBC BANK FEES ONLINE LTD REF-3603,exempt,HSBC BANK FEES
Card Linkedin Premium 5112 Leeds Online,standard_rate,LINKEDIN PREMIUM
DD EDF ENERGY GLASGOW STORE,reduced_rate,EDF ENERGY
Iz *Uber Eats 1364  Ltd Ref-1137,standard_rate,UBER EATS
POS STATIONERY STATION 1373  STORE REF-6008,standard_rate,STATIONERY STATION
CARD MICROSOFT 365 7957 BRISTOL DIRECT REF-5354,standard_rate,MICROSOFT 365
POS QUICKBOOKS 1426 GLASGOW DIRECT,standard_rate,QUICKBOOKS
PAYMENT TO AMAZON EU ONLINE LTD,standard_rate,AMAZON EU
POS XERO SOFTWARE  ONLINE,standard_rate,XERO SOFTWARE
Card Sage Subscription 4735  Store,standard_rate,SAGE SUBSCRIPTION
DELIVEROO 427 GLASGOW LTD REF-3132,standard_rate,DELIVEROO
POS TFL TRAVEL  DIRECT,zero_rated,TFL TRAVEL
SQ *GOOGLE WORKSPACE 5797 GLASGOW DIRECT,standard_rate,GOOGLE WORKSPACE
PAYMENT TO AMAZON UK 7193  PLC,standard_rate,AMAZON UK
IZ *AMAZON KINDLE BRISTOL STORE REF-3675,zero_rated,AMAZON KINDLE
IZ *BOOTS UK BRISTOL LTD,standard_rate,BOOTS UK
Dd Quickbooks 7037 Online Plc,standard_rate,QUICKBOOKS
iz *amazon kindle 2407 leeds ltd ref-3638,zero_rated,AMAZON KINDLE
CARD AA BREAKDOWN 692 LEEDS,exempt,AA BREAKDOWN
payment to sainsburys 8855 uk ltd,zero_rated,SAINSBURYS
POS NATIONAL EXPRESS 8033,zero_rated,NATIONAL EXPRESS
CARD AMAZON UK 1858 UK ONLINE,standard_rate,AMAZON UK
CARD AVIVA INSURANCE 8684 MANCHESTER UK REF-4861,exempt,AVIVA INSURANCE
Tesco Stores 4188  Ref-6794,zero_rated,TESCO STORES
POS LNER TICKETS 1977 UK ONLINE,zero_rated,LNER TICKETS
DD WESTMINSTER COUNCIL 6688  STORE,outside_scope,WESTMINSTER COUNCIL
SQ *SAINSBURYS 2404 MANCHESTER PLC,zero_rated,SAINSBURYS
POS ADOBE CREATIVE 9703 LONDON STORE REF-4420,standard_rate,ADOBE CREATIVE
IZ *WESTMINSTER COUNCIL 2966  PLC,outside_scope,WESTMINSTER COUNCIL
CARD DELIVEROO 5195 GLASGOW REF-5073,standard_rate,DELIVEROO
DELIVEROO ONLINE DIRECT,standard_rate,DELIVEROO
POS NATIONAL EXPRESS 6979  ONLINE,zero_rated,NATIONAL EXPRESS
iz *hsbc bank fees 1029  uk ref-3254,exempt,HSBC BANK FEES
DD WATERSTONES 6603  ONLINE REF-4268,zero_rated,WATERSTONES
CARD EON NEXT 305  STORE,reduced_rate,EON NEXT
Card National Express 5512 Manchester Direct Ref-1408,zero_rated,NATIONAL EXPRESS
card amazon eu 7359  store ref-2450,standard_rate,AMAZON EU
IZ *LIDL GB  STORE REF-8513,zero_rated,LIDL GB
CARD ROYAL MAIL  DIRECT REF-6576,exempt,ROYAL MAIL
IZ *AA BREAKDOWN,exempt,AA BREAKDOWN
card hmrc payments,outside_scope,HMRC PAYMENTS
dd post office 4778 online ref-9779,exempt,POST OFFICE
CARD UBER EATS UK LTD,standard_rate,UBER EATS
IZ *HMRC PAYMENTS 9827  DIRECT REF-1346,outside_scope,HMRC PAYMENTS
SQ *WESTMINSTER COUNCIL 7679  STORE,outside_scope,WESTMINSTER COUNCIL
CARD AMAZON EU 7206  ONLINE REF-2071,standard_rate,AMAZON EU
PAYMENT TO MICROSOFT 365 4702 LONDON,standard_rate,MICROSOFT 365
SQ *LIDL GB  DIRECT,zero_rated,LIDL GB
Sq *Uber Eats 814  Store,standard_rate,UBER EATS
SQ *TESCO EXPRESS 5279 GLASGOW,zero_rated,TESCO EXPRESS
PAYMENT TO BARCLAYS BANK 1200,exempt,BARCLAYS BANK
IZ *MICROSOFT 365 6931 LONDON UK REF-1318,standard_rate,MICROSOFT 365
HMRC SHIPLEY 5197  UK,outside_scope,HMRC SHIPLEY
CARD TRAINLINE 4587 LEEDS PLC,zero_rated,TRAINLINE
SQ *ALDI STORES 3997,zero_rated,ALDI STORES
Payment To Hmrc Payments  Store,outside_scope,HMRC PAYMENTS
POS AMAZON EU 4090  UK REF-1981,standard_rate,AMAZON EU
card trainline 6771  direct ref-9592,zero_rated,TRAINLINE
IZ *ADOBE CREATIVE  ONLINE REF-5655,standard_rate,ADOBE CREATIVE
PAYMENT TO TRAINLINE 3402 BRISTOL ONLINE REF-3390,zero_rated,TRAINLINE
pos asda supermarket 3743 leeds store ref-8794,zero_rated,ASDA SUPERMARKET
payment to post office 1207  online ref-4383,exempt,POST OFFICE
Card Asda Supermarket  Uk,zero_rated,ASDA SUPERMARKET
DELIVEROO 7162 ONLINE STORE REF-6834,standard_rate,DELIVEROO
CARD TFL TRAVEL LEEDS REF-7763,zero_rated,TFL TRAVEL
payroll transfer 427  ltd ref-1432,outside_scope,PAYROLL TRANSFER
TESCO STORES 3602  PLC REF-1960,zero_rated,TESCO STORES
dd lidl gb 9542 online online,zero_rated,LIDL GB
CARD QUICKBOOKS BRISTOL LTD,standard_rate,QUICKBOOKS
dd waterstones 3641 birmingham direct,zero_rated,WATERSTONES
PAYMENT TO XERO SOFTWARE  STORE REF-1609,standard_rate,XERO SOFTWARE
DD AMAZON EU 9185 BIRMINGHAM PLC,standard_rate,AMAZON EU
payment to tesco stores 1086 online uk ref-2625,zero_rated,TESCO STORES
DD GOOGLE WORKSPACE 7048 BIRMINGHAM DIRECT REF-1284,standard_rate,GOOGLE WORKSPACE
lner tickets 2967 online ltd,zero_rated,LNER TICKETS
PAYMENT TO SAGE SUBSCRIPTION 8880  DIRECT,standard_rate,SAGE SUBSCRIPTION
SQ *BRITISH GAS 7578 UK PLC,reduced_rate,BRITISH GAS
CARD OCTOPUS ENERGY 6182 BIRMINGHAM DIRECT REF-9859,reduced_rate,OCTOPUS ENERGY
DD BRITISH GAS MANCHESTER ONLINE,reduced_rate,BRITISH GAS
IZ *ADOBE CREATIVE  LTD REF-1059,standard_rate,ADOBE CREATIVE
POS STATIONERY STATION 3401  DIRECT,standard_rate,STATIONERY STATION
SQ *LIDL GB 3454  ONLINE,zero_rated,LIDL GB
IZ *EON NEXT  DIRECT REF-2287,reduced_rate,EON NEXT
DD AMAZON UK  ONLINE,standard_rate,AMAZON UK
iz *linkedin premium  plc ref-8590,standard_rate,LINKEDIN PREMIUM
PAYMENT TO TESCO STORES 1813 ONLINE LTD REF-6403,zero_rated,TESCO STORES
IZ *ADOBE CREATIVE 8330  LTD,standard_rate,ADOBE CREATIVE
IZ *WATERSTONES MANCHESTER DIRECT,zero_rated,WATERSTONES
Card Boots Uk 650 Birmingham,standard_rate,BOOTS UK
DD POST OFFICE 3256  DIRECT,exempt,POST OFFICE
octopus energy uk online,reduced_rate,OCTOPUS ENERGY
EON NEXT  DIRECT,reduced_rate,EON NEXT
IZ *QUICKBOOKS 4268  STORE REF-9318,standard_rate,QUICKBOOKS
STATIONERY STATION 4875  STORE,standard_rate,STATIONERY STATION
Octopus Energy 4400 Glasgow Direct,reduced_rate,OCTOPUS ENERGY
SQ *DELIVEROO 5764  ONLINE REF-5234,standard_rate,DELIVEROO
SQ *BARCLAYS BANK 5809 BIRMINGHAM LTD REF-5051,exempt,BARCLAYS BANK
IZ *OCTOPUS ENERGY 9774 ONLINE ONLINE REF-4222,reduced_rate,OCTOPUS ENERGY
PAYMENT TO BOOTS UK,standard_rate,BOOTS UK
Dd National Express 1611  Plc Ref-9785,zero_rated,NATIONAL EXPRESS
SQ *UBER EATS 4802  ONLINE REF-9681,standard_rate,UBER EATS
DD GOOGLE WORKSPACE 6498,standard_rate,GOOGLE WORKSPACE
Payment To Amazon Eu  Ltd,standard_rate,AMAZON EU
CARD AMAZON EU 4934  STORE,standard_rate,AMAZON EU
DD EDF ENERGY 2555  PLC,reduced_rate,EDF ENERGY
payment to adobe creative 1484 london ref-5397,standard_rate,ADOBE CREATIVE
PAYMENT TO LIDL GB 4741 UK LTD,zero_rated,LIDL GB
iz *linkedin premium 1154 manchester direct ref-5769,standard_rate,LINKEDIN PREMIUM
Iz *Google Workspace 2484 Glasgow Direct,standard_rate,GOOGLE WORKSPACE
DD DELIVEROO 3412 BIRMINGHAM PLC,standard_rate,DELIVEROO
SQ *STATIONERY STATION 7783 LONDON UK,standard_rate,STATIONERY STATION
POS MICROSOFT 365 LEEDS PLC,standard_rate,MICROSOFT 365
card quickbooks  direct,standard_rate,QUICKBOOKS
PAYMENT TO PAYROLL TRANSFER 5348 UK PLC,outside_scope,PAYROLL TRANSFER
POS UBER EATS 5396  ONLINE,standard_rate,UBER EATS
POS BRITISH GAS 8215  LTD,reduced_rate,BRITISH GAS
DD WATERSTONES 1114 ONLINE ONLINE REF-2875,zero_rated,WATERSTONES
SQ *ROYAL MAIL 9455 UK UK,exempt,ROYAL MAIL
POS NATIONAL EXPRESS 7882 LEEDS UK,zero_rated,NATIONAL EXPRESS
UBER EATS 8984  PLC,standard_rate,UBER EATS
SQ *HMRC PAYMENTS 5422 LONDON UK REF-8388,outside_scope,HMRC PAYMENTS
PAYMENT TO EON NEXT 7420 LEEDS LTD,reduced_rate,EON NEXT
POS XERO SOFTWARE  STORE REF-8242,standard_rate,XERO SOFTWARE
linkedin premium 477  ltd ref-3415,standard_rate,LINKEDIN PREMIUM
sq *aviva insurance 7925  ltd ref-4013,exempt,AVIVA INSURANCE
IZ *INTRA ACCOUNT TRANSFER 9034 LONDON ONLINE REF-4311,outside_scope,INTRA ACCOUNT TRANSFER
card hmrc payments 9551 london ltd,outside_scope,HMRC PAYMENTS
sq *edf energy 7554  uk,reduced_rate,EDF ENERGY
POS POST OFFICE LONDON REF-3935,exempt,POST OFFICE
POS AMAZON KINDLE GLASGOW ONLINE,zero_rated,AMAZON KINDLE
SQ *UBER EATS 8786  LTD,standard_rate,UBER EATS
POS POST OFFICE 9885  DIRECT,exempt,POST OFFICE
DD INTRA ACCOUNT TRANSFER LEEDS STORE,outside_scope,INTRA ACCOUNT TRANSFER
IZ *DIRECTOR DRAWINGS 3828,outside_scope,DIRECTOR DRAWINGS
IZ *LNER TICKETS  DIRECT,zero_rated,LNER TICKETS
sq *hmrc payments  store ref-7792,outside_scope,HMRC PAYMENTS
PAYMENT TO STATIONERY STATION 3819 LEEDS PLC,standard_rate,STATIONERY STATION
IZ *ASDA SUPERMARKET 5642 LEEDS,zero_rated,ASDA SUPERMARKET
IZ *LIDL GB LONDON LTD REF-1235,zero_rated,LIDL GB
SQ *AA BREAKDOWN 6992  STORE,exempt,AA BREAKDOWN
SQ *NATIONAL EXPRESS  DIRECT REF-8151,zero_rated,NATIONAL EXPRESS
IZ *SAINSBURYS 6220 GLASGOW PLC REF-7481,zero_rated,SAINSBURYS
payment to aldi stores 4522 leeds plc ref-8081,zero_rated,ALDI STORES
british gas 7313  ref-8434,reduced_rate,BRITISH GAS
Google Workspace 9815 London Store,standard_rate,GOOGLE WORKSPACE
payment to amazon uk 8956 glasgow direct,standard_rate,AMAZON UK
SQ *HSBC BANK FEES 8569  DIRECT,exempt,HSBC BANK FEES
IZ *LNER TICKETS 2153 BRISTOL PLC REF-4568,zero_rated,LNER TICKETS
Pos Amazon Eu 5634 Bristol Direct Ref-8786,standard_rate,AMAZON EU
SQ *BARCLAYS BANK 2914 MANCHESTER LTD,exempt,BARCLAYS BANK
POS ADOBE CREATIVE 1733 GLASGOW UK REF-8541,standard_rate,ADOBE CREATIVE
DD AMAZON EU 1246 MANCHESTER DIRECT REF-1853,standard_rate,AMAZON EU
PAYMENT TO SAGE SUBSCRIPTION 9152 GLASGOW STORE,standard_rate,SAGE SUBSCRIPTION
POS EDF ENERGY  DIRECT REF-6023,reduced_rate,EDF ENERGY
IZ *AMAZON UK 1155 ONLINE ONLINE REF-7757,standard_rate,AMAZON UK
IZ *STATIONERY STATION  PLC,standard_rate,STATIONERY STATION
Payment To Lner Tickets 8470 Manchester Ltd Ref-5430,zero_rated,LNER TICKETS
DD TESCO STORES 7119 BRISTOL PLC REF-7543,zero_rated,TESCO STORES
IZ *AMAZON EU 3032 UK,standard_rate,AMAZON EU
HMRC PAYMENTS,outside_scope,HMRC PAYMENTS
DD TFL TRAVEL 2776 GLASGOW PLC,zero_rated,TFL TRAVEL
POS ROYAL MAIL 7395 BIRMINGHAM ONLINE,exempt,ROYAL MAIL
ALDI STORES 8956 UK UK REF-9987,zero_rated,ALDI STORES
Card Payroll Transfer Uk Plc Ref-2571,outside_scope,PAYROLL TRANSFER
PAYROLL TRANSFER BIRMINGHAM DIRECT,outside_scope,PAYROLL TRANSFER
IZ *HMRC SHIPLEY 9151 GLASGOW DIRECT REF-7099,outside_scope,HMRC SHIPLEY
POS INTRA ACCOUNT TRANSFER 5338  ONLINE,outside_scope,INTRA ACCOUNT TRANSFER
CARD AMAZON KINDLE 2535 MANCHESTER UK REF-3401,zero_rated,AMAZON KINDLE
Dd Intra Account Transfer Uk Ref-4698,outside_scope,INTRA ACCOUNT TRANSFER
DD UBER EATS LEEDS DIRECT,standard_rate,UBER EATS
POS AVIVA INSURANCE LEEDS STORE,exempt,AVIVA INSURANCE
SQ *EDF ENERGY 9080 ONLINE DIRECT REF-4395,reduced_rate,EDF ENERGY
card trainline  ref-9934,zero_rated,TRAINLINE
PAYMENT TO QUICKBOOKS MANCHESTER REF-4568,standard_rate,QUICKBOOKS
Sq *Linkedin Premium 4743 Leeds Uk,standard_rate,LINKEDIN PREMIUM
IZ *ALDI STORES  LTD,zero_rated,ALDI STORES
Sq *Sainsburys 5983 London Plc,zero_rated,SAINSBURYS
HMRC SHIPLEY  LTD,outside_scope,HMRC SHIPLEY
SQ *BOOTS UK 1133  UK REF-6136,standard_rate,BOOTS UK
CARD XERO SOFTWARE 179  LTD,standard_rate,XERO SOFTWARE
DD GOOGLE WORKSPACE 9332  LTD,standard_rate,GOOGLE WORKSPACE
Payment To Hmrc Payments Leeds Store,outside_scope,HMRC PAYMENTS
POS AVIVA INSURANCE MANCHESTER PLC,exempt,AVIVA INSURANCE
CARD NATIONAL EXPRESS 6376  UK,zero_rated,NATIONAL EXPRESS
DD LIDL GB 8290 LONDON PLC REF-2442,zero_rated,LIDL GB
IZ *AMAZON EU 8823  PLC,standard_rate,AMAZON EU
SQ *TRAINLINE 7787  LTD REF-7651,zero_rated,TRAINLINE
Hmrc Shipley 8676 Manchester Store,outside_scope,HMRC SHIPLEY
Google Workspace 2850,standard_rate,GOOGLE WORKSPACE
LNER TICKETS UK STORE,zero_rated,LNER TICKETS
CARD MICROSOFT 365 1126 GLASGOW UK REF-2722,standard_rate,MICROSOFT 365
DD LIDL GB 7698 LONDON ONLINE REF-7641,zero_rated,LIDL GB
Dd British Gas Online Ltd Ref-6114,reduced_rate,BRITISH GAS
DD POST OFFICE 832 UK DIRECT,exempt,POST OFFICE
IZ *POST OFFICE 9509 ONLINE STORE,exempt,POST OFFICE
PAYMENT TO TFL TRAVEL BIRMINGHAM UK,zero_rated,TFL TRAVEL
CARD DELIVEROO 6989  PLC REF-5214,standard_rate,DELIVEROO
NATIONAL EXPRESS 2422  LTD REF-9186,zero_rated,NATIONAL EXPRESS
Card Linkedin Premium 9169 Leeds Ltd,standard_rate,LINKEDIN PREMIUM
DD ALDI STORES 907  UK,zero_rated,ALDI STORES
PAYMENT TO ROYAL MAIL LONDON ONLINE REF-8007,exempt,ROYAL MAIL
DD ROYAL MAIL LEEDS DIRECT REF-8123,exempt,ROYAL MAIL
POS TESCO EXPRESS 1481 GLASGOW,zero_rated,TESCO EXPRESS
Pos Tesco Express  Online,zero_rated,TESCO EXPRESS
PAYMENT TO XERO SOFTWARE 8421  DIRECT REF-5763,standard_rate,XERO SOFTWARE
Iz *Octopus Energy 9499 Birmingham Plc,reduced_rate,OCTOPUS ENERGY
IZ *POST OFFICE GLASGOW UK,exempt,POST OFFICE
PAYMENT TO BOOTS UK 5950 UK UK,standard_rate,BOOTS UK
POS LINKEDIN PREMIUM,standard_rate,LINKEDIN PREMIUM
payment to microsoft 365 5021 manchester plc,standard_rate,MICROSOFT 365
POS POST OFFICE 5463  ONLINE,exempt,POST OFFICE
iz *tfl travel bristol,zero_rated,TFL TRAVEL
IZ *SAGE SUBSCRIPTION 9218 GLASGOW ONLINE REF-8608,standard_rate,SAGE SUBSCRIPTION
trainline,zero_rated,TRAINLINE
dd westminster council 297 manchester store,outside_scope,WESTMINSTER COUNCIL
pos barclays bank 8221  ltd,exempt,BARCLAYS BANK
DD TESCO EXPRESS 6008 MANCHESTER STORE,zero_rated,TESCO EXPRESS
pos british gas 2609  uk ref-3898,reduced_rate,BRITISH GAS
EON NEXT  PLC,reduced_rate,EON NEXT
PAYROLL TRANSFER LONDON DIRECT REF-8604,outside_scope,PAYROLL TRANSFER
IZ *STATIONERY STATION 3453 LONDON STORE REF-6748,standard_rate,STATIONERY STATION
card tesco stores 6724 online direct ref-8657,zero_rated,TESCO STORES
Sq *Tfl Travel 8157  Ltd,zero_rated,TFL TRAVEL
CARD ADOBE CREATIVE 1900  UK REF-1517,standard_rate,ADOBE CREATIVE
Dd Stationery Station 4343  Uk Ref-6336,standard_rate,STATIONERY STATION
payment to xero software  online ref-4246,standard_rate,XERO SOFTWARE
HMRC SHIPLEY LEEDS ONLINE REF-6347,outside_scope,HMRC SHIPLEY
IZ *WESTMINSTER COUNCIL  UK REF-8319,outside_scope,WESTMINSTER COUNCIL
SQ *QUICKBOOKS 5554 GLASGOW UK,standard_rate,QUICKBOOKS
CARD UBER EATS 6445 UK DIRECT REF-2663,standard_rate,UBER EATS
payment to sage subscription 2624 glasgow plc,standard_rate,SAGE SUBSCRIPTION
SQ *AMAZON KINDLE 1568 ONLINE PLC REF-7260,zero_rated,AMAZON KINDLE
Payment To Hmrc Shipley  Store,outside_scope,HMRC SHIPLEY
DD HSBC BANK FEES 1553 UK ONLINE,exempt,HSBC BANK FEES
BRITISH GAS 4204 UK DIRECT REF-8133,reduced_rate,BRITISH GAS
SQ *STATIONERY STATION 5180 BIRMINGHAM STORE REF-8671,standard_rate,STATIONERY STATION
card waterstones 6894 bristol uk ref-1068,zero_rated,WATERSTONES
POS QUICKBOOKS MANCHESTER REF-6040,standard_rate,QUICKBOOKS
sq *tesco stores 8041 uk plc,zero_rated,TESCO STORES
CARD BOOTS UK 4294 LEEDS STORE REF-6240,standard_rate,BOOTS UK
PAYMENT TO TRAINLINE 2949 LONDON REF-6070,zero_rated,TRAINLINE
Dd Waterstones 9394  Direct Ref-5762,zero_rated,WATERSTONES
SQ *UBER EATS 4247 BIRMINGHAM PLC,standard_rate,UBER EATS
CARD GOOGLE WORKSPACE  DIRECT,standard_rate,GOOGLE WORKSPACE
PAYMENT TO QUICKBOOKS 1354 LONDON DIRECT,standard_rate,QUICKBOOKS
SQ *BARCLAYS BANK 3372 MANCHESTER ONLINE REF-1759,exempt,BARCLAYS BANK
card sage subscription 7636 leeds,standard_rate,SAGE SUBSCRIPTION
SQ *BARCLAYS BANK 8920  LTD REF-4776,exempt,BARCLAYS BANK
dd director drawings leeds online,outside_scope,DIRECTOR DRAWINGS
CARD EON NEXT 2226 LONDON LTD,reduced_rate,EON NEXT
pos octopus energy 7350,reduced_rate,OCTOPUS ENERGY
HMRC SHIPLEY 7292  STORE,outside_scope,HMRC SHIPLEY
POS TFL TRAVEL 5819  STORE,zero_rated,TFL TRAVEL
EDF ENERGY 6723  PLC,reduced_rate,EDF ENERGY
PAYMENT TO QUICKBOOKS 464 MANCHESTER LTD REF-8098,standard_rate,QUICKBOOKS
SQ *TESCO EXPRESS 6676 LEEDS UK,zero_rated,TESCO EXPRESS
IZ *BRITISH GAS 3725,reduced_rate,BRITISH GAS
POS SAINSBURYS 5720 BIRMINGHAM LTD,zero_rated,SAINSBURYS
CARD POST OFFICE  DIRECT REF-9438,exempt,POST OFFICE
pos sage subscription  ltd ref-8073,standard_rate,SAGE SUBSCRIPTION
CARD ASDA SUPERMARKET LONDON PLC REF-2584,zero_rated,ASDA SUPERMARKET
STATIONERY STATION 6060 MANCHESTER ONLINE,standard_rate,STATIONERY STATION
SQ *ASDA SUPERMARKET 6268 BRISTOL REF-8520,zero_rated,ASDA SUPERMARKET
IZ *AMAZON EU 4919 LEEDS PLC REF-6368,standard_rate,AMAZON EU
POS LIDL GB  ONLINE,zero_rated,LIDL GB
IZ *MICROSOFT 365 9493 LONDON REF-4371,standard_rate,MICROSOFT 365
IZ *SAGE SUBSCRIPTION 6308  DIRECT,standard_rate,SAGE SUBSCRIPTION
CARD HMRC PAYMENTS LEEDS LTD,outside_scope,HMRC PAYMENTS
PAYMENT TO TESCO STORES 987 UK UK REF-2612,zero_rated,TESCO STORES
SQ *XERO SOFTWARE 4866  LTD,standard_rate,XERO SOFTWARE
sq *sage subscription 9794  online,standard_rate,SAGE SUBSCRIPTION
CARD SAGE SUBSCRIPTION GLASGOW LTD REF-2769,standard_rate,SAGE SUBSCRIPTION
POS EDF ENERGY BRISTOL,reduced_rate,EDF ENERGY
DD AMAZON KINDLE 2237  STORE REF-2971,zero_rated,AMAZON KINDLE
CARD AMAZON KINDLE LEEDS ONLINE,zero_rated,AMAZON KINDLE
DD TESCO EXPRESS 5336 MANCHESTER ONLINE REF-2063,zero_rated,TESCO EXPRESS
DD ROYAL MAIL 4464 MANCHESTER LTD,exempt,ROYAL MAIL
iz *royal mail 8888  uk ref-2750,exempt,ROYAL MAIL
CARD DIRECTOR DRAWINGS  ONLINE,outside_scope,DIRECTOR DRAWINGS
DD HMRC PAYMENTS 4939 UK,outside_scope,HMRC PAYMENTS
IZ *WESTMINSTER COUNCIL 8682  PLC REF-9818,outside_scope,WESTMINSTER COUNCIL
Iz *Director Drawings 2318 Birmingham Store Ref-2734,outside_scope,DIRECTOR DRAWINGS
pos trainline 2342  online,zero_rated,TRAINLINE
PAYMENT TO LNER TICKETS 8821 ONLINE UK,zero_rated,LNER TICKETS
STATIONERY STATION 2816 GLASGOW STORE,standard_rate,STATIONERY STATION
SQ *INTRA ACCOUNT TRANSFER UK UK,outside_scope,INTRA ACCOUNT TRANSFER
POS ALDI STORES 3404 UK REF-9489,zero_rated,ALDI STORES
iz *trainline 9969 leeds plc ref-4997,zero_rated,TRAINLINE
SQ *PAYROLL TRANSFER BIRMINGHAM LTD,outside_scope,PAYROLL TRANSFER
IZ *DIRECTOR DRAWINGS 9676,outside_scope,DIRECTOR DRAWINGS
DD POST OFFICE 8663  UK REF-3564,exempt,POST OFFICE
CARD HSBC BANK FEES 5084  STORE,exempt,HSBC BANK FEES
Dd Intra Account Transfer  Ltd,outside_scope,INTRA ACCOUNT TRANSFER
SQ *STATIONERY STATION ONLINE ONLINE REF-4316,standard_rate,STATIONERY STATION
IZ *UBER EATS LONDON PLC,standard_rate,UBER EATS
DD TESCO EXPRESS 6897 GLASGOW,zero_rated,TESCO EXPRESS
IZ *SAINSBURYS 5328 BIRMINGHAM PLC,zero_rated,SAINSBURYS
IZ *GOOGLE WORKSPACE 8566 BRISTOL STORE,standard_rate,GOOGLE WORKSPACE
LIDL GB BIRMINGHAM REF-9570,zero_rated,LIDL GB
HMRC PAYMENTS  ONLINE,outside_scope,HMRC PAYMENTS
iz *british gas 9362 london uk,reduced_rate,BRITISH GAS
PAYMENT TO SAINSBURYS 2393  REF-7291,zero_rated,SAINSBURYS
NATIONAL EXPRESS 8388 UK STORE REF-8182,zero_rated,NATIONAL EXPRESS
PAYMENT TO PAYROLL TRANSFER ONLINE ONLINE,outside_scope,PAYROLL TRANSFER
Adobe Creative 5174  Online,standard_rate,ADOBE CREATIVE
QUICKBOOKS 8732  PLC,standard_rate,QUICKBOOKS
Pos Royal Mail 3524 Online Plc,exempt,ROYAL MAIL
DD OCTOPUS ENERGY 2915 GLASGOW LTD REF-7279,reduced_rate,OCTOPUS ENERGY
POS DIRECTOR DRAWINGS 5566 LONDON LTD REF-9809,outside_scope,DIRECTOR DRAWINGS
IZ *WESTMINSTER COUNCIL 4647 ONLINE LTD,outside_scope,WESTMINSTER COUNCIL
SQ *AA BREAKDOWN  STORE,exempt,AA BREAKDOWN
DD SAGE SUBSCRIPTION BIRMINGHAM PLC REF-5552,standard_rate,SAGE SUBSCRIPTION
PAYMENT TO HMRC SHIPLEY 7850 BRISTOL,outside_scope,HMRC SHIPLEY
POS SAGE SUBSCRIPTION 4596  LTD,standard_rate,SAGE SUBSCRIPTION
SQ *DIRECTOR DRAWINGS 2145 MANCHESTER DIRECT,outside_scope,DIRECTOR DRAWINGS
IZ *QUICKBOOKS 7122 LONDON UK REF-6011,standard_rate,QUICKBOOKS
DD ALDI STORES  STORE REF-3931,zero_rated,ALDI STORES
sq *tfl travel 4550 glasgow,zero_rated,TFL TRAVEL
sq *royal mail 9571 manchester uk,exempt,ROYAL MAIL
EON NEXT 8275  DIRECT,reduced_rate,EON NEXT
TESCO STORES  ONLINE,zero_rated,TESCO STORES
DD EDF ENERGY 9419,reduced_rate,EDF ENERGY
DD LINKEDIN PREMIUM LONDON LTD,standard_rate,LINKEDIN PREMIUM
Payment To Microsoft 365 5537 London Online,standard_rate,MICROSOFT 365
PAYMENT TO LINKEDIN PREMIUM 7958  UK REF-5599,standard_rate,LINKEDIN PREMIUM
Dd Edf Energy 5354 Leeds Ltd,reduced_rate,EDF ENERGY
Sq *Lidl Gb 1411 Manchester Direct,zero_rated,LIDL GB
SQ *XERO SOFTWARE 9472  LTD,standard_rate,XERO SOFTWARE
PAYMENT TO DIRECTOR DRAWINGS 7490 MANCHESTER ONLINE REF-6909,outside_scope,DIRECTOR DRAWINGS
Iz *Aviva Insurance London,exempt,AVIVA INSURANCE
HSBC BANK FEES 5879 UK DIRECT,exempt,HSBC BANK FEES
POS DIRECTOR DRAWINGS 6746 LEEDS,outside_scope,DIRECTOR DRAWINGS
PAYMENT TO SAGE SUBSCRIPTION 1609,standard_rate,SAGE SUBSCRIPTION
PAYMENT TO WATERSTONES UK LTD,zero_rated,WATERSTONES
Iz *Stationery Station  Ltd,standard_rate,STATIONERY STATION
CARD HMRC SHIPLEY 3874 BRISTOL LTD,outside_scope,HMRC SHIPLEY
ROYAL MAIL 1152  REF-2371,exempt,ROYAL MAIL
PAYMENT TO GOOGLE WORKSPACE 9566 BIRMINGHAM ONLINE REF-4723,standard_rate,GOOGLE WORKSPACE
edf energy 425 birmingham uk ref-6633,reduced_rate,EDF ENERGY
dd aldi stores 300  plc,zero_rated,ALDI STORES
Linkedin Premium 1892  Uk,standard_rate,LINKEDIN PREMIUM
Sq *Intra Account Transfer 2684 Manchester Store,outside_scope,INTRA ACCOUNT TRANSFER
iz *payroll transfer 8159  online ref-9533,outside_scope,PAYROLL TRANSFER
card uber eats 8605 online,standard_rate,UBER EATS
DD OCTOPUS ENERGY 4561 GLASGOW PLC,reduced_rate,OCTOPUS ENERGY
POS HSBC BANK FEES BIRMINGHAM REF-8085,exempt,HSBC BANK FEES
IZ *BRITISH GAS ONLINE DIRECT,reduced_rate,BRITISH GAS
IZ *ASDA SUPERMARKET 4883  PLC,zero_rated,ASDA SUPERMARKET
SQ *PAYROLL TRANSFER 6213 LEEDS UK,outside_scope,PAYROLL TRANSFER
CARD HMRC PAYMENTS 5325 BRISTOL DIRECT,outside_scope,HMRC PAYMENTS
CARD HSBC BANK FEES 7899 UK PLC,exempt,HSBC BANK FEES
Iz *Waterstones 4043  Ltd,zero_rated,WATERSTONES
DD DELIVEROO 3511 ONLINE DIRECT,standard_rate,DELIVEROO
PAYMENT TO NATIONAL EXPRESS 9501  ONLINE,zero_rated,NATIONAL EXPRESS
Dd Boots Uk 9413  Direct Ref-8335,standard_rate,BOOTS UK
Sq *Linkedin Premium 5685 Online Plc Ref-7578,standard_rate,LINKEDIN PREMIUM
DD HSBC BANK FEES UK PLC REF-5753,exempt,HSBC BANK FEES
PAYMENT TO LIDL GB 6490 LEEDS UK,zero_rated,LIDL GB
LIDL GB 1258 LONDON UK,zero_rated,LIDL GB
SQ *BARCLAYS BANK 1039  ONLINE REF-6464,exempt,BARCLAYS BANK
POS LNER TICKETS  LTD,zero_rated,LNER TICKETS
PAYMENT TO PAYROLL TRANSFER 3994 BIRMINGHAM ONLINE,outside_scope,PAYROLL TRANSFER
POS GOOGLE WORKSPACE 2648 LEEDS ONLINE,standard_rate,GOOGLE WORKSPACE
PAYROLL TRANSFER 1202 LONDON,outside_scope,PAYROLL TRANSFER
POS WATERSTONES 4150 MANCHESTER PLC,zero_rated,WATERSTONES
Payment To Hsbc Bank Fees Glasgow,exempt,HSBC BANK FEES
TESCO EXPRESS  STORE,zero_rated,TESCO EXPRESS
Eon Next  Online Ref-7250,reduced_rate,EON NEXT
IZ *AMAZON KINDLE 1716,zero_rated,AMAZON KINDLE
IZ *AMAZON EU,standard_rate,AMAZON EU
CARD ASDA SUPERMARKET 6301 BIRMINGHAM STORE,zero_rated,ASDA SUPERMARKET
card deliveroo manchester direct,standard_rate,DELIVEROO
BRITISH GAS 5431,reduced_rate,BRITISH GAS
CARD TESCO STORES LONDON STORE,zero_rated,TESCO STORES
POS LINKEDIN PREMIUM 3178 MANCHESTER PLC,standard_rate,LINKEDIN PREMIUM
payment to eon next 9556,reduced_rate,EON NEXT
BARCLAYS BANK 6977  DIRECT,exempt,BARCLAYS BANK
Hmrc Shipley 7373 Glasgow Ref-3571,outside_scope,HMRC SHIPLEY
Card Director Drawings London Direct,outside_scope,DIRECTOR DRAWINGS
IZ *OCTOPUS ENERGY BIRMINGHAM STORE,reduced_rate,OCTOPUS ENERGY
Payment To Post Office 2773 Online Ltd Ref-2663,exempt,POST OFFICE
Pos Adobe Creative 5770  Online,standard_rate,ADOBE CREATIVE
iz *barclays bank online online ref-2103,exempt,BARCLAYS BANK
BOOTS UK 9330  PLC REF-7913,standard_rate,BOOTS UK
WESTMINSTER COUNCIL ONLINE,outside_scope,WESTMINSTER COUNCIL
Card Amazon Kindle Online Online,zero_rated,AMAZON KINDLE
intra account transfer  uk,outside_scope,INTRA ACCOUNT TRANSFER
DD DIRECTOR DRAWINGS ONLINE ONLINE REF-5335,outside_scope,DIRECTOR DRAWINGS
CARD AMAZON EU 3585 GLASGOW,standard_rate,AMAZON EU
SQ *ALDI STORES GLASGOW DIRECT,zero_rated,ALDI STORES
sq *uber eats 730  store ref-7609,standard_rate,UBER EATS
HMRC PAYMENTS 3593 LONDON,outside_scope,HMRC PAYMENTS
POS BRITISH GAS 8066  LTD,reduced_rate,BRITISH GAS
IZ *POST OFFICE 5128  LTD REF-9684,exempt,POST OFFICE
PAYMENT TO ALDI STORES 5376 BRISTOL,zero_rated,ALDI STORES
POS GOOGLE WORKSPACE 1920  ONLINE REF-1907,standard_rate,GOOGLE WORKSPACE
Sq *Sage Subscription  Store,standard_rate,SAGE SUBSCRIPTION
Payment To Aa Breakdown Birmingham Ltd,exempt,AA BREAKDOWN
PAYMENT TO BOOTS UK 570 BIRMINGHAM ONLINE,standard_rate,BOOTS UK
SQ *INTRA ACCOUNT TRANSFER UK STORE REF-3997,outside_scope,INTRA ACCOUNT TRANSFER
CARD LIDL GB 5032,zero_rated,LIDL GB
pos amazon kindle 9179 manchester plc ref-1175,zero_rated,AMAZON KINDLE
Pos Barclays Bank  Store,exempt,BARCLAYS BANK
CARD TESCO STORES BIRMINGHAM LTD REF-5786,zero_rated,TESCO STORES
Iz *National Express 7013 Glasgow Uk Ref-6199,zero_rated,NATIONAL EXPRESS
DD WESTMINSTER COUNCIL  REF-3381,outside_scope,WESTMINSTER COUNCIL
IZ *NATIONAL EXPRESS 2387 ONLINE ONLINE,zero_rated,NATIONAL EXPRESS
CARD LIDL GB  UK REF-8424,zero_rated,LIDL GB
IZ *BRITISH GAS BIRMINGHAM ONLINE REF-8763,reduced_rate,BRITISH GAS
CARD LNER TICKETS 2407  ONLINE REF-9550,zero_rated,LNER TICKETS
CARD WESTMINSTER COUNCIL 1159 BIRMINGHAM LTD,outside_scope,WESTMINSTER COUNCIL
ROYAL MAIL 3563  STORE REF-7746,exempt,ROYAL MAIL
DD BOOTS UK 3006  REF-4843,standard_rate,BOOTS UK
PAYMENT TO HMRC SHIPLEY MANCHESTER LTD,outside_scope,HMRC SHIPLEY
IZ *TRAINLINE 3587  DIRECT,zero_rated,TRAINLINE
SQ *EON NEXT 8948 LONDON STORE,reduced_rate,EON NEXT
PAYROLL TRANSFER 782 ONLINE,outside_scope,PAYROLL TRANSFER
IZ *SAINSBURYS 4693 LONDON STORE REF-1539,zero_rated,SAINSBURYS
CARD DIRECTOR DRAWINGS UK STORE REF-2924,outside_scope,DIRECTOR DRAWINGS
Sq *Westminster Council Leeds,outside_scope,WESTMINSTER COUNCIL
DELIVEROO LONDON PLC REF-6765,standard_rate,DELIVEROO
IZ *SAINSBURYS 2878 LEEDS STORE REF-3777,zero_rated,SAINSBURYS
Sq *Hmrc Payments 2995 Leeds Plc,outside_scope,HMRC PAYMENTS
PAYMENT TO SAINSBURYS ONLINE STORE,zero_rated,SAINSBURYS
LIDL GB,zero_rated,LIDL GB
IZ *TFL TRAVEL LONDON UK,zero_rated,TFL TRAVEL
payment to westminster council 9540  ltd ref-8809,outside_scope,WESTMINSTER COUNCIL
POS UBER EATS BRISTOL PLC REF-8477,standard_rate,UBER EATS
sq *payroll transfer 8609  direct,outside_scope,PAYROLL TRANSFER
SQ *AVIVA INSURANCE GLASGOW REF-6175,exempt,AVIVA INSURANCE
PAYMENT TO ALDI STORES 2559 GLASGOW LTD,zero_rated,ALDI STORES
Linkedin Premium  Online,standard_rate,LINKEDIN PREMIUM
pos tesco express 3748 online plc ref-1372,zero_rated,TESCO EXPRESS
PAYMENT TO TESCO EXPRESS  ONLINE,zero_rated,TESCO EXPRESS
Payment To Deliveroo 6693 Manchester Direct Ref-7167,standard_rate,DELIVEROO
HMRC PAYMENTS 1617 MANCHESTER UK REF-1897,outside_scope,HMRC PAYMENTS
Pos Deliveroo Leeds Online Ref-5894,standard_rate,DELIVEROO
IZ *ASDA SUPERMARKET 6402 GLASGOW STORE,zero_rated,ASDA SUPERMARKET
SQ *HSBC BANK FEES  LTD REF-5184,exempt,HSBC BANK FEES
card aa breakdown uk ltd ref-3987,exempt,AA BREAKDOWN
TRAINLINE 715  ONLINE,zero_rated,TRAINLINE
PAYMENT TO SAGE SUBSCRIPTION,standard_rate,SAGE SUBSCRIPTION
PAYMENT TO ALDI STORES LONDON PLC REF-2539,zero_rated,ALDI STORES
CARD AMAZON KINDLE 3099 ONLINE ONLINE,zero_rated,AMAZON KINDLE
LINKEDIN PREMIUM 5975  PLC REF-8816,standard_rate,LINKEDIN PREMIUM
DD PAYROLL TRANSFER 1455,outside_scope,PAYROLL TRANSFER
SAGE SUBSCRIPTION 3707,standard_rate,SAGE SUBSCRIPTION
POS UBER EATS 5874  ONLINE REF-2930,standard_rate,UBER EATS
CARD LIDL GB 311 GLASGOW LTD,zero_rated,LIDL GB
pos sainsburys  ltd,zero_rated,SAINSBURYS
SQ *MICROSOFT 365 4200 MANCHESTER UK,standard_rate,MICROSOFT 365
CARD ROYAL MAIL 4593 LONDON PLC REF-7913,exempt,ROYAL MAIL
IZ *AVIVA INSURANCE 9879 MANCHESTER ONLINE,exempt,AVIVA INSURANCE
PAYMENT TO WATERSTONES 441 UK PLC,zero_rated,WATERSTONES
CARD AVIVA INSURANCE ONLINE,exempt,AVIVA INSURANCE
IZ *AMAZON KINDLE 2708  DIRECT REF-9977,zero_rated,AMAZON KINDLE
iz *google workspace 8929 uk uk ref-6105,standard_rate,GOOGLE WORKSPACE
PAYMENT TO OCTOPUS ENERGY 8276 GLASGOW,reduced_rate,OCTOPUS ENERGY
IZ *GOOGLE WORKSPACE BRISTOL UK REF-1708,standard_rate,GOOGLE WORKSPACE
Payment To Eon Next  Ref-3480,reduced_rate,EON NEXT
SQ *EDF ENERGY 2718 ONLINE ONLINE,reduced_rate,EDF ENERGY
card xero software 3389 leeds direct ref-2464,standard_rate,XERO SOFTWARE
BARCLAYS BANK 3247  REF-9871,exempt,BARCLAYS BANK
POS POST OFFICE 8129 GLASGOW,exempt,POST OFFICE
CARD NATIONAL EXPRESS 2938 LONDON DIRECT,zero_rated,NATIONAL EXPRESS
PAYMENT TO TFL TRAVEL ONLINE UK,zero_rated,TFL TRAVEL
POS TRAINLINE 8747  PLC REF-4179,zero_rated,TRAINLINE
IZ *TFL TRAVEL 7858  DIRECT REF-7326,zero_rated,TFL TRAVEL
SQ *OCTOPUS ENERGY  UK REF-7934,reduced_rate,OCTOPUS ENERGY
AVIVA INSURANCE BIRMINGHAM REF-7667,exempt,AVIVA INSURANCE
SQ *ADOBE CREATIVE ONLINE LTD,standard_rate,ADOBE CREATIVE
dd intra account transfer leeds store ref-8743,outside_scope,INTRA ACCOUNT TRANSFER
HSBC BANK FEES UK STORE,exempt,HSBC BANK FEES
iz *eon next 7858 uk ltd ref-9765,reduced_rate,EON NEXT
CARD LNER TICKETS 5448 MANCHESTER DIRECT REF-7463,zero_rated,LNER TICKETS
POS EDF ENERGY 9388  STORE,reduced_rate,EDF ENERGY
iz *waterstones 4759 london,zero_rated,WATERSTONES
POS HMRC PAYMENTS 3995  REF-7636,outside_scope,HMRC PAYMENTS
dd hsbc bank fees online plc,exempt,HSBC BANK FEES
Card Linkedin Premium 4983  Store,standard_rate,LINKEDIN PREMIUM
IZ *HMRC PAYMENTS 3868  ONLINE REF-4631,outside_scope,HMRC PAYMENTS
Payment To Octopus Energy Manchester,reduced_rate,OCTOPUS ENERGY
Iz *Tesco Express 6521 Bristol Plc,zero_rated,TESCO EXPRESS
pos boots uk leeds plc,standard_rate,BOOTS UK
DD AMAZON EU 4596  ONLINE,standard_rate,AMAZON EU
POS HSBC BANK FEES 6287  DIRECT REF-9063,exempt,HSBC BANK FEES
PAYMENT TO BARCLAYS BANK 7207 GLASGOW DIRECT,exempt,BARCLAYS BANK
SQ *ROYAL MAIL 3467 MANCHESTER STORE,exempt,ROYAL MAIL
CARD QUICKBOOKS 1736 MANCHESTER UK REF-6079,standard_rate,QUICKBOOKS
Sainsburys 3570  Uk Ref-2922,zero_rated,SAINSBURYS
IZ *HMRC PAYMENTS 2677 UK STORE,outside_scope,HMRC PAYMENTS
DD AMAZON KINDLE 4845  STORE,zero_rated,AMAZON KINDLE
payment to tesco stores online uk ref-7381,zero_rated,TESCO STORES
IZ *LINKEDIN PREMIUM 6588 LONDON STORE REF-1616,standard_rate,LINKEDIN PREMIUM
POS AMAZON KINDLE  DIRECT REF-4094,zero_rated,AMAZON KINDLE
CARD INTRA ACCOUNT TRANSFER 7746 UK LTD REF-1657,outside_scope,INTRA ACCOUNT TRANSFER
CARD BARCLAYS BANK 4757 LEEDS ONLINE REF-2158,exempt,BARCLAYS BANK
CARD BOOTS UK 8407 BRISTOL ONLINE,standard_rate,BOOTS UK
Iz *Stationery Station 3124  Plc,standard_rate,STATIONERY STATION
Dd Amazon Kindle 835  Uk,zero_rated,AMAZON KINDLE
POS LIDL GB LEEDS LTD,zero_rated,LIDL GB
Card Barclays Bank  Uk,exempt,BARCLAYS BANK
SQ *WATERSTONES 7258  PLC,zero_rated,WATERSTONES
DD PAYROLL TRANSFER  PLC,outside_scope,PAYROLL TRANSFER
DD SAGE SUBSCRIPTION MANCHESTER PLC REF-3643,standard_rate,SAGE SUBSCRIPTION
Sq *Tesco Express 5631  Store Ref-1674,zero_rated,TESCO EXPRESS
IZ *TESCO STORES 4538  STORE,zero_rated,TESCO STORES
NATIONAL EXPRESS 7665  LTD,zero_rated,NATIONAL EXPRESS
PAYMENT TO EON NEXT 6677 ONLINE STORE,reduced_rate,EON NEXT
TFL TRAVEL MANCHESTER DIRECT REF-6332,zero_rated,TFL TRAVEL
dd westminster council 6321 manchester store ref-3197,outside_scope,WESTMINSTER COUNCIL
DD UBER EATS 2022 BRISTOL STORE,standard_rate,UBER EATS
iz *uber eats uk ltd ref-1506,standard_rate,UBER EATS
pos quickbooks 4773 bristol ltd ref-4179,standard_rate,QUICKBOOKS
Payment To Amazon Uk Online Plc,standard_rate,AMAZON UK
DD TRAINLINE 4517 UK ONLINE,zero_rated,TRAINLINE
POS DIRECTOR DRAWINGS  LTD,outside_scope,DIRECTOR DRAWINGS
pos national express bristol online,zero_rated,NATIONAL EXPRESS
OCTOPUS ENERGY LEEDS,reduced_rate,OCTOPUS ENERGY
CARD BRITISH GAS 4483 LEEDS,reduced_rate,BRITISH GAS
IZ *AMAZON UK 2099  ONLINE,standard_rate,AMAZON UK
iz *intra account transfer 5705  direct,outside_scope,INTRA ACCOUNT TRANSFER
SQ *MICROSOFT 365 2455  DIRECT,standard_rate,MICROSOFT 365
sq *stationery station 5651 london,standard_rate,STATIONERY STATION
sq *british gas 3295 uk direct ref-5801,reduced_rate,BRITISH GAS
PAYMENT TO EDF ENERGY 4528  DIRECT REF-6499,reduced_rate,EDF ENERGY
POS HMRC SHIPLEY ONLINE DIRECT,outside_scope,HMRC SHIPLEY
SAGE SUBSCRIPTION 9113  REF-6906,standard_rate,SAGE SUBSCRIPTION
iz *sainsburys 4002  uk,zero_rated,SAINSBURYS
CARD WATERSTONES 5488  LTD,zero_rated,WATERSTONES
PAYMENT TO LNER TICKETS 5613 BIRMINGHAM DIRECT REF-1887,zero_rated,LNER TICKETS
PAYMENT TO DELIVEROO ONLINE UK,standard_rate,DELIVEROO
CARD HMRC PAYMENTS 9410 MANCHESTER DIRECT,outside_scope,HMRC PAYMENTS
PAYMENT TO STATIONERY STATION 8209  UK,standard_rate,STATIONERY STATION
iz *xero software online plc,standard_rate,XERO SOFTWARE
Dd Hsbc Bank Fees  Uk,exempt,HSBC BANK FEES
DD EON NEXT 5940 MANCHESTER UK,reduced_rate,EON NEXT
POST OFFICE 5407 MANCHESTER REF-5550,exempt,POST OFFICE
POS AMAZON UK 2506  REF-8310,standard_rate,AMAZON UK
POS POST OFFICE 1725  PLC REF-4524,exempt,POST OFFICE
IZ *UBER EATS 3582 ONLINE UK REF-7810,standard_rate,UBER EATS
payment to linkedin premium 4937  ltd,standard_rate,LINKEDIN PREMIUM
TRAINLINE ONLINE ONLINE,zero_rated,TRAINLINE
CARD AMAZON UK 5691 LONDON UK,standard_rate,AMAZON UK
DD AVIVA INSURANCE UK ONLINE REF-8354,exempt,AVIVA INSURANCE
PAYMENT TO XERO SOFTWARE 3329 GLASGOW UK,standard_rate,XERO SOFTWARE
Card Stationery Station 8771  Uk,standard_rate,STATIONERY STATION
Iz *Aldi Stores 8463 Bristol Online,zero_rated,ALDI STORES
CARD EDF ENERGY  STORE,reduced_rate,EDF ENERGY
DD ASDA SUPERMARKET 7569 BRISTOL LTD REF-9587,zero_rated,ASDA SUPERMARKET
PAYMENT TO AMAZON UK 8879 MANCHESTER PLC,standard_rate,AMAZON UK
DD SAINSBURYS 6538  UK REF-6345,zero_rated,SAINSBURYS
BOOTS UK GLASGOW PLC,standard_rate,BOOTS UK
CARD AVIVA INSURANCE  DIRECT,exempt,AVIVA INSURANCE
IZ *TRAINLINE  PLC,zero_rated,TRAINLINE
pos westminster council leeds direct ref-4646,outside_scope,WESTMINSTER COUNCIL
POS UBER EATS LONDON REF-8490,standard_rate,UBER EATS
SQ *LIDL GB 8679  PLC,zero_rated,LIDL GB
Sq *Hsbc Bank Fees 5314  Direct Ref-1686,exempt,HSBC BANK FEES
PAYMENT TO HSBC BANK FEES 7779 LONDON DIRECT,exempt,HSBC BANK FEES
Iz *Amazon Uk 4761 Leeds Store Ref-3293,standard_rate,AMAZON UK
Payment To Director Drawings 7713 Leeds Uk Ref-3110,outside_scope,DIRECTOR DRAWINGS
IZ *BARCLAYS BANK 8038  UK REF-2330,exempt,BARCLAYS BANK
card hsbc bank fees birmingham ltd ref-3757,exempt,HSBC BANK FEES
IZ *TFL TRAVEL 9398 LEEDS UK,zero_rated,TFL TRAVEL
ASDA SUPERMARKET 9539 ONLINE DIRECT,zero_rated,ASDA SUPERMARKET
PAYMENT TO DIRECTOR DRAWINGS 7614  ONLINE,outside_scope,DIRECTOR DRAWINGS
POS NATIONAL EXPRESS 2256 UK ONLINE REF-1110,zero_rated,NATIONAL EXPRESS
POS TRAINLINE  STORE REF-4915,zero_rated,TRAINLINE
pos amazon eu 2432 leeds,standard_rate,AMAZON EU
DD BRITISH GAS 3047 GLASGOW UK,reduced_rate,BRITISH GAS
payment to hsbc bank fees 5815  ltd ref-9077,exempt,HSBC BANK FEES
DD DIRECTOR DRAWINGS 493 MANCHESTER,outside_scope,DIRECTOR DRAWINGS
POS HSBC BANK FEES 8663 BRISTOL STORE REF-4300,exempt,HSBC BANK FEES
Sage Subscription Leeds Plc,standard_rate,SAGE SUBSCRIPTION
Sq *Aldi Stores  Ltd,zero_rated,ALDI STORES
CARD DIRECTOR DRAWINGS 1844 BIRMINGHAM ONLINE,outside_scope,DIRECTOR DRAWINGS
SQ *EON NEXT 8050 ONLINE UK REF-9605,reduced_rate,EON NEXT
PAYMENT TO PAYROLL TRANSFER BRISTOL PLC,outside_scope,PAYROLL TRANSFER
UBER EATS 9280  STORE REF-9243,standard_rate,UBER EATS
POS LNER TICKETS 4351  STORE,zero_rated,LNER TICKETS
DD NATIONAL EXPRESS 9863  LTD,zero_rated,NATIONAL EXPRESS
Dd Xero Software 4519  Online,standard_rate,XERO SOFTWARE
DD NATIONAL EXPRESS 2793 MANCHESTER,zero_rated,NATIONAL EXPRESS
POS MICROSOFT 365 3147 LONDON PLC,standard_rate,MICROSOFT 365
Dd Aa Breakdown  Direct Ref-6964,exempt,AA BREAKDOWN
DD TESCO STORES LONDON,zero_rated,TESCO STORES
Sq *Linkedin Premium Online Ltd Ref-9698,standard_rate,LINKEDIN PREMIUM
Iz *Westminster Council 8053  Uk,outside_scope,WESTMINSTER COUNCIL
PAYMENT TO BARCLAYS BANK  LTD REF-8277,exempt,BARCLAYS BANK
POS BOOTS UK MANCHESTER ONLINE,standard_rate,BOOTS UK
POS GOOGLE WORKSPACE LEEDS,standard_rate,GOOGLE WORKSPACE
SQ *OCTOPUS ENERGY BRISTOL UK,reduced_rate,OCTOPUS ENERGY
sq *payroll transfer  online ref-1615,outside_scope,PAYROLL TRANSFER
PAYROLL TRANSFER 3769  STORE REF-8711,outside_scope,PAYROLL TRANSFER
POS TFL TRAVEL UK UK REF-5601,zero_rated,TFL TRAVEL
DD TESCO STORES 3073 UK DIRECT REF-8141,zero_rated,TESCO STORES
Pos Amazon Uk 7174  Uk Ref-9121,standard_rate,AMAZON UK
amazon uk leeds store,standard_rate,AMAZON UK
CARD NATIONAL EXPRESS GLASGOW STORE REF-9265,zero_rated,NATIONAL EXPRESS
LIDL GB 1280  STORE,zero_rated,LIDL GB
POS ROYAL MAIL 158 BRISTOL DIRECT,exempt,ROYAL MAIL
card aviva insurance manchester online ref-8795,exempt,AVIVA INSURANCE
DD TESCO STORES UK ONLINE,zero_rated,TESCO STORES
SQ *STATIONERY STATION,standard_rate,STATIONERY STATION
PAYMENT TO PAYROLL TRANSFER  ONLINE REF-9583,outside_scope,PAYROLL TRANSFER
dd xero software 7758 leeds,standard_rate,XERO SOFTWARE
DD WATERSTONES  UK,zero_rated,WATERSTONES
IZ *AMAZON KINDLE 6628 LEEDS UK,zero_rated,AMAZON KINDLE
CARD ALDI STORES 8474 BRISTOL DIRECT,zero_rated,ALDI STORES
POS AVIVA INSURANCE LEEDS PLC,exempt,AVIVA INSURANCE
WATERSTONES 5765 BRISTOL DIRECT,zero_rated,WATERSTONES
IZ *ASDA SUPERMARKET BIRMINGHAM REF-5140,zero_rated,ASDA SUPERMARKET
IZ *ASDA SUPERMARKET LONDON UK,zero_rated,ASDA SUPERMARKET
dd amazon kindle 8644 bristol direct,zero_rated,AMAZON KINDLE
CARD NATIONAL EXPRESS 4712 UK LTD,zero_rated,NATIONAL EXPRESS
Payment To Trainline 2177 Manchester Ltd Ref-4764,zero_rated,TRAINLINE
PAYMENT TO TESCO STORES 3828  UK,zero_rated,TESCO STORES
POS DELIVEROO 2221 UK UK,standard_rate,DELIVEROO
SQ *AVIVA INSURANCE 9891 LEEDS UK REF-2602,exempt,AVIVA INSURANCE
IZ *INTRA ACCOUNT TRANSFER 9731  UK REF-4243,outside_scope,INTRA ACCOUNT TRANSFER
POS LINKEDIN PREMIUM 1002 BRISTOL PLC,standard_rate,LINKEDIN PREMIUM
SQ *BRITISH GAS 4446 LEEDS DIRECT,reduced_rate,BRITISH GAS
SQ *ALDI STORES LEEDS PLC,zero_rated,ALDI STORES
CARD HMRC PAYMENTS 6044 ONLINE REF-1489,outside_scope,HMRC PAYMENTS
Card Xero Software Manchester Ltd,standard_rate,XERO SOFTWARE
WATERSTONES 7294 BRISTOL PLC REF-3018,zero_rated,WATERSTONES
Dd Hsbc Bank Fees Uk Direct Ref-7447,exempt,HSBC BANK FEES
DD TESCO EXPRESS BIRMINGHAM PLC REF-2657,zero_rated,TESCO EXPRESS
DD TFL TRAVEL GLASGOW LTD,zero_rated,TFL TRAVEL
Sq *Octopus Energy 9288,reduced_rate,OCTOPUS ENERGY
PAYMENT TO ADOBE CREATIVE 255 LONDON LTD REF-7864,standard_rate,ADOBE CREATIVE
IZ *LIDL GB 2000,zero_rated,LIDL GB
card british gas 6100  online,reduced_rate,BRITISH GAS
CARD SAGE SUBSCRIPTION 2733 ONLINE PLC REF-7517,standard_rate,SAGE SUBSCRIPTION
SQ *DELIVEROO 1397  UK REF-3636,standard_rate,DELIVEROO
POS ALDI STORES 8971 UK LTD REF-8901,zero_rated,ALDI STORES
POS HMRC SHIPLEY ONLINE PLC REF-6512,outside_scope,HMRC SHIPLEY
DD MICROSOFT 365 4791  REF-8840,standard_rate,MICROSOFT 365
Pos Microsoft 365 4781,standard_rate,MICROSOFT 365
PAYMENT TO MICROSOFT 365 7821  ONLINE REF-1953,standard_rate,MICROSOFT 365
Pos Westminster Council 1787 Manchester Ref-6155,outside_scope,WESTMINSTER COUNCIL
sq *hmrc payments 7543  online ref-8259,outside_scope,HMRC PAYMENTS
SQ *ALDI STORES 1567 UK UK,zero_rated,ALDI STORES
pos aa breakdown glasgow plc,exempt,AA BREAKDOWN
HMRC SHIPLEY 3515 BIRMINGHAM REF-1421,outside_scope,HMRC SHIPLEY
PAYMENT TO INTRA ACCOUNT TRANSFER  UK REF-1757,outside_scope,INTRA ACCOUNT TRANSFER
Pos Amazon Eu Birmingham Ltd,standard_rate,AMAZON EU
CARD MICROSOFT 365 6271 GLASGOW STORE,standard_rate,MICROSOFT 365
CARD GOOGLE WORKSPACE GLASGOW UK,standard_rate,GOOGLE WORKSPACE
SQ *TESCO STORES 3190 UK REF-4912,zero_rated,TESCO STORES
Dd Eon Next 5898,reduced_rate,EON NEXT
PAYMENT TO SAGE SUBSCRIPTION  PLC REF-1992,standard_rate,SAGE SUBSCRIPTION
TFL TRAVEL 3881  LTD REF-8208,zero_rated,TFL TRAVEL
DD PAYROLL TRANSFER 3884 UK UK,outside_scope,PAYROLL TRANSFER
DIRECTOR DRAWINGS 490  PLC,outside_scope,DIRECTOR DRAWINGS
iz *hsbc bank fees 4974  ref-3167,exempt,HSBC BANK FEES
IZ *AMAZON KINDLE LONDON ONLINE,zero_rated,AMAZON KINDLE
SQ *POST OFFICE 9197  LTD REF-5245,exempt,POST OFFICE
EDF ENERGY 1024 GLASGOW UK,reduced_rate,EDF ENERGY
Payment To Aa Breakdown 1576 Bristol Store,exempt,AA BREAKDOWN
payment to deliveroo 2571 london ref-3919,standard_rate,DELIVEROO
IZ *SAGE SUBSCRIPTION 1165  UK REF-8643,standard_rate,SAGE SUBSCRIPTION
IZ *XERO SOFTWARE 6946 BIRMINGHAM LTD REF-3938,standard_rate,XERO SOFTWARE
CARD TESCO STORES ONLINE LTD,zero_rated,TESCO STORES
Card Google Workspace  Online,standard_rate,GOOGLE WORKSPACE
CARD UBER EATS 6087  UK REF-9275,standard_rate,UBER EATS
Card Post Office  Ltd,exempt,POST OFFICE
CARD TFL TRAVEL 4783  UK,zero_rated,TFL TRAVEL
DD MICROSOFT 365 6037 LEEDS UK REF-4964,standard_rate,MICROSOFT 365
EON NEXT,reduced_rate,EON NEXT
POS NATIONAL EXPRESS  UK REF-8431,zero_rated,NATIONAL EXPRESS
CARD ASDA SUPERMARKET 851 MANCHESTER DIRECT,zero_rated,ASDA SUPERMARKET
card stationery station 5817  ltd ref-7841,standard_rate,STATIONERY STATION
CARD TESCO STORES 3780 LEEDS LTD REF-3414,zero_rated,TESCO STORES
SQ *BRITISH GAS 2065 BRISTOL PLC,reduced_rate,BRITISH GAS
ADOBE CREATIVE MANCHESTER STORE,standard_rate,ADOBE CREATIVE
SQ *WESTMINSTER COUNCIL ONLINE LTD,outside_scope,WESTMINSTER COUNCIL
Iz *Tfl Travel 8027  Ltd Ref-3919,zero_rated,TFL TRAVEL
DD HSBC BANK FEES 6683 LONDON LTD REF-8833,exempt,HSBC BANK FEES
IZ *AVIVA INSURANCE 1726 ONLINE PLC REF-5009,exempt,AVIVA INSURANCE
POS HSBC BANK FEES  DIRECT,exempt,HSBC BANK FEES
SQ *LINKEDIN PREMIUM 9509 MANCHESTER LTD,standard_rate,LINKEDIN PREMIUM
SQ *ALDI STORES 9929 BIRMINGHAM DIRECT,zero_rated,ALDI STORES
CARD MICROSOFT 365 LONDON STORE REF-6528,standard_rate,MICROSOFT 365
SQ *AMAZON KINDLE 5552 MANCHESTER ONLINE REF-2059,zero_rated,AMAZON KINDLE
iz *tesco stores 706 birmingham,zero_rated,TESCO STORES
POS ROYAL MAIL 7280  STORE REF-5820,exempt,ROYAL MAIL
SQ *BRITISH GAS BIRMINGHAM UK,reduced_rate,BRITISH GAS
POS WESTMINSTER COUNCIL 4810 BRISTOL STORE,outside_scope,WESTMINSTER COUNCIL
Sq *Quickbooks London Store,standard_rate,QUICKBOOKS
Payment To Sage Subscription London Store Ref-4011,standard_rate,SAGE SUBSCRIPTION
CARD AMAZON KINDLE 7903 LEEDS DIRECT REF-3016,zero_rated,AMAZON KINDLE
DD ASDA SUPERMARKET 9092 LONDON ONLINE,zero_rated,ASDA SUPERMARKET
SQ *EDF ENERGY 9081 GLASGOW PLC REF-7688,reduced_rate,EDF ENERGY
Card Lner Tickets 3662  Online,zero_rated,LNER TICKETS
SQ *ASDA SUPERMARKET 9482 BRISTOL LTD,zero_rated,ASDA SUPERMARKET
SQ *EON NEXT 3897,reduced_rate,EON NEXT
SQ *LIDL GB 8830  REF-8405,zero_rated,LIDL GB
Pos Payroll Transfer 9362 London Plc Ref-5395,outside_scope,PAYROLL TRANSFER
Iz *Waterstones 5237  Ltd Ref-8387,zero_rated,WATERSTONES
iz *hmrc shipley 4597 birmingham plc ref-6816,outside_scope,HMRC SHIPLEY
Sq *Director Drawings Bristol Store,outside_scope,DIRECTOR DRAWINGS
PAYMENT TO LNER TICKETS 4218 LEEDS PLC REF-9879,zero_rated,LNER TICKETS
DD TRAINLINE 1659 MANCHESTER STORE REF-6468,zero_rated,TRAINLINE
Trainline 8964  Plc,zero_rated,TRAINLINE
CARD DELIVEROO BRISTOL UK REF-3383,standard_rate,DELIVEROO
iz *aldi stores manchester plc ref-8197,zero_rated,ALDI STORES
PAYMENT TO ADOBE CREATIVE 4721  PLC,standard_rate,ADOBE CREATIVE
IZ *BARCLAYS BANK ONLINE LTD REF-4744,exempt,BARCLAYS BANK
IZ *ALDI STORES 5331  DIRECT,zero_rated,ALDI STORES
POS LNER TICKETS  ONLINE,zero_rated,LNER TICKETS
IZ *EON NEXT 1134  REF-7988,reduced_rate,EON NEXT
Card Aldi Stores 2362  Store Ref-2951,zero_rated,ALDI STORES
PAYMENT TO STATIONERY STATION 2842  PLC REF-4741,standard_rate,STATIONERY STATION
IZ *MICROSOFT 365 UK PLC REF-3745,standard_rate,MICROSOFT 365
IZ *ROYAL MAIL  UK REF-1923,exempt,ROYAL MAIL
Dd National Express 1617 London Plc,zero_rated,NATIONAL EXPRESS
DD STATIONERY STATION LEEDS ONLINE,standard_rate,STATIONERY STATION
PAYMENT TO AA BREAKDOWN 9896  STORE,exempt,AA BREAKDOWN
PAYMENT TO ASDA SUPERMARKET  DIRECT REF-4366,zero_rated,ASDA SUPERMARKET
card aa breakdown  direct ref-3633,exempt,AA BREAKDOWN
Card Sainsburys 3800 Leeds Direct,zero_rated,SAINSBURYS
STATIONERY STATION 5480 MANCHESTER LTD,standard_rate,STATIONERY STATION
DD DELIVEROO 9867 GLASGOW LTD REF-5586,standard_rate,DELIVEROO
CARD TESCO EXPRESS 2298 UK UK REF-8668,zero_rated,TESCO EXPRESS
POS WESTMINSTER COUNCIL 7298  STORE,outside_scope,WESTMINSTER COUNCIL
dd barclays bank bristol plc,exempt,BARCLAYS BANK
DD WATERSTONES 7029,zero_rated,WATERSTONES
SQ *AA BREAKDOWN 8114,exempt,AA BREAKDOWN
BRITISH GAS 4738 MANCHESTER,reduced_rate,BRITISH GAS
CARD LNER TICKETS 5529 UK ONLINE,zero_rated,LNER TICKETS
CARD POST OFFICE 1909 ONLINE ONLINE,exempt,POST OFFICE
card sage subscription 4541 leeds ltd ref-5191,standard_rate,SAGE SUBSCRIPTION
POS LNER TICKETS 7038 MANCHESTER UK,zero_rated,LNER TICKETS
POS LNER TICKETS 2364 BRISTOL STORE,zero_rated,LNER TICKETS
SQ *INTRA ACCOUNT TRANSFER 8901 GLASGOW ONLINE,outside_scope,INTRA ACCOUNT TRANSFER
payment to director drawings,outside_scope,DIRECTOR DRAWINGS
DD DELIVEROO 7221 LEEDS ONLINE REF-4197,standard_rate,DELIVEROO
payment to quickbooks 2326 birmingham direct,standard_rate,QUICKBOOKS
CARD AMAZON UK 3968  ONLINE,standard_rate,AMAZON UK
PAYMENT TO DIRECTOR DRAWINGS 4872 ONLINE PLC REF-3096,outside_scope,DIRECTOR DRAWINGS
card deliveroo 4415  plc,standard_rate,DELIVEROO
Payment To Tesco Express London Plc Ref-4836,zero_rated,TESCO EXPRESS
PAYMENT TO TFL TRAVEL UK STORE REF-1296,zero_rated,TFL TRAVEL
pos aviva insurance 5506 birmingham,exempt,AVIVA INSURANCE
Iz *Tesco Express 868 Online Plc Ref-7244,zero_rated,TESCO EXPRESS
SQ *TESCO STORES 4781 BRISTOL DIRECT,zero_rated,TESCO STORES
Westminster Council Online Plc Ref-6367,outside_scope,WESTMINSTER COUNCIL
SQ *ALDI STORES LONDON,zero_rated,ALDI STORES
DD BRITISH GAS 3803  LTD,reduced_rate,BRITISH GAS
sq *aviva insurance 2724 birmingham uk,exempt,AVIVA INSURANCE
Payment To Barclays Bank 210 Bristol Plc,exempt,BARCLAYS BANK
PAYMENT TO WESTMINSTER COUNCIL 2548 MANCHESTER PLC,outside_scope,WESTMINSTER COUNCIL
SQ *BRITISH GAS 3709 GLASGOW PLC,reduced_rate,BRITISH GAS
Dd Hsbc Bank Fees 9991 Birmingham Plc Ref-4484,exempt,HSBC BANK FEES
payment to tesco express london ltd,zero_rated,TESCO EXPRESS
Pos Lidl Gb 7370 Leeds Uk,zero_rated,LIDL GB
CARD TRAINLINE 325 LEEDS LTD,zero_rated,TRAINLINE
IZ *MICROSOFT 365,standard_rate,MICROSOFT 365
IZ *EON NEXT 6056 LEEDS LTD REF-7528,reduced_rate,EON NEXT
PAYMENT TO AVIVA INSURANCE 912  STORE REF-4513,exempt,AVIVA INSURANCE
SQ *HSBC BANK FEES 4528  UK,exempt,HSBC BANK FEES
AA BREAKDOWN  LTD,exempt,AA BREAKDOWN
IZ *TESCO EXPRESS 3624 MANCHESTER ONLINE,zero_rated,TESCO EXPRESS
PAYMENT TO DELIVEROO ONLINE ONLINE,standard_rate,DELIVEROO
SAINSBURYS 3570  STORE,zero_rated,SAINSBURYS
Payment To National Express 8091 London Ref-5707,zero_rated,NATIONAL EXPRESS
POS LNER TICKETS 2029 GLASGOW,zero_rated,LNER TICKETS
iz *lidl gb 998 glasgow ltd,zero_rated,LIDL GB
POS STATIONERY STATION 6902  UK REF-6176,standard_rate,STATIONERY STATION
pos director drawings 4654  direct ref-5055,outside_scope,DIRECTOR DRAWINGS
EDF ENERGY 757 ONLINE UK,reduced_rate,EDF ENERGY
Payment To Google Workspace 7673 Online,standard_rate,GOOGLE WORKSPACE
CARD UBER EATS 6725 BRISTOL UK,standard_rate,UBER EATS
IZ *SAINSBURYS LONDON REF-8230,zero_rated,SAINSBURYS
DD POST OFFICE MANCHESTER,exempt,POST OFFICE
Pos Google Workspace 7571 Leeds Ltd,standard_rate,GOOGLE WORKSPACE
DD AMAZON KINDLE 6493 ONLINE DIRECT,zero_rated,AMAZON KINDLE
sq *sainsburys 7331 london,zero_rated,SAINSBURYS
PAYMENT TO LNER TICKETS 9619  UK REF-7523,zero_rated,LNER TICKETS
POS WATERSTONES 6728  UK,zero_rated,WATERSTONES
SQ *SAGE SUBSCRIPTION 9931  DIRECT,standard_rate,SAGE SUBSCRIPTION
SQ *MICROSOFT 365 5411 LONDON UK REF-4932,standard_rate,MICROSOFT 365
CARD BARCLAYS BANK 6332 ONLINE,exempt,BARCLAYS BANK
SQ *EON NEXT  PLC,reduced_rate,EON NEXT
sq *royal mail 4026 manchester plc ref-9538,exempt,ROYAL MAIL
POS DELIVEROO 3943  ONLINE,standard_rate,DELIVEROO
Payroll Transfer 4717  Ltd,outside_scope,PAYROLL TRANSFER
DD EDF ENERGY 7909 LONDON LTD REF-3422,reduced_rate,EDF ENERGY
IZ *QUICKBOOKS ONLINE UK REF-9799,standard_rate,QUICKBOOKS
LIDL GB 2717 UK PLC REF-1706,zero_rated,LIDL GB
Royal Mail  Store,exempt,ROYAL MAIL
PAYMENT TO AMAZON EU 8302 BRISTOL PLC REF-7271,standard_rate,AMAZON EU
CARD TESCO EXPRESS 2978  LTD,zero_rated,TESCO EXPRESS
POS STATIONERY STATION 6683 UK LTD,standard_rate,STATIONERY STATION
IZ *GOOGLE WORKSPACE 7502  LTD,standard_rate,GOOGLE WORKSPACE
POS AMAZON UK 2789 BRISTOL PLC,standard_rate,AMAZON UK
DD BOOTS UK 7443  ONLINE REF-6407,standard_rate,BOOTS UK
Sq *Tesco Stores 2542  Ltd,zero_rated,TESCO STORES
payment to amazon kindle 8854 london ltd ref-5001,zero_rated,AMAZON KINDLE
pos amazon eu 1759  direct,standard_rate,AMAZON EU
Dd Waterstones 7156 Leeds Uk,zero_rated,WATERSTONES
AA BREAKDOWN 8173 UK STORE,exempt,AA BREAKDOWN
PAYMENT TO TFL TRAVEL 6555 LONDON DIRECT REF-2378,zero_rated,TFL TRAVEL
Iz *Barclays Bank 4707 Uk Plc Ref-1264,exempt,BARCLAYS BANK
Iz *Amazon Eu 2744  Plc,standard_rate,AMAZON EU
POS BOOTS UK 9096 LEEDS,standard_rate,BOOTS UK
CARD ROYAL MAIL 5134 BRISTOL UK,exempt,ROYAL MAIL
PAYMENT TO AMAZON UK 7351 GLASGOW,standard_rate,AMAZON UK
PAYMENT TO NATIONAL EXPRESS 5150 UK DIRECT REF-7076,zero_rated,NATIONAL EXPRESS
DD SAINSBURYS 2465  REF-1944,zero_rated,SAINSBURYS
DD HSBC BANK FEES 454 ONLINE,exempt,HSBC BANK FEES
POS WATERSTONES UK ONLINE REF-3282,zero_rated,WATERSTONES
SQ *TESCO EXPRESS 1938  ONLINE,zero_rated,TESCO EXPRESS
CARD BOOTS UK 3450  PLC,standard_rate,BOOTS UK
AVIVA INSURANCE 7850 BRISTOL LTD,exempt,AVIVA INSURANCE
Payment To Director Drawings 6007  Store Ref-2706,outside_scope,DIRECTOR DRAWINGS
Pos Deliveroo Glasgow Plc Ref-9806,standard_rate,DELIVEROO
PAYMENT TO EDF ENERGY 6063  ONLINE REF-5318,reduced_rate,EDF ENERGY
POS GOOGLE WORKSPACE 7926  UK REF-6233,standard_rate,GOOGLE WORKSPACE
IZ *INTRA ACCOUNT TRANSFER  STORE,outside_scope,INTRA ACCOUNT TRANSFER
POS MICROSOFT 365 3053 BRISTOL DIRECT,standard_rate,MICROSOFT 365
PAYMENT TO DELIVEROO 6590  UK,standard_rate,DELIVEROO
PAYMENT TO NATIONAL EXPRESS  DIRECT REF-7343,zero_rated,NATIONAL EXPRESS
POS INTRA ACCOUNT TRANSFER  UK REF-5144,outside_scope,INTRA ACCOUNT TRANSFER
AMAZON KINDLE  UK,zero_rated,AMAZON KINDLE
PAYMENT TO BARCLAYS BANK 7908 ONLINE PLC REF-1518,exempt,BARCLAYS BANK
card microsoft 365 9837 manchester uk,standard_rate,MICROSOFT 365
ADOBE CREATIVE 8568,standard_rate,ADOBE CREATIVE
IZ *OCTOPUS ENERGY 6154,reduced_rate,OCTOPUS ENERGY
Pos Sage Subscription 7468 Leeds Online,standard_rate,SAGE SUBSCRIPTION
SQ *LINKEDIN PREMIUM 3600  STORE,standard_rate,LINKEDIN PREMIUM
SQ *LNER TICKETS  ONLINE REF-9795,zero_rated,LNER TICKETS
payment to intra account transfer 9307  direct,outside_scope,INTRA ACCOUNT TRANSFER
UBER EATS 9220  UK,standard_rate,UBER EATS
CARD TESCO EXPRESS 9660 LEEDS ONLINE,zero_rated,TESCO EXPRESS
DD ASDA SUPERMARKET 7975 LEEDS LTD,zero_rated,ASDA SUPERMARKET
IZ *LNER TICKETS 9041  ONLINE REF-2371,zero_rated,LNER TICKETS
DD TESCO STORES 3797 ONLINE LTD REF-7232,zero_rated,TESCO STORES
PAYMENT TO BARCLAYS BANK 8789  DIRECT,exempt,BARCLAYS BANK
SQ *ALDI STORES 8254 UK UK,zero_rated,ALDI STORES
AVIVA INSURANCE 1817 LEEDS ONLINE,exempt,AVIVA INSURANCE
SQ *GOOGLE WORKSPACE 6727  UK REF-2160,standard_rate,GOOGLE WORKSPACE
Dd Hmrc Payments 7779 Manchester Online Ref-9548,outside_scope,HMRC PAYMENTS
Pos Deliveroo  Direct,standard_rate,DELIVEROO
MICROSOFT 365 MANCHESTER LTD,standard_rate,MICROSOFT 365
card amazon eu  direct ref-4305,standard_rate,AMAZON EU
POS WATERSTONES 7863 LONDON PLC,zero_rated,WATERSTONES
IZ *LINKEDIN PREMIUM  DIRECT,standard_rate,LINKEDIN PREMIUM
DD SAINSBURYS 9502  UK REF-2889,zero_rated,SAINSBURYS
pos amazon uk 1141 glasgow ref-7668,standard_rate,AMAZON UK
Iz *Microsoft 365 3486 Glasgow Ltd,standard_rate,MICROSOFT 365
CARD ALDI STORES 6310  DIRECT REF-1306,zero_rated,ALDI STORES
PAYMENT TO TESCO EXPRESS 3160 ONLINE DIRECT,zero_rated,TESCO EXPRESS
POS OCTOPUS ENERGY 317 UK DIRECT,reduced_rate,OCTOPUS ENERGY
POS HMRC PAYMENTS 9543 LEEDS ONLINE,outside_scope,HMRC PAYMENTS
Iz *Tfl Travel 6674  Ltd Ref-9334,zero_rated,TFL TRAVEL
PAYMENT TO BOOTS UK BIRMINGHAM REF-2248,standard_rate,BOOTS UK
TRAINLINE 3815 MANCHESTER STORE REF-9099,zero_rated,TRAINLINE
DD GOOGLE WORKSPACE  PLC REF-9515,standard_rate,GOOGLE WORKSPACE
POS DIRECTOR DRAWINGS 3391  UK,outside_scope,DIRECTOR DRAWINGS
Payment To Lidl Gb 1107 Online Ltd,zero_rated,LIDL GB
CARD XERO SOFTWARE  LTD REF-3314,standard_rate,XERO SOFTWARE
iz *deliveroo 9448  plc,standard_rate,DELIVEROO
IZ *SAGE SUBSCRIPTION 5907 MANCHESTER PLC REF-9193,standard_rate,SAGE SUBSCRIPTION
SQ *WATERSTONES 628 BRISTOL DIRECT,zero_rated,WATERSTONES
Pos Linkedin Premium 7427 Bristol Uk Ref-2304,standard_rate,LINKEDIN PREMIUM
DD XERO SOFTWARE LEEDS LTD REF-6586,standard_rate,XERO SOFTWARE
Payment To Lner Tickets 6824 Online Online,zero_rated,LNER TICKETS
Dd Hmrc Shipley 6190  Online,outside_scope,HMRC SHIPLEY
SQ *BARCLAYS BANK  UK,exempt,BARCLAYS BANK
PAYMENT TO ASDA SUPERMARKET UK LTD,zero_rated,ASDA SUPERMARKET
CARD HMRC SHIPLEY 8724  LTD REF-4056,outside_scope,HMRC SHIPLEY
POS BOOTS UK 7910 ONLINE,standard_rate,BOOTS UK
MICROSOFT 365 5713 BRISTOL UK,standard_rate,MICROSOFT 365
CARD LINKEDIN PREMIUM 6199 BRISTOL DIRECT REF-3963,standard_rate,LINKEDIN PREMIUM
POS SAGE SUBSCRIPTION GLASGOW UK,standard_rate,SAGE SUBSCRIPTION
card asda supermarket  online ref-8982,zero_rated,ASDA SUPERMARKET
IZ *SAINSBURYS 9517 ONLINE PLC,zero_rated,SAINSBURYS
Payment To Lner Tickets  Direct Ref-5933,zero_rated,LNER TICKETS
pos lidl gb 1997  direct,zero_rated,LIDL GB
STATIONERY STATION,standard_rate,STATIONERY STATION
CARD ADOBE CREATIVE 4003  PLC,standard_rate,ADOBE CREATIVE
POS LINKEDIN PREMIUM 9004 UK DIRECT,standard_rate,LINKEDIN PREMIUM
IZ *TESCO EXPRESS 7940 UK PLC REF-3209,zero_rated,TESCO EXPRESS
Westminster Council 1407 Bristol Ltd,outside_scope,WESTMINSTER COUNCIL
PAYROLL TRANSFER  ONLINE REF-3710,outside_scope,PAYROLL TRANSFER
PAYMENT TO TRAINLINE 787  DIRECT,zero_rated,TRAINLINE
DD HSBC BANK FEES 6178,exempt,HSBC BANK FEES
payment to aldi stores 7021 bristol direct,zero_rated,ALDI STORES
pos tfl travel  store,zero_rated,TFL TRAVEL
POS TESCO STORES 6845 GLASGOW PLC REF-5065,zero_rated,TESCO STORES
IZ *DIRECTOR DRAWINGS 4712 BIRMINGHAM,outside_scope,DIRECTOR DRAWINGS
SQ *LIDL GB  REF-5478,zero_rated,LIDL GB
Microsoft 365 1987 Uk Ref-7172,standard_rate,MICROSOFT 365
PAYMENT TO ASDA SUPERMARKET  REF-3140,zero_rated,ASDA SUPERMARKET
DD PAYROLL TRANSFER 3095 BIRMINGHAM UK,outside_scope,PAYROLL TRANSFER
Tesco Stores 7994  Plc Ref-5835,zero_rated,TESCO STORES
IZ *NATIONAL EXPRESS 3351  STORE,zero_rated,NATIONAL EXPRESS
SQ *LNER TICKETS 6243  REF-1336,zero_rated,LNER TICKETS
Dd Adobe Creative 8376 London Online,standard_rate,ADOBE CREATIVE
Sq *Asda Supermarket 302 Uk Uk Ref-9561,zero_rated,ASDA SUPERMARKET
Dd Xero Software  Online,standard_rate,XERO SOFTWARE
SQ *HSBC BANK FEES 3749 UK LTD,exempt,HSBC BANK FEES
Pos Asda Supermarket Manchester Ref-9835,zero_rated,ASDA SUPERMARKET
SQ *ASDA SUPERMARKET 2803 ONLINE DIRECT REF-8113,zero_rated,ASDA SUPERMARKET
card royal mail uk online ref-3291,exempt,ROYAL MAIL
DD TFL TRAVEL UK DIRECT REF-4037,zero_rated,TFL TRAVEL
Sq *Sainsburys 1317 London Online Ref-1794,zero_rated,SAINSBURYS
PAYMENT TO NATIONAL EXPRESS  UK,zero_rated,NATIONAL EXPRESS
pos aa breakdown 4428 london ref-7439,exempt,AA BREAKDOWN
POS ASDA SUPERMARKET  UK REF-9849,zero_rated,ASDA SUPERMARKET
IZ *AA BREAKDOWN 9430 MANCHESTER DIRECT,exempt,AA BREAKDOWN
DD LIDL GB 7842  UK,zero_rated,LIDL GB
POST OFFICE 7198 BRISTOL REF-1087,exempt,POST OFFICE
IZ *QUICKBOOKS 4069  PLC,standard_rate,QUICKBOOKS
CARD HMRC PAYMENTS 7337 LEEDS STORE,outside_scope,HMRC PAYMENTS
IZ *UBER EATS 9104 BRISTOL PLC,standard_rate,UBER EATS
Pos Amazon Uk 1648  Store,standard_rate,AMAZON UK
dd adobe creative 8417  plc ref-3322,standard_rate,ADOBE CREATIVE
pos waterstones 3055 online,zero_rated,WATERSTONES
SQ *AA BREAKDOWN 9221  UK REF-2829,exempt,AA BREAKDOWN
IZ *AA BREAKDOWN  LTD REF-3914,exempt,AA BREAKDOWN
sq *boots uk 1497 online direct,standard_rate,BOOTS UK
DD QUICKBOOKS 6302  DIRECT,standard_rate,QUICKBOOKS
PAYMENT TO INTRA ACCOUNT TRANSFER 4269 BIRMINGHAM PLC,outside_scope,INTRA ACCOUNT TRANSFER
DD POST OFFICE 7091  DIRECT,exempt,POST OFFICE
DD WESTMINSTER COUNCIL 3775  STORE,outside_scope,WESTMINSTER COUNCIL
amazon kindle 8210  online ref-9412,zero_rated,AMAZON KINDLE
PAYMENT TO AA BREAKDOWN BIRMINGHAM DIRECT,exempt,AA BREAKDOWN
POS BOOTS UK UK STORE,standard_rate,BOOTS UK
IZ *EDF ENERGY 4776 ONLINE,reduced_rate,EDF ENERGY
ADOBE CREATIVE 1700  DIRECT,standard_rate,ADOBE CREATIVE
IZ *MICROSOFT 365 UK PLC,standard_rate,MICROSOFT 365
SAINSBURYS 2023  REF-4882,zero_rated,SAINSBURYS
IZ *EDF ENERGY 665  UK REF-6308,reduced_rate,EDF ENERGY
Iz *Amazon Eu Online Direct,standard_rate,AMAZON EU
CARD DIRECTOR DRAWINGS BIRMINGHAM UK,outside_scope,DIRECTOR DRAWINGS
PAYMENT TO STATIONERY STATION  ONLINE REF-8402,standard_rate,STATIONERY STATION
iz *stationery station 520 leeds plc,standard_rate,STATIONERY STATION
IZ *TESCO EXPRESS 9974  DIRECT REF-6461,zero_rated,TESCO EXPRESS
POS TESCO EXPRESS  PLC,zero_rated,TESCO EXPRESS
Payment To Sage Subscription 8000 Manchester Online,standard_rate,SAGE SUBSCRIPTION
PAYMENT TO XERO SOFTWARE 6633 ONLINE UK,standard_rate,XERO SOFTWARE
POS INTRA ACCOUNT TRANSFER 6113  DIRECT,outside_scope,INTRA ACCOUNT TRANSFER
TRAINLINE 3523  UK REF-6817,zero_rated,TRAINLINE
aa breakdown 5619 manchester ltd,exempt,AA BREAKDOWN
sq *deliveroo 1020 manchester,standard_rate,DELIVEROO
DD SAGE SUBSCRIPTION 4944  DIRECT REF-6779,standard_rate,SAGE SUBSCRIPTION
Tfl Travel 5928  Ltd,zero_rated,TFL TRAVEL
sq *amazon eu 9425 manchester direct,standard_rate,AMAZON EU
CARD ROYAL MAIL BRISTOL LTD,exempt,ROYAL MAIL
Iz *Uber Eats 1584  Direct,standard_rate,UBER EATS
POS HMRC SHIPLEY LONDON LTD,outside_scope,HMRC SHIPLEY
SQ *EON NEXT 1390 MANCHESTER ONLINE,reduced_rate,EON NEXT
IZ *ASDA SUPERMARKET UK LTD,zero_rated,ASDA SUPERMARKET
Tesco Express 1982  Ltd Ref-4705,zero_rated,TESCO EXPRESS
PAYMENT TO ADOBE CREATIVE 7499 BRISTOL LTD,standard_rate,ADOBE CREATIVE
IZ *MICROSOFT 365 1783 ONLINE STORE,standard_rate,MICROSOFT 365
sq *google workspace  store,standard_rate,GOOGLE WORKSPACE
DD DELIVEROO 961 UK LTD,standard_rate,DELIVEROO
IZ *TESCO STORES 9763 LEEDS REF-4241,zero_rated,TESCO STORES
LNER TICKETS LONDON,zero_rated,LNER TICKETS
DD UBER EATS 2996 ONLINE DIRECT,standard_rate,UBER EATS
Card Linkedin Premium 2099  Uk,standard_rate,LINKEDIN PREMIUM
Card Eon Next 5026 Manchester Uk,reduced_rate,EON NEXT
IZ *AA BREAKDOWN  DIRECT,exempt,AA BREAKDOWN
Payment To Royal Mail 7060 London Uk Ref-2963,exempt,ROYAL MAIL
SQ *EON NEXT  ONLINE,reduced_rate,EON NEXT
TESCO EXPRESS  PLC REF-1046,zero_rated,TESCO EXPRESS
CARD ROYAL MAIL 3076 UK PLC,exempt,ROYAL MAIL
PAYMENT TO BRITISH GAS 5546 MANCHESTER UK,reduced_rate,BRITISH GAS
payment to microsoft 365 manchester store ref-4877,standard_rate,MICROSOFT 365
CARD TFL TRAVEL  DIRECT REF-3612,zero_rated,TFL TRAVEL
SQ *HMRC SHIPLEY 2332  PLC,outside_scope,HMRC SHIPLEY
SQ *DELIVEROO 3048 LONDON DIRECT,standard_rate,DELIVEROO
Payment To Royal Mail 732 Birmingham,exempt,ROYAL MAIL
PAYMENT TO SAGE SUBSCRIPTION 6880 ONLINE DIRECT,standard_rate,SAGE SUBSCRIPTION
Card Edf Energy 5971,reduced_rate,EDF ENERGY
POS PAYROLL TRANSFER MANCHESTER LTD,outside_scope,PAYROLL TRANSFER
pos hsbc bank fees 6879 uk direct ref-4691,exempt,HSBC BANK FEES
IZ *SAINSBURYS  DIRECT,zero_rated,SAINSBURYS
CARD WESTMINSTER COUNCIL  REF-9739,outside_scope,WESTMINSTER COUNCIL
CARD AA BREAKDOWN 2243 UK ONLINE,exempt,AA BREAKDOWN
PAYMENT TO UBER EATS 6658 UK UK REF-2337,standard_rate,UBER EATS
PAYMENT TO ASDA SUPERMARKET  LTD,zero_rated,ASDA SUPERMARKET
iz *tesco express  online,zero_rated,TESCO EXPRESS
iz *waterstones  store,zero_rated,WATERSTONES
AMAZON EU 3445 ONLINE STORE REF-2043,standard_rate,AMAZON EU
payment to lidl gb london uk,zero_rated,LIDL GB
Sainsburys 4021 Leeds Direct,zero_rated,SAINSBURYS
IZ *EDF ENERGY BRISTOL REF-5466,reduced_rate,EDF ENERGY
AVIVA INSURANCE 7127 GLASGOW PLC,exempt,AVIVA INSURANCE
DD OCTOPUS ENERGY 8876  DIRECT REF-1798,reduced_rate,OCTOPUS ENERGY
IZ *WESTMINSTER COUNCIL 7234 ONLINE LTD,outside_scope,WESTMINSTER COUNCIL
IZ *BRITISH GAS 5866 ONLINE PLC,reduced_rate,BRITISH GAS
IZ *LIDL GB BIRMINGHAM LTD,zero_rated,LIDL GB
POS OCTOPUS ENERGY 562  ONLINE REF-8281,reduced_rate,OCTOPUS ENERGY
POS INTRA ACCOUNT TRANSFER 3388  UK,outside_scope,INTRA ACCOUNT TRANSFER
IZ *ADOBE CREATIVE 6286  PLC,standard_rate,ADOBE CREATIVE
DD LINKEDIN PREMIUM 8009 LONDON ONLINE REF-2076,standard_rate,LINKEDIN PREMIUM
CARD SAGE SUBSCRIPTION 412 UK STORE,standard_rate,SAGE SUBSCRIPTION
BRITISH GAS UK PLC,reduced_rate,BRITISH GAS
SQ *TESCO EXPRESS 7802 LONDON,zero_rated,TESCO EXPRESS
DD OCTOPUS ENERGY 6208  ONLINE,reduced_rate,OCTOPUS ENERGY
IZ *ADOBE CREATIVE  REF-4872,standard_rate,ADOBE CREATIVE
PAYMENT TO DELIVEROO 3844  ONLINE REF-7783,standard_rate,DELIVEROO
SQ *ROYAL MAIL 5341 UK REF-6744,exempt,ROYAL MAIL
card amazon kindle 7551 manchester store,zero_rated,AMAZON KINDLE
POS QUICKBOOKS 1844  UK,standard_rate,QUICKBOOKS
Payroll Transfer 9081  Store,outside_scope,PAYROLL TRANSFER
Card Aldi Stores 6855 Glasgow Store Ref-8054,zero_rated,ALDI STORES
DD TESCO EXPRESS 3276 MANCHESTER LTD REF-6724,zero_rated,TESCO EXPRESS
SQ *ADOBE CREATIVE MANCHESTER PLC REF-7648,standard_rate,ADOBE CREATIVE
IZ *QUICKBOOKS 8006  STORE REF-7280,standard_rate,QUICKBOOKS
CARD DELIVEROO 9336 UK UK REF-4068,standard_rate,DELIVEROO
DD TESCO EXPRESS  LTD REF-6400,zero_rated,TESCO EXPRESS
tesco express 6366 online plc,zero_rated,TESCO EXPRESS
DD INTRA ACCOUNT TRANSFER 6782  STORE,outside_scope,INTRA ACCOUNT TRANSFER
PAYMENT TO AMAZON UK 9987 BRISTOL,standard_rate,AMAZON UK
iz *royal mail  plc,exempt,ROYAL MAIL
DD HSBC BANK FEES BRISTOL UK,exempt,HSBC BANK FEES
POS AA BREAKDOWN 8835  PLC REF-9227,exempt,AA BREAKDOWN
DD INTRA ACCOUNT TRANSFER 9473 GLASGOW LTD,outside_scope,INTRA ACCOUNT TRANSFER
PAYMENT TO TESCO EXPRESS 3367 UK ONLINE REF-5706,zero_rated,TESCO EXPRESS
INTRA ACCOUNT TRANSFER 1534  UK REF-3961,outside_scope,INTRA ACCOUNT TRANSFER
IZ *INTRA ACCOUNT TRANSFER 8773  ONLINE,outside_scope,INTRA ACCOUNT TRANSFER
PAYMENT TO LINKEDIN PREMIUM LONDON LTD REF-5133,standard_rate,LINKEDIN PREMIUM
payment to payroll transfer  ref-1164,outside_scope,PAYROLL TRANSFER
CARD TESCO STORES 8531  UK REF-1018,zero_rated,TESCO STORES
WATERSTONES 8145 LEEDS UK REF-7778,zero_rated,WATERSTONES
TESCO EXPRESS GLASGOW PLC,zero_rated,TESCO EXPRESS
IZ *SAGE SUBSCRIPTION 7905 LEEDS LTD REF-7037,standard_rate,SAGE SUBSCRIPTION
PAYMENT TO TESCO STORES 5690  ONLINE,zero_rated,TESCO STORES
Pos Westminster Council 4484  Plc,outside_scope,WESTMINSTER COUNCIL
Payment To Aviva Insurance 4196 Bristol Ltd,exempt,AVIVA INSURANCE
DD ASDA SUPERMARKET BIRMINGHAM PLC,zero_rated,ASDA SUPERMARKET
CARD AA BREAKDOWN 2462 ONLINE DIRECT,exempt,AA BREAKDOWN
ASDA SUPERMARKET LONDON STORE,zero_rated,ASDA SUPERMARKET
card quickbooks 5079 manchester ltd,standard_rate,QUICKBOOKS
DD BOOTS UK 6087 ONLINE UK,standard_rate,BOOTS UK
SAGE SUBSCRIPTION 5492  PLC,standard_rate,SAGE SUBSCRIPTION
IZ *LINKEDIN PREMIUM 5487  DIRECT REF-7129,standard_rate,LINKEDIN PREMIUM
CARD POST OFFICE 8932 BIRMINGHAM ONLINE REF-9306,exempt,POST OFFICE
PAYMENT TO TRAINLINE 1076  DIRECT REF-9589,zero_rated,TRAINLINE
DELIVEROO  REF-5855,standard_rate,DELIVEROO
sq *payroll transfer 3890,outside_scope,PAYROLL TRANSFER
ALDI STORES MANCHESTER UK,zero_rated,ALDI STORES
dd aldi stores 5053  ltd,zero_rated,ALDI STORES
PAYMENT TO ADOBE CREATIVE BRISTOL,standard_rate,ADOBE CREATIVE
IZ *UBER EATS 6884,standard_rate,UBER EATS
PAYMENT TO LNER TICKETS 2825,zero_rated,LNER TICKETS
POS WATERSTONES 7512  PLC REF-9412,zero_rated,WATERSTONES
CARD AMAZON KINDLE 9956 BIRMINGHAM,zero_rated,AMAZON KINDLE
IZ *PAYROLL TRANSFER LONDON UK,outside_scope,PAYROLL TRANSFER
payment to edf energy 5524  ref-3082,reduced_rate,EDF ENERGY
POS AA BREAKDOWN BRISTOL PLC,exempt,AA BREAKDOWN
payment to royal mail 5614 bristol,exempt,ROYAL MAIL
PAYMENT TO SAINSBURYS 8016  UK REF-1257,zero_rated,SAINSBURYS
POST OFFICE 3642 LONDON STORE REF-2465,exempt,POST OFFICE
PAYMENT TO WATERSTONES GLASGOW ONLINE REF-2377,zero_rated,WATERSTONES
DD ROYAL MAIL 581 BRISTOL PLC,exempt,ROYAL MAIL
BARCLAYS BANK 7354 ONLINE LTD,exempt,BARCLAYS BANK
CARD POST OFFICE 1101 LONDON LTD REF-8599,exempt,POST OFFICE
Iz *Director Drawings 5905  Uk Ref-6800,outside_scope,DIRECTOR DRAWINGS
PAYMENT TO SAGE SUBSCRIPTION 9458  LTD,standard_rate,SAGE SUBSCRIPTION
IZ *HMRC SHIPLEY 4756 GLASGOW UK,outside_scope,HMRC SHIPLEY
CARD STATIONERY STATION 7813 MANCHESTER REF-3623,standard_rate,STATIONERY STATION
SQ *STATIONERY STATION 4180  PLC,standard_rate,STATIONERY STATION
IZ *TFL TRAVEL BRISTOL STORE REF-7262,zero_rated,TFL TRAVEL
IZ *ALDI STORES 9214,zero_rated,ALDI STORES
Card Hmrc Shipley 8608 Glasgow Plc Ref-8130,outside_scope,HMRC SHIPLEY
DD UBER EATS BRISTOL ONLINE,standard_rate,UBER EATS
Sq *Uber Eats 7699  Plc Ref-5593,standard_rate,UBER EATS
Pos Aa Breakdown 7346 Leeds Direct,exempt,AA BREAKDOWN
CARD SAINSBURYS  LTD,zero_rated,SAINSBURYS
IZ *BOOTS UK 4157 UK PLC,standard_rate,BOOTS UK
PAYMENT TO QUICKBOOKS 5666  STORE REF-8404,standard_rate,QUICKBOOKS
DD STATIONERY STATION 5001  STORE REF-9057,standard_rate,STATIONERY STATION
WESTMINSTER COUNCIL 433 LONDON PLC,outside_scope,WESTMINSTER COUNCIL
PAYMENT TO XERO SOFTWARE 6678 BIRMINGHAM,standard_rate,XERO SOFTWARE
Card Aa Breakdown 9859 Birmingham Plc,exempt,AA BREAKDOWN
Lner Tickets 1292 Online Ref-6793,zero_rated,LNER TICKETS
CARD ADOBE CREATIVE 1177 LONDON DIRECT,standard_rate,ADOBE CREATIVE
DD SAINSBURYS 6508 LEEDS STORE,zero_rated,SAINSBURYS
BRITISH GAS  PLC REF-5249,reduced_rate,BRITISH GAS
SQ *HMRC SHIPLEY 8901 ONLINE,outside_scope,HMRC SHIPLEY
DD LIDL GB 4820  REF-1775,zero_rated,LIDL GB
PAYMENT TO BARCLAYS BANK LONDON ONLINE REF-4969,exempt,BARCLAYS BANK
PAYMENT TO BOOTS UK 5609,standard_rate,BOOTS UK
GOOGLE WORKSPACE 2715  UK,standard_rate,GOOGLE WORKSPACE
iz *trainline  direct ref-2961,zero_rated,TRAINLINE
IZ *DIRECTOR DRAWINGS 7537 UK STORE,outside_scope,DIRECTOR DRAWINGS
POS TRAINLINE MANCHESTER UK,zero_rated,TRAINLINE
IZ *INTRA ACCOUNT TRANSFER 2848 BIRMINGHAM STORE,outside_scope,INTRA ACCOUNT TRANSFER
SQ *TESCO STORES 8917  ONLINE REF-8616,zero_rated,TESCO STORES
IZ *HMRC PAYMENTS 9456  REF-6914,outside_scope,HMRC PAYMENTS
PAYMENT TO EDF ENERGY 9330 BRISTOL STORE REF-7584,reduced_rate,EDF ENERGY
POS DIRECTOR DRAWINGS LEEDS ONLINE REF-5224,outside_scope,DIRECTOR DRAWINGS
sq *stationery station  plc,standard_rate,STATIONERY STATION
DD UBER EATS 4047  ONLINE,standard_rate,UBER EATS
asda supermarket 7135  ltd,zero_rated,ASDA SUPERMARKET
barclays bank uk online,exempt,BARCLAYS BANK
IZ *UBER EATS 2092 BIRMINGHAM PLC,standard_rate,UBER EATS
IZ *STATIONERY STATION 3794,standard_rate,STATIONERY STATION
Payment To Amazon Kindle Bristol Plc,zero_rated,AMAZON KINDLE
IZ *ROYAL MAIL 7690 BIRMINGHAM,exempt,ROYAL MAIL
PAYMENT TO HMRC SHIPLEY 3142 GLASGOW,outside_scope,HMRC SHIPLEY
SQ *INTRA ACCOUNT TRANSFER 8273 GLASGOW DIRECT,outside_scope,INTRA ACCOUNT TRANSFER
SQ *ALDI STORES 3215  UK,zero_rated,ALDI STORES
WESTMINSTER COUNCIL 9988  UK,outside_scope,WESTMINSTER COUNCIL
ROYAL MAIL 4073 MANCHESTER STORE,exempt,ROYAL MAIL
DD ROYAL MAIL ONLINE DIRECT REF-2813,exempt,ROYAL MAIL
Dd Payroll Transfer  Store,outside_scope,PAYROLL TRANSFER
payment to national express 5455  online,zero_rated,NATIONAL EXPRESS
CARD HSBC BANK FEES 5704,exempt,HSBC BANK FEES
Card Waterstones Online Direct Ref-9082,zero_rated,WATERSTONES
iz *trainline online online,zero_rated,TRAINLINE
DD HMRC PAYMENTS 9794  PLC REF-7388,outside_scope,HMRC PAYMENTS
sq *hmrc shipley 1778 bristol online ref-4393,outside_scope,HMRC SHIPLEY
DD LIDL GB 5716 GLASGOW REF-6346,zero_rated,LIDL GB
SQ *OCTOPUS ENERGY 8448 BIRMINGHAM REF-3576,reduced_rate,OCTOPUS ENERGY
Iz *Lner Tickets 4248 Leeds Store,zero_rated,LNER TICKETS
POS MICROSOFT 365 4182 BRISTOL ONLINE,standard_rate,MICROSOFT 365
IZ *SAINSBURYS 8896 MANCHESTER,zero_rated,SAINSBURYS
IZ *AMAZON EU  UK,standard_rate,AMAZON EU
PAYMENT TO PAYROLL TRANSFER LEEDS DIRECT,outside_scope,PAYROLL TRANSFER
iz *adobe creative glasgow ltd,standard_rate,ADOBE CREATIVE
DD STATIONERY STATION ONLINE REF-2686,standard_rate,STATIONERY STATION
payment to edf energy  plc,reduced_rate,EDF ENERGY
PAYMENT TO ASDA SUPERMARKET 3896  UK,zero_rated,ASDA SUPERMARKET
CARD BARCLAYS BANK 8857 UK DIRECT,exempt,BARCLAYS BANK
CARD TFL TRAVEL  DIRECT,zero_rated,TFL TRAVEL
Pos Eon Next  Ltd Ref-2831,reduced_rate,EON NEXT
sq *lidl gb 3793 leeds ltd,zero_rated,LIDL GB
PAYMENT TO GOOGLE WORKSPACE  UK,standard_rate,GOOGLE WORKSPACE
xero software 2362  ltd,standard_rate,XERO SOFTWARE
MICROSOFT 365 2343  DIRECT REF-5060,standard_rate,MICROSOFT 365
SQ *PAYROLL TRANSFER 9370 UK LTD,outside_scope,PAYROLL TRANSFER
PAYMENT TO AMAZON EU 1162 UK PLC,standard_rate,AMAZON EU
PAYMENT TO BRITISH GAS BRISTOL ONLINE REF-6515,reduced_rate,BRITISH GAS
Pos Post Office 7172 Online Plc,exempt,POST OFFICE
CARD PAYROLL TRANSFER MANCHESTER DIRECT,outside_scope,PAYROLL TRANSFER
iz *aviva insurance 4066 bristol ltd ref-1194,exempt,AVIVA INSURANCE
PAYMENT TO QUICKBOOKS 7119 BRISTOL ONLINE,standard_rate,QUICKBOOKS
SQ *ADOBE CREATIVE 6355 LONDON LTD,standard_rate,ADOBE CREATIVE
card payroll transfer  direct,outside_scope,PAYROLL TRANSFER
card aa breakdown birmingham plc,exempt,AA BREAKDOWN
POS ROYAL MAIL 6296,exempt,ROYAL MAIL
SQ *AA BREAKDOWN 2314 BIRMINGHAM LTD,exempt,AA BREAKDOWN
CARD STATIONERY STATION UK PLC,standard_rate,STATIONERY STATION
CARD LNER TICKETS 8685 GLASGOW PLC REF-4964,zero_rated,LNER TICKETS
Card Deliveroo  Online Ref-3311,standard_rate,DELIVEROO
dd barclays bank 9922 leeds store,exempt,BARCLAYS BANK
POS SAGE SUBSCRIPTION 1079 GLASGOW ONLINE,standard_rate,SAGE SUBSCRIPTION
Card Deliveroo 4229 Bristol Direct,standard_rate,DELIVEROO
CARD OCTOPUS ENERGY 6856,reduced_rate,OCTOPUS ENERGY
Sq *Eon Next 8470  Plc,reduced_rate,EON NEXT
Card Sage Subscription  Store,standard_rate,SAGE SUBSCRIPTION
POS HMRC PAYMENTS 9069  PLC REF-1207,outside_scope,HMRC PAYMENTS
PAYMENT TO BRITISH GAS  DIRECT REF-5441,reduced_rate,BRITISH GAS
Pos Eon Next 7585  Direct Ref-1319,reduced_rate,EON NEXT
DD DIRECTOR DRAWINGS  UK,outside_scope,DIRECTOR DRAWINGS
Card Aviva Insurance 9493  Uk Ref-2876,exempt,AVIVA INSURANCE
payment to asda supermarket 6868 online plc,zero_rated,ASDA SUPERMARKET
POS BOOTS UK 812 BRISTOL LTD REF-4743,standard_rate,BOOTS UK
pos amazon uk  plc ref-4083,standard_rate,AMAZON UK
POS AVIVA INSURANCE 7324 GLASGOW LTD REF-4813,exempt,AVIVA INSURANCE
POS MICROSOFT 365 8520  DIRECT,standard_rate,MICROSOFT 365
DD NATIONAL EXPRESS 2342 GLASGOW PLC REF-8014,zero_rated,NATIONAL EXPRESS
POS WATERSTONES MANCHESTER LTD REF-7218,zero_rated,WATERSTONES
IZ *TESCO STORES 6769 LEEDS STORE,zero_rated,TESCO STORES
DD AMAZON EU 6231,standard_rate,AMAZON EU
CARD QUICKBOOKS  UK REF-1096,standard_rate,QUICKBOOKS
Dd British Gas 4717 London Ltd Ref-7987,reduced_rate,BRITISH GAS
PAYMENT TO DELIVEROO 2563  ONLINE REF-9354,standard_rate,DELIVEROO
iz *aviva insurance  ref-2487,exempt,AVIVA INSURANCE
Iz *Sainsburys 6463 Leeds Ltd,zero_rated,SAINSBURYS
card adobe creative 3495 glasgow online ref-5078,standard_rate,ADOBE CREATIVE
DD POST OFFICE  DIRECT,exempt,POST OFFICE
PAYMENT TO INTRA ACCOUNT TRANSFER  ONLINE REF-5457,outside_scope,INTRA ACCOUNT TRANSFER
westminster council 2796 glasgow store,outside_scope,WESTMINSTER COUNCIL
POS UBER EATS LONDON ONLINE,standard_rate,UBER EATS
Iz *Sage Subscription Online Uk Ref-7169,standard_rate,SAGE SUBSCRIPTION
CARD HMRC SHIPLEY  REF-5148,outside_scope,HMRC SHIPLEY
DD HSBC BANK FEES 6052 ONLINE UK,exempt,HSBC BANK FEES
PAYMENT TO DELIVEROO 615 LONDON PLC,standard_rate,DELIVEROO
Pos Amazon Eu 3301 London Plc Ref-4297,standard_rate,AMAZON EU
QUICKBOOKS  ONLINE REF-2754,standard_rate,QUICKBOOKS
PAYMENT TO HMRC SHIPLEY 3287 BRISTOL REF-7729,outside_scope,HMRC SHIPLEY
iz *payroll transfer 9318 birmingham uk,outside_scope,PAYROLL TRANSFER
Sq *Tesco Express 3609  Uk,zero_rated,TESCO EXPRESS
pos aldi stores 3867 leeds direct ref-7757,zero_rated,ALDI STORES
IZ *ALDI STORES 9340  STORE,zero_rated,ALDI STORES
iz *hmrc payments 7779 leeds ref-9484,outside_scope,HMRC PAYMENTS
dd royal mail  direct,exempt,ROYAL MAIL
BOOTS UK 6867 GLASGOW REF-2099,standard_rate,BOOTS UK
PAYMENT TO SAINSBURYS 5288 BIRMINGHAM ONLINE,zero_rated,SAINSBURYS
Sq *Quickbooks  Direct,standard_rate,QUICKBOOKS
iz *adobe creative  plc,standard_rate,ADOBE CREATIVE
Card Hsbc Bank Fees Uk Ref-5596,exempt,HSBC BANK FEES
dd aviva insurance glasgow plc,exempt,AVIVA INSURANCE
SQ *ASDA SUPERMARKET  REF-7620,zero_rated,ASDA SUPERMARKET
DD ALDI STORES 345  PLC REF-7767,zero_rated,ALDI STORES
BOOTS UK ONLINE REF-9885,standard_rate,BOOTS UK
CARD OCTOPUS ENERGY 2491  STORE REF-5417,reduced_rate,OCTOPUS ENERGY
DD GOOGLE WORKSPACE 2842 LONDON PLC,standard_rate,GOOGLE WORKSPACE
iz *tesco stores uk,zero_rated,TESCO STORES
DD ALDI STORES 7287 GLASGOW UK REF-1349,zero_rated,ALDI STORES
IZ *AA BREAKDOWN 5297  ONLINE,exempt,AA BREAKDOWN
SQ *QUICKBOOKS 5931 GLASGOW,standard_rate,QUICKBOOKS
dd waterstones 9027 bristol direct ref-8360,zero_rated,WATERSTONES
DD LNER TICKETS ONLINE UK,zero_rated,LNER TICKETS
WESTMINSTER COUNCIL 673  DIRECT,outside_scope,WESTMINSTER COUNCIL
DD DELIVEROO 2050 ONLINE UK REF-8362,standard_rate,DELIVEROO
EON NEXT LEEDS LTD REF-3993,reduced_rate,EON NEXT
LINKEDIN PREMIUM GLASGOW DIRECT,standard_rate,LINKEDIN PREMIUM
westminster council 9451 online ref-4100,outside_scope,WESTMINSTER COUNCIL
PAYMENT TO QUICKBOOKS 4185 MANCHESTER,standard_rate,QUICKBOOKS
Iz *National Express 2049 Online Store,zero_rated,NATIONAL EXPRESS
SQ *WATERSTONES 1862  ONLINE REF-8033,zero_rated,WATERSTONES
sq *director drawings 8883  store,outside_scope,DIRECTOR DRAWINGS
dd tesco express 9399  uk,zero_rated,TESCO EXPRESS
CARD ASDA SUPERMARKET 4935  ONLINE,zero_rated,ASDA SUPERMARKET
CARD LINKEDIN PREMIUM  REF-4799,standard_rate,LINKEDIN PREMIUM
iz *hmrc shipley 1008,outside_scope,HMRC SHIPLEY
Pos Tfl Travel 6138  Store Ref-7843,zero_rated,TFL TRAVEL
POS INTRA ACCOUNT TRANSFER 4441  DIRECT,outside_scope,INTRA ACCOUNT TRANSFER
Dd Aldi Stores 1094 Manchester Online,zero_rated,ALDI STORES
IZ *GOOGLE WORKSPACE 7143 BIRMINGHAM LTD REF-4429,standard_rate,GOOGLE WORKSPACE
IZ *MICROSOFT 365 9916 GLASGOW ONLINE,standard_rate,MICROSOFT 365
Iz *Edf Energy Birmingham Plc Ref-9314,reduced_rate,EDF ENERGY
POS ROYAL MAIL 3161 LEEDS ONLINE,exempt,ROYAL MAIL
IZ *TRAINLINE 9782,zero_rated,TRAINLINE
DD WESTMINSTER COUNCIL 865  UK,outside_scope,WESTMINSTER COUNCIL
DD BOOTS UK 5697  DIRECT,standard_rate,BOOTS UK
trainline 6773  direct,zero_rated,TRAINLINE
PAYMENT TO BOOTS UK 4885  UK REF-2183,standard_rate,BOOTS UK
SQ *POST OFFICE 2827 LONDON PLC,exempt,POST OFFICE
IZ *BRITISH GAS 9523  ONLINE REF-6150,reduced_rate,BRITISH GAS
CARD BARCLAYS BANK BIRMINGHAM STORE,exempt,BARCLAYS BANK
POS INTRA ACCOUNT TRANSFER 8898 UK,outside_scope,INTRA ACCOUNT TRANSFER
DD SAINSBURYS ONLINE DIRECT,zero_rated,SAINSBURYS
CARD TFL TRAVEL ONLINE UK REF-4055,zero_rated,TFL TRAVEL
PAYMENT TO ROYAL MAIL 4031 BIRMINGHAM ONLINE,exempt,ROYAL MAIL
CARD LINKEDIN PREMIUM 1735 MANCHESTER LTD REF-7672,standard_rate,LINKEDIN PREMIUM
Iz *Uber Eats  Store Ref-5752,standard_rate,UBER EATS
hmrc payments 3126 glasgow online,outside_scope,HMRC PAYMENTS
POS NATIONAL EXPRESS 2698  UK REF-1124,zero_rated,NATIONAL EXPRESS
DD AMAZON EU UK PLC,standard_rate,AMAZON EU
DD NATIONAL EXPRESS 5299 MANCHESTER PLC,zero_rated,NATIONAL EXPRESS
POS MICROSOFT 365 9623 BIRMINGHAM LTD REF-4490,standard_rate,MICROSOFT 365
Iz *Linkedin Premium 9276 Glasgow Uk,standard_rate,LINKEDIN PREMIUM
pos eon next 6981  direct,reduced_rate,EON NEXT
HSBC BANK FEES 8391 BRISTOL STORE,exempt,HSBC BANK FEES
CARD EON NEXT 8084  PLC REF-8476,reduced_rate,EON NEXT
POS AMAZON EU MANCHESTER,standard_rate,AMAZON EU
Edf Energy 4125  Plc Ref-3139,reduced_rate,EDF ENERGY
CARD OCTOPUS ENERGY 6516 UK PLC,reduced_rate,OCTOPUS ENERGY
POS OCTOPUS ENERGY 3255  REF-7122,reduced_rate,OCTOPUS ENERGY
IZ *INTRA ACCOUNT TRANSFER 9990 BIRMINGHAM REF-4621,outside_scope,INTRA ACCOUNT TRANSFER
PAYMENT TO WATERSTONES 9217  DIRECT,zero_rated,WATERSTONES
CARD SAINSBURYS ONLINE STORE,zero_rated,SAINSBURYS
PAYMENT TO ALDI STORES 6485  PLC REF-4614,zero_rated,ALDI STORES
STATIONERY STATION 159 MANCHESTER LTD,standard_rate,STATIONERY STATION
PAYMENT TO AMAZON EU  UK,standard_rate,AMAZON EU
SQ *HMRC PAYMENTS 419 ONLINE LTD,outside_scope,HMRC PAYMENTS
CARD BARCLAYS BANK 2659 LONDON PLC REF-8512,exempt,BARCLAYS BANK
POS AA BREAKDOWN 7316 LONDON PLC REF-6837,exempt,AA BREAKDOWN
Pos Xero Software  Store,standard_rate,XERO SOFTWARE
PAYMENT TO PAYROLL TRANSFER 9400 LONDON UK REF-8198,outside_scope,PAYROLL TRANSFER
DELIVEROO 7157 UK STORE REF-2702,standard_rate,DELIVEROO
PAYMENT TO AMAZON KINDLE 8537 BIRMINGHAM ONLINE REF-9722,zero_rated,AMAZON KINDLE
CARD HSBC BANK FEES LEEDS ONLINE REF-8660,exempt,HSBC BANK FEES
PAYMENT TO AA BREAKDOWN 7843  STORE REF-1761,exempt,AA BREAKDOWN
DIRECTOR DRAWINGS 4088  STORE REF-5879,outside_scope,DIRECTOR DRAWINGS
card british gas 9595 leeds direct ref-5529,reduced_rate,BRITISH GAS
WATERSTONES ONLINE DIRECT,zero_rated,WATERSTONES
CARD HMRC PAYMENTS 853 ONLINE,outside_scope,HMRC PAYMENTS
pos amazon uk 7589  online ref-2817,standard_rate,AMAZON UK
POS BARCLAYS BANK 3345  PLC,exempt,BARCLAYS BANK
DD HMRC PAYMENTS 7831  DIRECT REF-7641,outside_scope,HMRC PAYMENTS
PAYMENT TO LNER TICKETS  UK REF-6476,zero_rated,LNER TICKETS
payment to amazon uk  direct,standard_rate,AMAZON UK
POS GOOGLE WORKSPACE 3670 UK ONLINE,standard_rate,GOOGLE WORKSPACE
DD EON NEXT 2123 BIRMINGHAM DIRECT,reduced_rate,EON NEXT
DD EON NEXT LONDON PLC REF-8203,reduced_rate,EON NEXT
Card Hmrc Payments 334 Glasgow Online,outside_scope,HMRC PAYMENTS
SQ *EON NEXT UK,reduced_rate,EON NEXT
IZ *BRITISH GAS 4829  DIRECT,reduced_rate,BRITISH GAS
CARD ADOBE CREATIVE 4470 LONDON STORE REF-1857,standard_rate,ADOBE CREATIVE
CARD SAINSBURYS ONLINE STORE,zero_rated,SAINSBURYS
SQ *EDF ENERGY 1797  UK REF-5815,reduced_rate,EDF ENERGY
POS INTRA ACCOUNT TRANSFER 6661 BRISTOL,outside_scope,INTRA ACCOUNT TRANSFER
DD LNER TICKETS 8342 UK UK,zero_rated,LNER TICKETS
dd xero software 356 manchester direct,standard_rate,XERO SOFTWARE
DD QUICKBOOKS 2890  STORE,standard_rate,QUICKBOOKS
POS QUICKBOOKS 1747  PLC,standard_rate,QUICKBOOKS
Pos Trainline 3290  Store,zero_rated,TRAINLINE
Sq *Sage Subscription Manchester Uk Ref-2667,standard_rate,SAGE SUBSCRIPTION
PAYMENT TO HMRC PAYMENTS ONLINE ONLINE REF-9447,outside_scope,HMRC PAYMENTS
Pos Aa Breakdown Online Ref-3479,exempt,AA BREAKDOWN
Iz *Linkedin Premium Manchester Ref-9695,standard_rate,LINKEDIN PREMIUM
Payroll Transfer 1233  Store Ref-6687,outside_scope,PAYROLL TRANSFER
POS AA BREAKDOWN LONDON PLC REF-8169,exempt,AA BREAKDOWN
PAYMENT TO XERO SOFTWARE 899 LONDON UK,standard_rate,XERO SOFTWARE
pos octopus energy online uk,reduced_rate,OCTOPUS ENERGY
Iz *Sage Subscription 2362 London Online,standard_rate,SAGE SUBSCRIPTION
PAYMENT TO TRAINLINE 4916  LTD,zero_rated,TRAINLINE
amazon eu online uk,standard_rate,AMAZON EU
DD INTRA ACCOUNT TRANSFER BRISTOL LTD REF-7280,outside_scope,INTRA ACCOUNT TRANSFER
POS LIDL GB BRISTOL LTD,zero_rated,LIDL GB
sq *aa breakdown 1291 online direct ref-2333,exempt,AA BREAKDOWN
sq *hmrc payments  ltd ref-3970,outside_scope,HMRC PAYMENTS
IZ *EON NEXT 2206 BIRMINGHAM DIRECT,reduced_rate,EON NEXT
CARD TFL TRAVEL 9297  DIRECT,zero_rated,TFL TRAVEL
CARD TESCO STORES 2340 BRISTOL PLC REF-1645,zero_rated,TESCO STORES
CARD SAGE SUBSCRIPTION 8371 LEEDS ONLINE,standard_rate,SAGE SUBSCRIPTION
POS BARCLAYS BANK 1372 LEEDS,exempt,BARCLAYS BANK
SQ *AA BREAKDOWN 800  UK,exempt,AA BREAKDOWN
PAYMENT TO AMAZON EU  DIRECT,standard_rate,AMAZON EU
CARD ADOBE CREATIVE LONDON LTD,standard_rate,ADOBE CREATIVE
SQ *LIDL GB BIRMINGHAM DIRECT REF-5742,zero_rated,LIDL GB
SQ *HSBC BANK FEES 3815 BRISTOL UK,exempt,HSBC BANK FEES
SQ *LNER TICKETS ONLINE STORE,zero_rated,LNER TICKETS
CARD POST OFFICE 7457  STORE REF-1640,exempt,POST OFFICE
DD AVIVA INSURANCE 4357 LONDON ONLINE,exempt,AVIVA INSURANCE
POS LIDL GB UK STORE,zero_rated,LIDL GB
AMAZON EU  LTD,standard_rate,AMAZON EU
Iz *Xero Software 618 Glasgow Direct,standard_rate,XERO SOFTWARE
national express 9455  direct,zero_rated,NATIONAL EXPRESS
HMRC SHIPLEY MANCHESTER,outside_scope,HMRC SHIPLEY
DD GOOGLE WORKSPACE 5654 MANCHESTER LTD,standard_rate,GOOGLE WORKSPACE
AMAZON KINDLE BRISTOL,zero_rated,AMAZON KINDLE
AMAZON UK 1258  ONLINE,standard_rate,AMAZON UK
CARD SAGE SUBSCRIPTION 8240 BIRMINGHAM PLC REF-2229,standard_rate,SAGE SUBSCRIPTION
PAYMENT TO EON NEXT 1296 BIRMINGHAM DIRECT,reduced_rate,EON NEXT
Hmrc Shipley 3617 Online Plc,outside_scope,HMRC SHIPLEY
Iz *Sainsburys 7085 Birmingham Plc Ref-4798,zero_rated,SAINSBURYS
Payment To Payroll Transfer 4047 Leeds,outside_scope,PAYROLL TRANSFER
PAYMENT TO TFL TRAVEL  PLC REF-2941,zero_rated,TFL TRAVEL
POS MICROSOFT 365 7184  PLC REF-8564,standard_rate,MICROSOFT 365
WATERSTONES 2686  UK REF-2225,zero_rated,WATERSTONES
Payroll Transfer 8002 Glasgow Online Ref-9109,outside_scope,PAYROLL TRANSFER
AMAZON KINDLE 2856  PLC REF-2573,zero_rated,AMAZON KINDLE
payroll transfer leeds plc,outside_scope,PAYROLL TRANSFER
PAYMENT TO ADOBE CREATIVE 549 UK STORE REF-1688,standard_rate,ADOBE CREATIVE
IZ *UBER EATS GLASGOW LTD REF-2368,standard_rate,UBER EATS
Card Uber Eats 6817 Uk Online,standard_rate,UBER EATS
PAYMENT TO TESCO STORES  UK REF-6753,zero_rated,TESCO STORES
Hsbc Bank Fees Uk Ltd,exempt,HSBC BANK FEES
IZ *ADOBE CREATIVE 3744  UK,standard_rate,ADOBE CREATIVE
SQ *TESCO EXPRESS 9887 GLASGOW ONLINE,zero_rated,TESCO EXPRESS
SQ *AA BREAKDOWN 904 LONDON UK REF-8867,exempt,AA BREAKDOWN
IZ *LINKEDIN PREMIUM 3013 BRISTOL LTD,standard_rate,LINKEDIN PREMIUM
IZ *BRITISH GAS 6255 ONLINE LTD,reduced_rate,BRITISH GAS
POS WATERSTONES 3893 UK DIRECT REF-4876,zero_rated,WATERSTONES
SQ *WATERSTONES BRISTOL PLC,zero_rated,WATERSTONES
Pos Post Office  Store,exempt,POST OFFICE
DD BARCLAYS BANK 2070 UK LTD,exempt,BARCLAYS BANK
DD OCTOPUS ENERGY 6274  UK REF-2649,reduced_rate,OCTOPUS ENERGY
CARD INTRA ACCOUNT TRANSFER 2327 BIRMINGHAM DIRECT,outside_scope,INTRA ACCOUNT TRANSFER
PAYMENT TO STATIONERY STATION  UK,standard_rate,STATIONERY STATION
SQ *DELIVEROO 2999  ONLINE,standard_rate,DELIVEROO
POS SAINSBURYS 426  LTD,zero_rated,SAINSBURYS
dd director drawings 5954 leeds online,outside_scope,DIRECTOR DRAWINGS
IZ *GOOGLE WORKSPACE  LTD REF-4955,standard_rate,GOOGLE WORKSPACE
Iz *British Gas 8528  Plc,reduced_rate,BRITISH GAS
IZ *HMRC SHIPLEY 3723 LONDON,outside_scope,HMRC SHIPLEY
SQ *BRITISH GAS  ONLINE REF-2862,reduced_rate,BRITISH GAS
IZ *QUICKBOOKS 4415  STORE,standard_rate,QUICKBOOKS
dd amazon uk uk uk,standard_rate,AMAZON UK
DD AMAZON KINDLE GLASGOW LTD,zero_rated,AMAZON KINDLE
SQ *NATIONAL EXPRESS 2008 UK,zero_rated,NATIONAL EXPRESS
IZ *TFL TRAVEL 6006 GLASGOW REF-8153,zero_rated,TFL TRAVEL
SQ *HSBC BANK FEES 2550 UK,exempt,HSBC BANK FEES
SQ *DELIVEROO 9417 GLASGOW STORE,standard_rate,DELIVEROO
card boots uk 3744  store,standard_rate,BOOTS UK
PAYMENT TO TRAINLINE 8050  STORE,zero_rated,TRAINLINE
DD TFL TRAVEL 397 LONDON LTD,zero_rated,TFL TRAVEL
IZ *WATERSTONES UK ONLINE REF-3051,zero_rated,WATERSTONES
CARD SAINSBURYS 9062 BIRMINGHAM PLC REF-2525,zero_rated,SAINSBURYS
dd national express 2658,zero_rated,NATIONAL EXPRESS
iz *xero software  ref-2501,standard_rate,XERO SOFTWARE
pos lner tickets 9925 leeds store ref-3674,zero_rated,LNER TICKETS
DD AA BREAKDOWN 6404 LEEDS STORE,exempt,AA BREAKDOWN
SQ *AVIVA INSURANCE 8837 ONLINE STORE REF-2681,exempt,AVIVA INSURANCE
BRITISH GAS 751 LONDON STORE REF-9844,reduced_rate,BRITISH GAS
card aa breakdown birmingham store ref-8926,exempt,AA BREAKDOWN
SQ *AMAZON EU 3105 ONLINE ONLINE REF-2565,standard_rate,AMAZON EU
PAYMENT TO DELIVEROO 1836 ONLINE UK,standard_rate,DELIVEROO
pos octopus energy 8252 bristol,reduced_rate,OCTOPUS ENERGY
Amazon Kindle  Ltd,zero_rated,AMAZON KINDLE
POS OCTOPUS ENERGY 3470 BRISTOL ONLINE,reduced_rate,OCTOPUS ENERGY
card sage subscription 3054 uk direct,standard_rate,SAGE SUBSCRIPTION
PAYMENT TO POST OFFICE LONDON DIRECT,exempt,POST OFFICE
PAYMENT TO HMRC PAYMENTS MANCHESTER STORE REF-5650,outside_scope,HMRC PAYMENTS
WATERSTONES GLASGOW ONLINE,zero_rated,WATERSTONES
card sage subscription  direct,standard_rate,SAGE SUBSCRIPTION
PAYMENT TO SAINSBURYS 1491 UK ONLINE,zero_rated,SAINSBURYS
PAYMENT TO AMAZON UK 8557 BIRMINGHAM ONLINE REF-9178,standard_rate,AMAZON UK
DD LIDL GB 3998 ONLINE REF-3740,zero_rated,LIDL GB
DD GOOGLE WORKSPACE 6532 BIRMINGHAM LTD,standard_rate,GOOGLE WORKSPACE
xero software 6123 bristol online,standard_rate,XERO SOFTWARE
CARD TESCO EXPRESS 5140  ONLINE REF-1436,zero_rated,TESCO EXPRESS
PAYMENT TO STATIONERY STATION 9026 ONLINE DIRECT,standard_rate,STATIONERY STATION
IZ *TRAINLINE 7497  LTD REF-1295,zero_rated,TRAINLINE
ALDI STORES 3189 LONDON UK,zero_rated,ALDI STORES
PAYMENT TO EON NEXT 2257 BRISTOL ONLINE,reduced_rate,EON NEXT
POS MICROSOFT 365 8553  UK REF-1545,standard_rate,MICROSOFT 365
CARD POST OFFICE,exempt,POST OFFICE
IZ *BARCLAYS BANK 2318  DIRECT,exempt,BARCLAYS BANK
Payment To Royal Mail 1333 Bristol Uk Ref-4170,exempt,ROYAL MAIL
POS TESCO STORES 4662  REF-4510,zero_rated,TESCO STORES
dd amazon eu 515  uk ref-4696,standard_rate,AMAZON EU
PAYMENT TO UBER EATS 822 UK ONLINE,standard_rate,UBER EATS
Dd Royal Mail 5452 Online Online Ref-2937,exempt,ROYAL MAIL
SQ *TESCO STORES 8267 LEEDS DIRECT REF-1845,zero_rated,TESCO STORES
POS NATIONAL EXPRESS 2552 BRISTOL LTD REF-2787,zero_rated,NATIONAL EXPRESS
POS AA BREAKDOWN 8493 GLASGOW REF-4458,exempt,AA BREAKDOWN
TESCO STORES 1246 LEEDS STORE REF-6409,zero_rated,TESCO STORES
AMAZON KINDLE BIRMINGHAM ONLINE,zero_rated,AMAZON KINDLE
IZ *ALDI STORES 8689  STORE,zero_rated,ALDI STORES
POS HMRC PAYMENTS 5986 LONDON STORE,outside_scope,HMRC PAYMENTS
Iz *Amazon Kindle 9531  Online,zero_rated,AMAZON KINDLE
Card Octopus Energy Online Plc,reduced_rate,OCTOPUS ENERGY
Tesco Express Leeds Uk Ref-7643,zero_rated,TESCO EXPRESS
IZ *UBER EATS 4721 GLASGOW LTD,standard_rate,UBER EATS
CARD UBER EATS 7943 LONDON ONLINE,standard_rate,UBER EATS
edf energy 2070 london ref-6106,reduced_rate,EDF ENERGY
PAYMENT TO ALDI STORES 4760 LONDON DIRECT,zero_rated,ALDI STORES
POS ADOBE CREATIVE 6894 GLASGOW STORE REF-3158,standard_rate,ADOBE CREATIVE
HMRC PAYMENTS 6572 LEEDS DIRECT,outside_scope,HMRC PAYMENTS
BARCLAYS BANK 4002 BRISTOL LTD REF-5579,exempt,BARCLAYS BANK
POS AMAZON EU 9985 LONDON ONLINE,standard_rate,AMAZON EU
DD ADOBE CREATIVE 9560 UK STORE,standard_rate,ADOBE CREATIVE
iz *quickbooks 7415 leeds ltd,standard_rate,QUICKBOOKS
POS HSBC BANK FEES 2024  STORE,exempt,HSBC BANK FEES
DD XERO SOFTWARE  ONLINE REF-3733,standard_rate,XERO SOFTWARE
DD INTRA ACCOUNT TRANSFER BRISTOL,outside_scope,INTRA ACCOUNT TRANSFER
SQ *AMAZON KINDLE 2249 GLASGOW STORE,zero_rated,AMAZON KINDLE
PAYMENT TO DIRECTOR DRAWINGS BRISTOL DIRECT REF-7398,outside_scope,DIRECTOR DRAWINGS
iz *barclays bank london store ref-5138,exempt,BARCLAYS BANK
card post office 7745 bristol ltd ref-6384,exempt,POST OFFICE
NATIONAL EXPRESS 506  DIRECT,zero_rated,NATIONAL EXPRESS
POS TESCO STORES 2024 MANCHESTER PLC REF-3522,zero_rated,TESCO STORES
card microsoft 365 9240  ltd,standard_rate,MICROSOFT 365
POS STATIONERY STATION 4904 GLASGOW STORE REF-6022,standard_rate,STATIONERY STATION
Sage Subscription 5554 Leeds Online Ref-3068,standard_rate,SAGE SUBSCRIPTION
payment to royal mail 1122 birmingham ltd,exempt,ROYAL MAIL
Sq *Sage Subscription Bristol,standard_rate,SAGE SUBSCRIPTION
PAYMENT TO BARCLAYS BANK LEEDS STORE,exempt,BARCLAYS BANK
PAYMENT TO POST OFFICE  DIRECT,exempt,POST OFFICE
PAYMENT TO BOOTS UK 7516,standard_rate,BOOTS UK
SQ *DELIVEROO 2151  ONLINE,standard_rate,DELIVEROO
SQ *TESCO STORES 3349 ONLINE ONLINE,zero_rated,TESCO STORES
DD OCTOPUS ENERGY 1933 MANCHESTER REF-9912,reduced_rate,OCTOPUS ENERGY
SQ *EON NEXT 8342  PLC,reduced_rate,EON NEXT
Payment To Linkedin Premium 1444  Online,standard_rate,LINKEDIN PREMIUM
PAYMENT TO BOOTS UK 6454 BRISTOL,standard_rate,BOOTS UK
Dd Director Drawings 7584,outside_scope,DIRECTOR DRAWINGS
dd edf energy 9628 glasgow store ref-9341,reduced_rate,EDF ENERGY
CARD XERO SOFTWARE  PLC REF-9898,standard_rate,XERO SOFTWARE
sq *barclays bank 7002 birmingham ltd,exempt,BARCLAYS BANK
dd microsoft 365 1101 glasgow uk ref-5625,standard_rate,MICROSOFT 365
DD BRITISH GAS 274  DIRECT,reduced_rate,BRITISH GAS
CARD SAGE SUBSCRIPTION  DIRECT REF-8805,standard_rate,SAGE SUBSCRIPTION
iz *boots uk 7809 uk ref-4495,standard_rate,BOOTS UK
SQ *SAGE SUBSCRIPTION 8886 MANCHESTER LTD,standard_rate,SAGE SUBSCRIPTION
DD STATIONERY STATION 6804 BIRMINGHAM REF-8680,standard_rate,STATIONERY STATION
PAYMENT TO PAYROLL TRANSFER 8899 LONDON,outside_scope,PAYROLL TRANSFER
POS BARCLAYS BANK UK ONLINE,exempt,BARCLAYS BANK
CARD ALDI STORES 8051  ONLINE REF-5828,zero_rated,ALDI STORES
CARD TRAINLINE 786,zero_rated,TRAINLINE
SQ *ADOBE CREATIVE 9547 BIRMINGHAM,standard_rate,ADOBE CREATIVE
SQ *STATIONERY STATION 7883  REF-3643,standard_rate,STATIONERY STATION
PAYMENT TO AMAZON UK 2754 GLASGOW REF-5627,standard_rate,AMAZON UK
DD ASDA SUPERMARKET GLASGOW LTD,zero_rated,ASDA SUPERMARKET
iz *adobe creative 1450 uk direct ref-5082,standard_rate,ADOBE CREATIVE
Dd Quickbooks Glasgow Plc Ref-2142,standard_rate,QUICKBOOKS
Iz *Amazon Kindle London Plc Ref-5937,zero_rated,AMAZON KINDLE
iz *barclays bank 1072,exempt,BARCLAYS BANK
SQ *STATIONERY STATION 842  STORE,standard_rate,STATIONERY STATION
PAYMENT TO BRITISH GAS 7162  LTD,reduced_rate,BRITISH GAS
CARD ROYAL MAIL 4975  ONLINE,exempt,ROYAL MAIL
DD LINKEDIN PREMIUM BIRMINGHAM PLC REF-3726,standard_rate,LINKEDIN PREMIUM
DD UBER EATS LONDON DIRECT,standard_rate,UBER EATS
CARD GOOGLE WORKSPACE 936 GLASGOW UK,standard_rate,GOOGLE WORKSPACE
IZ *TESCO EXPRESS 4301  LTD REF-4505,zero_rated,TESCO EXPRESS
DD BOOTS UK 2200 GLASGOW REF-1456,standard_rate,BOOTS UK
IZ *AA BREAKDOWN 3975 LEEDS ONLINE,exempt,AA BREAKDOWN
CARD TRAINLINE MANCHESTER UK,zero_rated,TRAINLINE
CARD BARCLAYS BANK LEEDS,exempt,BARCLAYS BANK
DD EDF ENERGY 1089  LTD REF-8046,reduced_rate,EDF ENERGY
GOOGLE WORKSPACE 9210  PLC,standard_rate,GOOGLE WORKSPACE
payment to westminster council 7154 birmingham,outside_scope,WESTMINSTER COUNCIL
POS GOOGLE WORKSPACE 3201 LEEDS ONLINE,standard_rate,GOOGLE WORKSPACE
google workspace 593  store ref-2832,standard_rate,GOOGLE WORKSPACE
CARD MICROSOFT 365 2096 UK PLC,standard_rate,MICROSOFT 365
IZ *QUICKBOOKS 9660  LTD,standard_rate,QUICKBOOKS
CARD AMAZON UK 9414,standard_rate,AMAZON UK
IZ *XERO SOFTWARE 2644  DIRECT,standard_rate,XERO SOFTWARE
EON NEXT 2712 LEEDS PLC REF-7406,reduced_rate,EON NEXT
IZ *AMAZON KINDLE 2022 LEEDS LTD,zero_rated,AMAZON KINDLE
Pos Boots Uk Glasgow Online Ref-6276,standard_rate,BOOTS UK
POS ADOBE CREATIVE 9539  LTD,standard_rate,ADOBE CREATIVE
payment to uber eats birmingham online,standard_rate,UBER EATS
POS INTRA ACCOUNT TRANSFER 5779 BIRMINGHAM ONLINE,outside_scope,INTRA ACCOUNT TRANSFER
stationery station 3970  uk ref-1587,standard_rate,STATIONERY STATION
Pos Trainline Glasgow Direct Ref-1423,zero_rated,TRAINLINE
POS QUICKBOOKS,standard_rate,QUICKBOOKS
CARD AMAZON UK 4062  UK,standard_rate,AMAZON UK
DIRECTOR DRAWINGS 437,outside_scope,DIRECTOR DRAWINGS
IZ *AMAZON KINDLE UK STORE,zero_rated,AMAZON KINDLE
PAYMENT TO DELIVEROO  LTD,standard_rate,DELIVEROO
CARD BRITISH GAS 8669 GLASGOW LTD,reduced_rate,BRITISH GAS
IZ *BRITISH GAS 7314  LTD,reduced_rate,BRITISH GAS
sq *lidl gb 6262  ltd ref-1256,zero_rated,LIDL GB
sq *sainsburys 7601 glasgow direct ref-5873,zero_rated,SAINSBURYS
dd tesco stores 6094  plc,zero_rated,TESCO STORES
CARD TESCO EXPRESS BIRMINGHAM ONLINE,zero_rated,TESCO EXPRESS
IZ *BRITISH GAS 5257 MANCHESTER STORE REF-1628,reduced_rate,BRITISH GAS
amazon uk  plc ref-5248,standard_rate,AMAZON UK
pos sainsburys uk plc ref-2975,zero_rated,SAINSBURYS
Pos Post Office,exempt,POST OFFICE
IZ *LIDL GB 3538  UK,zero_rated,LIDL GB
SQ *LINKEDIN PREMIUM 4819  DIRECT,standard_rate,LINKEDIN PREMIUM
Pos Barclays Bank 6405 Manchester Direct Ref-3809,exempt,BARCLAYS BANK
HSBC BANK FEES  STORE,exempt,HSBC BANK FEES
CARD INTRA ACCOUNT TRANSFER 4534 BIRMINGHAM ONLINE,outside_scope,INTRA ACCOUNT TRANSFER
POS MICROSOFT 365 2534  ONLINE,standard_rate,MICROSOFT 365
CARD WATERSTONES 653 MANCHESTER UK REF-5146,zero_rated,WATERSTONES
Iz *Barclays Bank  Ltd,exempt,BARCLAYS BANK
DD WESTMINSTER COUNCIL 6006 MANCHESTER ONLINE,outside_scope,WESTMINSTER COUNCIL
PAYMENT TO ROYAL MAIL 2292 BIRMINGHAM UK,exempt,ROYAL MAIL
EDF ENERGY  LTD,reduced_rate,EDF ENERGY
CARD QUICKBOOKS  ONLINE,standard_rate,QUICKBOOKS
barclays bank 6747 glasgow ltd,exempt,BARCLAYS BANK
IZ *INTRA ACCOUNT TRANSFER LONDON REF-3148,outside_scope,INTRA ACCOUNT TRANSFER
IZ *STATIONERY STATION 2396  STORE,standard_rate,STATIONERY STATION
IZ *AVIVA INSURANCE 4131 MANCHESTER PLC,exempt,AVIVA INSURANCE
Payment To Google Workspace 5020 Online Uk Ref-7202,standard_rate,GOOGLE WORKSPACE
IZ *TFL TRAVEL 4697 BIRMINGHAM UK,zero_rated,TFL TRAVEL
POS POST OFFICE 2594 MANCHESTER STORE REF-3275,exempt,POST OFFICE
payment to tesco stores  online,zero_rated,TESCO STORES
CARD TESCO STORES 7006 BRISTOL,zero_rated,TESCO STORES
CARD LIDL GB LONDON,zero_rated,LIDL GB
DD LNER TICKETS 519  ONLINE,zero_rated,LNER TICKETS
SQ *BARCLAYS BANK 9032  DIRECT REF-1556,exempt,BARCLAYS BANK
DD AVIVA INSURANCE 139 UK UK REF-8960,exempt,AVIVA INSURANCE
Lidl Gb  Online Ref-3359,zero_rated,LIDL GB
CARD WESTMINSTER COUNCIL 5090 UK STORE,outside_scope,WESTMINSTER COUNCIL
DELIVEROO 8476 BIRMINGHAM LTD,standard_rate,DELIVEROO
SQ *BARCLAYS BANK 3926 LONDON ONLINE,exempt,BARCLAYS BANK
PAYMENT TO TRAINLINE LONDON LTD,zero_rated,TRAINLINE
POST OFFICE 1419  STORE REF-1984,exempt,POST OFFICE
SQ *ROYAL MAIL 8941 LONDON LTD,exempt,ROYAL MAIL
CARD HMRC SHIPLEY ONLINE REF-4374,outside_scope,HMRC SHIPLEY
POST OFFICE 1894 MANCHESTER ONLINE,exempt,POST OFFICE
XERO SOFTWARE 9596 ONLINE,standard_rate,XERO SOFTWARE
iz *payroll transfer 9677 leeds store,outside_scope,PAYROLL TRANSFER
Pos Amazon Uk  Online,standard_rate,AMAZON UK
TRAINLINE 3569  DIRECT,zero_rated,TRAINLINE
DD QUICKBOOKS 3069  UK REF-3874,standard_rate,QUICKBOOKS
Dd National Express  Ltd Ref-4513,zero_rated,NATIONAL EXPRESS
deliveroo 6818  uk,standard_rate,DELIVEROO
Amazon Kindle 1576 Online Ltd Ref-2256,zero_rated,AMAZON KINDLE
PAYMENT TO LNER TICKETS 8051 MANCHESTER STORE REF-2190,zero_rated,LNER TICKETS
Uber Eats  Store Ref-6607,standard_rate,UBER EATS
HMRC SHIPLEY 5472  STORE,outside_scope,HMRC SHIPLEY
PAYMENT TO AMAZON EU 7997 ONLINE DIRECT,standard_rate,AMAZON EU
SQ *HMRC SHIPLEY  PLC,outside_scope,HMRC SHIPLEY
DD INTRA ACCOUNT TRANSFER 6864  DIRECT REF-3713,outside_scope,INTRA ACCOUNT TRANSFER
Sq *Sainsburys London Direct,zero_rated,SAINSBURYS
DD WATERSTONES 4705  UK REF-2685,zero_rated,WATERSTONES
HSBC BANK FEES 1263  LTD,exempt,HSBC BANK FEES
IZ *XERO SOFTWARE 3519 ONLINE ONLINE,standard_rate,XERO SOFTWARE
DELIVEROO 9666,standard_rate,DELIVEROO
dd amazon eu 6811 manchester,standard_rate,AMAZON EU
DELIVEROO 7566 LEEDS DIRECT,standard_rate,DELIVEROO
CARD BOOTS UK 9808 BRISTOL REF-1841,standard_rate,BOOTS UK
DD MICROSOFT 365 BIRMINGHAM DIRECT,standard_rate,MICROSOFT 365
Dd Waterstones Online Ltd,zero_rated,WATERSTONES
POS NATIONAL EXPRESS  DIRECT,zero_rated,NATIONAL EXPRESS
IZ *UBER EATS 5117 ONLINE PLC,standard_rate,UBER EATS
CARD BARCLAYS BANK 9982 BIRMINGHAM DIRECT REF-9981,exempt,BARCLAYS BANK
Pos Post Office 7341 Online Store,exempt,POST OFFICE
DD STATIONERY STATION 2020  LTD,standard_rate,STATIONERY STATION
Pos Microsoft 365 735 Manchester Plc,standard_rate,MICROSOFT 365
IZ *BRITISH GAS 7943 BIRMINGHAM PLC REF-2258,reduced_rate,BRITISH GAS
PAYROLL TRANSFER 5194  UK REF-4211,outside_scope,PAYROLL TRANSFER
Sq *Adobe Creative  Online Ref-3719,standard_rate,ADOBE CREATIVE
SQ *OCTOPUS ENERGY 4544  ONLINE REF-9413,reduced_rate,OCTOPUS ENERGY
PAYMENT TO PAYROLL TRANSFER 5501  STORE,outside_scope,PAYROLL TRANSFER
SQ *HSBC BANK FEES 9884 LONDON UK REF-4400,exempt,HSBC BANK FEES
SQ *HSBC BANK FEES 2679  STORE REF-6536,exempt,HSBC BANK FEES
CARD INTRA ACCOUNT TRANSFER 4843 GLASGOW UK,outside_scope,INTRA ACCOUNT TRANSFER
CARD HMRC SHIPLEY 4998 LONDON,outside_scope,HMRC SHIPLEY
Payment To Director Drawings  Uk,outside_scope,DIRECTOR DRAWINGS
IZ *TESCO STORES 1239 GLASGOW STORE,zero_rated,TESCO STORES
Lner Tickets 157 Online Ltd,zero_rated,LNER TICKETS
Sq *Aldi Stores 7097 Glasgow Direct Ref-3733,zero_rated,ALDI STORES
POS EDF ENERGY 791 LEEDS LTD,reduced_rate,EDF ENERGY
PAYMENT TO HMRC SHIPLEY BIRMINGHAM STORE,outside_scope,HMRC SHIPLEY
Iz *Aviva Insurance Online Uk,exempt,AVIVA INSURANCE
XERO SOFTWARE 1788  UK,standard_rate,XERO SOFTWARE
card payroll transfer 6135 manchester,outside_scope,PAYROLL TRANSFER
payment to adobe creative glasgow ltd,standard_rate,ADOBE CREATIVE
POS TFL TRAVEL 4438  REF-4201,zero_rated,TFL TRAVEL
Card Quickbooks Leeds Store,standard_rate,QUICKBOOKS
POS AVIVA INSURANCE 5252 BRISTOL DIRECT,exempt,AVIVA INSURANCE
AMAZON EU  LTD,standard_rate,AMAZON EU
IZ *ADOBE CREATIVE 6780  STORE,standard_rate,ADOBE CREATIVE
TRAINLINE 7143,zero_rated,TRAINLINE
DD WATERSTONES 2958 ONLINE UK REF-6764,zero_rated,WATERSTONES
Sq *Hmrc Shipley 8882 Online Direct Ref-7882,outside_scope,HMRC SHIPLEY
edf energy 8205  ltd,reduced_rate,EDF ENERGY
PAYMENT TO HMRC PAYMENTS 119 BIRMINGHAM UK REF-4095,outside_scope,HMRC PAYMENTS
POS OCTOPUS ENERGY LONDON UK,reduced_rate,OCTOPUS ENERGY
SQ *DIRECTOR DRAWINGS 2947 MANCHESTER UK,outside_scope,DIRECTOR DRAWINGS
POS HMRC PAYMENTS 4271  LTD,outside_scope,HMRC PAYMENTS
PAYMENT TO TFL TRAVEL 1558 BRISTOL STORE,zero_rated,TFL TRAVEL
LNER TICKETS 5523  PLC REF-6006,zero_rated,LNER TICKETS
IZ *STATIONERY STATION  LTD REF-1592,standard_rate,STATIONERY STATION
Payment To Amazon Eu 5229 Glasgow Online Ref-8025,standard_rate,AMAZON EU
POS WATERSTONES 1853  LTD,zero_rated,WATERSTONES
SAGE SUBSCRIPTION 5799 ONLINE LTD REF-1484,standard_rate,SAGE SUBSCRIPTION
aviva insurance 4236  ltd,exempt,AVIVA INSURANCE
CARD HMRC SHIPLEY 8179 UK UK,outside_scope,HMRC SHIPLEY
IZ *WESTMINSTER COUNCIL 2663 LONDON UK REF-7119,outside_scope,WESTMINSTER COUNCIL
CARD TESCO EXPRESS 1039 BRISTOL STORE,zero_rated,TESCO EXPRESS
UBER EATS 1093 LEEDS DIRECT REF-3912,standard_rate,UBER EATS
tesco stores 3978 birmingham direct ref-3900,zero_rated,TESCO STORES
payment to asda supermarket 1443  store ref-3293,zero_rated,ASDA SUPERMARKET
Amazon Kindle 9680 Manchester,zero_rated,AMAZON KINDLE
payment to payroll transfer 7635  uk,outside_scope,PAYROLL TRANSFER
dd stationery station  ref-5679,standard_rate,STATIONERY STATION
IZ *AA BREAKDOWN MANCHESTER,exempt,AA BREAKDOWN
SQ *NATIONAL EXPRESS BIRMINGHAM ONLINE,zero_rated,NATIONAL EXPRESS
CARD GOOGLE WORKSPACE  ONLINE REF-4609,standard_rate,GOOGLE WORKSPACE
SQ *TESCO EXPRESS BRISTOL UK REF-4920,zero_rated,TESCO EXPRESS
payment to amazon eu 791  uk,standard_rate,AMAZON EU
Dd National Express 2065  Ltd Ref-9393,zero_rated,NATIONAL EXPRESS
Pos Director Drawings 249  Online Ref-1354,outside_scope,DIRECTOR DRAWINGS
IZ *EDF ENERGY 5388 BIRMINGHAM STORE REF-3030,reduced_rate,EDF ENERGY
DD SAINSBURYS  DIRECT REF-7745,zero_rated,SAINSBURYS
PAYMENT TO EON NEXT 5709  DIRECT,reduced_rate,EON NEXT
BRITISH GAS 6418  PLC,reduced_rate,BRITISH GAS
iz *linkedin premium  online,standard_rate,LINKEDIN PREMIUM
royal mail  plc,exempt,ROYAL MAIL
BARCLAYS BANK 1495 BIRMINGHAM UK,exempt,BARCLAYS BANK
IZ *WESTMINSTER COUNCIL 3028  LTD,outside_scope,WESTMINSTER COUNCIL
payment to british gas 1681  store,reduced_rate,BRITISH GAS
ROYAL MAIL 468 BIRMINGHAM DIRECT,exempt,ROYAL MAIL
CARD LINKEDIN PREMIUM 2200  DIRECT,standard_rate,LINKEDIN PREMIUM
POS TESCO EXPRESS 4872 LEEDS ONLINE,zero_rated,TESCO EXPRESS
Amazon Uk 4717 Leeds Store,standard_rate,AMAZON UK
CARD AMAZON KINDLE 2617 LEEDS UK,zero_rated,AMAZON KINDLE
SQ *HMRC SHIPLEY 3130  DIRECT REF-4869,outside_scope,HMRC SHIPLEY
Payment To Westminster Council 940  Store,outside_scope,WESTMINSTER COUNCIL
SQ *EDF ENERGY 885 BIRMINGHAM ONLINE,reduced_rate,EDF ENERGY
POS LNER TICKETS BIRMINGHAM ONLINE,zero_rated,LNER TICKETS
DD AA BREAKDOWN 9058 GLASGOW PLC,exempt,AA BREAKDOWN
CARD LINKEDIN PREMIUM 9933 LEEDS,standard_rate,LINKEDIN PREMIUM
payment to amazon uk 4286  direct,standard_rate,AMAZON UK
IZ *EON NEXT 4216  STORE REF-2361,reduced_rate,EON NEXT
DD OCTOPUS ENERGY  ONLINE,reduced_rate,OCTOPUS ENERGY
DD ROYAL MAIL UK STORE REF-3430,exempt,ROYAL MAIL
CARD SAINSBURYS  DIRECT,zero_rated,SAINSBURYS
DD AVIVA INSURANCE  UK REF-1460,exempt,AVIVA INSURANCE
PAYMENT TO GOOGLE WORKSPACE 1929  UK REF-8825,standard_rate,GOOGLE WORKSPACE
DD ADOBE CREATIVE BRISTOL PLC,standard_rate,ADOBE CREATIVE
CARD LNER TICKETS 4269  LTD,zero_rated,LNER TICKETS
Sq *Eon Next 1920  Plc,reduced_rate,EON NEXT
SQ *MICROSOFT 365 6852 MANCHESTER LTD,standard_rate,MICROSOFT 365
xero software 8379  uk ref-7346,standard_rate,XERO SOFTWARE
iz *linkedin premium 1435  uk,standard_rate,LINKEDIN PREMIUM
DD BOOTS UK 5090 BIRMINGHAM UK REF-7241,standard_rate,BOOTS UK
iz *intra account transfer 650 birmingham ltd ref-7415,outside_scope,INTRA ACCOUNT TRANSFER
SQ *BARCLAYS BANK 3510 BRISTOL REF-5023,exempt,BARCLAYS BANK
CARD ADOBE CREATIVE 8019 ONLINE LTD REF-1453,standard_rate,ADOBE CREATIVE
POS STATIONERY STATION 5587  LTD REF-2754,standard_rate,STATIONERY STATION
PAYMENT TO EON NEXT 9902  PLC,reduced_rate,EON NEXT
PAYMENT TO PAYROLL TRANSFER 6134 LONDON PLC REF-4170,outside_scope,PAYROLL TRANSFER
pos lner tickets uk plc ref-3574,zero_rated,LNER TICKETS
Payment To Waterstones 9883,zero_rated,WATERSTONES
IZ *TESCO EXPRESS BRISTOL ONLINE,zero_rated,TESCO EXPRESS
SQ *LIDL GB 8987  LTD,zero_rated,LIDL GB
DD HMRC SHIPLEY BIRMINGHAM REF-9827,outside_scope,HMRC SHIPLEY
POS BARCLAYS BANK 2928 BIRMINGHAM,exempt,BARCLAYS BANK
DD WESTMINSTER COUNCIL 9874,outside_scope,WESTMINSTER COUNCIL
iz *aa breakdown 3331  ltd,exempt,AA BREAKDOWN
Octopus Energy  Uk,reduced_rate,OCTOPUS ENERGY
INTRA ACCOUNT TRANSFER 7596 UK UK,outside_scope,INTRA ACCOUNT TRANSFER
CARD BOOTS UK 4802 GLASGOW DIRECT REF-4175,standard_rate,BOOTS UK
CARD OCTOPUS ENERGY 7396  UK REF-2465,reduced_rate,OCTOPUS ENERGY
SQ *UBER EATS 9256 UK DIRECT,standard_rate,UBER EATS
SQ *HMRC SHIPLEY 7331  DIRECT,outside_scope,HMRC SHIPLEY
SQ *TESCO STORES UK LTD REF-6038,zero_rated,TESCO STORES
Iz *Tesco Stores  Ltd,zero_rated,TESCO STORES
IZ *TRAINLINE 2678 GLASGOW STORE REF-9730,zero_rated,TRAINLINE
IZ *WATERSTONES 8867  LTD REF-8616,zero_rated,WATERSTONES
sq *hmrc shipley 7175 uk plc,outside_scope,HMRC SHIPLEY
Pos Stationery Station 8427 Bristol Online Ref-1618,standard_rate,STATIONERY STATION
PAYMENT TO ROYAL MAIL 1755 GLASGOW LTD REF-3015,exempt,ROYAL MAIL
IZ *SAGE SUBSCRIPTION 4594  UK,standard_rate,SAGE SUBSCRIPTION
PAYMENT TO SAINSBURYS 7267 MANCHESTER STORE REF-4909,zero_rated,SAINSBURYS
CARD HMRC SHIPLEY 2297 LONDON STORE REF-8317,outside_scope,HMRC SHIPLEY
Xero Software 7145  Direct,standard_rate,XERO SOFTWARE
SQ *INTRA ACCOUNT TRANSFER 9793  UK REF-4246,outside_scope,INTRA ACCOUNT TRANSFER
EDF ENERGY 8596 LEEDS DIRECT,reduced_rate,EDF ENERGY
PAYMENT TO LINKEDIN PREMIUM 2304 GLASGOW UK,standard_rate,LINKEDIN PREMIUM
IZ *HMRC PAYMENTS,outside_scope,HMRC PAYMENTS
LIDL GB 7334  DIRECT REF-2692,zero_rated,LIDL GB
SQ *BRITISH GAS  PLC,reduced_rate,BRITISH GAS
PAYMENT TO MICROSOFT 365 1117 LEEDS PLC REF-8624,standard_rate,MICROSOFT 365
EDF ENERGY 5873  UK REF-5074,reduced_rate,EDF ENERGY
IZ *NATIONAL EXPRESS  UK REF-6997,zero_rated,NATIONAL EXPRESS
Card Aviva Insurance 6884 Birmingham Online Ref-5682,exempt,AVIVA INSURANCE
sq *director drawings 3479 glasgow uk ref-6460,outside_scope,DIRECTOR DRAWINGS
Google Workspace 2002 Online Online,standard_rate,GOOGLE WORKSPACE
HMRC SHIPLEY  ONLINE REF-8772,outside_scope,HMRC SHIPLEY
AVIVA INSURANCE GLASGOW REF-4510,exempt,AVIVA INSURANCE
IZ *WESTMINSTER COUNCIL 7206 LONDON LTD,outside_scope,WESTMINSTER COUNCIL
IZ *ADOBE CREATIVE 4948 ONLINE UK REF-9246,standard_rate,ADOBE CREATIVE
QUICKBOOKS 7624 BRISTOL ONLINE REF-5875,standard_rate,QUICKBOOKS
IZ *DELIVEROO,standard_rate,DELIVEROO
Payment To Intra Account Transfer 1427  Online Ref-9707,outside_scope,INTRA ACCOUNT TRANSFER
Microsoft 365 2728 Leeds Uk Ref-3146,standard_rate,MICROSOFT 365
DD HMRC PAYMENTS 7825  LTD REF-1871,outside_scope,HMRC PAYMENTS
SQ *ASDA SUPERMARKET 3254 BRISTOL DIRECT,zero_rated,ASDA SUPERMARKET
Amazon Eu Manchester Plc Ref-3750,standard_rate,AMAZON EU
Dd Amazon Kindle  Uk,zero_rated,AMAZON KINDLE
Sq *Aviva Insurance 7412 Online Online Ref-8500,exempt,AVIVA INSURANCE
dd amazon kindle 2288  ref-1976,zero_rated,AMAZON KINDLE
Payment To Xero Software 8523 Online Store,standard_rate,XERO SOFTWARE
DD XERO SOFTWARE BIRMINGHAM ONLINE REF-9009,standard_rate,XERO SOFTWARE
SQ *ALDI STORES BRISTOL PLC REF-2823,zero_rated,ALDI STORES
Iz *Royal Mail  Direct,exempt,ROYAL MAIL
IZ *HMRC PAYMENTS  DIRECT REF-4278,outside_scope,HMRC PAYMENTS
iz *edf energy 6488 glasgow ref-7091,reduced_rate,EDF ENERGY
DD HMRC SHIPLEY MANCHESTER LTD,outside_scope,HMRC SHIPLEY
PAYMENT TO GOOGLE WORKSPACE  STORE REF-1447,standard_rate,GOOGLE WORKSPACE
PAYMENT TO WATERSTONES 4971  STORE,zero_rated,WATERSTONES
IZ *UBER EATS 5404 GLASGOW,standard_rate,UBER EATS
pos hsbc bank fees 3816 manchester online ref-6287,exempt,HSBC BANK FEES
CARD DIRECTOR DRAWINGS 2281 UK UK,outside_scope,DIRECTOR DRAWINGS
DD LIDL GB MANCHESTER UK,zero_rated,LIDL GB
PAYMENT TO WESTMINSTER COUNCIL 4663  ONLINE REF-2038,outside_scope,WESTMINSTER COUNCIL
DD BRITISH GAS 7056 BRISTOL DIRECT,reduced_rate,BRITISH GAS
IZ *TRAINLINE 4176 MANCHESTER PLC,zero_rated,TRAINLINE
PAYMENT TO GOOGLE WORKSPACE 1805,standard_rate,GOOGLE WORKSPACE
QUICKBOOKS  STORE,standard_rate,QUICKBOOKS
dd waterstones 1028 bristol,zero_rated,WATERSTONES
CARD HSBC BANK FEES,exempt,HSBC BANK FEES
IZ *ALDI STORES 1594,zero_rated,ALDI STORES
DD MICROSOFT 365 5784  REF-7033,standard_rate,MICROSOFT 365
POS QUICKBOOKS 4378 LEEDS ONLINE,standard_rate,QUICKBOOKS
Card Tfl Travel 3665 Manchester Plc Ref-9668,zero_rated,TFL TRAVEL
CARD EDF ENERGY 6244 BIRMINGHAM STORE,reduced_rate,EDF ENERGY
SQ *LINKEDIN PREMIUM 4474  UK,standard_rate,LINKEDIN PREMIUM
DD AMAZON EU  REF-3248,standard_rate,AMAZON EU
INTRA ACCOUNT TRANSFER 4243 ONLINE PLC,outside_scope,INTRA ACCOUNT TRANSFER
AA BREAKDOWN 6393 ONLINE REF-5844,exempt,AA BREAKDOWN
card national express 6571 uk online ref-9670,zero_rated,NATIONAL EXPRESS
PAYMENT TO AMAZON EU 7047 LONDON ONLINE REF-4970,standard_rate,AMAZON EU
SQ *OCTOPUS ENERGY 606 MANCHESTER UK,reduced_rate,OCTOPUS ENERGY
POS TESCO EXPRESS 8724 GLASGOW UK,zero_rated,TESCO EXPRESS
POS BRITISH GAS BRISTOL UK,reduced_rate,BRITISH GAS
SQ *DIRECTOR DRAWINGS MANCHESTER LTD REF-8155,outside_scope,DIRECTOR DRAWINGS
Dd Asda Supermarket 9370  Direct Ref-3395,zero_rated,ASDA SUPERMARKET
TRAINLINE GLASGOW LTD,zero_rated,TRAINLINE
POS WATERSTONES ONLINE LTD,zero_rated,WATERSTONES
PAYMENT TO LIDL GB 9515 BRISTOL DIRECT,zero_rated,LIDL GB
Card Linkedin Premium 2827  Uk Ref-4701,standard_rate,LINKEDIN PREMIUM
IZ *NATIONAL EXPRESS 7292 LEEDS PLC REF-7792,zero_rated,NATIONAL EXPRESS
POS STATIONERY STATION 5660,standard_rate,STATIONERY STATION
pos edf energy 2005 leeds ltd ref-1077,reduced_rate,EDF ENERGY
PAYMENT TO TESCO STORES 9055 UK UK,zero_rated,TESCO STORES
Card Tesco Express 6028 Uk Plc,zero_rated,TESCO EXPRESS
iz *aa breakdown leeds plc,exempt,AA BREAKDOWN
ADOBE CREATIVE 2086  REF-7427,standard_rate,ADOBE CREATIVE
iz *quickbooks manchester direct,standard_rate,QUICKBOOKS
CARD TFL TRAVEL 3774 MANCHESTER DIRECT,zero_rated,TFL TRAVEL
SQ *LINKEDIN PREMIUM 8862  PLC REF-3602,standard_rate,LINKEDIN PREMIUM
IZ *XERO SOFTWARE GLASGOW DIRECT,standard_rate,XERO SOFTWARE
payment to tfl travel glasgow online ref-4407,zero_rated,TFL TRAVEL
LINKEDIN PREMIUM 3203  LTD,standard_rate,LINKEDIN PREMIUM
OCTOPUS ENERGY 2610 LEEDS PLC REF-9883,reduced_rate,OCTOPUS ENERGY
Dd Aldi Stores 5393  Direct,zero_rated,ALDI STORES
CARD EDF ENERGY  STORE,reduced_rate,EDF ENERGY
POS HMRC SHIPLEY  LTD,outside_scope,HMRC SHIPLEY
CARD TFL TRAVEL 9742  PLC REF-5353,zero_rated,TFL TRAVEL
CARD TRAINLINE LEEDS LTD,zero_rated,TRAINLINE
Sq *Uber Eats  Direct,standard_rate,UBER EATS
NATIONAL EXPRESS 4624 MANCHESTER DIRECT REF-2474,zero_rated,NATIONAL EXPRESS
payment to waterstones glasgow store ref-9174,zero_rated,WATERSTONES
IZ *SAINSBURYS 1233 BRISTOL PLC REF-7703,zero_rated,SAINSBURYS
IZ *LINKEDIN PREMIUM 2273 GLASGOW,standard_rate,LINKEDIN PREMIUM
Dd Lner Tickets 7399  Store Ref-5533,zero_rated,LNER TICKETS
DD ALDI STORES 5399 BIRMINGHAM,zero_rated,ALDI STORES
DD DIRECTOR DRAWINGS  DIRECT REF-9152,outside_scope,DIRECTOR DRAWINGS
sq *amazon uk 6176  store,standard_rate,AMAZON UK
PAYMENT TO PAYROLL TRANSFER 1823  STORE,outside_scope,PAYROLL TRANSFER
sq *microsoft 365 2661 birmingham store ref-9726,standard_rate,MICROSOFT 365
EDF ENERGY 1067 GLASGOW UK,reduced_rate,EDF ENERGY
payment to google workspace 7487  ltd,standard_rate,GOOGLE WORKSPACE
DELIVEROO 7012  UK,standard_rate,DELIVEROO
pos amazon kindle 6147  online,zero_rated,AMAZON KINDLE
PAYMENT TO UBER EATS 3686,standard_rate,UBER EATS
POS AVIVA INSURANCE 2533 UK ONLINE REF-2230,exempt,AVIVA INSURANCE
ALDI STORES  ONLINE REF-6316,zero_rated,ALDI STORES
CARD EON NEXT 8083 ONLINE LTD REF-4680,reduced_rate,EON NEXT
CARD XERO SOFTWARE 7207 UK UK,standard_rate,XERO SOFTWARE
PAYMENT TO DIRECTOR DRAWINGS 238 ONLINE PLC,outside_scope,DIRECTOR DRAWINGS
Payment To Asda Supermarket 9541  Uk Ref-9021,zero_rated,ASDA SUPERMARKET
DD HSBC BANK FEES LONDON PLC REF-8019,exempt,HSBC BANK FEES
IZ *MICROSOFT 365 9301  PLC REF-4389,standard_rate,MICROSOFT 365
HSBC BANK FEES BIRMINGHAM LTD,exempt,HSBC BANK FEES
SQ *ADOBE CREATIVE 6946 ONLINE LTD,standard_rate,ADOBE CREATIVE
payment to aviva insurance leeds uk ref-7080,exempt,AVIVA INSURANCE
payment to boots uk 1198 london store,standard_rate,BOOTS UK
IZ *AMAZON EU 949 LONDON STORE REF-6292,standard_rate,AMAZON EU
DD UBER EATS  ONLINE REF-5088,standard_rate,UBER EATS
PAYMENT TO ALDI STORES 7979 BIRMINGHAM STORE,zero_rated,ALDI STORES
DD AMAZON KINDLE 1788 LEEDS ONLINE REF-9230,zero_rated,AMAZON KINDLE
SQ *MICROSOFT 365 9117 BIRMINGHAM REF-5494,standard_rate,MICROSOFT 365
IZ *BRITISH GAS 9284 LONDON ONLINE,reduced_rate,BRITISH GAS
TFL TRAVEL 5895 BIRMINGHAM PLC,zero_rated,TFL TRAVEL
DD MICROSOFT 365 LONDON UK REF-9044,standard_rate,MICROSOFT 365
GOOGLE WORKSPACE 9838 UK STORE,standard_rate,GOOGLE WORKSPACE
Sq *Tesco Stores 4150 Uk Direct Ref-5543,zero_rated,TESCO STORES
Card Linkedin Premium 6025 London Direct,standard_rate,LINKEDIN PREMIUM
card payroll transfer 6837 birmingham plc,outside_scope,PAYROLL TRANSFER
IZ *NATIONAL EXPRESS GLASGOW PLC REF-5817,zero_rated,NATIONAL EXPRESS
card microsoft 365 2614 uk ltd,standard_rate,MICROSOFT 365
IZ *DIRECTOR DRAWINGS 577 LEEDS UK,outside_scope,DIRECTOR DRAWINGS
pos lidl gb uk direct,zero_rated,LIDL GB
Dd Amazon Kindle 3536 Bristol Direct,zero_rated,AMAZON KINDLE
DD EON NEXT 6050 BRISTOL DIRECT REF-6206,reduced_rate,EON NEXT
CARD BOOTS UK 1445  REF-5634,standard_rate,BOOTS UK
PAYMENT TO POST OFFICE 1338  STORE REF-9120,exempt,POST OFFICE
DD HMRC PAYMENTS 6498 BRISTOL UK REF-6658,outside_scope,HMRC PAYMENTS
IZ *NATIONAL EXPRESS 3849 LONDON STORE REF-2943,zero_rated,NATIONAL EXPRESS
SQ *HSBC BANK FEES GLASGOW DIRECT,exempt,HSBC BANK FEES
Dd Google Workspace 3312 Birmingham Uk Ref-6717,standard_rate,GOOGLE WORKSPACE
PAYMENT TO LNER TICKETS 6213  LTD,zero_rated,LNER TICKETS
pos payroll transfer  direct ref-3027,outside_scope,PAYROLL TRANSFER
Royal Mail  Direct,exempt,ROYAL MAIL
IZ *AA BREAKDOWN 7935  STORE,exempt,AA BREAKDOWN
POS BOOTS UK,standard_rate,BOOTS UK
POS WESTMINSTER COUNCIL BRISTOL LTD,outside_scope,WESTMINSTER COUNCIL
POS AMAZON EU 8715,standard_rate,AMAZON EU
Pos Sainsburys 1001  Direct,zero_rated,SAINSBURYS
CARD AVIVA INSURANCE 2871  ONLINE,exempt,AVIVA INSURANCE
Hsbc Bank Fees 957  Direct,exempt,HSBC BANK FEES
payment to lidl gb birmingham online ref-7813,zero_rated,LIDL GB
Westminster Council 8872 Birmingham Store,outside_scope,WESTMINSTER COUNCIL
DD GOOGLE WORKSPACE 2810 GLASGOW DIRECT REF-6128,standard_rate,GOOGLE WORKSPACE
iz *waterstones 8223 uk store,zero_rated,WATERSTONES
dd eon next 7604 bristol online ref-4999,reduced_rate,EON NEXT
DD INTRA ACCOUNT TRANSFER UK PLC,outside_scope,INTRA ACCOUNT TRANSFER
Card Trainline  Store,zero_rated,TRAINLINE
pos amazon uk 7146 bristol plc,standard_rate,AMAZON UK
POS NATIONAL EXPRESS 7965 BIRMINGHAM ONLINE,zero_rated,NATIONAL EXPRESS
DD AMAZON KINDLE 4179 LONDON UK REF-4440,zero_rated,AMAZON KINDLE
pos sage subscription london online,standard_rate,SAGE SUBSCRIPTION
DD ADOBE CREATIVE  DIRECT,standard_rate,ADOBE CREATIVE
CARD HMRC SHIPLEY 578 BRISTOL ONLINE,outside_scope,HMRC SHIPLEY
IZ *TESCO STORES 9937  PLC REF-1672,zero_rated,TESCO STORES
CARD AVIVA INSURANCE  STORE REF-7404,exempt,AVIVA INSURANCE
PAYMENT TO QUICKBOOKS LONDON LTD,standard_rate,QUICKBOOKS
Director Drawings Leeds Direct,outside_scope,DIRECTOR DRAWINGS
SQ *GOOGLE WORKSPACE 625  LTD REF-9325,standard_rate,GOOGLE WORKSPACE
iz *director drawings 8649 online uk,outside_scope,DIRECTOR DRAWINGS
DD SAGE SUBSCRIPTION 225 BIRMINGHAM REF-8154,standard_rate,SAGE SUBSCRIPTION
dd post office 4834  online ref-3445,exempt,POST OFFICE
CARD SAINSBURYS 4340 MANCHESTER ONLINE REF-2228,zero_rated,SAINSBURYS
POS WESTMINSTER COUNCIL  ONLINE REF-1161,outside_scope,WESTMINSTER COUNCIL
DD EDF ENERGY 1103  DIRECT,reduced_rate,EDF ENERGY
SQ *DELIVEROO 7382  DIRECT,standard_rate,DELIVEROO
PAYMENT TO BRITISH GAS 1385 BIRMINGHAM REF-4679,reduced_rate,BRITISH GAS
HMRC PAYMENTS LEEDS,outside_scope,HMRC PAYMENTS
Dd British Gas 6622 Manchester Direct Ref-8925,reduced_rate,BRITISH GAS
CARD WESTMINSTER COUNCIL 8635 LEEDS LTD,outside_scope,WESTMINSTER COUNCIL
DD ROYAL MAIL BIRMINGHAM ONLINE,exempt,ROYAL MAIL
LIDL GB  UK,zero_rated,LIDL GB
Asda Supermarket  Direct Ref-4460,zero_rated,ASDA SUPERMARKET
IZ *WESTMINSTER COUNCIL 6921,outside_scope,WESTMINSTER COUNCIL
IZ *TESCO STORES GLASGOW ONLINE,zero_rated,TESCO STORES
POS INTRA ACCOUNT TRANSFER  DIRECT,outside_scope,INTRA ACCOUNT TRANSFER
PAYMENT TO TFL TRAVEL BIRMINGHAM UK REF-1221,zero_rated,TFL TRAVEL
SQ *BOOTS UK 4903  UK REF-8087,standard_rate,BOOTS UK
DD WATERSTONES ONLINE PLC REF-3038,zero_rated,WATERSTONES
POS PAYROLL TRANSFER ONLINE REF-4242,outside_scope,PAYROLL TRANSFER
PAYMENT TO STATIONERY STATION 8400  REF-4564,standard_rate,STATIONERY STATION
Pos National Express 3685  Store Ref-4898,zero_rated,NATIONAL EXPRESS
PAYMENT TO HSBC BANK FEES 6753 ONLINE,exempt,HSBC BANK FEES
POS AMAZON EU  DIRECT REF-2146,standard_rate,AMAZON EU
CARD NATIONAL EXPRESS 8649 BIRMINGHAM LTD,zero_rated,NATIONAL EXPRESS
PAYMENT TO LINKEDIN PREMIUM 282 MANCHESTER STORE,standard_rate,LINKEDIN PREMIUM
CARD EON NEXT 9904 BRISTOL LTD,reduced_rate,EON NEXT
Sq *Hmrc Payments 4325 Uk Online Ref-1642,outside_scope,HMRC PAYMENTS
PAYMENT TO ASDA SUPERMARKET 5537  LTD,zero_rated,ASDA SUPERMARKET
iz *asda supermarket 1393 leeds,zero_rated,ASDA SUPERMARKET
PAYMENT TO OCTOPUS ENERGY 6989 BRISTOL DIRECT,reduced_rate,OCTOPUS ENERGY
Amazon Uk 791 Birmingham Uk Ref-8960,standard_rate,AMAZON UK
IZ *GOOGLE WORKSPACE 2834 ONLINE LTD REF-9694,standard_rate,GOOGLE WORKSPACE
pos sage subscription 5169 manchester plc ref-1265,standard_rate,SAGE SUBSCRIPTION
PAYMENT TO ASDA SUPERMARKET 2945 BIRMINGHAM REF-3103,zero_rated,ASDA SUPERMARKET
POS DELIVEROO  REF-8119,standard_rate,DELIVEROO
POS EDF ENERGY  ONLINE REF-9669,reduced_rate,EDF ENERGY
intra account transfer 8618  store ref-8714,outside_scope,INTRA ACCOUNT TRANSFER
dd aa breakdown 7164 manchester plc ref-7995,exempt,AA BREAKDOWN
POS WESTMINSTER COUNCIL 4653 GLASGOW ONLINE REF-1519,outside_scope,WESTMINSTER COUNCIL
DD XERO SOFTWARE 4665 LEEDS STORE,standard_rate,XERO SOFTWARE
SQ *BRITISH GAS 9802 GLASGOW ONLINE REF-8756,reduced_rate,BRITISH GAS
Sq *Trainline 9483 Online Store Ref-5856,zero_rated,TRAINLINE
PAYMENT TO ALDI STORES 8684  STORE REF-2363,zero_rated,ALDI STORES
DD DELIVEROO  LTD,standard_rate,DELIVEROO
Pos Amazon Uk 7676 Leeds Store,standard_rate,AMAZON UK
IZ *BOOTS UK 7780  LTD,standard_rate,BOOTS UK
IZ *DIRECTOR DRAWINGS 5126  DIRECT,outside_scope,DIRECTOR DRAWINGS
PAYMENT TO EON NEXT 9952  ONLINE REF-7378,reduced_rate,EON NEXT
TRAINLINE 4458 BIRMINGHAM UK,zero_rated,TRAINLINE
POS MICROSOFT 365 1548 GLASGOW REF-8500,standard_rate,MICROSOFT 365
PAYMENT TO AA BREAKDOWN 1400 BRISTOL,exempt,AA BREAKDOWN
DD XERO SOFTWARE 1505 ONLINE ONLINE REF-7245,standard_rate,XERO SOFTWARE
PAYMENT TO TESCO EXPRESS  STORE,zero_rated,TESCO EXPRESS
NATIONAL EXPRESS 5537 ONLINE UK REF-1627,zero_rated,NATIONAL EXPRESS
sq *director drawings 6351  direct,outside_scope,DIRECTOR DRAWINGS
SQ *GOOGLE WORKSPACE 6417  REF-6625,standard_rate,GOOGLE WORKSPACE
PAYMENT TO AMAZON EU LEEDS LTD,standard_rate,AMAZON EU
SQ *ADOBE CREATIVE  PLC,standard_rate,ADOBE CREATIVE
national express glasgow online ref-1102,zero_rated,NATIONAL EXPRESS
Pos Post Office 5912 Birmingham Online Ref-1834,exempt,POST OFFICE
POS WESTMINSTER COUNCIL 6241 BIRMINGHAM ONLINE,outside_scope,WESTMINSTER COUNCIL
SQ *TESCO EXPRESS 7834 MANCHESTER LTD,zero_rated,TESCO EXPRESS
IZ *AMAZON UK 561 BRISTOL UK,standard_rate,AMAZON UK
IZ *POST OFFICE 1096 MANCHESTER,exempt,POST OFFICE
IZ *PAYROLL TRANSFER 2102  STORE,outside_scope,PAYROLL TRANSFER
sq *payroll transfer leeds uk,outside_scope,PAYROLL TRANSFER
iz *post office 2194 leeds ref-6341,exempt,POST OFFICE
POS LINKEDIN PREMIUM 3311  ONLINE REF-1180,standard_rate,LINKEDIN PREMIUM
POS INTRA ACCOUNT TRANSFER 3790  DIRECT,outside_scope,INTRA ACCOUNT TRANSFER
DD AVIVA INSURANCE 1825 UK ONLINE REF-5067,exempt,AVIVA INSURANCE
iz *barclays bank uk plc ref-3622,exempt,BARCLAYS BANK
POS HMRC SHIPLEY UK,outside_scope,HMRC SHIPLEY
SQ *AVIVA INSURANCE 3460 UK UK,exempt,AVIVA INSURANCE
STATIONERY STATION 9134 GLASGOW PLC,standard_rate,STATIONERY STATION
amazon uk 8828 bristol online ref-8106,standard_rate,AMAZON UK
IZ *NATIONAL EXPRESS LEEDS REF-1080,zero_rated,NATIONAL EXPRESS
card director drawings 762  online,outside_scope,DIRECTOR DRAWINGS
AA BREAKDOWN  PLC,exempt,AA BREAKDOWN
UBER EATS 4306 MANCHESTER,standard_rate,UBER EATS
PAYMENT TO EON NEXT 9655 LONDON UK,reduced_rate,EON NEXT
UBER EATS 952  STORE,standard_rate,UBER EATS
microsoft 365 9079 uk store ref-3308,standard_rate,MICROSOFT 365
IZ *QUICKBOOKS 8136,standard_rate,QUICKBOOKS
google workspace 1845  online,standard_rate,GOOGLE WORKSPACE
CARD MICROSOFT 365 BRISTOL STORE REF-9620,standard_rate,MICROSOFT 365
POS AMAZON UK 1358 BIRMINGHAM STORE,standard_rate,AMAZON UK
CARD EDF ENERGY ONLINE PLC,reduced_rate,EDF ENERGY
IZ *XERO SOFTWARE 9895 UK PLC,standard_rate,XERO SOFTWARE
Pos Sage Subscription Glasgow Plc,standard_rate,SAGE SUBSCRIPTION
PAYMENT TO DELIVEROO GLASGOW STORE,standard_rate,DELIVEROO
PAYMENT TO AMAZON UK UK,standard_rate,AMAZON UK
Quickbooks Glasgow Ltd Ref-9569,standard_rate,QUICKBOOKS
PAYMENT TO BOOTS UK  DIRECT REF-4296,standard_rate,BOOTS UK
CARD AVIVA INSURANCE 7084 LONDON STORE,exempt,AVIVA INSURANCE
IZ *QUICKBOOKS 9677  LTD,standard_rate,QUICKBOOKS
card hmrc payments 6657  plc,outside_scope,HMRC PAYMENTS
Iz *Quickbooks 1193  Online Ref-5162,standard_rate,QUICKBOOKS
iz *waterstones 5961  direct,zero_rated,WATERSTONES
CARD PAYROLL TRANSFER 7166  PLC,outside_scope,PAYROLL TRANSFER
IZ *XERO SOFTWARE  PLC,standard_rate,XERO SOFTWARE
pos stationery station  uk ref-1400,standard_rate,STATIONERY STATION
iz *waterstones 7106 glasgow uk,zero_rated,WATERSTONES
IZ *WATERSTONES 8881 LEEDS UK,zero_rated,WATERSTONES
tesco express  online ref-7220,zero_rated,TESCO EXPRESS
PAYMENT TO ROYAL MAIL 1880  LTD,exempt,ROYAL MAIL
xero software 3187  direct,standard_rate,XERO SOFTWARE
payment to tfl travel 7108 manchester direct ref-6983,zero_rated,TFL TRAVEL
DD HMRC PAYMENTS 1558 GLASGOW PLC REF-1015,outside_scope,HMRC PAYMENTS
PAYMENT TO AMAZON UK 8205 LONDON STORE,standard_rate,AMAZON UK
PAYMENT TO BOOTS UK 656 LONDON UK REF-2481,standard_rate,BOOTS UK
POS BOOTS UK 1915  PLC REF-5097,standard_rate,BOOTS UK
iz *lner tickets 8547  plc,zero_rated,LNER TICKETS
SQ *TRAINLINE 9613  REF-3215,zero_rated,TRAINLINE
POS DELIVEROO 2116  DIRECT,standard_rate,DELIVEROO
DD TESCO EXPRESS 5155 UK DIRECT,zero_rated,TESCO EXPRESS
sq *british gas 7835  online,reduced_rate,BRITISH GAS
CARD EON NEXT 566 BRISTOL DIRECT REF-6432,reduced_rate,EON NEXT
deliveroo birmingham direct ref-1383,standard_rate,DELIVEROO
payment to aa breakdown 4848 uk online,exempt,AA BREAKDOWN
IZ *AMAZON UK 5456 ONLINE LTD,standard_rate,AMAZON UK
sq *stationery station 9085 london store ref-9503,standard_rate,STATIONERY STATION
IZ *TESCO EXPRESS  STORE,zero_rated,TESCO EXPRESS
CARD ALDI STORES 8930 GLASGOW REF-4110,zero_rated,ALDI STORES
Google Workspace 5178 Glasgow Plc,standard_rate,GOOGLE WORKSPACE
EDF ENERGY 6022 MANCHESTER ONLINE REF-2079,reduced_rate,EDF ENERGY
CARD DIRECTOR DRAWINGS  LTD,outside_scope,DIRECTOR DRAWINGS
POS MICROSOFT 365  ONLINE REF-8915,standard_rate,MICROSOFT 365
DD AMAZON EU 1217 UK UK,standard_rate,AMAZON EU
POS AVIVA INSURANCE 5959 UK PLC REF-7912,exempt,AVIVA INSURANCE
INTRA ACCOUNT TRANSFER 5221  DIRECT,outside_scope,INTRA ACCOUNT TRANSFER
Pos Deliveroo 2234 Bristol Direct Ref-9043,standard_rate,DELIVEROO
POS AVIVA INSURANCE GLASGOW LTD,exempt,AVIVA INSURANCE
IZ *TFL TRAVEL,zero_rated,TFL TRAVEL
TFL TRAVEL 4289  LTD,zero_rated,TFL TRAVEL
POS BOOTS UK 3525 LONDON DIRECT REF-7945,standard_rate,BOOTS UK
PAYMENT TO EON NEXT 7001  UK REF-8667,reduced_rate,EON NEXT
PAYMENT TO LNER TICKETS 9163 BIRMINGHAM STORE,zero_rated,LNER TICKETS
DD BARCLAYS BANK 9800 ONLINE UK,exempt,BARCLAYS BANK
IZ *WESTMINSTER COUNCIL 6592  UK REF-4803,outside_scope,WESTMINSTER COUNCIL
National Express  Online Ref-2409,zero_rated,NATIONAL EXPRESS
iz *intra account transfer 5725  plc,outside_scope,INTRA ACCOUNT TRANSFER
ALDI STORES 9540  DIRECT REF-2562,zero_rated,ALDI STORES
PAYMENT TO EDF ENERGY 7216 ONLINE REF-3830,reduced_rate,EDF ENERGY
SQ *UBER EATS 8397 ONLINE LTD,standard_rate,UBER EATS
payment to aldi stores  store,zero_rated,ALDI STORES
iz *barclays bank 2543 london ltd,exempt,BARCLAYS BANK
Payment To Xero Software 5451 Bristol,standard_rate,XERO SOFTWARE
SQ *HSBC BANK FEES 5640  ONLINE REF-1765,exempt,HSBC BANK FEES
IZ *NATIONAL EXPRESS 9495  UK REF-7160,zero_rated,NATIONAL EXPRESS
Card Deliveroo Manchester Direct Ref-4281,standard_rate,DELIVEROO
POS LNER TICKETS 5263 GLASGOW DIRECT REF-5391,zero_rated,LNER TICKETS
DD TESCO STORES 1227  STORE REF-7054,zero_rated,TESCO STORES
EDF ENERGY  LTD,reduced_rate,EDF ENERGY
IZ *BRITISH GAS 5773 UK STORE REF-2661,reduced_rate,BRITISH GAS
IZ *QUICKBOOKS 5046 ONLINE,standard_rate,QUICKBOOKS
IZ *TESCO EXPRESS ONLINE STORE REF-1517,zero_rated,TESCO EXPRESS
PAYMENT TO POST OFFICE BIRMINGHAM UK REF-4432,exempt,POST OFFICE
CARD LNER TICKETS MANCHESTER,zero_rated,LNER TICKETS
CARD LIDL GB 4518 LEEDS PLC,zero_rated,LIDL GB
card royal mail 8922 glasgow ltd ref-8613,exempt,ROYAL MAIL
PAYMENT TO HMRC SHIPLEY  ONLINE,outside_scope,HMRC SHIPLEY
DD BOOTS UK ONLINE PLC,standard_rate,BOOTS UK
POS UBER EATS GLASGOW REF-1981,standard_rate,UBER EATS
SQ *WESTMINSTER COUNCIL LEEDS PLC REF-6863,outside_scope,WESTMINSTER COUNCIL
IZ *AMAZON KINDLE 9481  STORE,zero_rated,AMAZON KINDLE
Dd Amazon Eu Bristol,standard_rate,AMAZON EU
SQ *QUICKBOOKS 9284 LEEDS UK,standard_rate,QUICKBOOKS
IZ *OCTOPUS ENERGY  ONLINE,reduced_rate,OCTOPUS ENERGY
CARD ASDA SUPERMARKET 4337  STORE,zero_rated,ASDA SUPERMARKET
IZ *AMAZON UK MANCHESTER,standard_rate,AMAZON UK
IZ *TFL TRAVEL 6832 LONDON PLC REF-3418,zero_rated,TFL TRAVEL
DD BARCLAYS BANK 7807 LONDON UK,exempt,BARCLAYS BANK
IZ *ASDA SUPERMARKET 4350 UK PLC REF-7628,zero_rated,ASDA SUPERMARKET
SQ *TRAINLINE 3735 MANCHESTER UK REF-2674,zero_rated,TRAINLINE
payment to amazon kindle 1954 uk direct,zero_rated,AMAZON KINDLE
POS HMRC PAYMENTS 5161  STORE REF-2024,outside_scope,HMRC PAYMENTS
SQ *TFL TRAVEL 860 ONLINE LTD,zero_rated,TFL TRAVEL
CARD TESCO STORES 7528 MANCHESTER LTD REF-6977,zero_rated,TESCO STORES
CARD NATIONAL EXPRESS 7469 ONLINE,zero_rated,NATIONAL EXPRESS
BOOTS UK GLASGOW LTD REF-5088,standard_rate,BOOTS UK
Card Hmrc Payments Glasgow Plc Ref-7394,outside_scope,HMRC PAYMENTS
CARD HMRC PAYMENTS 6344  PLC,outside_scope,HMRC PAYMENTS
westminster council 890  online,outside_scope,WESTMINSTER COUNCIL
POS WATERSTONES 110  DIRECT,zero_rated,WATERSTONES
CARD AMAZON KINDLE,zero_rated,AMAZON KINDLE
CARD LNER TICKETS,zero_rated,LNER TICKETS
Pos Tfl Travel 9464  Plc,zero_rated,TFL TRAVEL
Card Edf Energy 2303  Plc,reduced_rate,EDF ENERGY
CARD ROYAL MAIL 9131  ONLINE,exempt,ROYAL MAIL
SQ *LIDL GB  DIRECT,zero_rated,LIDL GB
Iz *National Express Uk,zero_rated,NATIONAL EXPRESS
SQ *AMAZON UK BRISTOL ONLINE,standard_rate,AMAZON UK
Iz *Uber Eats 1717  Uk,standard_rate,UBER EATS
IZ *HSBC BANK FEES 369  DIRECT,exempt,HSBC BANK FEES
SQ *WESTMINSTER COUNCIL  PLC REF-6302,outside_scope,WESTMINSTER COUNCIL
DD OCTOPUS ENERGY 2993  LTD REF-1718,reduced_rate,OCTOPUS ENERGY
payment to amazon kindle birmingham plc ref-5317,zero_rated,AMAZON KINDLE
IZ *EON NEXT MANCHESTER STORE,reduced_rate,EON NEXT
Hmrc Payments 9543 Glasgow Direct,outside_scope,HMRC PAYMENTS
pos sainsburys 2825  ltd ref-9078,zero_rated,SAINSBURYS
Pos Lidl Gb 9658  Uk,zero_rated,LIDL GB
CARD GOOGLE WORKSPACE 2537 LONDON UK,standard_rate,GOOGLE WORKSPACE
PAYMENT TO AA BREAKDOWN BRISTOL,exempt,AA BREAKDOWN
IZ *ROYAL MAIL 762  LTD,exempt,ROYAL MAIL
POS BARCLAYS BANK 8765  ONLINE,exempt,BARCLAYS BANK
SQ *LIDL GB BRISTOL DIRECT REF-1870,zero_rated,LIDL GB
IZ *TFL TRAVEL 5656 LONDON DIRECT REF-9690,zero_rated,TFL TRAVEL
POS DELIVEROO 8974 GLASGOW ONLINE,standard_rate,DELIVEROO
Iz *Eon Next 2071  Store Ref-6871,reduced_rate,EON NEXT
CARD TRAINLINE 5469  DIRECT,zero_rated,TRAINLINE
DD LINKEDIN PREMIUM 4034 ONLINE UK,standard_rate,LINKEDIN PREMIUM
Sq *Royal Mail 5101  Uk,exempt,ROYAL MAIL
LNER TICKETS MANCHESTER PLC,zero_rated,LNER TICKETS
PAYMENT TO STATIONERY STATION 1082  ONLINE REF-9951,standard_rate,STATIONERY STATION
CARD WESTMINSTER COUNCIL 8154 ONLINE LTD,outside_scope,WESTMINSTER COUNCIL
PAYMENT TO LIDL GB  UK,zero_rated,LIDL GB
DD PAYROLL TRANSFER 302 ONLINE PLC,outside_scope,PAYROLL TRANSFER
Dd Amazon Eu 3978 Glasgow Uk Ref-8184,standard_rate,AMAZON EU
PAYMENT TO HMRC PAYMENTS 1442 MANCHESTER DIRECT,outside_scope,HMRC PAYMENTS
PAYMENT TO BOOTS UK 2845  LTD,standard_rate,BOOTS UK
PAYMENT TO ASDA SUPERMARKET 171 BIRMINGHAM DIRECT,zero_rated,ASDA SUPERMARKET
LINKEDIN PREMIUM  PLC REF-7061,standard_rate,LINKEDIN PREMIUM
IZ *LNER TICKETS 4358  ONLINE,zero_rated,LNER TICKETS
DD INTRA ACCOUNT TRANSFER 5764 BIRMINGHAM DIRECT,outside_scope,INTRA ACCOUNT TRANSFER
CARD HMRC SHIPLEY LEEDS STORE,outside_scope,HMRC SHIPLEY
Dd Tfl Travel 5161 Bristol Direct,zero_rated,TFL TRAVEL
DD INTRA ACCOUNT TRANSFER GLASGOW PLC,outside_scope,INTRA ACCOUNT TRANSFER
SQ *NATIONAL EXPRESS 1140  DIRECT REF-8559,zero_rated,NATIONAL EXPRESS
POS EON NEXT UK REF-7144,reduced_rate,EON NEXT
POS ALDI STORES 9260 MANCHESTER ONLINE REF-6703,zero_rated,ALDI STORES
PAYMENT TO ASDA SUPERMARKET 2596 BRISTOL UK,zero_rated,ASDA SUPERMARKET
POS PAYROLL TRANSFER LONDON LTD,outside_scope,PAYROLL TRANSFER
POS AMAZON KINDLE 5586 BIRMINGHAM LTD,zero_rated,AMAZON KINDLE
DD SAINSBURYS  ONLINE,zero_rated,SAINSBURYS
PAYMENT TO ASDA SUPERMARKET ONLINE PLC,zero_rated,ASDA SUPERMARKET
Card Payroll Transfer 4314  Store,outside_scope,PAYROLL TRANSFER
iz *aldi stores online uk,zero_rated,ALDI STORES
Sainsburys 5978  Plc Ref-1462,zero_rated,SAINSBURYS
PAYMENT TO EDF ENERGY 3332 LEEDS UK REF-9115,reduced_rate,EDF ENERGY
IZ *HSBC BANK FEES 5261  LTD,exempt,HSBC BANK FEES
PAYMENT TO TESCO STORES 4236  DIRECT REF-8827,zero_rated,TESCO STORES
IZ *SAGE SUBSCRIPTION  LTD REF-4214,standard_rate,SAGE SUBSCRIPTION
card xero software 4352  uk ref-8067,standard_rate,XERO SOFTWARE
POS XERO SOFTWARE 4106 LEEDS LTD,standard_rate,XERO SOFTWARE
CARD DELIVEROO 4243  LTD,standard_rate,DELIVEROO
CARD OCTOPUS ENERGY 5449 GLASGOW STORE,reduced_rate,OCTOPUS ENERGY
CARD BRITISH GAS 8374  UK REF-9096,reduced_rate,BRITISH GAS
IZ *SAGE SUBSCRIPTION MANCHESTER UK,standard_rate,SAGE SUBSCRIPTION
SQ *MICROSOFT 365 2818 GLASGOW STORE,standard_rate,MICROSOFT 365
Iz *Director Drawings 9577 Leeds Direct,outside_scope,DIRECTOR DRAWINGS
IZ *XERO SOFTWARE,standard_rate,XERO SOFTWARE
IZ *BRITISH GAS LONDON,reduced_rate,BRITISH GAS
AMAZON UK  ONLINE,standard_rate,AMAZON UK
card aa breakdown 5899 online online,exempt,AA BREAKDOWN
POS ASDA SUPERMARKET UK LTD REF-7704,zero_rated,ASDA SUPERMARKET
DD TESCO EXPRESS GLASGOW STORE REF-1693,zero_rated,TESCO EXPRESS
Card Lner Tickets  Uk,zero_rated,LNER TICKETS
CARD HMRC SHIPLEY 9611,outside_scope,HMRC SHIPLEY
PAYMENT TO AA BREAKDOWN 3010 LEEDS LTD,exempt,AA BREAKDOWN
Pos Barclays Bank 882,exempt,BARCLAYS BANK
SQ *WESTMINSTER COUNCIL 3532 LEEDS LTD REF-4659,outside_scope,WESTMINSTER COUNCIL
Card Asda Supermarket 7683 Glasgow Plc,zero_rated,ASDA SUPERMARKET
POS SAGE SUBSCRIPTION LONDON UK,standard_rate,SAGE SUBSCRIPTION
POS ASDA SUPERMARKET  PLC,zero_rated,ASDA SUPERMARKET
Pos Boots Uk Manchester Ltd Ref-2233,standard_rate,BOOTS UK
DD BARCLAYS BANK 9403 BIRMINGHAM DIRECT,exempt,BARCLAYS BANK
Quickbooks 7443 Uk Direct,standard_rate,QUICKBOOKS
IZ *NATIONAL EXPRESS,zero_rated,NATIONAL EXPRESS
sq *barclays bank 5227  uk,exempt,BARCLAYS BANK
UBER EATS 2982 BIRMINGHAM ONLINE,standard_rate,UBER EATS
Hmrc Payments Uk Uk,outside_scope,HMRC PAYMENTS
sq *linkedin premium 6826 manchester direct ref-3862,standard_rate,LINKEDIN PREMIUM
Payment To Microsoft 365 521 Bristol,standard_rate,MICROSOFT 365
SQ *TRAINLINE 5532  STORE REF-3199,zero_rated,TRAINLINE
card stationery station 3337 birmingham direct,standard_rate,STATIONERY STATION
Sq *Lner Tickets Uk Uk Ref-7017,zero_rated,LNER TICKETS
DD GOOGLE WORKSPACE 6614 MANCHESTER LTD REF-2991,standard_rate,GOOGLE WORKSPACE
Payment To Sainsburys  Online,zero_rated,SAINSBURYS
PAYMENT TO LIDL GB 2540  STORE REF-1083,zero_rated,LIDL GB
EDF ENERGY 5233  REF-6844,reduced_rate,EDF ENERGY
DD SAINSBURYS 4705,zero_rated,SAINSBURYS
PAYMENT TO XERO SOFTWARE MANCHESTER LTD,standard_rate,XERO SOFTWARE
CARD MICROSOFT 365 8990 LEEDS STORE,standard_rate,MICROSOFT 365
IZ *WESTMINSTER COUNCIL 7465  DIRECT REF-1605,outside_scope,WESTMINSTER COUNCIL
CARD WESTMINSTER COUNCIL 7651  ONLINE,outside_scope,WESTMINSTER COUNCIL
stationery station  direct,standard_rate,STATIONERY STATION
Iz *Amazon Eu 4016 Uk Plc,standard_rate,AMAZON EU
iz *linkedin premium 4379  direct,standard_rate,LINKEDIN PREMIUM
SQ *NATIONAL EXPRESS GLASGOW PLC,zero_rated,NATIONAL EXPRESS
Sq *Director Drawings 8013 Glasgow Uk,outside_scope,DIRECTOR DRAWINGS
SQ *AMAZON KINDLE 6737 UK STORE REF-3700,zero_rated,AMAZON KINDLE
PAYMENT TO TRAINLINE MANCHESTER STORE REF-5734,zero_rated,TRAINLINE
PAYMENT TO AVIVA INSURANCE 5301  STORE REF-9892,exempt,AVIVA INSURANCE
iz *aa breakdown 7976  direct,exempt,AA BREAKDOWN
CARD LINKEDIN PREMIUM 9026 LEEDS STORE,standard_rate,LINKEDIN PREMIUM
sq *trainline 4764 london plc ref-6647,zero_rated,TRAINLINE
PAYMENT TO MICROSOFT 365 2977 LEEDS PLC,standard_rate,MICROSOFT 365
Sq *Deliveroo 4754 Birmingham Online,standard_rate,DELIVEROO
PAYMENT TO AMAZON EU LONDON ONLINE REF-6615,standard_rate,AMAZON EU
SQ *HSBC BANK FEES 1710  ONLINE,exempt,HSBC BANK FEES
LINKEDIN PREMIUM  ONLINE,standard_rate,LINKEDIN PREMIUM
CARD ADOBE CREATIVE 7807 MANCHESTER STORE,standard_rate,ADOBE CREATIVE
IZ *WATERSTONES ONLINE PLC,zero_rated,WATERSTONES
POS TFL TRAVEL 8083 MANCHESTER PLC,zero_rated,TFL TRAVEL
iz *aa breakdown 3187 manchester online ref-5046,exempt,AA BREAKDOWN
Xero Software 6342 Uk Plc,standard_rate,XERO SOFTWARE
card adobe creative london plc,standard_rate,ADOBE CREATIVE
SQ *INTRA ACCOUNT TRANSFER 9437 GLASGOW STORE REF-6900,outside_scope,INTRA ACCOUNT TRANSFER
IZ *WATERSTONES 205 BRISTOL ONLINE REF-4288,zero_rated,WATERSTONES
SQ *LIDL GB GLASGOW PLC,zero_rated,LIDL GB
Sq *National Express Online Direct,zero_rated,NATIONAL EXPRESS
IZ *TFL TRAVEL  ONLINE REF-5385,zero_rated,TFL TRAVEL
Dd Xero Software 4178  Uk,standard_rate,XERO SOFTWARE
IZ *WESTMINSTER COUNCIL 8359  UK REF-9682,outside_scope,WESTMINSTER COUNCIL
AMAZON KINDLE 9474  DIRECT REF-5440,zero_rated,AMAZON KINDLE
card boots uk 594  plc,standard_rate,BOOTS UK
SQ *LIDL GB 3509 LEEDS LTD,zero_rated,LIDL GB
SQ *MICROSOFT 365 9926  ONLINE REF-9075,standard_rate,MICROSOFT 365
Pos Asda Supermarket Glasgow Ltd Ref-5480,zero_rated,ASDA SUPERMARKET
DD TESCO EXPRESS GLASGOW DIRECT,zero_rated,TESCO EXPRESS
British Gas Leeds Plc,reduced_rate,BRITISH GAS
IZ *OCTOPUS ENERGY GLASGOW UK,reduced_rate,OCTOPUS ENERGY
PAYMENT TO HSBC BANK FEES 6040  DIRECT REF-2862,exempt,HSBC BANK FEES
DD AMAZON UK 9818  LTD,standard_rate,AMAZON UK
ALDI STORES 4356  ONLINE,zero_rated,ALDI STORES
CARD MICROSOFT 365 7046 GLASGOW UK,standard_rate,MICROSOFT 365
Sq *Boots Uk 8948 London Online,standard_rate,BOOTS UK
Card Octopus Energy 6571 Glasgow Online,reduced_rate,OCTOPUS ENERGY
IZ *TESCO EXPRESS  UK REF-2099,zero_rated,TESCO EXPRESS
Payment To Hmrc Payments 6426 London Store,outside_scope,HMRC PAYMENTS
POS WESTMINSTER COUNCIL 2849  LTD,outside_scope,WESTMINSTER COUNCIL
card aa breakdown 2401 london uk ref-3573,exempt,AA BREAKDOWN
IZ *QUICKBOOKS 7076  LTD REF-6510,standard_rate,QUICKBOOKS
IZ *ALDI STORES 3024,zero_rated,ALDI STORES
CARD LIDL GB 2763  UK,zero_rated,LIDL GB
POS WATERSTONES 9524  PLC,zero_rated,WATERSTONES
Dd Post Office  Direct,exempt,POST OFFICE
pos aviva insurance  store,exempt,AVIVA INSURANCE
dd asda supermarket 2636 london store,zero_rated,ASDA SUPERMARKET
PAYMENT TO WESTMINSTER COUNCIL 7396 GLASGOW DIRECT REF-7000,outside_scope,WESTMINSTER COUNCIL
DD AVIVA INSURANCE UK DIRECT REF-7607,exempt,AVIVA INSURANCE
BOOTS UK 8326 UK STORE,standard_rate,BOOTS UK
PAYMENT TO AVIVA INSURANCE BRISTOL REF-1008,exempt,AVIVA INSURANCE
ADOBE CREATIVE 2615  UK,standard_rate,ADOBE CREATIVE
adobe creative 5059  direct ref-2813,standard_rate,ADOBE CREATIVE
card intra account transfer 5107  ltd,outside_scope,INTRA ACCOUNT TRANSFER
POS POST OFFICE 9012 BIRMINGHAM ONLINE REF-1461,exempt,POST OFFICE
PAYMENT TO EDF ENERGY 9957 MANCHESTER LTD,reduced_rate,EDF ENERGY
CARD TFL TRAVEL LONDON DIRECT,zero_rated,TFL TRAVEL
CARD SAGE SUBSCRIPTION LONDON DIRECT REF-2446,standard_rate,SAGE SUBSCRIPTION
IZ *AVIVA INSURANCE 8658 LEEDS PLC REF-2439,exempt,AVIVA INSURANCE
SQ *ALDI STORES 6487  PLC,zero_rated,ALDI STORES
HMRC SHIPLEY 5872 GLASGOW DIRECT REF-4446,outside_scope,HMRC SHIPLEY
Payment To Amazon Uk Leeds Ltd,standard_rate,AMAZON UK
SAGE SUBSCRIPTION BRISTOL,standard_rate,SAGE SUBSCRIPTION
IZ *STATIONERY STATION ONLINE DIRECT,standard_rate,STATIONERY STATION
Card Aldi Stores 3112 Uk Online Ref-3048,zero_rated,ALDI STORES
PAYMENT TO WESTMINSTER COUNCIL ONLINE STORE REF-6767,outside_scope,WESTMINSTER COUNCIL
card aa breakdown 4775 london plc,exempt,AA BREAKDOWN
IZ *HMRC SHIPLEY 8462 GLASGOW LTD,outside_scope,HMRC SHIPLEY
Dd National Express 7533  Direct,zero_rated,NATIONAL EXPRESS
DD MICROSOFT 365 218,standard_rate,MICROSOFT 365
IZ *BARCLAYS BANK 9817 BIRMINGHAM PLC,exempt,BARCLAYS BANK
ADOBE CREATIVE 9830 BIRMINGHAM ONLINE,standard_rate,ADOBE CREATIVE
DD OCTOPUS ENERGY 3413 UK PLC REF-7846,reduced_rate,OCTOPUS ENERGY
CARD QUICKBOOKS GLASGOW PLC REF-8196,standard_rate,QUICKBOOKS
CARD OCTOPUS ENERGY 9407  LTD REF-2593,reduced_rate,OCTOPUS ENERGY
WATERSTONES 7571,zero_rated,WATERSTONES
IZ *AVIVA INSURANCE 9068 GLASGOW,exempt,AVIVA INSURANCE
PAYMENT TO AMAZON UK 1870 BIRMINGHAM DIRECT,standard_rate,AMAZON UK
pos aviva insurance 1584  ltd ref-4275,exempt,AVIVA INSURANCE
DD ASDA SUPERMARKET 7120 MANCHESTER PLC,zero_rated,ASDA SUPERMARKET
WATERSTONES  UK,zero_rated,WATERSTONES
royal mail 3180  ltd,exempt,ROYAL MAIL
iz *tfl travel 5937 uk online ref-3327,zero_rated,TFL TRAVEL
Sq *Edf Energy 7649  Ltd Ref-6421,reduced_rate,EDF ENERGY
ROYAL MAIL 5898 BIRMINGHAM DIRECT,exempt,ROYAL MAIL
POS OCTOPUS ENERGY 9925 ONLINE PLC REF-8309,reduced_rate,OCTOPUS ENERGY
PAYMENT TO NATIONAL EXPRESS 9752 BIRMINGHAM PLC,zero_rated,NATIONAL EXPRESS
DD EDF ENERGY UK DIRECT,reduced_rate,EDF ENERGY
POS BRITISH GAS  DIRECT,reduced_rate,BRITISH GAS
PAYMENT TO AMAZON UK,standard_rate,AMAZON UK
sq *deliveroo online plc,standard_rate,DELIVEROO
POS OCTOPUS ENERGY 6211  ONLINE,reduced_rate,OCTOPUS ENERGY
PAYMENT TO WESTMINSTER COUNCIL 8601 MANCHESTER STORE REF-1330,outside_scope,WESTMINSTER COUNCIL
DD PAYROLL TRANSFER 6854  UK REF-6477,outside_scope,PAYROLL TRANSFER
IZ *AA BREAKDOWN 282 GLASGOW STORE REF-1905,exempt,AA BREAKDOWN
PAYMENT TO STATIONERY STATION 5926  DIRECT,standard_rate,STATIONERY STATION
POS LIDL GB 9827  LTD REF-7819,zero_rated,LIDL GB
CARD XERO SOFTWARE BIRMINGHAM ONLINE,standard_rate,XERO SOFTWARE
PAYMENT TO ALDI STORES UK STORE,zero_rated,ALDI STORES
TRAINLINE 597 LONDON LTD,zero_rated,TRAINLINE
CARD DIRECTOR DRAWINGS 8716  STORE REF-3209,outside_scope,DIRECTOR DRAWINGS
CARD QUICKBOOKS  REF-1914,standard_rate,QUICKBOOKS
WESTMINSTER COUNCIL  LTD,outside_scope,WESTMINSTER COUNCIL
Card British Gas 9567 Manchester Ref-7510,reduced_rate,BRITISH GAS
SQ *BOOTS UK MANCHESTER STORE,standard_rate,BOOTS UK
Card Linkedin Premium 6955  Plc Ref-9757,standard_rate,LINKEDIN PREMIUM
card adobe creative leeds ltd ref-8289,standard_rate,ADOBE CREATIVE
PAYMENT TO AMAZON EU BIRMINGHAM REF-8900,standard_rate,AMAZON EU
dd eon next 9165  ref-2359,reduced_rate,EON NEXT
sq *deliveroo 8907 leeds plc,standard_rate,DELIVEROO
IZ *AMAZON KINDLE 3077  DIRECT,zero_rated,AMAZON KINDLE
POS BOOTS UK BRISTOL UK,standard_rate,BOOTS UK
AA BREAKDOWN  STORE,exempt,AA BREAKDOWN
CARD UBER EATS 421  UK,standard_rate,UBER EATS
CARD EDF ENERGY 3185  PLC REF-1681,reduced_rate,EDF ENERGY
DD BOOTS UK 8408 BRISTOL DIRECT,standard_rate,BOOTS UK
PAYMENT TO AMAZON UK 397  UK,standard_rate,AMAZON UK
IZ *AMAZON UK 4461  PLC,standard_rate,AMAZON UK
card amazon kindle birmingham,zero_rated,AMAZON KINDLE
PAYMENT TO XERO SOFTWARE 6414  LTD,standard_rate,XERO SOFTWARE
DD ASDA SUPERMARKET UK UK REF-6730,zero_rated,ASDA SUPERMARKET
IZ *ROYAL MAIL 4859 ONLINE LTD REF-3788,exempt,ROYAL MAIL
HMRC SHIPLEY  ONLINE REF-6678,outside_scope,HMRC SHIPLEY
POS EON NEXT 993 ONLINE DIRECT,reduced_rate,EON NEXT
POS UBER EATS  STORE,standard_rate,UBER EATS
POS BOOTS UK ONLINE,standard_rate,BOOTS UK
PAYMENT TO LNER TICKETS 6067 GLASGOW UK REF-3612,zero_rated,LNER TICKETS
SQ *AA BREAKDOWN GLASGOW REF-9084,exempt,AA BREAKDOWN
DD QUICKBOOKS 7935 ONLINE STORE REF-2982,standard_rate,QUICKBOOKS
iz *linkedin premium 980 bristol ltd,standard_rate,LINKEDIN PREMIUM
WATERSTONES GLASGOW STORE,zero_rated,WATERSTONES
IZ *ALDI STORES 9585 BIRMINGHAM STORE,zero_rated,ALDI STORES
SQ *DELIVEROO  LTD,standard_rate,DELIVEROO
POS QUICKBOOKS 2869  LTD,standard_rate,QUICKBOOKS
payment to lidl gb london plc ref-9870,zero_rated,LIDL GB
IZ *POST OFFICE ONLINE DIRECT,exempt,POST OFFICE
DD AMAZON EU 3482 MANCHESTER STORE,standard_rate,AMAZON EU
PAYMENT TO AMAZON UK 5021  DIRECT,standard_rate,AMAZON UK
CARD AMAZON KINDLE BRISTOL ONLINE,zero_rated,AMAZON KINDLE
CARD ASDA SUPERMARKET 9295 LEEDS,zero_rated,ASDA SUPERMARKET
PAYMENT TO AMAZON EU BIRMINGHAM ONLINE REF-1991,standard_rate,AMAZON EU
AMAZON EU 8288  PLC REF-6810,standard_rate,AMAZON EU
IZ *DELIVEROO 8649 GLASGOW STORE REF-8603,standard_rate,DELIVEROO
ADOBE CREATIVE MANCHESTER,standard_rate,ADOBE CREATIVE
PAYMENT TO NATIONAL EXPRESS BIRMINGHAM ONLINE,zero_rated,NATIONAL EXPRESS
IZ *INTRA ACCOUNT TRANSFER ONLINE STORE REF-6022,outside_scope,INTRA ACCOUNT TRANSFER
POS SAGE SUBSCRIPTION 3668  ONLINE,standard_rate,SAGE SUBSCRIPTION
POST OFFICE 5506  PLC,exempt,POST OFFICE
IZ *TESCO STORES 106 BRISTOL ONLINE,zero_rated,TESCO STORES
payment to hsbc bank fees 1516  direct,exempt,HSBC BANK FEES
IZ *TRAINLINE 6836 UK LTD REF-5761,zero_rated,TRAINLINE
sq *edf energy 2260 london ltd,reduced_rate,EDF ENERGY
dd microsoft 365 6352  ltd,standard_rate,MICROSOFT 365
DD STATIONERY STATION 3171  UK,standard_rate,STATIONERY STATION
POS XERO SOFTWARE 8711  ONLINE,standard_rate,XERO SOFTWARE
SQ *ROYAL MAIL 3035  ONLINE,exempt,ROYAL MAIL
IZ *AA BREAKDOWN 8340 LEEDS ONLINE REF-6096,exempt,AA BREAKDOWN
PAYMENT TO XERO SOFTWARE 3909  STORE REF-9052,standard_rate,XERO SOFTWARE
CARD AMAZON EU 238  DIRECT,standard_rate,AMAZON EU
Card Hmrc Shipley 7976 Online Plc,outside_scope,HMRC SHIPLEY
PAYMENT TO AVIVA INSURANCE ONLINE LTD REF-1602,exempt,AVIVA INSURANCE
Card Hmrc Payments 8119 Bristol Plc,outside_scope,HMRC PAYMENTS
Sq *Linkedin Premium 295 Uk Online Ref-6552,standard_rate,LINKEDIN PREMIUM
CARD UBER EATS 7934  PLC,standard_rate,UBER EATS
payment to tfl travel 9170  ltd,zero_rated,TFL TRAVEL
Sq *Director Drawings 3023 Online Ref-3286,outside_scope,DIRECTOR DRAWINGS
IZ *DELIVEROO 1301  REF-2169,standard_rate,DELIVEROO
CARD XERO SOFTWARE LEEDS UK REF-5598,standard_rate,XERO SOFTWARE
CARD AMAZON UK GLASGOW DIRECT,standard_rate,AMAZON UK
AMAZON EU LEEDS STORE,standard_rate,AMAZON EU
TESCO EXPRESS 8314 GLASGOW STORE,zero_rated,TESCO EXPRESS
Dd Adobe Creative 7492  Plc,standard_rate,ADOBE CREATIVE
Dd Boots Uk 6741 Birmingham Ltd,standard_rate,BOOTS UK
octopus energy 4748 uk online,reduced_rate,OCTOPUS ENERGY
SQ *TRAINLINE 3649  DIRECT,zero_rated,TRAINLINE
DD LINKEDIN PREMIUM 9694,standard_rate,LINKEDIN PREMIUM
SQ *STATIONERY STATION  STORE REF-7611,standard_rate,STATIONERY STATION
IZ *OCTOPUS ENERGY  STORE REF-5541,reduced_rate,OCTOPUS ENERGY
dd adobe creative 1102 uk ltd ref-8256,standard_rate,ADOBE CREATIVE
card waterstones  ref-6400,zero_rated,WATERSTONES
CARD PAYROLL TRANSFER 9323  STORE REF-3740,outside_scope,PAYROLL TRANSFER
pos boots uk 5775 uk direct,standard_rate,BOOTS UK
CARD TESCO EXPRESS 524  ONLINE REF-9176,zero_rated,TESCO EXPRESS
SQ *AMAZON UK 6934 BRISTOL UK REF-2915,standard_rate,AMAZON UK
POS TFL TRAVEL 8967  UK REF-2095,zero_rated,TFL TRAVEL
POS EDF ENERGY 9305  UK,reduced_rate,EDF ENERGY
SQ *MICROSOFT 365 BRISTOL REF-1494,standard_rate,MICROSOFT 365
IZ *AA BREAKDOWN 9689 UK UK REF-1329,exempt,AA BREAKDOWN
WATERSTONES  PLC REF-7094,zero_rated,WATERSTONES
dd trainline birmingham store,zero_rated,TRAINLINE
card aldi stores 496  uk ref-3773,zero_rated,ALDI STORES
POS AMAZON EU 8501 BRISTOL UK,standard_rate,AMAZON EU
IZ *HSBC BANK FEES 636 UK,exempt,HSBC BANK FEES
IZ *AMAZON EU 7340 LONDON LTD,standard_rate,AMAZON EU
SQ *MICROSOFT 365 145 LONDON STORE REF-2941,standard_rate,MICROSOFT 365
SQ *EON NEXT 6041 LONDON,reduced_rate,EON NEXT
DD TFL TRAVEL 4884 MANCHESTER ONLINE,zero_rated,TFL TRAVEL
Dd Barclays Bank 4653  Uk Ref-5019,exempt,BARCLAYS BANK
DELIVEROO 4486 BRISTOL LTD,standard_rate,DELIVEROO
DD HMRC SHIPLEY 2167  UK,outside_scope,HMRC SHIPLEY
SQ *XERO SOFTWARE LONDON STORE REF-2003,standard_rate,XERO SOFTWARE
IZ *EON NEXT 3028 LONDON UK,reduced_rate,EON NEXT
dd amazon uk 2721 bristol ltd,standard_rate,AMAZON UK
SQ *BOOTS UK 7219 LEEDS DIRECT,standard_rate,BOOTS UK
sq *national express bristol ltd ref-2198,zero_rated,NATIONAL EXPRESS
ADOBE CREATIVE 7214 LEEDS DIRECT REF-8554,standard_rate,ADOBE CREATIVE
DD STATIONERY STATION 3386 GLASGOW ONLINE,standard_rate,STATIONERY STATION
PAYMENT TO SAINSBURYS LEEDS PLC,zero_rated,SAINSBURYS
SQ *TFL TRAVEL 9379 UK DIRECT REF-8775,zero_rated,TFL TRAVEL
Card National Express 6734 Manchester Store,zero_rated,NATIONAL EXPRESS
IZ *PAYROLL TRANSFER,outside_scope,PAYROLL TRANSFER
SQ *HMRC PAYMENTS GLASGOW UK REF-1661,outside_scope,HMRC PAYMENTS
LNER TICKETS 7296  STORE,zero_rated,LNER TICKETS
Waterstones 960 London Uk,zero_rated,WATERSTONES
SQ *AMAZON UK 2164  UK,standard_rate,AMAZON UK
PAYMENT TO TRAINLINE 8865  REF-2189,zero_rated,TRAINLINE
POS POST OFFICE 5654 UK ONLINE,exempt,POST OFFICE
DD BARCLAYS BANK 1688 GLASGOW DIRECT,exempt,BARCLAYS BANK
PAYMENT TO BOOTS UK 1146 BIRMINGHAM UK,standard_rate,BOOTS UK
EON NEXT  PLC,reduced_rate,EON NEXT
CARD HMRC PAYMENTS 4022 MANCHESTER DIRECT,outside_scope,HMRC PAYMENTS
SQ *GOOGLE WORKSPACE ONLINE STORE,standard_rate,GOOGLE WORKSPACE
Sq *Adobe Creative 3493 Manchester Plc,standard_rate,ADOBE CREATIVE
CARD LINKEDIN PREMIUM 8525  PLC,standard_rate,LINKEDIN PREMIUM
LNER TICKETS 8532 MANCHESTER LTD REF-8768,zero_rated,LNER TICKETS
DD LINKEDIN PREMIUM MANCHESTER PLC REF-9197,standard_rate,LINKEDIN PREMIUM
iz *lidl gb birmingham online,zero_rated,LIDL GB
CARD HMRC SHIPLEY  PLC,outside_scope,HMRC SHIPLEY
DD HMRC SHIPLEY 9899 LONDON REF-7589,outside_scope,HMRC SHIPLEY
DD BRITISH GAS 9159 LEEDS,reduced_rate,BRITISH GAS
POS GOOGLE WORKSPACE 9655 ONLINE ONLINE REF-6932,standard_rate,GOOGLE WORKSPACE
PAYMENT TO EDF ENERGY 3924  PLC REF-6120,reduced_rate,EDF ENERGY
POS SAINSBURYS BRISTOL,zero_rated,SAINSBURYS
Director Drawings,outside_scope,DIRECTOR DRAWINGS
SQ *LINKEDIN PREMIUM  DIRECT,standard_rate,LINKEDIN PREMIUM
STATIONERY STATION 355 BIRMINGHAM STORE REF-3795,standard_rate,STATIONERY STATION
Payment To Linkedin Premium 5395 Birmingham Online Ref-2930,standard_rate,LINKEDIN PREMIUM
PAYMENT TO HSBC BANK FEES 6272 GLASGOW LTD REF-5586,exempt,HSBC BANK FEES
IZ *SAINSBURYS 8122 BIRMINGHAM STORE,zero_rated,SAINSBURYS
SQ *TRAINLINE 4627 GLASGOW LTD REF-6532,zero_rated,TRAINLINE
SQ *AMAZON EU  REF-6410,standard_rate,AMAZON EU
SQ *INTRA ACCOUNT TRANSFER 2888 ONLINE UK,outside_scope,INTRA ACCOUNT TRANSFER
payment to hsbc bank fees birmingham direct,exempt,HSBC BANK FEES
DIRECTOR DRAWINGS 6213 UK PLC REF-1439,outside_scope,DIRECTOR DRAWINGS
SAGE SUBSCRIPTION LEEDS UK,standard_rate,SAGE SUBSCRIPTION
IZ *TRAINLINE ONLINE UK REF-4268,zero_rated,TRAINLINE
card edf energy 9407  direct,reduced_rate,EDF ENERGY
AMAZON EU  STORE REF-8371,standard_rate,AMAZON EU
iz *lner tickets  direct,zero_rated,LNER TICKETS
SQ *TESCO STORES  DIRECT,zero_rated,TESCO STORES
sq *octopus energy leeds uk,reduced_rate,OCTOPUS ENERGY
POS EON NEXT 6382  REF-2310,reduced_rate,EON NEXT
DD STATIONERY STATION 5636 GLASGOW LTD,standard_rate,STATIONERY STATION
SQ *HMRC PAYMENTS 1539 ONLINE LTD,outside_scope,HMRC PAYMENTS
POS ROYAL MAIL BRISTOL UK,exempt,ROYAL MAIL
sq *waterstones 9622  store ref-5749,zero_rated,WATERSTONES
sq *intra account transfer 869  plc ref-9311,outside_scope,INTRA ACCOUNT TRANSFER
LNER TICKETS 6593 MANCHESTER,zero_rated,LNER TICKETS
NATIONAL EXPRESS 2552 BRISTOL DIRECT REF-3125,zero_rated,NATIONAL EXPRESS
pos asda supermarket birmingham store ref-3832,zero_rated,ASDA SUPERMARKET
IZ *AMAZON EU 2157  LTD,standard_rate,AMAZON EU
TESCO STORES 8198 ONLINE DIRECT REF-3979,zero_rated,TESCO STORES
CARD WATERSTONES ONLINE STORE,zero_rated,WATERSTONES
DD ADOBE CREATIVE 3864 LEEDS LTD,standard_rate,ADOBE CREATIVE
POS AVIVA INSURANCE 1879 BRISTOL PLC REF-2571,exempt,AVIVA INSURANCE
PAYMENT TO TESCO EXPRESS 9861 LEEDS REF-2341,zero_rated,TESCO EXPRESS
Card Lner Tickets 4831  Plc,zero_rated,LNER TICKETS
DD ASDA SUPERMARKET 1197 BRISTOL,zero_rated,ASDA SUPERMARKET
CARD TESCO EXPRESS 5749 GLASGOW UK,zero_rated,TESCO EXPRESS
tfl travel  uk ref-7414,zero_rated,TFL TRAVEL
POS AA BREAKDOWN 242 MANCHESTER UK,exempt,AA BREAKDOWN
PAYMENT TO ADOBE CREATIVE 1319 BIRMINGHAM LTD REF-9789,standard_rate,ADOBE CREATIVE
POST OFFICE GLASGOW STORE,exempt,POST OFFICE
POS TFL TRAVEL 6911  ONLINE REF-2212,zero_rated,TFL TRAVEL
Dd Waterstones 6758 Manchester Direct,zero_rated,WATERSTONES
Pos Tesco Express Glasgow Direct Ref-3981,zero_rated,TESCO EXPRESS
Dd Google Workspace 5981 Leeds Online Ref-6174,standard_rate,GOOGLE WORKSPACE
PAYMENT TO ASDA SUPERMARKET 4741,zero_rated,ASDA SUPERMARKET
Pos Aa Breakdown  Uk,exempt,AA BREAKDOWN
PAYMENT TO NATIONAL EXPRESS 8759 BIRMINGHAM LTD,zero_rated,NATIONAL EXPRESS
CARD AVIVA INSURANCE 1797 BRISTOL STORE,exempt,AVIVA INSURANCE
PAYMENT TO NATIONAL EXPRESS 8853 LONDON DIRECT REF-5399,zero_rated,NATIONAL EXPRESS
DD ALDI STORES LEEDS UK,zero_rated,ALDI STORES
Sq *Stationery Station 3445 Manchester Uk,standard_rate,STATIONERY STATION
National Express 8984 Leeds Ltd,zero_rated,NATIONAL EXPRESS
DD SAGE SUBSCRIPTION 4018  UK REF-4488,standard_rate,SAGE SUBSCRIPTION
DD STATIONERY STATION ONLINE STORE,standard_rate,STATIONERY STATION
SQ *DIRECTOR DRAWINGS 4330 BIRMINGHAM STORE REF-3818,outside_scope,DIRECTOR DRAWINGS
POS UBER EATS 9923  STORE REF-5311,standard_rate,UBER EATS
POS AVIVA INSURANCE 3494 BIRMINGHAM UK,exempt,AVIVA INSURANCE
SQ *XERO SOFTWARE 8846 ONLINE PLC REF-2799,standard_rate,XERO SOFTWARE
Iz *Google Workspace 7084  Direct Ref-8720,standard_rate,GOOGLE WORKSPACE
DD QUICKBOOKS 9892 LEEDS LTD,standard_rate,QUICKBOOKS
CARD POST OFFICE 3912 ONLINE UK,exempt,POST OFFICE
IZ *AA BREAKDOWN MANCHESTER ONLINE,exempt,AA BREAKDOWN
Sq *Lidl Gb 5287 Leeds Store,zero_rated,LIDL GB
POS LNER TICKETS 2955 GLASGOW PLC REF-6884,zero_rated,LNER TICKETS
PAYMENT TO HMRC SHIPLEY 4009  ONLINE,outside_scope,HMRC SHIPLEY
sq *hmrc shipley 4299 online plc,outside_scope,HMRC SHIPLEY
PAYMENT TO WESTMINSTER COUNCIL 8285 BRISTOL UK,outside_scope,WESTMINSTER COUNCIL
PAYMENT TO BOOTS UK 4277 LEEDS UK REF-8424,standard_rate,BOOTS UK
sq *intra account transfer 5637  uk,outside_scope,INTRA ACCOUNT TRANSFER
POS DELIVEROO 4799  ONLINE,standard_rate,DELIVEROO
POS ALDI STORES BIRMINGHAM LTD,zero_rated,ALDI STORES
IZ *STATIONERY STATION LEEDS STORE,standard_rate,STATIONERY STATION
Sq *Hmrc Payments 6895  Uk,outside_scope,HMRC PAYMENTS
Iz *Hsbc Bank Fees Leeds Ltd Ref-5554,exempt,HSBC BANK FEES
eon next manchester direct,reduced_rate,EON NEXT
IZ *AVIVA INSURANCE  ONLINE,exempt,AVIVA INSURANCE
IZ *PAYROLL TRANSFER 8709 LEEDS LTD REF-2261,outside_scope,PAYROLL TRANSFER
DD ROYAL MAIL 4451 BRISTOL UK,exempt,ROYAL MAIL
SQ *BARCLAYS BANK 9748 LEEDS PLC,exempt,BARCLAYS BANK
DD TRAINLINE  DIRECT,zero_rated,TRAINLINE
IZ *ADOBE CREATIVE  UK,standard_rate,ADOBE CREATIVE
POS EDF ENERGY ONLINE DIRECT REF-8998,reduced_rate,EDF ENERGY
DD ASDA SUPERMARKET 3099  ONLINE REF-6499,zero_rated,ASDA SUPERMARKET
pos eon next 1252 uk online ref-5260,reduced_rate,EON NEXT
DD TRAINLINE GLASGOW UK,zero_rated,TRAINLINE
PAYMENT TO XERO SOFTWARE LONDON STORE,standard_rate,XERO SOFTWARE
POS HMRC PAYMENTS 4592  DIRECT,outside_scope,HMRC PAYMENTS
POS NATIONAL EXPRESS 9706 GLASGOW PLC REF-4802,zero_rated,NATIONAL EXPRESS
Sq *Lidl Gb 610 Manchester,zero_rated,LIDL GB
POS ASDA SUPERMARKET 4657 LEEDS,zero_rated,ASDA SUPERMARKET
IZ *ASDA SUPERMARKET LEEDS DIRECT,zero_rated,ASDA SUPERMARKET
sq *google workspace 5222 bristol,standard_rate,GOOGLE WORKSPACE
Iz *Post Office 9189 Uk Ltd,exempt,POST OFFICE
PAYMENT TO PAYROLL TRANSFER GLASGOW PLC REF-2630,outside_scope,PAYROLL TRANSFER
AVIVA INSURANCE 6061 BRISTOL ONLINE,exempt,AVIVA INSURANCE
Dd National Express 1966 Bristol Online Ref-8308,zero_rated,NATIONAL EXPRESS
TRAINLINE 1885 LONDON STORE,zero_rated,TRAINLINE
hmrc shipley 5608  uk ref-6956,outside_scope,HMRC SHIPLEY
IZ *LIDL GB 5740 ONLINE UK REF-1133,zero_rated,LIDL GB
CARD DIRECTOR DRAWINGS 8026 BIRMINGHAM REF-2185,outside_scope,DIRECTOR DRAWINGS
IZ *MICROSOFT 365 9557  DIRECT REF-2050,standard_rate,MICROSOFT 365
Pos British Gas 5608 London Store Ref-5301,reduced_rate,BRITISH GAS
EDF ENERGY BIRMINGHAM DIRECT,reduced_rate,EDF ENERGY
SQ *ALDI STORES 3176  DIRECT,zero_rated,ALDI STORES
Pos Trainline Birmingham,zero_rated,TRAINLINE
EDF ENERGY 4411  LTD REF-3631,reduced_rate,EDF ENERGY
IZ *SAINSBURYS ONLINE STORE,zero_rated,SAINSBURYS
PAYMENT TO WESTMINSTER COUNCIL 7779 UK LTD,outside_scope,WESTMINSTER COUNCIL
Iz *Adobe Creative 286 Glasgow Direct Ref-7208,standard_rate,ADOBE CREATIVE
Tesco Stores 4477  Direct Ref-5634,zero_rated,TESCO STORES
CARD SAINSBURYS 8051 BIRMINGHAM UK REF-1793,zero_rated,SAINSBURYS
Card Tesco Express 7856  Store,zero_rated,TESCO EXPRESS
POS TRAINLINE  PLC REF-2748,zero_rated,TRAINLINE
Payroll Transfer 9907 Online,outside_scope,PAYROLL TRANSFER
IZ *BRITISH GAS  UK,reduced_rate,BRITISH GAS
SQ *POST OFFICE 814 MANCHESTER,exempt,POST OFFICE
HMRC PAYMENTS LEEDS DIRECT,outside_scope,HMRC PAYMENTS
Pos Aa Breakdown 3412 Online,exempt,AA BREAKDOWN
pos quickbooks  direct,standard_rate,QUICKBOOKS
CARD AMAZON UK 548 GLASGOW DIRECT REF-4010,standard_rate,AMAZON UK
AA BREAKDOWN 1162 ONLINE LTD REF-9761,exempt,AA BREAKDOWN
CARD LNER TICKETS BRISTOL ONLINE,zero_rated,LNER TICKETS
DD UBER EATS 446  PLC,standard_rate,UBER EATS
DD PAYROLL TRANSFER,outside_scope,PAYROLL TRANSFER
Dd Deliveroo 8363  Ltd Ref-7919,standard_rate,DELIVEROO
SQ *SAINSBURYS GLASGOW LTD,zero_rated,SAINSBURYS
IZ *GOOGLE WORKSPACE  DIRECT REF-9688,standard_rate,GOOGLE WORKSPACE
Iz *Amazon Kindle 8479  Online Ref-7876,zero_rated,AMAZON KINDLE
dd sage subscription glasgow uk ref-8258,standard_rate,SAGE SUBSCRIPTION
CARD MICROSOFT 365 2214  DIRECT REF-8420,standard_rate,MICROSOFT 365
IZ *LNER TICKETS 4737 ONLINE LTD REF-7165,zero_rated,LNER TICKETS
uber eats bristol,standard_rate,UBER EATS
CARD QUICKBOOKS 2537  PLC,standard_rate,QUICKBOOKS
POS BOOTS UK BIRMINGHAM DIRECT,standard_rate,BOOTS UK
iz *trainline manchester,zero_rated,TRAINLINE
GOOGLE WORKSPACE 1638 UK ONLINE REF-4167,standard_rate,GOOGLE WORKSPACE
POS TFL TRAVEL 7698 GLASGOW ONLINE REF-8707,zero_rated,TFL TRAVEL
POS SAGE SUBSCRIPTION 1627  DIRECT REF-7852,standard_rate,SAGE SUBSCRIPTION
CARD OCTOPUS ENERGY 4357  PLC,reduced_rate,OCTOPUS ENERGY
payment to uber eats 9877 glasgow online ref-1580,standard_rate,UBER EATS
LIDL GB 1262 GLASGOW ONLINE REF-9728,zero_rated,LIDL GB
IZ *AMAZON KINDLE 1750  UK,zero_rated,AMAZON KINDLE
AVIVA INSURANCE BRISTOL LTD,exempt,AVIVA INSURANCE
IZ *XERO SOFTWARE 8149 UK PLC,standard_rate,XERO SOFTWARE
IZ *UBER EATS  STORE REF-1091,standard_rate,UBER EATS
Tfl Travel  Direct,zero_rated,TFL TRAVEL
DD AVIVA INSURANCE 6040 MANCHESTER LTD REF-9197,exempt,AVIVA INSURANCE
Pos Waterstones 579,zero_rated,WATERSTONES
POS AMAZON KINDLE 7205 ONLINE,zero_rated,AMAZON KINDLE
PAYMENT TO ADOBE CREATIVE 9190  ONLINE,standard_rate,ADOBE CREATIVE
CARD SAINSBURYS 8164 LEEDS STORE,zero_rated,SAINSBURYS
SQ *EON NEXT 4751 LONDON DIRECT,reduced_rate,EON NEXT
CARD HSBC BANK FEES 1448 GLASGOW ONLINE REF-8979,exempt,HSBC BANK FEES
CARD SAINSBURYS 1954 UK PLC,zero_rated,SAINSBURYS
pos director drawings glasgow ltd,outside_scope,DIRECTOR DRAWINGS
TESCO EXPRESS 6012  PLC,zero_rated,TESCO EXPRESS
POS BOOTS UK 6974 BIRMINGHAM PLC,standard_rate,BOOTS UK
SQ *TESCO STORES BRISTOL DIRECT,zero_rated,TESCO STORES
POS WESTMINSTER COUNCIL 512  PLC,outside_scope,WESTMINSTER COUNCIL
DD BARCLAYS BANK 5055 LEEDS LTD REF-1315,exempt,BARCLAYS BANK
POS DIRECTOR DRAWINGS MANCHESTER UK REF-4139,outside_scope,DIRECTOR DRAWINGS
POS XERO SOFTWARE 5309  DIRECT,standard_rate,XERO SOFTWARE
SAINSBURYS 9161 BRISTOL UK,zero_rated,SAINSBURYS
POS STATIONERY STATION 4558  LTD,standard_rate,STATIONERY STATION
SQ *QUICKBOOKS 1628  UK,standard_rate,QUICKBOOKS
POS XERO SOFTWARE  LTD,standard_rate,XERO SOFTWARE
iz *octopus energy 9145 manchester direct ref-5956,reduced_rate,OCTOPUS ENERGY
IZ *TESCO STORES 1519  STORE,zero_rated,TESCO STORES
CARD XERO SOFTWARE 6923 ONLINE ONLINE REF-4536,standard_rate,XERO SOFTWARE
DD HSBC BANK FEES ONLINE LTD,exempt,HSBC BANK FEES
POS LIDL GB 5436 GLASGOW PLC,zero_rated,LIDL GB
AMAZON UK 6680 MANCHESTER STORE REF-3692,standard_rate,AMAZON UK
DD ADOBE CREATIVE GLASGOW,standard_rate,ADOBE CREATIVE
hmrc payments 9515 bristol direct ref-5176,outside_scope,HMRC PAYMENTS
ADOBE CREATIVE 8065 BIRMINGHAM DIRECT,standard_rate,ADOBE CREATIVE
POS POST OFFICE 2512  ONLINE,exempt,POST OFFICE
CARD HMRC SHIPLEY 8811  PLC,outside_scope,HMRC SHIPLEY
Sq *Tfl Travel  Direct Ref-2979,zero_rated,TFL TRAVEL
PAYMENT TO ADOBE CREATIVE 8978  LTD,standard_rate,ADOBE CREATIVE
SQ *ADOBE CREATIVE 6266 BIRMINGHAM DIRECT,standard_rate,ADOBE CREATIVE
DD LIDL GB 1586  UK,zero_rated,LIDL GB
BARCLAYS BANK 5076 BIRMINGHAM PLC,exempt,BARCLAYS BANK
POS TESCO STORES  REF-3496,zero_rated,TESCO STORES
DD POST OFFICE LONDON ONLINE REF-5360,exempt,POST OFFICE
IZ *TRAINLINE 9098 ONLINE LTD REF-3412,zero_rated,TRAINLINE
Iz *Stationery Station  Plc,standard_rate,STATIONERY STATION
Dd Stationery Station 7989  Uk Ref-8167,standard_rate,STATIONERY STATION
pos aviva insurance 5420 bristol,exempt,AVIVA INSURANCE
LIDL GB 8556  REF-3174,zero_rated,LIDL GB
Sq *Microsoft 365  Store,standard_rate,MICROSOFT 365
POS SAGE SUBSCRIPTION 9062 ONLINE PLC REF-6308,standard_rate,SAGE SUBSCRIPTION
Payment To Lidl Gb  Direct Ref-9161,zero_rated,LIDL GB
POS NATIONAL EXPRESS 1482 ONLINE UK REF-3800,zero_rated,NATIONAL EXPRESS
PAYMENT TO PAYROLL TRANSFER 6243 LONDON,outside_scope,PAYROLL TRANSFER
IZ *HMRC PAYMENTS 3502 UK,outside_scope,HMRC PAYMENTS
Sq *Boots Uk 5012  Ltd Ref-4909,standard_rate,BOOTS UK
CARD DELIVEROO 9103 ONLINE DIRECT,standard_rate,DELIVEROO
pos quickbooks  uk ref-1825,standard_rate,QUICKBOOKS
POS HMRC SHIPLEY 9727 GLASGOW STORE,outside_scope,HMRC SHIPLEY
PAYMENT TO ADOBE CREATIVE 1194  UK,standard_rate,ADOBE CREATIVE
Iz *Trainline London,zero_rated,TRAINLINE
POS SAINSBURYS 1606 UK PLC REF-6432,zero_rated,SAINSBURYS
SQ *SAINSBURYS 7817  DIRECT REF-2195,zero_rated,SAINSBURYS
CARD HMRC SHIPLEY 3105 GLASGOW LTD,outside_scope,HMRC SHIPLEY
pos uber eats 6759  online,standard_rate,UBER EATS
IZ *TRAINLINE UK STORE,zero_rated,TRAINLINE
Sq *Tesco Stores 1269 Bristol Plc,zero_rated,TESCO STORES
TFL TRAVEL 1986 LONDON STORE REF-1710,zero_rated,TFL TRAVEL
PAYMENT TO AVIVA INSURANCE LEEDS LTD,exempt,AVIVA INSURANCE
card linkedin premium online plc ref-8938,standard_rate,LINKEDIN PREMIUM
payment to octopus energy 5715  ltd ref-7096,reduced_rate,OCTOPUS ENERGY
POS PAYROLL TRANSFER 455 GLASGOW STORE REF-7698,outside_scope,PAYROLL TRANSFER
Pos Xero Software 7429 Glasgow Direct,standard_rate,XERO SOFTWARE
PAYMENT TO EDF ENERGY 5458 BRISTOL PLC REF-7432,reduced_rate,EDF ENERGY
CARD WATERSTONES 2185  REF-5806,zero_rated,WATERSTONES
IZ *HMRC PAYMENTS 8513  UK,outside_scope,HMRC PAYMENTS
dd eon next 6408 london store ref-4242,reduced_rate,EON NEXT
Card Hsbc Bank Fees 4271,exempt,HSBC BANK FEES
SQ *ALDI STORES 5285 BRISTOL,zero_rated,ALDI STORES
SQ *STATIONERY STATION 7078  LTD REF-1818,standard_rate,STATIONERY STATION
DD DELIVEROO 2777 BRISTOL DIRECT,standard_rate,DELIVEROO
CARD BRITISH GAS 8107  ONLINE,reduced_rate,BRITISH GAS
UBER EATS 4416 ONLINE UK REF-9195,standard_rate,UBER EATS
card eon next 2401 bristol store ref-2114,reduced_rate,EON NEXT
DD DELIVEROO 8885  PLC,standard_rate,DELIVEROO
CARD PAYROLL TRANSFER 7085  STORE REF-4065,outside_scope,PAYROLL TRANSFER
DD TESCO EXPRESS MANCHESTER REF-9095,zero_rated,TESCO EXPRESS
Pos Eon Next Glasgow Online Ref-9102,reduced_rate,EON NEXT
PAYMENT TO NATIONAL EXPRESS 1622  LTD REF-2886,zero_rated,NATIONAL EXPRESS
CARD EDF ENERGY 1239  UK,reduced_rate,EDF ENERGY
card aldi stores 401 birmingham store,zero_rated,ALDI STORES
card lner tickets 5191  plc,zero_rated,LNER TICKETS
DD UBER EATS 1733  DIRECT,standard_rate,UBER EATS
Card Asda Supermarket Leeds,zero_rated,ASDA SUPERMARKET
SQ *PAYROLL TRANSFER 2296 UK ONLINE,outside_scope,PAYROLL TRANSFER
pos asda supermarket 9646  direct ref-2641,zero_rated,ASDA SUPERMARKET
PAYMENT TO ADOBE CREATIVE  UK,standard_rate,ADOBE CREATIVE
SQ *WESTMINSTER COUNCIL 5938  UK REF-1313,outside_scope,WESTMINSTER COUNCIL
SQ *TESCO EXPRESS 1964 LEEDS DIRECT,zero_rated,TESCO EXPRESS
PAYMENT TO OCTOPUS ENERGY 6438 MANCHESTER ONLINE,reduced_rate,OCTOPUS ENERGY
Dd Deliveroo 9205  Online,standard_rate,DELIVEROO
POS LINKEDIN PREMIUM 4345,standard_rate,LINKEDIN PREMIUM
PAYMENT TO AA BREAKDOWN 8315 LONDON,exempt,AA BREAKDOWN
CARD LNER TICKETS 3878 GLASGOW ONLINE REF-2077,zero_rated,LNER TICKETS
CARD STATIONERY STATION MANCHESTER PLC REF-1406,standard_rate,STATIONERY STATION
iz *octopus energy 8870 glasgow ref-6048,reduced_rate,OCTOPUS ENERGY
PAYMENT TO NATIONAL EXPRESS 9869 ONLINE PLC,zero_rated,NATIONAL EXPRESS
BARCLAYS BANK 9383 MANCHESTER STORE REF-3617,exempt,BARCLAYS BANK
Pos Trainline 4524  Plc Ref-2857,zero_rated,TRAINLINE
DD AMAZON UK 1351 MANCHESTER,standard_rate,AMAZON UK
CARD WATERSTONES 5724  UK REF-3014,zero_rated,WATERSTONES
IZ *EDF ENERGY 7971,reduced_rate,EDF ENERGY
IZ *XERO SOFTWARE MANCHESTER LTD,standard_rate,XERO SOFTWARE
TFL TRAVEL LONDON STORE REF-3677,zero_rated,TFL TRAVEL
DD INTRA ACCOUNT TRANSFER ONLINE PLC,outside_scope,INTRA ACCOUNT TRANSFER
IZ *QUICKBOOKS  REF-6702,standard_rate,QUICKBOOKS
DD ALDI STORES 6879 BRISTOL LTD,zero_rated,ALDI STORES
IZ *NATIONAL EXPRESS 110 GLASGOW LTD,zero_rated,NATIONAL EXPRESS
PAYMENT TO LNER TICKETS 8202 ONLINE STORE REF-3094,zero_rated,LNER TICKETS
DD LINKEDIN PREMIUM 1915 LONDON ONLINE,standard_rate,LINKEDIN PREMIUM
Iz *Linkedin Premium 2121 Uk Ltd,standard_rate,LINKEDIN PREMIUM
Intra Account Transfer 2438  Plc,outside_scope,INTRA ACCOUNT TRANSFER
POS AMAZON KINDLE 1745 UK UK REF-5814,zero_rated,AMAZON KINDLE
iz *asda supermarket  online,zero_rated,ASDA SUPERMARKET
card quickbooks 2230 bristol,standard_rate,QUICKBOOKS
payment to intra account transfer 5395  plc,outside_scope,INTRA ACCOUNT TRANSFER
Sq *Stationery Station 8383 Glasgow Ltd,standard_rate,STATIONERY STATION
eon next  store,reduced_rate,EON NEXT
CARD AVIVA INSURANCE 6161 BRISTOL LTD,exempt,AVIVA INSURANCE
card british gas  plc,reduced_rate,BRITISH GAS
Iz *Barclays Bank 8320 Birmingham Uk,exempt,BARCLAYS BANK
HMRC SHIPLEY  ONLINE,outside_scope,HMRC SHIPLEY
TRAINLINE 8756  ONLINE,zero_rated,TRAINLINE
PAYMENT TO TFL TRAVEL ONLINE LTD,zero_rated,TFL TRAVEL
DD AVIVA INSURANCE 9975  STORE REF-3540,exempt,AVIVA INSURANCE
CARD OCTOPUS ENERGY 9167 MANCHESTER REF-3931,reduced_rate,OCTOPUS ENERGY
CARD LIDL GB 7729 MANCHESTER UK,zero_rated,LIDL GB
SQ *DELIVEROO  PLC,standard_rate,DELIVEROO
sq *linkedin premium 1814 london online ref-7265,standard_rate,LINKEDIN PREMIUM
SQ *QUICKBOOKS GLASGOW PLC,standard_rate,QUICKBOOKS
Pos British Gas Bristol Direct,reduced_rate,BRITISH GAS
IZ *BARCLAYS BANK 8721 ONLINE LTD,exempt,BARCLAYS BANK
LINKEDIN PREMIUM 8600 ONLINE LTD REF-2812,standard_rate,LINKEDIN PREMIUM
PAYMENT TO DELIVEROO 7603 ONLINE UK REF-3281,standard_rate,DELIVEROO
Sainsburys Leeds Direct,zero_rated,SAINSBURYS
CARD TESCO STORES 1733,zero_rated,TESCO STORES
IZ *BOOTS UK 6286 MANCHESTER ONLINE REF-7770,standard_rate,BOOTS UK
LINKEDIN PREMIUM 1434 UK STORE REF-1439,standard_rate,LINKEDIN PREMIUM
hsbc bank fees 6097  ltd,exempt,HSBC BANK FEES
POS LIDL GB 6717 UK STORE REF-2148,zero_rated,LIDL GB
CARD WATERSTONES 1978 GLASGOW STORE,zero_rated,WATERSTONES
SQ *WATERSTONES 945  DIRECT REF-8030,zero_rated,WATERSTONES
PAYMENT TO TRAINLINE 5799 MANCHESTER,zero_rated,TRAINLINE
IZ *BOOTS UK 631 UK UK REF-9114,standard_rate,BOOTS UK
PAYMENT TO BRITISH GAS 3868  LTD REF-5051,reduced_rate,BRITISH GAS
CARD BRITISH GAS 9405 LEEDS STORE REF-3128,reduced_rate,BRITISH GAS
EON NEXT 6368 ONLINE,reduced_rate,EON NEXT
sq *sage subscription 9573 birmingham online ref-5004,standard_rate,SAGE SUBSCRIPTION
CARD DELIVEROO MANCHESTER STORE,standard_rate,DELIVEROO
dd aa breakdown 6490  ltd,exempt,AA BREAKDOWN
Sq *Sainsburys Bristol Store,zero_rated,SAINSBURYS
POS HSBC BANK FEES 9044,exempt,HSBC BANK FEES
payment to national express manchester online,zero_rated,NATIONAL EXPRESS
Payment To Lidl Gb 6015 London Plc,zero_rated,LIDL GB
xero software  online,standard_rate,XERO SOFTWARE
POS STATIONERY STATION 3142 LONDON,standard_rate,STATIONERY STATION
AMAZON EU 2603 BRISTOL LTD,standard_rate,AMAZON EU
SQ *WATERSTONES 6668  DIRECT,zero_rated,WATERSTONES
PAYMENT TO GOOGLE WORKSPACE 9404  PLC REF-8005,standard_rate,GOOGLE WORKSPACE
AVIVA INSURANCE 8910  LTD,exempt,AVIVA INSURANCE
sq *trainline 767  online,zero_rated,TRAINLINE
pos amazon uk 7250  direct,standard_rate,AMAZON UK
DD ASDA SUPERMARKET GLASGOW UK,zero_rated,ASDA SUPERMARKET
SQ *WATERSTONES 9253 GLASGOW REF-2100,zero_rated,WATERSTONES
DD AMAZON EU 4706  DIRECT REF-6862,standard_rate,AMAZON EU
Pos Octopus Energy Leeds Direct,reduced_rate,OCTOPUS ENERGY
IZ *WESTMINSTER COUNCIL 333 BIRMINGHAM DIRECT,outside_scope,WESTMINSTER COUNCIL
CARD ALDI STORES 3814 MANCHESTER REF-1187,zero_rated,ALDI STORES
Dd Director Drawings Bristol Ltd Ref-7944,outside_scope,DIRECTOR DRAWINGS
DD LNER TICKETS 9055  ONLINE REF-9957,zero_rated,LNER TICKETS
CARD ALDI STORES 2895 BIRMINGHAM DIRECT,zero_rated,ALDI STORES
national express 5261 bristol online,zero_rated,NATIONAL EXPRESS
SQ *ROYAL MAIL 5263  DIRECT,exempt,ROYAL MAIL
octopus energy 6466  uk ref-8501,reduced_rate,OCTOPUS ENERGY
payment to xero software  store ref-9711,standard_rate,XERO SOFTWARE
SQ *GOOGLE WORKSPACE UK STORE REF-6368,standard_rate,GOOGLE WORKSPACE
pos barclays bank leeds ref-1674,exempt,BARCLAYS BANK
Sq *Google Workspace 1705  Ltd Ref-1259,standard_rate,GOOGLE WORKSPACE
POS HMRC SHIPLEY 9818  PLC,outside_scope,HMRC SHIPLEY
SQ *ROYAL MAIL 1892 BIRMINGHAM UK,exempt,ROYAL MAIL
DD AMAZON EU  ONLINE,standard_rate,AMAZON EU
POS HMRC SHIPLEY UK REF-7778,outside_scope,HMRC SHIPLEY
CARD DELIVEROO 4157 BIRMINGHAM PLC,standard_rate,DELIVEROO
IZ *MICROSOFT 365 9980 UK PLC,standard_rate,MICROSOFT 365
Card Edf Energy 2502 Leeds Online Ref-2590,reduced_rate,EDF ENERGY
DD WESTMINSTER COUNCIL 115  ONLINE REF-7418,outside_scope,WESTMINSTER COUNCIL
SQ *SAINSBURYS 5042 LONDON ONLINE,zero_rated,SAINSBURYS
SQ *LNER TICKETS 7622 BIRMINGHAM STORE REF-9650,zero_rated,LNER TICKETS
POS EDF ENERGY 7458 LONDON ONLINE,reduced_rate,EDF ENERGY
Barclays Bank Uk Uk Ref-1294,exempt,BARCLAYS BANK
IZ *DELIVEROO MANCHESTER LTD REF-1053,standard_rate,DELIVEROO
QUICKBOOKS 1737 ONLINE PLC REF-4527,standard_rate,QUICKBOOKS
DD LIDL GB 3376  LTD,zero_rated,LIDL GB
Asda Supermarket 6449 London,zero_rated,ASDA SUPERMARKET
DD QUICKBOOKS 4708 BRISTOL ONLINE,standard_rate,QUICKBOOKS
IZ *TESCO STORES 7853  PLC,zero_rated,TESCO STORES
DD QUICKBOOKS  ONLINE REF-6007,standard_rate,QUICKBOOKS
Sq *Uber Eats Online Plc,standard_rate,UBER EATS
IZ *LINKEDIN PREMIUM GLASGOW STORE,standard_rate,LINKEDIN PREMIUM
SQ *GOOGLE WORKSPACE 344 UK LTD REF-3414,standard_rate,GOOGLE WORKSPACE
octopus energy  online ref-7912,reduced_rate,OCTOPUS ENERGY
DD HSBC BANK FEES 7198 LONDON UK REF-8792,exempt,HSBC BANK FEES
DD WESTMINSTER COUNCIL 8781  DIRECT,outside_scope,WESTMINSTER COUNCIL
HSBC BANK FEES 5207,exempt,HSBC BANK FEES
card intra account transfer manchester direct,outside_scope,INTRA ACCOUNT TRANSFER
Card Hmrc Payments 827 Manchester Store,outside_scope,HMRC PAYMENTS
dd hmrc payments 1139  ltd,outside_scope,HMRC PAYMENTS
DD POST OFFICE 2103 ONLINE DIRECT,exempt,POST OFFICE
CARD XERO SOFTWARE 6142 LEEDS PLC,standard_rate,XERO SOFTWARE
DD LNER TICKETS 5560 LONDON ONLINE REF-6317,zero_rated,LNER TICKETS
CARD MICROSOFT 365 GLASGOW PLC,standard_rate,MICROSOFT 365
POS EON NEXT 6671  STORE,reduced_rate,EON NEXT
SQ *AMAZON UK 6794 MANCHESTER UK,standard_rate,AMAZON UK
POST OFFICE LONDON LTD,exempt,POST OFFICE
POS OCTOPUS ENERGY 9599 UK LTD REF-5475,reduced_rate,OCTOPUS ENERGY
PAYMENT TO LNER TICKETS 9931 LONDON ONLINE,zero_rated,LNER TICKETS
Dd Hmrc Shipley 6068  Uk Ref-9892,outside_scope,HMRC SHIPLEY
sq *intra account transfer  plc ref-5174,outside_scope,INTRA ACCOUNT TRANSFER
POS STATIONERY STATION 760 MANCHESTER PLC,standard_rate,STATIONERY STATION
IZ *TESCO EXPRESS 8840  STORE,zero_rated,TESCO EXPRESS
PAYMENT TO MICROSOFT 365 1245 GLASGOW ONLINE REF-7710,standard_rate,MICROSOFT 365
IZ *STATIONERY STATION GLASGOW REF-4953,standard_rate,STATIONERY STATION
PAYMENT TO AMAZON EU 8908 ONLINE DIRECT,standard_rate,AMAZON EU
card post office online direct,exempt,POST OFFICE
IZ *EDF ENERGY 6022  DIRECT REF-3761,reduced_rate,EDF ENERGY
Iz *Intra Account Transfer 5328  Direct Ref-7437,outside_scope,INTRA ACCOUNT TRANSFER
pos tesco express 9215 glasgow ltd,zero_rated,TESCO EXPRESS
Pos Hmrc Shipley London Plc Ref-4888,outside_scope,HMRC SHIPLEY
iz *uber eats 6388 uk,standard_rate,UBER EATS
Iz *Uber Eats 6340 Birmingham,standard_rate,UBER EATS
CARD HMRC SHIPLEY 4235 LEEDS STORE REF-9667,outside_scope,HMRC SHIPLEY
HMRC SHIPLEY  LTD,outside_scope,HMRC SHIPLEY
HMRC PAYMENTS 8522 LEEDS DIRECT,outside_scope,HMRC PAYMENTS
PAYMENT TO TESCO EXPRESS 2499,zero_rated,TESCO EXPRESS
card linkedin premium birmingham online ref-8672,standard_rate,LINKEDIN PREMIUM
PAYMENT TO OCTOPUS ENERGY 7936,reduced_rate,OCTOPUS ENERGY
DD EDF ENERGY  PLC,reduced_rate,EDF ENERGY
payment to hsbc bank fees 6450,exempt,HSBC BANK FEES
CARD ADOBE CREATIVE 6352 LONDON DIRECT REF-7820,standard_rate,ADOBE CREATIVE
DD POST OFFICE 2366 ONLINE ONLINE,exempt,POST OFFICE
DD UBER EATS 471 GLASGOW ONLINE REF-6140,standard_rate,UBER EATS
DD POST OFFICE LONDON UK,exempt,POST OFFICE
IZ *HMRC PAYMENTS 6182  UK REF-4648,outside_scope,HMRC PAYMENTS
SQ *AVIVA INSURANCE 9174 MANCHESTER STORE REF-2616,exempt,AVIVA INSURANCE
DD WATERSTONES 5567  PLC,zero_rated,WATERSTONES
iz *sainsburys 285  plc,zero_rated,SAINSBURYS
Sq *Aviva Insurance 4498  Online Ref-4176,exempt,AVIVA INSURANCE
IZ *AA BREAKDOWN 5585 ONLINE,exempt,AA BREAKDOWN
PAYMENT TO AMAZON UK LEEDS ONLINE,standard_rate,AMAZON UK
PAYMENT TO BARCLAYS BANK 8331 ONLINE STORE REF-1764,exempt,BARCLAYS BANK
ADOBE CREATIVE 4005  LTD REF-3018,standard_rate,ADOBE CREATIVE
PAYMENT TO BARCLAYS BANK 5828 MANCHESTER PLC,exempt,BARCLAYS BANK
DD AA BREAKDOWN 2930 MANCHESTER ONLINE REF-7134,exempt,AA BREAKDOWN
POS INTRA ACCOUNT TRANSFER 3617  LTD,outside_scope,INTRA ACCOUNT TRANSFER
dd uber eats,standard_rate,UBER EATS
POS WESTMINSTER COUNCIL 8780 BIRMINGHAM REF-4916,outside_scope,WESTMINSTER COUNCIL
CARD HSBC BANK FEES 8542  DIRECT,exempt,HSBC BANK FEES
DD EDF ENERGY  LTD,reduced_rate,EDF ENERGY
PAYMENT TO WATERSTONES BRISTOL STORE,zero_rated,WATERSTONES
SQ *ASDA SUPERMARKET 3006 BIRMINGHAM ONLINE,zero_rated,ASDA SUPERMARKET
DD ROYAL MAIL 3047 BRISTOL,exempt,ROYAL MAIL
CARD TESCO STORES 4433  ONLINE,zero_rated,TESCO STORES
SQ *ASDA SUPERMARKET 1289 LONDON LTD,zero_rated,ASDA SUPERMARKET
INTRA ACCOUNT TRANSFER 4615  ONLINE,outside_scope,INTRA ACCOUNT TRANSFER
DD DIRECTOR DRAWINGS  STORE,outside_scope,DIRECTOR DRAWINGS
SQ *ASDA SUPERMARKET 9661 MANCHESTER UK,zero_rated,ASDA SUPERMARKET
IZ *TESCO EXPRESS 6170,zero_rated,TESCO EXPRESS
POS HSBC BANK FEES MANCHESTER STORE,exempt,HSBC BANK FEES
sq *amazon kindle bristol ltd,zero_rated,AMAZON KINDLE
IZ *DIRECTOR DRAWINGS 6323  UK,outside_scope,DIRECTOR DRAWINGS
PAYMENT TO MICROSOFT 365 5738 LONDON PLC REF-3964,standard_rate,MICROSOFT 365
SQ *ADOBE CREATIVE 3736 LONDON PLC,standard_rate,ADOBE CREATIVE
IZ *SAINSBURYS  UK,zero_rated,SAINSBURYS
IZ *WATERSTONES LONDON STORE,zero_rated,WATERSTONES
CARD TESCO EXPRESS 2937 ONLINE ONLINE,zero_rated,TESCO EXPRESS
Card Intra Account Transfer Online Store Ref-4746,outside_scope,INTRA ACCOUNT TRANSFER
POS XERO SOFTWARE  ONLINE REF-4846,standard_rate,XERO SOFTWARE
DD AVIVA INSURANCE 7528 LONDON DIRECT,exempt,AVIVA INSURANCE
SQ *EON NEXT 1079 LONDON LTD,reduced_rate,EON NEXT
PAYMENT TO XERO SOFTWARE UK DIRECT,standard_rate,XERO SOFTWARE
EON NEXT 3367  DIRECT REF-9240,reduced_rate,EON NEXT
IZ *AMAZON KINDLE 7885 GLASGOW,zero_rated,AMAZON KINDLE
CARD LIDL GB 9167 BIRMINGHAM PLC,zero_rated,LIDL GB
IZ *EDF ENERGY 7467  DIRECT REF-4893,reduced_rate,EDF ENERGY
card lner tickets 1370 birmingham,zero_rated,LNER TICKETS
payment to barclays bank 5229  ref-3193,exempt,BARCLAYS BANK
IZ *HMRC SHIPLEY 1828 BRISTOL ONLINE,outside_scope,HMRC SHIPLEY
PAYMENT TO OCTOPUS ENERGY 1590 BIRMINGHAM STORE REF-6610,reduced_rate,OCTOPUS ENERGY
microsoft 365 1370,standard_rate,MICROSOFT 365
payment to sainsburys 6537 glasgow store,zero_rated,SAINSBURYS
IZ *MICROSOFT 365 7674 LONDON STORE,standard_rate,MICROSOFT 365
Iz *British Gas  Plc,reduced_rate,BRITISH GAS
IZ *ROYAL MAIL 7657 MANCHESTER,exempt,ROYAL MAIL
AA BREAKDOWN 390 BIRMINGHAM,exempt,AA BREAKDOWN
UBER EATS LONDON REF-8869,standard_rate,UBER EATS
PAYMENT TO ASDA SUPERMARKET 220 ONLINE UK,zero_rated,ASDA SUPERMARKET
POS LINKEDIN PREMIUM 3349  LTD,standard_rate,LINKEDIN PREMIUM
PAYMENT TO QUICKBOOKS 4107 ONLINE STORE,standard_rate,QUICKBOOKS
DD STATIONERY STATION  LTD REF-8965,standard_rate,STATIONERY STATION
PAYMENT TO ROYAL MAIL 3750 GLASGOW UK REF-6345,exempt,ROYAL MAIL
IZ *BRITISH GAS 4344  PLC REF-1264,reduced_rate,BRITISH GAS
PAYMENT TO QUICKBOOKS  REF-5459,standard_rate,QUICKBOOKS
HMRC SHIPLEY UK REF-8774,outside_scope,HMRC SHIPLEY
Pos Aa Breakdown  Uk,exempt,AA BREAKDOWN
PAYMENT TO AVIVA INSURANCE LONDON REF-6833,exempt,AVIVA INSURANCE
PAYMENT TO UBER EATS 8726 LEEDS,standard_rate,UBER EATS
Payment To Lidl Gb 3969 Bristol Uk,zero_rated,LIDL GB
Pos Eon Next  Plc Ref-6384,reduced_rate,EON NEXT
IZ *AA BREAKDOWN 1316 BIRMINGHAM DIRECT,exempt,AA BREAKDOWN
CARD BARCLAYS BANK 1128  LTD,exempt,BARCLAYS BANK
POS LNER TICKETS 323 GLASGOW PLC REF-5476,zero_rated,LNER TICKETS
DD ADOBE CREATIVE 4352  LTD REF-3444,standard_rate,ADOBE CREATIVE
Pos Hmrc Payments Leeds Uk,outside_scope,HMRC PAYMENTS
IZ *BOOTS UK 7281 LONDON STORE,standard_rate,BOOTS UK
Westminster Council 4696  Store,outside_scope,WESTMINSTER COUNCIL
SQ *QUICKBOOKS 9745  PLC,standard_rate,QUICKBOOKS
POS UBER EATS 7431 ONLINE STORE,standard_rate,UBER EATS
SQ *SAINSBURYS 6909 ONLINE STORE REF-8272,zero_rated,SAINSBURYS
DD AMAZON KINDLE 5985  PLC REF-4251,zero_rated,AMAZON KINDLE
Iz *Stationery Station 4858 Glasgow Uk,standard_rate,STATIONERY STATION
OCTOPUS ENERGY 1289,reduced_rate,OCTOPUS ENERGY
SQ *AA BREAKDOWN 5267 LONDON ONLINE REF-1036,exempt,AA BREAKDOWN
POS MICROSOFT 365 6877  REF-3255,standard_rate,MICROSOFT 365
UBER EATS BRISTOL STORE,standard_rate,UBER EATS
PAYMENT TO INTRA ACCOUNT TRANSFER 4788 BRISTOL ONLINE,outside_scope,INTRA ACCOUNT TRANSFER
IZ *SAINSBURYS 7152 GLASGOW ONLINE,zero_rated,SAINSBURYS
PAYMENT TO SAGE SUBSCRIPTION  DIRECT REF-7053,standard_rate,SAGE SUBSCRIPTION
PAYMENT TO DIRECTOR DRAWINGS 7834 LONDON STORE,outside_scope,DIRECTOR DRAWINGS
DD QUICKBOOKS 1466  STORE REF-9248,standard_rate,QUICKBOOKS
Iz *Aviva Insurance 1758 Birmingham Direct Ref-6071,exempt,AVIVA INSURANCE
PAYMENT TO TFL TRAVEL BIRMINGHAM DIRECT,zero_rated,TFL TRAVEL
pos barclays bank bristol store ref-9477,exempt,BARCLAYS BANK
MICROSOFT 365 BIRMINGHAM LTD REF-6771,standard_rate,MICROSOFT 365
Pos Aviva Insurance Manchester Uk,exempt,AVIVA INSURANCE
Sq *Waterstones 5208 Glasgow Ref-3523,zero_rated,WATERSTONES
ALDI STORES LONDON UK REF-5078,zero_rated,ALDI STORES
DD BARCLAYS BANK  REF-1242,exempt,BARCLAYS BANK
IZ *AVIVA INSURANCE GLASGOW DIRECT REF-4955,exempt,AVIVA INSURANCE
POS TRAINLINE 9469 ONLINE DIRECT,zero_rated,TRAINLINE
ALDI STORES 5852  UK REF-4259,zero_rated,ALDI STORES
LNER TICKETS LEEDS PLC,zero_rated,LNER TICKETS
SQ *TFL TRAVEL 5812 GLASGOW STORE REF-7782,zero_rated,TFL TRAVEL
HMRC PAYMENTS ONLINE LTD,outside_scope,HMRC PAYMENTS
CARD HMRC SHIPLEY 3624  PLC REF-7390,outside_scope,HMRC SHIPLEY
HMRC PAYMENTS  STORE REF-2393,outside_scope,HMRC PAYMENTS
iz *national express  store,zero_rated,NATIONAL EXPRESS
Iz *Payroll Transfer 2208 Birmingham Plc Ref-7275,outside_scope,PAYROLL TRANSFER
Iz *Quickbooks 9192 Leeds Direct Ref-4490,standard_rate,QUICKBOOKS
Payment To Linkedin Premium 6674  Uk,standard_rate,LINKEDIN PREMIUM
google workspace 4076 uk plc,standard_rate,GOOGLE WORKSPACE
Pos Waterstones 7944 Manchester Direct Ref-5432,zero_rated,WATERSTONES
LNER TICKETS 2694  PLC REF-1449,zero_rated,LNER TICKETS
SQ *LINKEDIN PREMIUM 4362 UK,standard_rate,LINKEDIN PREMIUM
IZ *AMAZON KINDLE  DIRECT,zero_rated,AMAZON KINDLE
payment to tfl travel 7331 birmingham uk,zero_rated,TFL TRAVEL
DD ROYAL MAIL MANCHESTER STORE REF-1486,exempt,ROYAL MAIL
SQ *AVIVA INSURANCE 5989 UK REF-6988,exempt,AVIVA INSURANCE
Iz *Director Drawings 3262 Birmingham Store Ref-9077,outside_scope,DIRECTOR DRAWINGS
Card Hmrc Shipley  Store Ref-5647,outside_scope,HMRC SHIPLEY
CARD BARCLAYS BANK LONDON DIRECT REF-9782,exempt,BARCLAYS BANK
Payment To Westminster Council 3142  Uk,outside_scope,WESTMINSTER COUNCIL
IZ *STATIONERY STATION 9894  PLC,standard_rate,STATIONERY STATION
POS EON NEXT GLASGOW,reduced_rate,EON NEXT
Pos Royal Mail Glasgow Ref-1327,exempt,ROYAL MAIL
WESTMINSTER COUNCIL LONDON DIRECT,outside_scope,WESTMINSTER COUNCIL
LNER TICKETS 2353  DIRECT,zero_rated,LNER TICKETS
iz *tfl travel 2900  plc,zero_rated,TFL TRAVEL
SQ *DELIVEROO 4551 LONDON DIRECT REF-9748,standard_rate,DELIVEROO
PAYMENT TO PAYROLL TRANSFER UK,outside_scope,PAYROLL TRANSFER
IZ *ALDI STORES 5095  LTD,zero_rated,ALDI STORES
POS BARCLAYS BANK 3389  STORE,exempt,BARCLAYS BANK
payment to boots uk 9557  ref-2163,standard_rate,BOOTS UK
PAYROLL TRANSFER BRISTOL LTD REF-9650,outside_scope,PAYROLL TRANSFER
CARD TESCO STORES 9047 ONLINE UK REF-4613,zero_rated,TESCO STORES
CARD UBER EATS 1007 UK,standard_rate,UBER EATS
Iz *Amazon Eu Manchester Direct,standard_rate,AMAZON EU
payment to tfl travel 9842  ref-7263,zero_rated,TFL TRAVEL
CARD AMAZON EU  PLC,standard_rate,AMAZON EU
AMAZON KINDLE UK UK,zero_rated,AMAZON KINDLE
PAYMENT TO AA BREAKDOWN GLASGOW PLC,exempt,AA BREAKDOWN
Sq *Intra Account Transfer Manchester Direct Ref-5171,outside_scope,INTRA ACCOUNT TRANSFER
payment to sage subscription glasgow ref-5436,standard_rate,SAGE SUBSCRIPTION
DD ADOBE CREATIVE 9176 LONDON ONLINE,standard_rate,ADOBE CREATIVE
POS BRITISH GAS ONLINE LTD REF-9875,reduced_rate,BRITISH GAS
PAYMENT TO ADOBE CREATIVE GLASGOW UK,standard_rate,ADOBE CREATIVE
Payment To Quickbooks  Store Ref-9001,standard_rate,QUICKBOOKS
Iz *Amazon Kindle 2560  Store,zero_rated,AMAZON KINDLE
Dd Stationery Station 7988 Bristol Ltd Ref-4751,standard_rate,STATIONERY STATION
DD SAINSBURYS GLASGOW ONLINE,zero_rated,SAINSBURYS
SQ *AMAZON EU 8966 GLASGOW DIRECT REF-3415,standard_rate,AMAZON EU
PAYMENT TO TFL TRAVEL 4108 UK PLC,zero_rated,TFL TRAVEL
POS PAYROLL TRANSFER ONLINE DIRECT,outside_scope,PAYROLL TRANSFER
Payment To Aldi Stores 4554  Online,zero_rated,ALDI STORES
POS BRITISH GAS 9342  PLC,reduced_rate,BRITISH GAS
Iz *Boots Uk 9778 Uk Plc,standard_rate,BOOTS UK
IZ *DIRECTOR DRAWINGS UK,outside_scope,DIRECTOR DRAWINGS
DD POST OFFICE 5934 MANCHESTER,exempt,POST OFFICE
POS XERO SOFTWARE 7108 BRISTOL LTD,standard_rate,XERO SOFTWARE
POS HMRC PAYMENTS 703 ONLINE DIRECT,outside_scope,HMRC PAYMENTS
POS ALDI STORES  DIRECT,zero_rated,ALDI STORES
card amazon kindle leeds plc,zero_rated,AMAZON KINDLE
Stationery Station 2730 Manchester Online,standard_rate,STATIONERY STATION
POS ASDA SUPERMARKET 4378 GLASGOW UK REF-5895,zero_rated,ASDA SUPERMARKET
POS BRITISH GAS 8125 LEEDS LTD,reduced_rate,BRITISH GAS
Card Waterstones 2089 Glasgow Store Ref-9369,zero_rated,WATERSTONES
CARD BARCLAYS BANK 9749  DIRECT REF-3953,exempt,BARCLAYS BANK
DD PAYROLL TRANSFER 9415 MANCHESTER DIRECT,outside_scope,PAYROLL TRANSFER
Iz *Hsbc Bank Fees Manchester Ltd,exempt,HSBC BANK FEES
DD QUICKBOOKS BRISTOL UK REF-1504,standard_rate,QUICKBOOKS
PAYMENT TO GOOGLE WORKSPACE MANCHESTER STORE,standard_rate,GOOGLE WORKSPACE
Iz *Microsoft 365 4179 London Plc,standard_rate,MICROSOFT 365
iz *hsbc bank fees 8311 manchester store,exempt,HSBC BANK FEES
Pos Amazon Eu 6576 Manchester Plc Ref-3288,standard_rate,AMAZON EU
iz *tfl travel 8177 birmingham store ref-8122,zero_rated,TFL TRAVEL
EON NEXT UK ONLINE,reduced_rate,EON NEXT
pos lner tickets 459  direct ref-6903,zero_rated,LNER TICKETS
DD BOOTS UK 1322  PLC,standard_rate,BOOTS UK
POS BARCLAYS BANK 1174 LONDON STORE,exempt,BARCLAYS BANK
Pos Adobe Creative 1010  Store,standard_rate,ADOBE CREATIVE
CARD AA BREAKDOWN 7934  DIRECT REF-7997,exempt,AA BREAKDOWN
POS UBER EATS 6749 BIRMINGHAM DIRECT REF-6688,standard_rate,UBER EATS
Pos Deliveroo 9404 Uk Uk,standard_rate,DELIVEROO
pos uber eats 6023  uk ref-7060,standard_rate,UBER EATS
CARD WATERSTONES 8269  PLC,zero_rated,WATERSTONES
DD EDF ENERGY 8214 MANCHESTER PLC,reduced_rate,EDF ENERGY
EON NEXT 7174 LONDON DIRECT REF-1420,reduced_rate,EON NEXT
DD ADOBE CREATIVE 3013 LEEDS UK,standard_rate,ADOBE CREATIVE
sq *waterstones birmingham uk ref-5963,zero_rated,WATERSTONES
IZ *TESCO STORES  REF-5033,zero_rated,TESCO STORES
CARD SAINSBURYS 1553  UK REF-6500,zero_rated,SAINSBURYS
DD NATIONAL EXPRESS 7415  LTD,zero_rated,NATIONAL EXPRESS
QUICKBOOKS 7916 BRISTOL ONLINE REF-8353,standard_rate,QUICKBOOKS
SQ *HSBC BANK FEES 9852 MANCHESTER LTD,exempt,HSBC BANK FEES
IZ *AMAZON KINDLE 8764  REF-4903,zero_rated,AMAZON KINDLE
SQ *HMRC SHIPLEY 6048 BIRMINGHAM STORE REF-8683,outside_scope,HMRC SHIPLEY
IZ *SAGE SUBSCRIPTION 9687 LEEDS ONLINE REF-3390,standard_rate,SAGE SUBSCRIPTION
iz *trainline 5740  direct,zero_rated,TRAINLINE
PAYMENT TO TFL TRAVEL 5630  LTD,zero_rated,TFL TRAVEL
pos adobe creative 7290  store,standard_rate,ADOBE CREATIVE
DELIVEROO LEEDS STORE REF-7207,standard_rate,DELIVEROO
PAYMENT TO EON NEXT  DIRECT,reduced_rate,EON NEXT
Dd Uber Eats 2060 Uk Direct,standard_rate,UBER EATS
CARD EON NEXT 8006 BIRMINGHAM DIRECT,reduced_rate,EON NEXT
dd hmrc shipley  ltd ref-4368,outside_scope,HMRC SHIPLEY
SQ *DIRECTOR DRAWINGS 596  PLC REF-6920,outside_scope,DIRECTOR DRAWINGS
PAYMENT TO QUICKBOOKS 6481 ONLINE STORE REF-4048,standard_rate,QUICKBOOKS
SAINSBURYS 2178 LONDON REF-3174,zero_rated,SAINSBURYS
IZ *WESTMINSTER COUNCIL 4943  UK,outside_scope,WESTMINSTER COUNCIL
card tesco stores 2406  ref-4696,zero_rated,TESCO STORES
POS UBER EATS 1561 GLASGOW ONLINE REF-2836,standard_rate,UBER EATS
SQ *INTRA ACCOUNT TRANSFER 5839  PLC,outside_scope,INTRA ACCOUNT TRANSFER
iz *aldi stores 2484  ltd ref-6221,zero_rated,ALDI STORES
DD HSBC BANK FEES 4447  STORE,exempt,HSBC BANK FEES
AA BREAKDOWN 8068 ONLINE STORE REF-5210,exempt,AA BREAKDOWN
MICROSOFT 365 6341  DIRECT,standard_rate,MICROSOFT 365
pos sainsburys 852  plc ref-2129,zero_rated,SAINSBURYS
dd tesco stores birmingham online ref-7932,zero_rated,TESCO STORES
POS AMAZON UK 317 LONDON DIRECT,standard_rate,AMAZON UK
LNER TICKETS LONDON DIRECT,zero_rated,LNER TICKETS
LNER TICKETS GLASGOW PLC,zero_rated,LNER TICKETS
NATIONAL EXPRESS 7757  LTD,zero_rated,NATIONAL EXPRESS
dd director drawings  plc ref-9587,outside_scope,DIRECTOR DRAWINGS
SQ *TESCO STORES 5717  PLC,zero_rated,TESCO STORES
POS ROYAL MAIL 5371  ONLINE REF-8048,exempt,ROYAL MAIL
IZ *SAGE SUBSCRIPTION 655 BRISTOL PLC REF-2332,standard_rate,SAGE SUBSCRIPTION
dd barclays bank online online,exempt,BARCLAYS BANK
Card Sage Subscription 2794,standard_rate,SAGE SUBSCRIPTION
SQ *TESCO STORES 6582  ONLINE REF-8517,zero_rated,TESCO STORES
CARD AMAZON EU 5991 MANCHESTER,standard_rate,AMAZON EU
DD EDF ENERGY 4710  DIRECT,reduced_rate,EDF ENERGY
IZ *LNER TICKETS 6409 BIRMINGHAM LTD REF-2222,zero_rated,LNER TICKETS
IZ *POST OFFICE 6805  PLC REF-1510,exempt,POST OFFICE
LINKEDIN PREMIUM 1798  STORE,standard_rate,LINKEDIN PREMIUM
AMAZON UK 2357  LTD,standard_rate,AMAZON UK
Iz *Linkedin Premium 2139 Leeds Store,standard_rate,LINKEDIN PREMIUM
PAYMENT TO POST OFFICE 2682 LONDON LTD REF-9899,exempt,POST OFFICE
PAYMENT TO AMAZON UK 1744 GLASGOW DIRECT REF-5275,standard_rate,AMAZON UK
Pos Post Office Online Ltd,exempt,POST OFFICE
BARCLAYS BANK,exempt,BARCLAYS BANK
CARD SAGE SUBSCRIPTION BIRMINGHAM PLC,standard_rate,SAGE SUBSCRIPTION
microsoft 365 9538  ltd ref-1392,standard_rate,MICROSOFT 365
PAYMENT TO ALDI STORES LONDON DIRECT,zero_rated,ALDI STORES
IZ *WATERSTONES 4316 GLASGOW UK REF-5153,zero_rated,WATERSTONES
CARD POST OFFICE 7805  UK,exempt,POST OFFICE
CARD ADOBE CREATIVE GLASGOW LTD REF-3576,standard_rate,ADOBE CREATIVE
payment to amazon uk 6120 uk plc,standard_rate,AMAZON UK
Sq *Boots Uk 4038  Online,standard_rate,BOOTS UK
DD GOOGLE WORKSPACE MANCHESTER ONLINE REF-9670,standard_rate,GOOGLE WORKSPACE
CARD AVIVA INSURANCE 1173  LTD REF-5710,exempt,AVIVA INSURANCE
DIRECTOR DRAWINGS 9029  ONLINE,outside_scope,DIRECTOR DRAWINGS
IZ *ROYAL MAIL 1836  DIRECT,exempt,ROYAL MAIL
POS BRITISH GAS 3230 BRISTOL ONLINE REF-3174,reduced_rate,BRITISH GAS
PAYMENT TO DIRECTOR DRAWINGS LEEDS LTD REF-5143,outside_scope,DIRECTOR DRAWINGS
CARD LIDL GB  ONLINE REF-2485,zero_rated,LIDL GB
sq *waterstones 5285  store,zero_rated,WATERSTONES
IZ *QUICKBOOKS 6128  PLC REF-8126,standard_rate,QUICKBOOKS
DD AA BREAKDOWN 7450 ONLINE ONLINE,exempt,AA BREAKDOWN
sq *lidl gb leeds plc ref-9015,zero_rated,LIDL GB
Amazon Uk 8348  Uk,standard_rate,AMAZON UK
Pos Hmrc Shipley Glasgow Plc Ref-1533,outside_scope,HMRC SHIPLEY
Sq *Google Workspace 3756 Birmingham Plc Ref-3806,standard_rate,GOOGLE WORKSPACE
PAYMENT TO BRITISH GAS 9816,reduced_rate,BRITISH GAS
EON NEXT  ONLINE,reduced_rate,EON NEXT
POS HSBC BANK FEES 572  PLC,exempt,HSBC BANK FEES
card payroll transfer 3274  plc,outside_scope,PAYROLL TRANSFER
amazon kindle 6450  direct,zero_rated,AMAZON KINDLE
SQ *DIRECTOR DRAWINGS 966  PLC,outside_scope,DIRECTOR DRAWINGS
card hsbc bank fees online store ref-4955,exempt,HSBC BANK FEES
POS MICROSOFT 365 9282  LTD,standard_rate,MICROSOFT 365
IZ *UBER EATS 4406 BRISTOL PLC,standard_rate,UBER EATS
HSBC BANK FEES 6935  STORE,exempt,HSBC BANK FEES
SQ *INTRA ACCOUNT TRANSFER 6300 MANCHESTER ONLINE REF-7485,outside_scope,INTRA ACCOUNT TRANSFER
SQ *ALDI STORES  LTD,zero_rated,ALDI STORES
Iz *Director Drawings 2086 Birmingham Online,outside_scope,DIRECTOR DRAWINGS
DD HSBC BANK FEES  STORE,exempt,HSBC BANK FEES
POS QUICKBOOKS 7805  STORE,standard_rate,QUICKBOOKS
CARD LNER TICKETS 6330 BIRMINGHAM DIRECT,zero_rated,LNER TICKETS
payment to amazon kindle  plc ref-2920,zero_rated,AMAZON KINDLE
Pos Uber Eats London Ltd Ref-5175,standard_rate,UBER EATS
Intra Account Transfer 3652  Ref-5769,outside_scope,INTRA ACCOUNT TRANSFER
DD STATIONERY STATION 8618  LTD REF-2513,standard_rate,STATIONERY STATION
POS AMAZON UK 2098  UK,standard_rate,AMAZON UK
CARD AVIVA INSURANCE 245 GLASGOW LTD,exempt,AVIVA INSURANCE
IZ *WESTMINSTER COUNCIL 3597  ONLINE,outside_scope,WESTMINSTER COUNCIL
dd intra account transfer 9219  direct,outside_scope,INTRA ACCOUNT TRANSFER
Dd Adobe Creative  Ltd Ref-6794,standard_rate,ADOBE CREATIVE
CARD XERO SOFTWARE 951  DIRECT,standard_rate,XERO SOFTWARE
Sq *Lner Tickets 5252 London Store,zero_rated,LNER TICKETS
Sq *Linkedin Premium 7126 Leeds Ltd,standard_rate,LINKEDIN PREMIUM
POS AMAZON EU LONDON ONLINE,standard_rate,AMAZON EU
DD GOOGLE WORKSPACE 3980  REF-1432,standard_rate,GOOGLE WORKSPACE
CARD BRITISH GAS 7307,reduced_rate,BRITISH GAS
Dd Eon Next Glasgow Ltd Ref-1464,reduced_rate,EON NEXT
IZ *AMAZON UK ONLINE UK,standard_rate,AMAZON UK
POS TESCO STORES  LTD,zero_rated,TESCO STORES
PAYMENT TO WATERSTONES BRISTOL UK,zero_rated,WATERSTONES
Dd Payroll Transfer 3587  Plc Ref-5019,outside_scope,PAYROLL TRANSFER
Card Lidl Gb 4109  Direct,zero_rated,LIDL GB
POS ROYAL MAIL 955  DIRECT,exempt,ROYAL MAIL
BOOTS UK LONDON STORE,standard_rate,BOOTS UK
DELIVEROO 4478 MANCHESTER STORE,standard_rate,DELIVEROO
PAYMENT TO WESTMINSTER COUNCIL 8476 ONLINE LTD REF-7190,outside_scope,WESTMINSTER COUNCIL
CARD HSBC BANK FEES LONDON STORE REF-1017,exempt,HSBC BANK FEES
SQ *AMAZON KINDLE 7999 UK REF-4946,zero_rated,AMAZON KINDLE
Sq *Linkedin Premium 5115 Glasgow,standard_rate,LINKEDIN PREMIUM
iz *google workspace 4655 london ref-3788,standard_rate,GOOGLE WORKSPACE
DD WESTMINSTER COUNCIL 4968 BRISTOL UK REF-9490,outside_scope,WESTMINSTER COUNCIL
DD AMAZON KINDLE LONDON LTD,zero_rated,AMAZON KINDLE
DD NATIONAL EXPRESS 8935 ONLINE STORE REF-4059,zero_rated,NATIONAL EXPRESS
IZ *ROYAL MAIL 1034  PLC,exempt,ROYAL MAIL
Tesco Express 4315  Ltd Ref-1230,zero_rated,TESCO EXPRESS
SQ *AMAZON UK 6727 UK STORE REF-5940,standard_rate,AMAZON UK
payment to amazon kindle 5645 manchester plc,zero_rated,AMAZON KINDLE
payment to amazon uk london plc ref-8295,standard_rate,AMAZON UK
SQ *LINKEDIN PREMIUM 1159 MANCHESTER ONLINE,standard_rate,LINKEDIN PREMIUM
LNER TICKETS 984 UK UK REF-3902,zero_rated,LNER TICKETS
SQ *MICROSOFT 365 8204 BRISTOL UK,standard_rate,MICROSOFT 365
Pos Amazon Eu 4604 Birmingham Ltd Ref-5018,standard_rate,AMAZON EU
Payment To Hmrc Shipley  Ltd,outside_scope,HMRC SHIPLEY
DD TESCO EXPRESS 6221  DIRECT,zero_rated,TESCO EXPRESS
PAYMENT TO AMAZON UK 6851  LTD,standard_rate,AMAZON UK
dd amazon kindle 5567 bristol ltd,zero_rated,AMAZON KINDLE
DD AMAZON UK 2545 ONLINE LTD,standard_rate,AMAZON UK
CARD NATIONAL EXPRESS 1872  DIRECT REF-1996,zero_rated,NATIONAL EXPRESS
SQ *DIRECTOR DRAWINGS 8039 GLASGOW DIRECT,outside_scope,DIRECTOR DRAWINGS
Dd Edf Energy  Plc Ref-2505,reduced_rate,EDF ENERGY
PAYMENT TO HMRC PAYMENTS  LTD REF-4221,outside_scope,HMRC PAYMENTS
dd amazon kindle 6470 online uk,zero_rated,AMAZON KINDLE
IZ *ALDI STORES LEEDS PLC REF-6833,zero_rated,ALDI STORES
SQ *PAYROLL TRANSFER 8987 BRISTOL DIRECT,outside_scope,PAYROLL TRANSFER
dd eon next 3382 glasgow store ref-6810,reduced_rate,EON NEXT
POS WATERSTONES  LTD,zero_rated,WATERSTONES
PAYMENT TO INTRA ACCOUNT TRANSFER 1213  PLC REF-9432,outside_scope,INTRA ACCOUNT TRANSFER
PAYMENT TO BRITISH GAS BRISTOL STORE,reduced_rate,BRITISH GAS
POS EON NEXT 9919 UK LTD REF-5134,reduced_rate,EON NEXT
POS XERO SOFTWARE LEEDS,standard_rate,XERO SOFTWARE
CARD NATIONAL EXPRESS 9447 LEEDS REF-2533,zero_rated,NATIONAL EXPRESS
IZ *TRAINLINE 2127 UK STORE,zero_rated,TRAINLINE
Iz *Stationery Station 9347 Online,standard_rate,STATIONERY STATION
CARD HSBC BANK FEES 5496 BRISTOL ONLINE,exempt,HSBC BANK FEES
SQ *HSBC BANK FEES 8208  PLC,exempt,HSBC BANK FEES
POS AMAZON KINDLE 6694  DIRECT,zero_rated,AMAZON KINDLE
sq *asda supermarket 9137 leeds direct,zero_rated,ASDA SUPERMARKET
IZ *NATIONAL EXPRESS LEEDS STORE REF-4507,zero_rated,NATIONAL EXPRESS
DD AMAZON KINDLE LEEDS PLC,zero_rated,AMAZON KINDLE
PAYMENT TO INTRA ACCOUNT TRANSFER 555 BRISTOL PLC,outside_scope,INTRA ACCOUNT TRANSFER
INTRA ACCOUNT TRANSFER 1026 ONLINE UK REF-7734,outside_scope,INTRA ACCOUNT TRANSFER
POS OCTOPUS ENERGY  LTD REF-1387,reduced_rate,OCTOPUS ENERGY
POS TFL TRAVEL 5095 LEEDS DIRECT REF-6307,zero_rated,TFL TRAVEL
payment to tesco express birmingham ltd,zero_rated,TESCO EXPRESS
aldi stores 5015 glasgow online,zero_rated,ALDI STORES
Dd Hmrc Shipley 1036  Direct,outside_scope,HMRC SHIPLEY
Dd Barclays Bank 4398  Ref-7923,exempt,BARCLAYS BANK
Sq *Xero Software Birmingham Uk Ref-5718,standard_rate,XERO SOFTWARE
pos westminster council 2519 uk direct,outside_scope,WESTMINSTER COUNCIL
PAYMENT TO ADOBE CREATIVE 7936 LEEDS DIRECT,standard_rate,ADOBE CREATIVE
Sq *Octopus Energy  Ltd,reduced_rate,OCTOPUS ENERGY
DD DIRECTOR DRAWINGS 5429  STORE,outside_scope,DIRECTOR DRAWINGS
Card Trainline 7984 Uk Ltd Ref-5559,zero_rated,TRAINLINE
IZ *TESCO STORES MANCHESTER UK,zero_rated,TESCO STORES
card octopus energy  direct,reduced_rate,OCTOPUS ENERGY
DD ADOBE CREATIVE 8624  LTD REF-5193,standard_rate,ADOBE CREATIVE
PAYMENT TO AVIVA INSURANCE GLASGOW DIRECT,exempt,AVIVA INSURANCE
Dd Hsbc Bank Fees 9450 Leeds Ltd Ref-9874,exempt,HSBC BANK FEES
IZ *LINKEDIN PREMIUM BIRMINGHAM UK,standard_rate,LINKEDIN PREMIUM
dd tesco stores birmingham store,zero_rated,TESCO STORES
Payment To Uber Eats 2250 Online Direct Ref-3610,standard_rate,UBER EATS
sq *stationery station glasgow ltd,standard_rate,STATIONERY STATION
DD TESCO STORES 2604 LONDON STORE REF-7916,zero_rated,TESCO STORES
PAYMENT TO AA BREAKDOWN 4985 LONDON DIRECT,exempt,AA BREAKDOWN
SQ *BRITISH GAS  DIRECT,reduced_rate,BRITISH GAS
Sq *National Express 5833 Glasgow Plc Ref-2081,zero_rated,NATIONAL EXPRESS
Barclays Bank 3468 Leeds Direct Ref-4247,exempt,BARCLAYS BANK
sq *adobe creative glasgow direct ref-6787,standard_rate,ADOBE CREATIVE
CARD NATIONAL EXPRESS 7686 UK UK REF-9078,zero_rated,NATIONAL EXPRESS
POS SAINSBURYS 4658 MANCHESTER ONLINE REF-7046,zero_rated,SAINSBURYS
SQ *HMRC PAYMENTS 7583 BIRMINGHAM LTD,outside_scope,HMRC PAYMENTS
Sq *Westminster Council Birmingham Online,outside_scope,WESTMINSTER COUNCIL
CARD AMAZON UK 5790 UK LTD REF-5945,standard_rate,AMAZON UK
PAYMENT TO DELIVEROO  LTD,standard_rate,DELIVEROO
Payment To Trainline Birmingham Ltd,zero_rated,TRAINLINE
DD XERO SOFTWARE 6330 BIRMINGHAM DIRECT REF-6635,standard_rate,XERO SOFTWARE
PAYMENT TO AVIVA INSURANCE  LTD,exempt,AVIVA INSURANCE
POS BOOTS UK 8096,standard_rate,BOOTS UK
SQ *QUICKBOOKS 8975 LEEDS ONLINE,standard_rate,QUICKBOOKS
Sq *Asda Supermarket 6537  Plc,zero_rated,ASDA SUPERMARKET
Iz *Quickbooks 5193 Leeds Store,standard_rate,QUICKBOOKS
POS AMAZON KINDLE BRISTOL PLC,zero_rated,AMAZON KINDLE
MICROSOFT 365 4966  REF-5563,standard_rate,MICROSOFT 365
POS WATERSTONES 9930 GLASGOW LTD,zero_rated,WATERSTONES
ADOBE CREATIVE 5862 LEEDS UK,standard_rate,ADOBE CREATIVE
HMRC PAYMENTS 2282 ONLINE UK,outside_scope,HMRC PAYMENTS
Iz *Eon Next 753 Online Online,reduced_rate,EON NEXT
Sq *Post Office 6759 Uk Direct Ref-1494,exempt,POST OFFICE
POS WATERSTONES 8584  REF-8935,zero_rated,WATERSTONES
payment to hmrc shipley 8334 glasgow direct ref-5277,outside_scope,HMRC SHIPLEY
SQ *DELIVEROO LEEDS PLC REF-1585,standard_rate,DELIVEROO
POS LINKEDIN PREMIUM 5190  REF-7607,standard_rate,LINKEDIN PREMIUM
PAYMENT TO AMAZON KINDLE 9113 MANCHESTER ONLINE,zero_rated,AMAZON KINDLE
IZ *EON NEXT LONDON STORE,reduced_rate,EON NEXT
IZ *AMAZON UK 6125 BIRMINGHAM PLC REF-1345,standard_rate,AMAZON UK
POS HMRC SHIPLEY 3887 ONLINE DIRECT,outside_scope,HMRC SHIPLEY
IZ *DIRECTOR DRAWINGS 5996 ONLINE STORE,outside_scope,DIRECTOR DRAWINGS
SQ *AA BREAKDOWN LONDON UK,exempt,AA BREAKDOWN
SQ *SAINSBURYS 4106  LTD,zero_rated,SAINSBURYS
PAYMENT TO OCTOPUS ENERGY 8273  UK REF-7630,reduced_rate,OCTOPUS ENERGY
card uber eats  store ref-4946,standard_rate,UBER EATS
POS OCTOPUS ENERGY 5062 LEEDS ONLINE REF-9879,reduced_rate,OCTOPUS ENERGY
IZ *TESCO EXPRESS  DIRECT REF-2076,zero_rated,TESCO EXPRESS
POS LINKEDIN PREMIUM  DIRECT,standard_rate,LINKEDIN PREMIUM
card amazon uk 2043 london plc,standard_rate,AMAZON UK
sainsburys 1891  online ref-3692,zero_rated,SAINSBURYS
IZ *GOOGLE WORKSPACE 2438  ONLINE,standard_rate,GOOGLE WORKSPACE
POS LIDL GB 5252 BRISTOL REF-5448,zero_rated,LIDL GB
PAYMENT TO POST OFFICE 8809  REF-4766,exempt,POST OFFICE
IZ *STATIONERY STATION 2006  UK REF-5050,standard_rate,STATIONERY STATION
IZ *POST OFFICE 6656  REF-3130,exempt,POST OFFICE
IZ *SAINSBURYS,zero_rated,SAINSBURYS
ALDI STORES 246 ONLINE UK REF-8786,zero_rated,ALDI STORES
POS OCTOPUS ENERGY 4906 BIRMINGHAM ONLINE REF-1652,reduced_rate,OCTOPUS ENERGY
QUICKBOOKS 1022,standard_rate,QUICKBOOKS
PAYMENT TO SAINSBURYS 5992 GLASGOW DIRECT,zero_rated,SAINSBURYS
IZ *NATIONAL EXPRESS UK DIRECT,zero_rated,NATIONAL EXPRESS
POS NATIONAL EXPRESS  ONLINE,zero_rated,NATIONAL EXPRESS
PAYMENT TO QUICKBOOKS ONLINE,standard_rate,QUICKBOOKS
CARD LINKEDIN PREMIUM 6809 ONLINE ONLINE REF-9231,standard_rate,LINKEDIN PREMIUM
PAYMENT TO EDF ENERGY BRISTOL DIRECT,reduced_rate,EDF ENERGY
POS SAGE SUBSCRIPTION  STORE REF-5104,standard_rate,SAGE SUBSCRIPTION
pos aldi stores 5636  ref-8849,zero_rated,ALDI STORES
QUICKBOOKS 9011,standard_rate,QUICKBOOKS
PAYMENT TO AA BREAKDOWN 5338 LONDON ONLINE,exempt,AA BREAKDOWN
SQ *AMAZON KINDLE GLASGOW,zero_rated,AMAZON KINDLE
POS PAYROLL TRANSFER,outside_scope,PAYROLL TRANSFER
PAYMENT TO AA BREAKDOWN 4232 BIRMINGHAM DIRECT,exempt,AA BREAKDOWN
card xero software 3703 glasgow uk ref-1512,standard_rate,XERO SOFTWARE
sq *trainline 2175 london online,zero_rated,TRAINLINE
POS GOOGLE WORKSPACE BIRMINGHAM STORE,standard_rate,GOOGLE WORKSPACE
asda supermarket birmingham direct ref-1960,zero_rated,ASDA SUPERMARKET
Card Aa Breakdown 7377 Leeds Plc,exempt,AA BREAKDOWN
SQ *SAINSBURYS BIRMINGHAM,zero_rated,SAINSBURYS
hmrc shipley 9925 manchester online,outside_scope,HMRC SHIPLEY
CARD STATIONERY STATION 4450 MANCHESTER ONLINE,standard_rate,STATIONERY STATION
CARD STATIONERY STATION LONDON,standard_rate,STATIONERY STATION
DD WESTMINSTER COUNCIL LONDON LTD,outside_scope,WESTMINSTER COUNCIL
TESCO EXPRESS ONLINE PLC,zero_rated,TESCO EXPRESS
card asda supermarket 6442 leeds ref-7858,zero_rated,ASDA SUPERMARKET
SQ *OCTOPUS ENERGY 5047 BIRMINGHAM,reduced_rate,OCTOPUS ENERGY
IZ *LNER TICKETS 2483 UK LTD,zero_rated,LNER TICKETS
Card Tesco Express 7478  Store Ref-5582,zero_rated,TESCO EXPRESS
DD BOOTS UK 172 LEEDS DIRECT,standard_rate,BOOTS UK
CARD AMAZON EU  LTD,standard_rate,AMAZON EU
DD INTRA ACCOUNT TRANSFER 9428 LEEDS UK,outside_scope,INTRA ACCOUNT TRANSFER
IZ *EON NEXT 4749  PLC REF-5909,reduced_rate,EON NEXT
PAYMENT TO ADOBE CREATIVE 6953  UK,standard_rate,ADOBE CREATIVE
PAYMENT TO ALDI STORES 4585  DIRECT,zero_rated,ALDI STORES
Iz *Asda Supermarket 5358 Leeds Store,zero_rated,ASDA SUPERMARKET
SQ *WATERSTONES  STORE,zero_rated,WATERSTONES
NATIONAL EXPRESS 3974 BRISTOL LTD,zero_rated,NATIONAL EXPRESS
BARCLAYS BANK 658  STORE REF-6853,exempt,BARCLAYS BANK
DELIVEROO 166  PLC REF-6314,standard_rate,DELIVEROO
EDF ENERGY 3983 LEEDS ONLINE REF-5081,reduced_rate,EDF ENERGY
POS ALDI STORES 2473 UK DIRECT REF-6527,zero_rated,ALDI STORES
SQ *SAINSBURYS 3037 ONLINE,zero_rated,SAINSBURYS
DD UBER EATS 9975 LONDON STORE REF-8081,standard_rate,UBER EATS
POS SAINSBURYS 8273 LEEDS STORE,zero_rated,SAINSBURYS
IZ *HMRC SHIPLEY 4422 GLASGOW DIRECT REF-9490,outside_scope,HMRC SHIPLEY
sq *tesco stores 7779 bristol online ref-7594,zero_rated,TESCO STORES
POS BARCLAYS BANK BIRMINGHAM,exempt,BARCLAYS BANK
Dd Microsoft 365 8814  Online,standard_rate,MICROSOFT 365
iz *trainline  direct,zero_rated,TRAINLINE
EON NEXT 3318  LTD,reduced_rate,EON NEXT
SQ *TESCO STORES LEEDS LTD REF-9004,zero_rated,TESCO STORES
Trainline 3219 Leeds Store,zero_rated,TRAINLINE
SQ *HSBC BANK FEES 7637  UK REF-8659,exempt,HSBC BANK FEES
Dd Hmrc Shipley Uk Direct Ref-9274,outside_scope,HMRC SHIPLEY
CARD EDF ENERGY 8485  DIRECT REF-4352,reduced_rate,EDF ENERGY
ADOBE CREATIVE 3711  PLC,standard_rate,ADOBE CREATIVE
Iz *Royal Mail 3613 Leeds Uk,exempt,ROYAL MAIL
IZ *TESCO STORES 620 MANCHESTER ONLINE,zero_rated,TESCO STORES
POS MICROSOFT 365  LTD,standard_rate,MICROSOFT 365
Sq *Amazon Uk 5382 Online Ltd,standard_rate,AMAZON UK
payment to westminster council glasgow direct,outside_scope,WESTMINSTER COUNCIL
PAYMENT TO ROYAL MAIL 9393 BIRMINGHAM UK,exempt,ROYAL MAIL
ASDA SUPERMARKET BRISTOL PLC REF-8429,zero_rated,ASDA SUPERMARKET
SQ *HMRC SHIPLEY 5498  ONLINE REF-6364,outside_scope,HMRC SHIPLEY
DD POST OFFICE 1820  PLC,exempt,POST OFFICE
LNER TICKETS 7865 UK,zero_rated,LNER TICKETS
iz *british gas 2249 online ltd ref-5423,reduced_rate,BRITISH GAS
IZ *BOOTS UK 5387 GLASGOW DIRECT,standard_rate,BOOTS UK
POS TESCO EXPRESS GLASGOW,zero_rated,TESCO EXPRESS
SQ *LIDL GB 2544 LONDON,zero_rated,LIDL GB
Pos Xero Software 6477  Direct,standard_rate,XERO SOFTWARE
sq *boots uk online ltd,standard_rate,BOOTS UK
Dd Octopus Energy 9973  Plc Ref-2103,reduced_rate,OCTOPUS ENERGY
DD AVIVA INSURANCE 4727 LEEDS DIRECT,exempt,AVIVA INSURANCE
BRITISH GAS GLASGOW,reduced_rate,BRITISH GAS
SQ *TESCO EXPRESS 3585  UK,zero_rated,TESCO EXPRESS
PAYMENT TO XERO SOFTWARE GLASGOW ONLINE,standard_rate,XERO SOFTWARE
PAYROLL TRANSFER 5915  ONLINE REF-6473,outside_scope,PAYROLL TRANSFER
POS STATIONERY STATION 3166 BIRMINGHAM DIRECT,standard_rate,STATIONERY STATION
CARD OCTOPUS ENERGY 2381 LEEDS UK REF-5833,reduced_rate,OCTOPUS ENERGY
DD TESCO EXPRESS 251 BRISTOL ONLINE,zero_rated,TESCO EXPRESS
Linkedin Premium 9402 Glasgow Online,standard_rate,LINKEDIN PREMIUM
IZ *GOOGLE WORKSPACE LEEDS LTD,standard_rate,GOOGLE WORKSPACE
Card Director Drawings 806 Manchester Ltd,outside_scope,DIRECTOR DRAWINGS
POS LINKEDIN PREMIUM 4353 GLASGOW ONLINE,standard_rate,LINKEDIN PREMIUM
SQ *SAINSBURYS 6690 ONLINE UK,zero_rated,SAINSBURYS
ASDA SUPERMARKET 3751 ONLINE LTD,zero_rated,ASDA SUPERMARKET
payment to stationery station manchester plc,standard_rate,STATIONERY STATION
SQ *UBER EATS 8067  REF-4591,standard_rate,UBER EATS
PAYMENT TO DELIVEROO 8360 ONLINE REF-9578,standard_rate,DELIVEROO
sq *asda supermarket 8383  ltd ref-9123,zero_rated,ASDA SUPERMARKET
Iz *Eon Next 1679  Store,reduced_rate,EON NEXT
edf energy london,reduced_rate,EDF ENERGY
PAYMENT TO ADOBE CREATIVE BIRMINGHAM PLC,standard_rate,ADOBE CREATIVE
DD SAGE SUBSCRIPTION 4484 ONLINE UK,standard_rate,SAGE SUBSCRIPTION
NATIONAL EXPRESS LEEDS PLC REF-9419,zero_rated,NATIONAL EXPRESS
Sq *Hsbc Bank Fees 2747 Uk Online,exempt,HSBC BANK FEES
CARD ASDA SUPERMARKET 6052 UK STORE REF-2868,zero_rated,ASDA SUPERMARKET
POS POST OFFICE BIRMINGHAM,exempt,POST OFFICE
CARD HMRC PAYMENTS 9222  REF-5147,outside_scope,HMRC PAYMENTS
CARD LINKEDIN PREMIUM 5071 LONDON DIRECT,standard_rate,LINKEDIN PREMIUM
ALDI STORES MANCHESTER STORE,zero_rated,ALDI STORES
SQ *UBER EATS 4403 GLASGOW DIRECT,standard_rate,UBER EATS
POS HMRC PAYMENTS 5184 LEEDS STORE,outside_scope,HMRC PAYMENTS
POS QUICKBOOKS GLASGOW,standard_rate,QUICKBOOKS
amazon eu 897  plc ref-5999,standard_rate,AMAZON EU
PAYMENT TO ASDA SUPERMARKET 9944 LEEDS,zero_rated,ASDA SUPERMARKET
Sq *Asda Supermarket 6405 Leeds Ltd,zero_rated,ASDA SUPERMARKET
DD SAGE SUBSCRIPTION  LTD,standard_rate,SAGE SUBSCRIPTION
Sq *Quickbooks,standard_rate,QUICKBOOKS
IZ *AA BREAKDOWN 2205 ONLINE UK REF-9458,exempt,AA BREAKDOWN
Sq *British Gas  Ref-5550,reduced_rate,BRITISH GAS
QUICKBOOKS 9688 BIRMINGHAM LTD,standard_rate,QUICKBOOKS
POS DELIVEROO  UK REF-2766,standard_rate,DELIVEROO
POS EDF ENERGY 4128 UK UK,reduced_rate,EDF ENERGY
LIDL GB 8674 UK REF-2449,zero_rated,LIDL GB
IZ *LIDL GB 8934 MANCHESTER ONLINE REF-6119,zero_rated,LIDL GB
AVIVA INSURANCE 8014 LONDON ONLINE REF-3509,exempt,AVIVA INSURANCE
SQ *EDF ENERGY 684 BIRMINGHAM,reduced_rate,EDF ENERGY
IZ *OCTOPUS ENERGY 5722  DIRECT,reduced_rate,OCTOPUS ENERGY
pos hsbc bank fees 7466 glasgow ltd ref-7657,exempt,HSBC BANK FEES
Payment To Xero Software 4316 Birmingham Online Ref-3847,standard_rate,XERO SOFTWARE
POS AMAZON UK 5631  ONLINE,standard_rate,AMAZON UK
SQ *ADOBE CREATIVE  ONLINE,standard_rate,ADOBE CREATIVE
DD UBER EATS 6179 BRISTOL LTD,standard_rate,UBER EATS
SQ *GOOGLE WORKSPACE 1627  STORE REF-3416,standard_rate,GOOGLE WORKSPACE
card adobe creative 4654 london store,standard_rate,ADOBE CREATIVE
CARD GOOGLE WORKSPACE GLASGOW,standard_rate,GOOGLE WORKSPACE
PAYMENT TO AMAZON UK 195 BRISTOL DIRECT,standard_rate,AMAZON UK
SQ *PAYROLL TRANSFER 9589  REF-5466,outside_scope,PAYROLL TRANSFER
IZ *XERO SOFTWARE ONLINE,standard_rate,XERO SOFTWARE
PAYMENT TO AVIVA INSURANCE 4517 BIRMINGHAM REF-4550,exempt,AVIVA INSURANCE
DD LINKEDIN PREMIUM 599 ONLINE ONLINE,standard_rate,LINKEDIN PREMIUM
IZ *BOOTS UK 566  STORE,standard_rate,BOOTS UK
BARCLAYS BANK 4541  LTD REF-2866,exempt,BARCLAYS BANK
PAYMENT TO HSBC BANK FEES 3978 LEEDS UK,exempt,HSBC BANK FEES
IZ *HSBC BANK FEES  PLC REF-1002,exempt,HSBC BANK FEES
SQ *INTRA ACCOUNT TRANSFER 1558 UK PLC REF-6376,outside_scope,INTRA ACCOUNT TRANSFER
POS AMAZON EU 2164 LEEDS STORE REF-5198,standard_rate,AMAZON EU
BOOTS UK  ONLINE,standard_rate,BOOTS UK
IZ *ROYAL MAIL 7533 GLASGOW PLC,exempt,ROYAL MAIL
pos lidl gb 8706  plc ref-2083,zero_rated,LIDL GB
DD STATIONERY STATION LONDON PLC REF-1524,standard_rate,STATIONERY STATION
POS PAYROLL TRANSFER 7240 BRISTOL STORE REF-9244,outside_scope,PAYROLL TRANSFER
ASDA SUPERMARKET 8008  PLC REF-8178,zero_rated,ASDA SUPERMARKET
DD AVIVA INSURANCE 5772  UK,exempt,AVIVA INSURANCE
WATERSTONES 1707 ONLINE ONLINE REF-5948,zero_rated,WATERSTONES
payment to xero software  ref-9810,standard_rate,XERO SOFTWARE
SQ *QUICKBOOKS BRISTOL REF-7103,standard_rate,QUICKBOOKS
CARD LNER TICKETS BIRMINGHAM DIRECT,zero_rated,LNER TICKETS
PAYMENT TO POST OFFICE 1417 LONDON DIRECT,exempt,POST OFFICE
POS ADOBE CREATIVE  UK,standard_rate,ADOBE CREATIVE
IZ *UBER EATS 7513 MANCHESTER STORE REF-6956,standard_rate,UBER EATS
CARD AMAZON UK 1681  LTD REF-4365,standard_rate,AMAZON UK
Payment To Tesco Stores  Plc Ref-8260,zero_rated,TESCO STORES
LNER TICKETS 395 LONDON UK REF-1815,zero_rated,LNER TICKETS
Sq *Lner Tickets 8033 Manchester Direct Ref-2070,zero_rated,LNER TICKETS
CARD LIDL GB 2027  STORE,zero_rated,LIDL GB
CARD QUICKBOOKS 1210 LONDON STORE,standard_rate,QUICKBOOKS
SQ *TESCO EXPRESS BIRMINGHAM PLC REF-8239,zero_rated,TESCO EXPRESS
Dd Aldi Stores 9423 Manchester Uk Ref-2264,zero_rated,ALDI STORES
DD NATIONAL EXPRESS 1615 GLASGOW ONLINE,zero_rated,NATIONAL EXPRESS
DIRECTOR DRAWINGS 4223 ONLINE DIRECT,outside_scope,DIRECTOR DRAWINGS
Payment To Westminster Council 1742 Online Store,outside_scope,WESTMINSTER COUNCIL
SQ *TESCO STORES 6637 LEEDS REF-7118,zero_rated,TESCO STORES
Payment To Royal Mail  Direct Ref-7065,exempt,ROYAL MAIL
CARD LIDL GB 6886 ONLINE PLC,zero_rated,LIDL GB
PAYMENT TO AMAZON UK 1492  ONLINE,standard_rate,AMAZON UK
POS AMAZON UK 7524  DIRECT,standard_rate,AMAZON UK
iz *amazon kindle 8546 leeds online ref-1580,zero_rated,AMAZON KINDLE
SQ *HMRC SHIPLEY 7789 UK UK,outside_scope,HMRC SHIPLEY
POS WESTMINSTER COUNCIL  STORE,outside_scope,WESTMINSTER COUNCIL
SQ *TESCO EXPRESS 3127  UK REF-8822,zero_rated,TESCO EXPRESS
POS OCTOPUS ENERGY BIRMINGHAM REF-5259,reduced_rate,OCTOPUS ENERGY
pos amazon kindle 1256 birmingham uk ref-5413,zero_rated,AMAZON KINDLE
Dd National Express 4138  Store,zero_rated,NATIONAL EXPRESS
CARD ASDA SUPERMARKET 3729  DIRECT REF-8145,zero_rated,ASDA SUPERMARKET
SQ *WATERSTONES LEEDS DIRECT REF-3730,zero_rated,WATERSTONES
POS ADOBE CREATIVE 7236 ONLINE REF-1153,standard_rate,ADOBE CREATIVE
CARD AMAZON KINDLE 4155 LONDON,zero_rated,AMAZON KINDLE
XERO SOFTWARE  PLC,standard_rate,XERO SOFTWARE
SQ *LNER TICKETS 1511 MANCHESTER PLC,zero_rated,LNER TICKETS
DD AMAZON UK 8924 LEEDS DIRECT,standard_rate,AMAZON UK
SQ *HMRC SHIPLEY 8150  REF-4145,outside_scope,HMRC SHIPLEY
PAYMENT TO WESTMINSTER COUNCIL 1051 LEEDS LTD REF-8699,outside_scope,WESTMINSTER COUNCIL
OCTOPUS ENERGY 6561  PLC,reduced_rate,OCTOPUS ENERGY
POS DIRECTOR DRAWINGS 554 LONDON LTD,outside_scope,DIRECTOR DRAWINGS
EON NEXT 8481 GLASGOW ONLINE REF-8209,reduced_rate,EON NEXT
westminster council 1181  uk,outside_scope,WESTMINSTER COUNCIL
octopus energy 5627 manchester online,reduced_rate,OCTOPUS ENERGY
POS TESCO EXPRESS 897 UK LTD,zero_rated,TESCO EXPRESS
SQ *BRITISH GAS 5319 BRISTOL REF-3346,reduced_rate,BRITISH GAS
CARD OCTOPUS ENERGY 3243 GLASGOW PLC REF-9481,reduced_rate,OCTOPUS ENERGY
DD ASDA SUPERMARKET 2506 LONDON PLC,zero_rated,ASDA SUPERMARKET
SAGE SUBSCRIPTION 1694 MANCHESTER LTD,standard_rate,SAGE SUBSCRIPTION
IZ *LNER TICKETS 1934 UK ONLINE,zero_rated,LNER TICKETS
SQ *TRAINLINE 9093 MANCHESTER REF-9946,zero_rated,TRAINLINE
IZ *ADOBE CREATIVE  DIRECT REF-1012,standard_rate,ADOBE CREATIVE
Payment To Westminster Council  Ltd,outside_scope,WESTMINSTER COUNCIL
QUICKBOOKS 1388  ONLINE REF-9222,standard_rate,QUICKBOOKS
PAYMENT TO XERO SOFTWARE 8868  REF-8731,standard_rate,XERO SOFTWARE
dd royal mail 4491 glasgow plc,exempt,ROYAL MAIL
SQ *HMRC SHIPLEY 3697  UK,outside_scope,HMRC SHIPLEY
Sq *Aviva Insurance 5619  Plc,exempt,AVIVA INSURANCE
POS AVIVA INSURANCE 2786,exempt,AVIVA INSURANCE
Payment To Asda Supermarket 7230  Ref-2181,zero_rated,ASDA SUPERMARKET
sq *lner tickets 4668 glasgow ltd,zero_rated,LNER TICKETS
quickbooks 5702 online uk ref-4281,standard_rate,QUICKBOOKS
pos microsoft 365 glasgow online,standard_rate,MICROSOFT 365
Card Intra Account Transfer 1371  Online Ref-5604,outside_scope,INTRA ACCOUNT TRANSFER
POS EON NEXT BRISTOL REF-6610,reduced_rate,EON NEXT
DD TFL TRAVEL  REF-7081,zero_rated,TFL TRAVEL
iz *intra account transfer 7307  direct,outside_scope,INTRA ACCOUNT TRANSFER
card eon next 8861  store ref-9810,reduced_rate,EON NEXT
Card Trainline 6744 London Online,zero_rated,TRAINLINE
CARD HSBC BANK FEES 3404  LTD,exempt,HSBC BANK FEES
CARD NATIONAL EXPRESS 8794 BRISTOL LTD REF-9061,zero_rated,NATIONAL EXPRESS
Payment To Microsoft 365  Ltd Ref-2900,standard_rate,MICROSOFT 365
PAYMENT TO AMAZON KINDLE  UK REF-3134,zero_rated,AMAZON KINDLE
BOOTS UK LONDON DIRECT,standard_rate,BOOTS UK
IZ *AA BREAKDOWN 5644 GLASGOW UK,exempt,AA BREAKDOWN
dd adobe creative  uk,standard_rate,ADOBE CREATIVE
POS HMRC SHIPLEY 3659 BRISTOL UK REF-6487,outside_scope,HMRC SHIPLEY
payment to british gas 8082  direct,reduced_rate,BRITISH GAS
SQ *AA BREAKDOWN BIRMINGHAM UK REF-1846,exempt,AA BREAKDOWN
DD TRAINLINE 9902  STORE,zero_rated,TRAINLINE
SQ *NATIONAL EXPRESS 6358  ONLINE REF-3432,zero_rated,NATIONAL EXPRESS
DD SAINSBURYS 5907  PLC,zero_rated,SAINSBURYS
AA BREAKDOWN 101 MANCHESTER PLC,exempt,AA BREAKDOWN
PAYMENT TO BARCLAYS BANK 7302 MANCHESTER UK REF-5561,exempt,BARCLAYS BANK
DD ADOBE CREATIVE 9138  DIRECT REF-5617,standard_rate,ADOBE CREATIVE
SQ *LIDL GB 2870  UK,zero_rated,LIDL GB
SQ *BARCLAYS BANK,exempt,BARCLAYS BANK
SQ *EON NEXT 7352 MANCHESTER DIRECT REF-4191,reduced_rate,EON NEXT
CARD SAGE SUBSCRIPTION MANCHESTER REF-2305,standard_rate,SAGE SUBSCRIPTION
pos tesco stores 9360  store,zero_rated,TESCO STORES
IZ *HMRC SHIPLEY 7984 MANCHESTER,outside_scope,HMRC SHIPLEY
POS AMAZON UK  DIRECT REF-5723,standard_rate,AMAZON UK
CARD ADOBE CREATIVE 4070  PLC REF-6292,standard_rate,ADOBE CREATIVE
DD GOOGLE WORKSPACE  LTD,standard_rate,GOOGLE WORKSPACE
IZ *AMAZON UK 9884 ONLINE DIRECT,standard_rate,AMAZON UK
PAYMENT TO AMAZON UK 1943 UK LTD REF-3425,standard_rate,AMAZON UK
SQ *INTRA ACCOUNT TRANSFER 8386  LTD,outside_scope,INTRA ACCOUNT TRANSFER
DD WATERSTONES MANCHESTER PLC REF-7771,zero_rated,WATERSTONES
IZ *BRITISH GAS  PLC,reduced_rate,BRITISH GAS
SQ *GOOGLE WORKSPACE 3950 UK PLC,standard_rate,GOOGLE WORKSPACE
DD DIRECTOR DRAWINGS 8555  PLC REF-6747,outside_scope,DIRECTOR DRAWINGS
PAYMENT TO MICROSOFT 365  LTD,standard_rate,MICROSOFT 365
pos waterstones 1295  uk,zero_rated,WATERSTONES
Uber Eats 6507 Uk Uk,standard_rate,UBER EATS
Pos Amazon Uk,standard_rate,AMAZON UK
IZ *TFL TRAVEL  PLC,zero_rated,TFL TRAVEL
PAYMENT TO BRITISH GAS 5036 LEEDS LTD,reduced_rate,BRITISH GAS
SQ *AMAZON KINDLE 9280  ONLINE REF-6996,zero_rated,AMAZON KINDLE
QUICKBOOKS 4124 LONDON,standard_rate,QUICKBOOKS
Payment To Waterstones  Ltd,zero_rated,WATERSTONES
IZ *EDF ENERGY 2518 GLASGOW,reduced_rate,EDF ENERGY
POS PAYROLL TRANSFER GLASGOW ONLINE,outside_scope,PAYROLL TRANSFER
IZ *BOOTS UK LEEDS,standard_rate,BOOTS UK
DD HSBC BANK FEES,exempt,HSBC BANK FEES
OCTOPUS ENERGY 4551 LONDON STORE,reduced_rate,OCTOPUS ENERGY
PAYMENT TO LIDL GB 9366 GLASGOW LTD,zero_rated,LIDL GB
PAYMENT TO GOOGLE WORKSPACE 6001 LEEDS,standard_rate,GOOGLE WORKSPACE
Iz *Microsoft 365 Bristol Plc,standard_rate,MICROSOFT 365
SQ *TESCO STORES  STORE REF-9928,zero_rated,TESCO STORES
PAYMENT TO TRAINLINE 4330  LTD,zero_rated,TRAINLINE
Lidl Gb  Uk,zero_rated,LIDL GB
POS ROYAL MAIL LONDON UK REF-9714,exempt,ROYAL MAIL
IZ *LNER TICKETS 3860  ONLINE,zero_rated,LNER TICKETS
Payment To Edf Energy 6974  Plc Ref-3284,reduced_rate,EDF ENERGY
Payment To British Gas  Plc Ref-6109,reduced_rate,BRITISH GAS
payment to edf energy 6706 glasgow direct,reduced_rate,EDF ENERGY
IZ *DELIVEROO 2293  PLC REF-9110,standard_rate,DELIVEROO
POS ROYAL MAIL 2472  STORE,exempt,ROYAL MAIL
IZ *ALDI STORES 7500 UK STORE,zero_rated,ALDI STORES
PAYMENT TO TESCO STORES 1989 GLASGOW ONLINE REF-5279,zero_rated,TESCO STORES
EON NEXT 2024 MANCHESTER REF-4909,reduced_rate,EON NEXT
Card Linkedin Premium 4004 Leeds Online,standard_rate,LINKEDIN PREMIUM
DD TFL TRAVEL  STORE REF-3448,zero_rated,TFL TRAVEL
DD ROYAL MAIL 2968 UK DIRECT REF-2119,exempt,ROYAL MAIL
POS AMAZON UK 5663 GLASGOW ONLINE,standard_rate,AMAZON UK
POS INTRA ACCOUNT TRANSFER GLASGOW STORE,outside_scope,INTRA ACCOUNT TRANSFER
iz *lidl gb birmingham direct,zero_rated,LIDL GB
Sq *Microsoft 365 Uk Uk Ref-8778,standard_rate,MICROSOFT 365
PAYMENT TO SAGE SUBSCRIPTION LONDON REF-7747,standard_rate,SAGE SUBSCRIPTION
dd waterstones 1794  online,zero_rated,WATERSTONES
POS XERO SOFTWARE 316 BIRMINGHAM LTD,standard_rate,XERO SOFTWARE
Payment To Lidl Gb 7378 Leeds Ref-7809,zero_rated,LIDL GB
payment to edf energy leeds store ref-3856,reduced_rate,EDF ENERGY
TESCO STORES 5268,zero_rated,TESCO STORES
sq *sage subscription 5741  store,standard_rate,SAGE SUBSCRIPTION
POS WATERSTONES  ONLINE REF-9115,zero_rated,WATERSTONES
IZ *LIDL GB  REF-5183,zero_rated,LIDL GB
POS DIRECTOR DRAWINGS 5805 GLASGOW ONLINE REF-4588,outside_scope,DIRECTOR DRAWINGS
iz *google workspace 2750 glasgow direct,standard_rate,GOOGLE WORKSPACE
SQ *TRAINLINE 1405  ONLINE,zero_rated,TRAINLINE
PAYMENT TO AVIVA INSURANCE 8828 LONDON STORE REF-1883,exempt,AVIVA INSURANCE
CARD STATIONERY STATION BRISTOL DIRECT,standard_rate,STATIONERY STATION
DD TRAINLINE 3572 BIRMINGHAM DIRECT,zero_rated,TRAINLINE
AMAZON UK 5106  ONLINE,standard_rate,AMAZON UK
DD HMRC PAYMENTS MANCHESTER PLC,outside_scope,HMRC PAYMENTS
TFL TRAVEL 7939 BRISTOL UK,zero_rated,TFL TRAVEL
card aldi stores london ltd ref-6901,zero_rated,ALDI STORES
Pos Sainsburys 7828 London,zero_rated,SAINSBURYS
sq *hmrc payments 5088 online plc,outside_scope,HMRC PAYMENTS
POS TESCO STORES MANCHESTER UK REF-3222,zero_rated,TESCO STORES
IZ *OCTOPUS ENERGY 3670  DIRECT,reduced_rate,OCTOPUS ENERGY
Card Boots Uk Online Ltd,standard_rate,BOOTS UK
SQ *AMAZON EU 2277 ONLINE UK,standard_rate,AMAZON EU
DD XERO SOFTWARE 9734  UK,standard_rate,XERO SOFTWARE
Sq *Octopus Energy 9561 Glasgow Direct Ref-7638,reduced_rate,OCTOPUS ENERGY
card linkedin premium 8660 london store,standard_rate,LINKEDIN PREMIUM
TFL TRAVEL LEEDS ONLINE,zero_rated,TFL TRAVEL
Iz *Hmrc Payments 6458  Direct,outside_scope,HMRC PAYMENTS
HMRC PAYMENTS 9096 LEEDS PLC REF-6334,outside_scope,HMRC PAYMENTS
PAYMENT TO DIRECTOR DRAWINGS 5201 BRISTOL PLC,outside_scope,DIRECTOR DRAWINGS
Sq *Payroll Transfer  Ltd Ref-4545,outside_scope,PAYROLL TRANSFER
POS HMRC PAYMENTS 1195  LTD REF-8320,outside_scope,HMRC PAYMENTS
POS LNER TICKETS  UK REF-6262,zero_rated,LNER TICKETS
DD AMAZON KINDLE  LTD,zero_rated,AMAZON KINDLE
payment to eon next 4676  store ref-9429,reduced_rate,EON NEXT
CARD XERO SOFTWARE 7976  PLC REF-7388,standard_rate,XERO SOFTWARE
Iz *Tesco Express 3904 Manchester Ltd,zero_rated,TESCO EXPRESS
DD TESCO EXPRESS 2408  DIRECT,zero_rated,TESCO EXPRESS
Iz *Deliveroo 8258 Birmingham Store,standard_rate,DELIVEROO
IZ *HMRC SHIPLEY GLASGOW UK REF-3312,outside_scope,HMRC SHIPLEY
Payment To Octopus Energy  Store,reduced_rate,OCTOPUS ENERGY
CARD DIRECTOR DRAWINGS 1880 MANCHESTER REF-6122,outside_scope,DIRECTOR DRAWINGS
Iz *Lidl Gb Glasgow Online Ref-5543,zero_rated,LIDL GB
Sq *Linkedin Premium Glasgow Direct Ref-6826,standard_rate,LINKEDIN PREMIUM
IZ *INTRA ACCOUNT TRANSFER  ONLINE,outside_scope,INTRA ACCOUNT TRANSFER
IZ *EDF ENERGY 3150 GLASGOW LTD REF-4312,reduced_rate,EDF ENERGY
DD MICROSOFT 365 3892 BRISTOL DIRECT,standard_rate,MICROSOFT 365
POS LNER TICKETS 7431 BIRMINGHAM PLC,zero_rated,LNER TICKETS
DD ASDA SUPERMARKET LEEDS,zero_rated,ASDA SUPERMARKET
Payment To Hsbc Bank Fees Online Ltd Ref-5887,exempt,HSBC BANK FEES
POS ALDI STORES BIRMINGHAM LTD,zero_rated,ALDI STORES
DD SAINSBURYS GLASGOW DIRECT REF-9037,zero_rated,SAINSBURYS
SQ *XERO SOFTWARE  ONLINE REF-8835,standard_rate,XERO SOFTWARE
IZ *AMAZON EU 9249  DIRECT,standard_rate,AMAZON EU
DD STATIONERY STATION 8362 MANCHESTER,standard_rate,STATIONERY STATION
PAYMENT TO GOOGLE WORKSPACE 7686 ONLINE PLC REF-2705,standard_rate,GOOGLE WORKSPACE
SQ *ROYAL MAIL 4532  LTD,exempt,ROYAL MAIL
SQ *AMAZON UK 6657  STORE,standard_rate,AMAZON UK
IZ *XERO SOFTWARE 5726 MANCHESTER PLC,standard_rate,XERO SOFTWARE
adobe creative 3336  uk ref-6613,standard_rate,ADOBE CREATIVE
PAYMENT TO TESCO STORES MANCHESTER UK REF-2638,zero_rated,TESCO STORES
IZ *HMRC PAYMENTS MANCHESTER LTD,outside_scope,HMRC PAYMENTS
PAYMENT TO MICROSOFT 365 7470 LEEDS STORE REF-8506,standard_rate,MICROSOFT 365
CARD POST OFFICE  REF-6270,exempt,POST OFFICE
PAYMENT TO STATIONERY STATION  PLC,standard_rate,STATIONERY STATION
TFL TRAVEL 6580 BRISTOL LTD,zero_rated,TFL TRAVEL
PAYMENT TO HSBC BANK FEES BIRMINGHAM ONLINE,exempt,HSBC BANK FEES
SQ *AMAZON EU 6912 UK ONLINE REF-7113,standard_rate,AMAZON EU
ALDI STORES 9714 UK UK REF-8896,zero_rated,ALDI STORES
Sq *Stationery Station 3753 Birmingham Online Ref-7395,standard_rate,STATIONERY STATION
waterstones 5013 london store,zero_rated,WATERSTONES
iz *hmrc payments 9012 uk direct,outside_scope,HMRC PAYMENTS
Sq *Barclays Bank 6940 London Plc,exempt,BARCLAYS BANK
POS AMAZON UK 7000 ONLINE DIRECT,standard_rate,AMAZON UK
SQ *LNER TICKETS 8827 BRISTOL REF-4734,zero_rated,LNER TICKETS
iz *aa breakdown manchester ltd ref-7265,exempt,AA BREAKDOWN
Sq *Intra Account Transfer 4057  Plc Ref-3117,outside_scope,INTRA ACCOUNT TRANSFER
Lidl Gb London Direct,zero_rated,LIDL GB
PAYMENT TO BRITISH GAS  PLC REF-1812,reduced_rate,BRITISH GAS
SQ *POST OFFICE,exempt,POST OFFICE
DD MICROSOFT 365 4450 GLASGOW UK,standard_rate,MICROSOFT 365
DD ALDI STORES 259 BIRMINGHAM PLC,zero_rated,ALDI STORES
IZ *HMRC PAYMENTS 2627  ONLINE,outside_scope,HMRC PAYMENTS
DD LINKEDIN PREMIUM 6618  STORE REF-3557,standard_rate,LINKEDIN PREMIUM
DD SAINSBURYS 4021  ONLINE,zero_rated,SAINSBURYS
IZ *MICROSOFT 365 4330  UK,standard_rate,MICROSOFT 365
POS DELIVEROO 2580 LEEDS REF-2439,standard_rate,DELIVEROO
DD ADOBE CREATIVE 6543 BRISTOL ONLINE,standard_rate,ADOBE CREATIVE
CARD SAINSBURYS 7134 LONDON ONLINE,zero_rated,SAINSBURYS
PAYMENT TO SAGE SUBSCRIPTION 1548 LEEDS,standard_rate,SAGE SUBSCRIPTION
sq *tesco stores  store,zero_rated,TESCO STORES
card deliveroo 7931  ref-7352,standard_rate,DELIVEROO
POS STATIONERY STATION UK LTD,standard_rate,STATIONERY STATION
PAYMENT TO QUICKBOOKS 113 LEEDS PLC,standard_rate,QUICKBOOKS
Iz *Quickbooks 7008  Plc,standard_rate,QUICKBOOKS
Iz *Deliveroo 4213  Ltd Ref-5385,standard_rate,DELIVEROO
payment to lner tickets manchester ltd,zero_rated,LNER TICKETS
CARD EON NEXT 8405  DIRECT,reduced_rate,EON NEXT
pos deliveroo 4891  online,standard_rate,DELIVEROO
PAYMENT TO INTRA ACCOUNT TRANSFER 9694 BRISTOL STORE,outside_scope,INTRA ACCOUNT TRANSFER
google workspace  direct,standard_rate,GOOGLE WORKSPACE
CARD SAINSBURYS 9838  DIRECT,zero_rated,SAINSBURYS
TESCO EXPRESS  DIRECT REF-1686,zero_rated,TESCO EXPRESS
IZ *QUICKBOOKS 3286  ONLINE,standard_rate,QUICKBOOKS
pos amazon kindle 238  ltd ref-5626,zero_rated,AMAZON KINDLE
DD AVIVA INSURANCE 7223  UK,exempt,AVIVA INSURANCE
Payment To Linkedin Premium  Uk,standard_rate,LINKEDIN PREMIUM
PAYMENT TO QUICKBOOKS 2817  ONLINE REF-4562,standard_rate,QUICKBOOKS
SAINSBURYS  STORE,zero_rated,SAINSBURYS
payment to barclays bank glasgow uk ref-9284,exempt,BARCLAYS BANK
Iz *Deliveroo Uk Online,standard_rate,DELIVEROO
PAYMENT TO BARCLAYS BANK ONLINE DIRECT,exempt,BARCLAYS BANK
CARD DELIVEROO 8470  ONLINE,standard_rate,DELIVEROO
CARD NATIONAL EXPRESS  DIRECT REF-3984,zero_rated,NATIONAL EXPRESS
PAYMENT TO GOOGLE WORKSPACE 9070 UK ONLINE REF-2018,standard_rate,GOOGLE WORKSPACE
Pos Xero Software 2152 Online Store Ref-9891,standard_rate,XERO SOFTWARE
PAYMENT TO WATERSTONES 6996 LONDON LTD,zero_rated,WATERSTONES
DD TESCO EXPRESS 4558 LONDON PLC,zero_rated,TESCO EXPRESS
Pos Microsoft 365 7940 Bristol,standard_rate,MICROSOFT 365
IZ *BOOTS UK 7143  UK,standard_rate,BOOTS UK
DD XERO SOFTWARE ONLINE DIRECT REF-8392,standard_rate,XERO SOFTWARE
microsoft 365 3174 manchester online,standard_rate,MICROSOFT 365
DD INTRA ACCOUNT TRANSFER 2438 BIRMINGHAM,outside_scope,INTRA ACCOUNT TRANSFER
DD INTRA ACCOUNT TRANSFER ONLINE LTD,outside_scope,INTRA ACCOUNT TRANSFER
CARD AMAZON UK 1606 LEEDS STORE REF-2552,standard_rate,AMAZON UK
TESCO STORES 7344 GLASGOW STORE REF-9375,zero_rated,TESCO STORES
sq *amazon kindle london plc,zero_rated,AMAZON KINDLE
BOOTS UK  STORE REF-1864,standard_rate,BOOTS UK
Sq *Trainline 6203  Uk Ref-7808,zero_rated,TRAINLINE
BRITISH GAS 9939,reduced_rate,BRITISH GAS
DD TESCO EXPRESS BIRMINGHAM PLC REF-3159,zero_rated,TESCO EXPRESS
ASDA SUPERMARKET 4731,zero_rated,ASDA SUPERMARKET
DD HMRC PAYMENTS 2773 BRISTOL LTD REF-1689,outside_scope,HMRC PAYMENTS
sq *adobe creative 632  direct,standard_rate,ADOBE CREATIVE
EON NEXT 7792 LONDON STORE REF-5208,reduced_rate,EON NEXT
lidl gb uk ltd,zero_rated,LIDL GB
dd eon next  ref-3300,reduced_rate,EON NEXT
iz *hmrc shipley 4724  uk ref-6682,outside_scope,HMRC SHIPLEY
DD ROYAL MAIL BRISTOL DIRECT,exempt,ROYAL MAIL
intra account transfer 1052 manchester ref-6125,outside_scope,INTRA ACCOUNT TRANSFER
GOOGLE WORKSPACE 6291 BIRMINGHAM LTD REF-3403,standard_rate,GOOGLE WORKSPACE
POS AMAZON KINDLE 4327 UK DIRECT REF-9222,zero_rated,AMAZON KINDLE
DD AA BREAKDOWN 4984 UK,exempt,AA BREAKDOWN
post office 2714  online,exempt,POST OFFICE
TESCO EXPRESS 9181 ONLINE LTD REF-1672,zero_rated,TESCO EXPRESS
DD AMAZON EU 7497  DIRECT REF-5991,standard_rate,AMAZON EU
SQ *OCTOPUS ENERGY 7955  DIRECT,reduced_rate,OCTOPUS ENERGY
pos boots uk 614  online,standard_rate,BOOTS UK
dd tesco stores 6118,zero_rated,TESCO STORES
google workspace 5521  online ref-2879,standard_rate,GOOGLE WORKSPACE
SAGE SUBSCRIPTION 7342 BRISTOL PLC,standard_rate,SAGE SUBSCRIPTION
IZ *PAYROLL TRANSFER 7760  PLC REF-6671,outside_scope,PAYROLL TRANSFER
POST OFFICE BIRMINGHAM LTD,exempt,POST OFFICE
DD LINKEDIN PREMIUM 2123  ONLINE,standard_rate,LINKEDIN PREMIUM
SQ *WATERSTONES 1390  PLC,zero_rated,WATERSTONES
Uber Eats  Direct,standard_rate,UBER EATS
CARD INTRA ACCOUNT TRANSFER 9158 MANCHESTER PLC,outside_scope,INTRA ACCOUNT TRANSFER
IZ *QUICKBOOKS 7946  ONLINE REF-7232,standard_rate,QUICKBOOKS
Pos Deliveroo Glasgow Ltd,standard_rate,DELIVEROO
Payment To Payroll Transfer 260 Glasgow Plc Ref-6491,outside_scope,PAYROLL TRANSFER
PAYMENT TO BARCLAYS BANK BIRMINGHAM STORE REF-3078,exempt,BARCLAYS BANK
POST OFFICE 7027 GLASGOW UK REF-8676,exempt,POST OFFICE
Payment To Aa Breakdown Glasgow Plc Ref-3082,exempt,AA BREAKDOWN
POS EON NEXT 9623  PLC,reduced_rate,EON NEXT
POST OFFICE UK DIRECT REF-1326,exempt,POST OFFICE
Pos Asda Supermarket  Plc,zero_rated,ASDA SUPERMARKET
DD ALDI STORES 6574 ONLINE LTD,zero_rated,ALDI STORES
payment to microsoft 365 4564 glasgow direct,standard_rate,MICROSOFT 365
DD DIRECTOR DRAWINGS  LTD,outside_scope,DIRECTOR DRAWINGS
DD BOOTS UK 2872 LEEDS REF-2209,standard_rate,BOOTS UK
PAYMENT TO OCTOPUS ENERGY 5000  ONLINE,reduced_rate,OCTOPUS ENERGY
GOOGLE WORKSPACE 9612  DIRECT REF-9605,standard_rate,GOOGLE WORKSPACE
PAYMENT TO INTRA ACCOUNT TRANSFER 1023  STORE REF-4576,outside_scope,INTRA ACCOUNT TRANSFER
Sq *British Gas Uk Ref-3990,reduced_rate,BRITISH GAS
dd payroll transfer manchester direct ref-6836,outside_scope,PAYROLL TRANSFER
PAYMENT TO WESTMINSTER COUNCIL BRISTOL STORE,outside_scope,WESTMINSTER COUNCIL
Payment To Tesco Stores 8766 Bristol,zero_rated,TESCO STORES
POS OCTOPUS ENERGY 4728  DIRECT REF-6242,reduced_rate,OCTOPUS ENERGY
IZ *ADOBE CREATIVE 5732 LONDON PLC REF-4124,standard_rate,ADOBE CREATIVE
DD TRAINLINE UK DIRECT,zero_rated,TRAINLINE
SQ *TESCO STORES 9346  STORE REF-2375,zero_rated,TESCO STORES
DD DIRECTOR DRAWINGS 4457 MANCHESTER UK,outside_scope,DIRECTOR DRAWINGS
CARD STATIONERY STATION  PLC REF-2137,standard_rate,STATIONERY STATION
SQ *TFL TRAVEL 7231  DIRECT,zero_rated,TFL TRAVEL
sq *hsbc bank fees 4736  plc ref-7523,exempt,HSBC BANK FEES
DD OCTOPUS ENERGY 6168 LONDON DIRECT,reduced_rate,OCTOPUS ENERGY
Card Sainsburys Birmingham Online,zero_rated,SAINSBURYS
SQ *OCTOPUS ENERGY 2168  DIRECT REF-4389,reduced_rate,OCTOPUS ENERGY
payment to lner tickets 299 leeds uk,zero_rated,LNER TICKETS
amazon kindle 4682 leeds ltd,zero_rated,AMAZON KINDLE
CARD SAGE SUBSCRIPTION 8275 LONDON UK,standard_rate,SAGE SUBSCRIPTION
amazon kindle 7209 birmingham,zero_rated,AMAZON KINDLE
CARD TESCO EXPRESS 8601  ONLINE REF-2292,zero_rated,TESCO EXPRESS
IZ *BOOTS UK 4566  LTD REF-9773,standard_rate,BOOTS UK
Payment To Tfl Travel 7530 Bristol,zero_rated,TFL TRAVEL
CARD HMRC SHIPLEY LONDON DIRECT,outside_scope,HMRC SHIPLEY
Card Tfl Travel 2257 Bristol Uk Ref-9599,zero_rated,TFL TRAVEL
Dd Hsbc Bank Fees 8076  Uk,exempt,HSBC BANK FEES
POS HSBC BANK FEES 1638 MANCHESTER LTD,exempt,HSBC BANK FEES
Pos Adobe Creative 2146 Glasgow Uk,standard_rate,ADOBE CREATIVE
POS ROYAL MAIL 740  PLC,exempt,ROYAL MAIL
CARD DIRECTOR DRAWINGS 8556 LONDON UK REF-7769,outside_scope,DIRECTOR DRAWINGS
IZ *MICROSOFT 365 2836 BRISTOL DIRECT,standard_rate,MICROSOFT 365
IZ *TRAINLINE 938 BRISTOL,zero_rated,TRAINLINE
SQ *TFL TRAVEL 9152 BRISTOL PLC,zero_rated,TFL TRAVEL
DD ROYAL MAIL 5089 ONLINE,exempt,ROYAL MAIL
CARD PAYROLL TRANSFER 5337  STORE REF-7858,outside_scope,PAYROLL TRANSFER
IZ *WATERSTONES GLASGOW PLC REF-4633,zero_rated,WATERSTONES
DD UBER EATS 4666 BIRMINGHAM REF-2600,standard_rate,UBER EATS
dd aviva insurance 2750 uk direct ref-6810,exempt,AVIVA INSURANCE
DD AMAZON KINDLE BIRMINGHAM,zero_rated,AMAZON KINDLE
iz *stationery station 8595  store,standard_rate,STATIONERY STATION
DD BRITISH GAS  ONLINE,reduced_rate,BRITISH GAS
POS AVIVA INSURANCE UK ONLINE,exempt,AVIVA INSURANCE
CARD HSBC BANK FEES 8696 MANCHESTER ONLINE REF-9708,exempt,HSBC BANK FEES
HMRC SHIPLEY 3819 ONLINE ONLINE REF-5238,outside_scope,HMRC SHIPLEY
DIRECTOR DRAWINGS  LTD REF-7932,outside_scope,DIRECTOR DRAWINGS
SQ *UBER EATS ONLINE LTD REF-6466,standard_rate,UBER EATS
Director Drawings 4300 Uk Direct Ref-1980,outside_scope,DIRECTOR DRAWINGS
XERO SOFTWARE 5411 MANCHESTER STORE,standard_rate,XERO SOFTWARE
PAYMENT TO EDF ENERGY 5146  REF-6547,reduced_rate,EDF ENERGY
CARD ASDA SUPERMARKET 7579  PLC,zero_rated,ASDA SUPERMARKET
payment to google workspace 5165  uk,standard_rate,GOOGLE WORKSPACE
IZ *AMAZON KINDLE 439 MANCHESTER,zero_rated,AMAZON KINDLE
POS AMAZON UK  LTD,standard_rate,AMAZON UK
DD XERO SOFTWARE 9063 ONLINE LTD REF-8238,standard_rate,XERO SOFTWARE
Iz *Quickbooks Leeds Plc,standard_rate,QUICKBOOKS
MICROSOFT 365 4284 UK REF-9844,standard_rate,MICROSOFT 365
dd hsbc bank fees uk ltd ref-9243,exempt,HSBC BANK FEES
card trainline 7860 birmingham online,zero_rated,TRAINLINE
POS LIDL GB 7163  UK REF-8132,zero_rated,LIDL GB
DD HMRC PAYMENTS 7763 LONDON ONLINE REF-7228,outside_scope,HMRC PAYMENTS
IZ *AMAZON UK  ONLINE,standard_rate,AMAZON UK
LIDL GB 4850  UK REF-3893,zero_rated,LIDL GB
DD MICROSOFT 365 2596,standard_rate,MICROSOFT 365
sq *tesco express 7029 online uk ref-1842,zero_rated,TESCO EXPRESS
hmrc shipley 309  ltd,outside_scope,HMRC SHIPLEY
ADOBE CREATIVE 4134 MANCHESTER,standard_rate,ADOBE CREATIVE
SQ *LNER TICKETS  UK REF-9066,zero_rated,LNER TICKETS
PAYMENT TO DELIVEROO 3500 LEEDS DIRECT REF-6733,standard_rate,DELIVEROO
Amazon Kindle  Online Ref-8279,zero_rated,AMAZON KINDLE
CARD AVIVA INSURANCE 5512 LONDON ONLINE,exempt,AVIVA INSURANCE
BOOTS UK 9136 BIRMINGHAM DIRECT REF-7276,standard_rate,BOOTS UK
Pos Uber Eats 9771 Manchester Online,standard_rate,UBER EATS
SQ *SAGE SUBSCRIPTION UK LTD,standard_rate,SAGE SUBSCRIPTION
pos sage subscription 7036 leeds ltd,standard_rate,SAGE SUBSCRIPTION
SQ *SAINSBURYS 585  STORE REF-8381,zero_rated,SAINSBURYS
Payment To Lner Tickets  Uk,zero_rated,LNER TICKETS
CARD STATIONERY STATION 8074 GLASGOW DIRECT REF-7372,standard_rate,STATIONERY STATION
DD HMRC PAYMENTS 6189  DIRECT REF-2862,outside_scope,HMRC PAYMENTS
LIDL GB GLASGOW ONLINE REF-9943,zero_rated,LIDL GB
Barclays Bank 2871 Leeds Plc Ref-9252,exempt,BARCLAYS BANK
XERO SOFTWARE 5885 LONDON UK,standard_rate,XERO SOFTWARE
IZ *WESTMINSTER COUNCIL 5309 ONLINE STORE,outside_scope,WESTMINSTER COUNCIL
card tesco stores 5239  ltd,zero_rated,TESCO STORES
GOOGLE WORKSPACE MANCHESTER LTD REF-8247,standard_rate,GOOGLE WORKSPACE
IZ *XERO SOFTWARE 1315 LONDON UK REF-1980,standard_rate,XERO SOFTWARE
POS EDF ENERGY 3368  STORE REF-2329,reduced_rate,EDF ENERGY
IZ *WATERSTONES 582 GLASGOW LTD REF-6261,zero_rated,WATERSTONES
CARD DIRECTOR DRAWINGS 1030  PLC,outside_scope,DIRECTOR DRAWINGS
SQ *DIRECTOR DRAWINGS 3831 UK PLC,outside_scope,DIRECTOR DRAWINGS
DD GOOGLE WORKSPACE ONLINE DIRECT REF-4207,standard_rate,GOOGLE WORKSPACE
POS SAGE SUBSCRIPTION 7970 LONDON UK,standard_rate,SAGE SUBSCRIPTION
iz *director drawings 605  store,outside_scope,DIRECTOR DRAWINGS
dd amazon uk 7704  ltd,standard_rate,AMAZON UK
sq *hsbc bank fees uk online,exempt,HSBC BANK FEES
POS TRAINLINE 7470 BRISTOL STORE REF-2531,zero_rated,TRAINLINE
BOOTS UK 3342 LEEDS PLC REF-2763,standard_rate,BOOTS UK
BARCLAYS BANK GLASGOW LTD,exempt,BARCLAYS BANK
lidl gb 7725 uk online,zero_rated,LIDL GB
dd uber eats 7880 birmingham ltd ref-2299,standard_rate,UBER EATS
PAYMENT TO XERO SOFTWARE 8736 MANCHESTER REF-4345,standard_rate,XERO SOFTWARE
DD TESCO EXPRESS 7398 MANCHESTER ONLINE REF-8429,zero_rated,TESCO EXPRESS
DD STATIONERY STATION UK LTD REF-3454,standard_rate,STATIONERY STATION
IZ *HMRC SHIPLEY 9202 LEEDS LTD,outside_scope,HMRC SHIPLEY
Iz *Aa Breakdown 6424 Bristol Plc,exempt,AA BREAKDOWN
CARD NATIONAL EXPRESS UK STORE,zero_rated,NATIONAL EXPRESS
Sq *Royal Mail 5823  Online,exempt,ROYAL MAIL
octopus energy 8171  online ref-3488,reduced_rate,OCTOPUS ENERGY
card sage subscription  plc,standard_rate,SAGE SUBSCRIPTION
SQ *ALDI STORES 9470 GLASGOW ONLINE,zero_rated,ALDI STORES
SQ *AMAZON UK 1578 BRISTOL LTD,standard_rate,AMAZON UK
dd westminster council manchester plc,outside_scope,WESTMINSTER COUNCIL
sq *national express 4417 manchester online,zero_rated,NATIONAL EXPRESS
sq *amazon uk 9425  direct,standard_rate,AMAZON UK
CARD HSBC BANK FEES 6110 ONLINE LTD,exempt,HSBC BANK FEES
Payment To Eon Next 861 Birmingham Ltd,reduced_rate,EON NEXT
PAYMENT TO INTRA ACCOUNT TRANSFER 1059  STORE REF-8408,outside_scope,INTRA ACCOUNT TRANSFER
PAYMENT TO HMRC PAYMENTS 9872 BRISTOL PLC,outside_scope,HMRC PAYMENTS
DD EON NEXT BRISTOL PLC,reduced_rate,EON NEXT
Dd Sainsburys 9112 Birmingham Store,zero_rated,SAINSBURYS
CARD QUICKBOOKS 7957  STORE REF-1135,standard_rate,QUICKBOOKS
CARD MICROSOFT 365  DIRECT,standard_rate,MICROSOFT 365
Card Aldi Stores Online Ltd,zero_rated,ALDI STORES
DD SAGE SUBSCRIPTION 3741 BRISTOL STORE REF-6278,standard_rate,SAGE SUBSCRIPTION
card director drawings 7474 online uk ref-7545,outside_scope,DIRECTOR DRAWINGS
CARD AMAZON UK 6547  PLC REF-4677,standard_rate,AMAZON UK
payment to uber eats 4589 leeds direct ref-9100,standard_rate,UBER EATS
trainline 6492  uk,zero_rated,TRAINLINE
CARD ROYAL MAIL 3251 ONLINE ONLINE REF-1024,exempt,ROYAL MAIL
CARD PAYROLL TRANSFER 8763  DIRECT REF-6501,outside_scope,PAYROLL TRANSFER
POS AA BREAKDOWN 9153 BRISTOL DIRECT REF-7316,exempt,AA BREAKDOWN
AVIVA INSURANCE 3886  DIRECT,exempt,AVIVA INSURANCE
XERO SOFTWARE 8992  DIRECT REF-4412,standard_rate,XERO SOFTWARE
DD DIRECTOR DRAWINGS 9626 GLASGOW LTD REF-1431,outside_scope,DIRECTOR DRAWINGS
CARD OCTOPUS ENERGY  DIRECT REF-4262,reduced_rate,OCTOPUS ENERGY
IZ *GOOGLE WORKSPACE 1423  LTD,standard_rate,GOOGLE WORKSPACE
SQ *PAYROLL TRANSFER 5334 GLASGOW,outside_scope,PAYROLL TRANSFER
SQ *INTRA ACCOUNT TRANSFER LEEDS LTD REF-8961,outside_scope,INTRA ACCOUNT TRANSFER
PAYMENT TO WESTMINSTER COUNCIL ONLINE ONLINE REF-8182,outside_scope,WESTMINSTER COUNCIL
POS INTRA ACCOUNT TRANSFER 3656  LTD REF-4863,outside_scope,INTRA ACCOUNT TRANSFER
CARD UBER EATS 7256 GLASGOW PLC,standard_rate,UBER EATS
Pos Quickbooks 3934 London Store,standard_rate,QUICKBOOKS
IZ *AVIVA INSURANCE BIRMINGHAM STORE,exempt,AVIVA INSURANCE
Stationery Station Bristol Direct Ref-6200,standard_rate,STATIONERY STATION
PAYMENT TO INTRA ACCOUNT TRANSFER UK PLC REF-9986,outside_scope,INTRA ACCOUNT TRANSFER
SAINSBURYS BIRMINGHAM PLC,zero_rated,SAINSBURYS
Westminster Council 8035 Leeds Direct Ref-1980,outside_scope,WESTMINSTER COUNCIL
IZ *AVIVA INSURANCE 4293  ONLINE,exempt,AVIVA INSURANCE
SQ *ASDA SUPERMARKET 2273  ONLINE REF-3913,zero_rated,ASDA SUPERMARKET
SQ *STATIONERY STATION 2585  LTD,standard_rate,STATIONERY STATION
POS MICROSOFT 365,standard_rate,MICROSOFT 365
Sq *Xero Software Online Uk,standard_rate,XERO SOFTWARE
pos tesco express 1780 glasgow online ref-9452,zero_rated,TESCO EXPRESS
POS AMAZON KINDLE  UK REF-3843,zero_rated,AMAZON KINDLE
DD XERO SOFTWARE BIRMINGHAM DIRECT REF-8896,standard_rate,XERO SOFTWARE
SQ *ROYAL MAIL 910 MANCHESTER LTD REF-8941,exempt,ROYAL MAIL
IZ *INTRA ACCOUNT TRANSFER  ONLINE,outside_scope,INTRA ACCOUNT TRANSFER
PAYMENT TO PAYROLL TRANSFER  UK,outside_scope,PAYROLL TRANSFER
POS ADOBE CREATIVE 489 BRISTOL PLC REF-6604,standard_rate,ADOBE CREATIVE
edf energy 6570  store ref-4311,reduced_rate,EDF ENERGY
CARD AA BREAKDOWN  STORE REF-7888,exempt,AA BREAKDOWN
Pos Post Office  Plc,exempt,POST OFFICE
Card Barclays Bank 8942 Glasgow Online Ref-3954,exempt,BARCLAYS BANK
AMAZON KINDLE 8038  ONLINE,zero_rated,AMAZON KINDLE
CARD BRITISH GAS LONDON DIRECT REF-4852,reduced_rate,BRITISH GAS
Sage Subscription Uk Online Ref-4924,standard_rate,SAGE SUBSCRIPTION
Sq *Xero Software 3263 Birmingham Online,standard_rate,XERO SOFTWARE
pos post office 2882 uk plc,exempt,POST OFFICE
payment to eon next  direct ref-5519,reduced_rate,EON NEXT
IZ *LINKEDIN PREMIUM 2199 LEEDS LTD,standard_rate,LINKEDIN PREMIUM
IZ *SAGE SUBSCRIPTION 7497 MANCHESTER UK REF-1419,standard_rate,SAGE SUBSCRIPTION
sq *sage subscription manchester,standard_rate,SAGE SUBSCRIPTION
PAYMENT TO XERO SOFTWARE 6276  ONLINE REF-6236,standard_rate,XERO SOFTWARE
DD WESTMINSTER COUNCIL 6271 MANCHESTER UK,outside_scope,WESTMINSTER COUNCIL
payment to sage subscription  uk,standard_rate,SAGE SUBSCRIPTION
Payment To Aldi Stores Birmingham,zero_rated,ALDI STORES
iz *barclays bank bristol plc ref-5545,exempt,BARCLAYS BANK
CARD WESTMINSTER COUNCIL,outside_scope,WESTMINSTER COUNCIL
iz *tesco stores 3946 london ref-5708,zero_rated,TESCO STORES
POS LINKEDIN PREMIUM 8975  LTD,standard_rate,LINKEDIN PREMIUM
dd post office 8377  direct,exempt,POST OFFICE
iz *hmrc payments london ltd,outside_scope,HMRC PAYMENTS
DD XERO SOFTWARE 9803  UK REF-9160,standard_rate,XERO SOFTWARE
POS ROYAL MAIL  ONLINE,exempt,ROYAL MAIL
POS LIDL GB 8670  DIRECT,zero_rated,LIDL GB
BRITISH GAS 2417 BRISTOL LTD REF-8515,reduced_rate,BRITISH GAS
POS AMAZON UK 8435 BIRMINGHAM PLC REF-4479,standard_rate,AMAZON UK
HSBC BANK FEES LEEDS PLC,exempt,HSBC BANK FEES
SQ *STATIONERY STATION 2409 GLASGOW ONLINE,standard_rate,STATIONERY STATION
CARD TRAINLINE 9936  PLC REF-9847,zero_rated,TRAINLINE
AVIVA INSURANCE UK ONLINE REF-8828,exempt,AVIVA INSURANCE
PAYMENT TO LNER TICKETS 5154 LONDON REF-4616,zero_rated,LNER TICKETS
Sainsburys 8039 Glasgow Direct,zero_rated,SAINSBURYS
DD NATIONAL EXPRESS 5955 GLASGOW ONLINE,zero_rated,NATIONAL EXPRESS
iz *sainsburys 8896 glasgow direct,zero_rated,SAINSBURYS
PAYMENT TO LIDL GB  DIRECT REF-5336,zero_rated,LIDL GB
CARD DIRECTOR DRAWINGS  ONLINE,outside_scope,DIRECTOR DRAWINGS
PAYMENT TO HSBC BANK FEES MANCHESTER UK REF-3036,exempt,HSBC BANK FEES
PAYMENT TO AVIVA INSURANCE BIRMINGHAM ONLINE,exempt,AVIVA INSURANCE
IZ *DELIVEROO 9569 LONDON ONLINE,standard_rate,DELIVEROO
SQ *SAGE SUBSCRIPTION 7234  UK,standard_rate,SAGE SUBSCRIPTION
PAYMENT TO GOOGLE WORKSPACE LEEDS DIRECT,standard_rate,GOOGLE WORKSPACE
trainline 5857 uk online,zero_rated,TRAINLINE
POS EDF ENERGY 8253 BIRMINGHAM UK,reduced_rate,EDF ENERGY
CARD LIDL GB 7787 UK STORE,zero_rated,LIDL GB
pos stationery station 9931  ltd,standard_rate,STATIONERY STATION
PAYMENT TO TFL TRAVEL BIRMINGHAM,zero_rated,TFL TRAVEL
CARD TESCO STORES 3280 BRISTOL ONLINE,zero_rated,TESCO STORES
card microsoft 365 7322  ltd,standard_rate,MICROSOFT 365
IZ *LINKEDIN PREMIUM 8241 ONLINE,standard_rate,LINKEDIN PREMIUM
Sq *Post Office Manchester,exempt,POST OFFICE
pos national express 1498 london plc,zero_rated,NATIONAL EXPRESS
Dd Intra Account Transfer Bristol Uk,outside_scope,INTRA ACCOUNT TRANSFER
CARD AA BREAKDOWN 7022  DIRECT,exempt,AA BREAKDOWN
card hsbc bank fees 9520  direct,exempt,HSBC BANK FEES
AA BREAKDOWN 6394 BIRMINGHAM LTD REF-2574,exempt,AA BREAKDOWN
CARD POST OFFICE  REF-9105,exempt,POST OFFICE
DD POST OFFICE ONLINE STORE,exempt,POST OFFICE
iz *edf energy manchester ltd ref-8805,reduced_rate,EDF ENERGY
HMRC SHIPLEY 5645 MANCHESTER STORE,outside_scope,HMRC SHIPLEY
Sq *Edf Energy 772 Birmingham Uk Ref-9251,reduced_rate,EDF ENERGY
POS TFL TRAVEL 7486 LEEDS STORE,zero_rated,TFL TRAVEL
POS TRAINLINE 7849 LONDON DIRECT,zero_rated,TRAINLINE
PAYMENT TO NATIONAL EXPRESS 9644 LEEDS REF-1479,zero_rated,NATIONAL EXPRESS
IZ *AMAZON UK 2402 ONLINE ONLINE,standard_rate,AMAZON UK
SQ *BARCLAYS BANK 6591  UK REF-2349,exempt,BARCLAYS BANK
Payment To Amazon Eu 9461  Plc,standard_rate,AMAZON EU
Dd Tfl Travel 4046 London Uk,zero_rated,TFL TRAVEL
PAYMENT TO TRAINLINE 4861  PLC REF-1693,zero_rated,TRAINLINE
Iz *Sainsburys 5470  Store,zero_rated,SAINSBURYS
DD AMAZON UK LONDON ONLINE,standard_rate,AMAZON UK
Iz *Amazon Kindle 4480 Birmingham Plc,zero_rated,AMAZON KINDLE
SQ *ASDA SUPERMARKET 3487 LEEDS,zero_rated,ASDA SUPERMARKET
IZ *OCTOPUS ENERGY 7509  STORE REF-1358,reduced_rate,OCTOPUS ENERGY
IZ *AMAZON KINDLE BIRMINGHAM,zero_rated,AMAZON KINDLE
CARD TFL TRAVEL 3794 LEEDS,zero_rated,TFL TRAVEL
PAYMENT TO DELIVEROO 5555 BRISTOL LTD,standard_rate,DELIVEROO
octopus energy  online,reduced_rate,OCTOPUS ENERGY
DD BARCLAYS BANK BRISTOL,exempt,BARCLAYS BANK
DD ADOBE CREATIVE 4064 UK PLC,standard_rate,ADOBE CREATIVE
Pos Trainline 4553 Bristol Uk Ref-9462,zero_rated,TRAINLINE
SQ *QUICKBOOKS 5341 LEEDS STORE,standard_rate,QUICKBOOKS
SQ *DIRECTOR DRAWINGS GLASGOW DIRECT,outside_scope,DIRECTOR DRAWINGS
SQ *OCTOPUS ENERGY 9044 UK PLC,reduced_rate,OCTOPUS ENERGY
SQ *ADOBE CREATIVE 7167  LTD,standard_rate,ADOBE CREATIVE
Sq *Stationery Station 2326  Ltd,standard_rate,STATIONERY STATION
Dd Barclays Bank 4813 Online Plc,exempt,BARCLAYS BANK
POS AMAZON KINDLE 1557 MANCHESTER ONLINE,zero_rated,AMAZON KINDLE
CARD TRAINLINE 8784  LTD,zero_rated,TRAINLINE
POS ROYAL MAIL BIRMINGHAM UK,exempt,ROYAL MAIL
AMAZON UK 4768  PLC REF-3525,standard_rate,AMAZON UK
TRAINLINE 8409  LTD,zero_rated,TRAINLINE
POS PAYROLL TRANSFER 8145 MANCHESTER ONLINE,outside_scope,PAYROLL TRANSFER
CARD LINKEDIN PREMIUM 1690 LEEDS,standard_rate,LINKEDIN PREMIUM
POS XERO SOFTWARE,standard_rate,XERO SOFTWARE
POS PAYROLL TRANSFER UK REF-3227,outside_scope,PAYROLL TRANSFER
DD AMAZON KINDLE 1802 BRISTOL ONLINE,zero_rated,AMAZON KINDLE
POS EDF ENERGY 2450 GLASGOW STORE REF-4828,reduced_rate,EDF ENERGY
NATIONAL EXPRESS UK,zero_rated,NATIONAL EXPRESS
CARD LNER TICKETS  STORE,zero_rated,LNER TICKETS
TRAINLINE 3997 LEEDS ONLINE,zero_rated,TRAINLINE
SQ *AMAZON EU MANCHESTER,standard_rate,AMAZON EU
PAYMENT TO STATIONERY STATION LONDON LTD,standard_rate,STATIONERY STATION
Sq *Microsoft 365 7042  Ref-7479,standard_rate,MICROSOFT 365
IZ *TFL TRAVEL 3351 BIRMINGHAM LTD,zero_rated,TFL TRAVEL
pos tesco stores glasgow online,zero_rated,TESCO STORES
DD POST OFFICE BRISTOL,exempt,POST OFFICE
SQ *DIRECTOR DRAWINGS 3757  STORE REF-3633,outside_scope,DIRECTOR DRAWINGS
DD AMAZON KINDLE LONDON LTD,zero_rated,AMAZON KINDLE
POS WESTMINSTER COUNCIL  DIRECT,outside_scope,WESTMINSTER COUNCIL
CARD LIDL GB 4773 BIRMINGHAM DIRECT,zero_rated,LIDL GB
POS LINKEDIN PREMIUM 6461 LEEDS LTD,standard_rate,LINKEDIN PREMIUM
IZ *DELIVEROO 9020 MANCHESTER PLC REF-7344,standard_rate,DELIVEROO
card post office manchester uk ref-8357,exempt,POST OFFICE
Iz *Sage Subscription 6760 Birmingham Direct,standard_rate,SAGE SUBSCRIPTION
PAYMENT TO TFL TRAVEL  UK REF-4936,zero_rated,TFL TRAVEL
DD STATIONERY STATION 3710,standard_rate,STATIONERY STATION
sq *tfl travel 3116 birmingham online,zero_rated,TFL TRAVEL
Payment To Xero Software 7035  Online,standard_rate,XERO SOFTWARE
payment to sainsburys 7611 manchester uk ref-6869,zero_rated,SAINSBURYS
CARD EDF ENERGY  ONLINE REF-5123,reduced_rate,EDF ENERGY
SQ *HMRC PAYMENTS  LTD,outside_scope,HMRC PAYMENTS
sq *uber eats glasgow direct,standard_rate,UBER EATS
WESTMINSTER COUNCIL 8494  UK,outside_scope,WESTMINSTER COUNCIL
SQ *ADOBE CREATIVE 6448 BRISTOL ONLINE,standard_rate,ADOBE CREATIVE
PAYMENT TO BRITISH GAS  REF-3244,reduced_rate,BRITISH GAS
iz *amazon eu 9622 uk direct,standard_rate,AMAZON EU
dd quickbooks 8426 manchester uk,standard_rate,QUICKBOOKS
CARD XERO SOFTWARE 8438  PLC,standard_rate,XERO SOFTWARE
Sq *Deliveroo Birmingham Ltd,standard_rate,DELIVEROO
DD POST OFFICE 3739 MANCHESTER ONLINE,exempt,POST OFFICE
CARD OCTOPUS ENERGY 6134 LONDON REF-2742,reduced_rate,OCTOPUS ENERGY
DD STATIONERY STATION 9647 LONDON ONLINE,standard_rate,STATIONERY STATION
CARD WESTMINSTER COUNCIL 7484 GLASGOW,outside_scope,WESTMINSTER COUNCIL
IZ *NATIONAL EXPRESS GLASGOW REF-5032,zero_rated,NATIONAL EXPRESS
SQ *AMAZON KINDLE 5930  PLC REF-2595,zero_rated,AMAZON KINDLE
POS SAINSBURYS  ONLINE,zero_rated,SAINSBURYS
PAYMENT TO BRITISH GAS LONDON DIRECT REF-9216,reduced_rate,BRITISH GAS
CARD QUICKBOOKS 372 BRISTOL LTD REF-7700,standard_rate,QUICKBOOKS
Sq *Octopus Energy Glasgow Plc,reduced_rate,OCTOPUS ENERGY
PAYMENT TO TRAINLINE 5765 LEEDS LTD,zero_rated,TRAINLINE
CARD EON NEXT LONDON DIRECT,reduced_rate,EON NEXT
PAYMENT TO TESCO EXPRESS 1120 UK STORE REF-9498,zero_rated,TESCO EXPRESS
POS DELIVEROO BIRMINGHAM LTD,standard_rate,DELIVEROO
POS OCTOPUS ENERGY 9157 MANCHESTER ONLINE,reduced_rate,OCTOPUS ENERGY
PAYMENT TO PAYROLL TRANSFER 750 LONDON STORE,outside_scope,PAYROLL TRANSFER
Pos Amazon Uk 2377  Direct Ref-9570,standard_rate,AMAZON UK
IZ *QUICKBOOKS 8467 ONLINE UK REF-7690,standard_rate,QUICKBOOKS
SQ *OCTOPUS ENERGY 4519 MANCHESTER LTD REF-3040,reduced_rate,OCTOPUS ENERGY
payment to microsoft 365 1583 manchester online ref-1929,standard_rate,MICROSOFT 365
PAYMENT TO EDF ENERGY 9100  DIRECT,reduced_rate,EDF ENERGY
pos edf energy 434 manchester uk ref-1997,reduced_rate,EDF ENERGY
BRITISH GAS 6225  ONLINE,reduced_rate,BRITISH GAS
IZ *HMRC PAYMENTS 3999  PLC,outside_scope,HMRC PAYMENTS
Card Payroll Transfer 2122 London Direct Ref-6598,outside_scope,PAYROLL TRANSFER
Iz *Westminster Council Glasgow Ref-3089,outside_scope,WESTMINSTER COUNCIL
PAYROLL TRANSFER BIRMINGHAM ONLINE,outside_scope,PAYROLL TRANSFER
Iz *Microsoft 365 3397  Online,standard_rate,MICROSOFT 365
IZ *HMRC SHIPLEY  DIRECT,outside_scope,HMRC SHIPLEY
POS TESCO EXPRESS 9393 GLASGOW PLC,zero_rated,TESCO EXPRESS
iz *aldi stores,zero_rated,ALDI STORES
PAYMENT TO AA BREAKDOWN 560  STORE REF-4000,exempt,AA BREAKDOWN
PAYMENT TO AMAZON EU UK,standard_rate,AMAZON EU
SQ *ROYAL MAIL 9853 LONDON DIRECT,exempt,ROYAL MAIL
PAYMENT TO LIDL GB ONLINE STORE REF-8454,zero_rated,LIDL GB
PAYMENT TO MICROSOFT 365 9080 GLASGOW STORE REF-2240,standard_rate,MICROSOFT 365
Sq *Intra Account Transfer 6263 Manchester Online Ref-4482,outside_scope,INTRA ACCOUNT TRANSFER
dd tfl travel  online,zero_rated,TFL TRAVEL
sq *post office 7695 manchester direct,exempt,POST OFFICE
Dd Tesco Stores 2336  Direct Ref-5526,zero_rated,TESCO STORES
CARD ALDI STORES  PLC REF-3233,zero_rated,ALDI STORES
PAYMENT TO TESCO STORES 2715  STORE REF-6574,zero_rated,TESCO STORES
DD GOOGLE WORKSPACE GLASGOW PLC,standard_rate,GOOGLE WORKSPACE
DD ASDA SUPERMARKET ONLINE STORE REF-6431,zero_rated,ASDA SUPERMARKET
SQ *TESCO STORES 6301 UK UK,zero_rated,TESCO STORES
Amazon Uk 8277  Direct,standard_rate,AMAZON UK
dd tfl travel  store,zero_rated,TFL TRAVEL
DD MICROSOFT 365 MANCHESTER ONLINE REF-1898,standard_rate,MICROSOFT 365
POS AMAZON EU 6863  UK REF-5225,standard_rate,AMAZON EU
IZ *TFL TRAVEL 2221  STORE REF-7313,zero_rated,TFL TRAVEL
Payment To Tesco Express 2453 Leeds Direct,zero_rated,TESCO EXPRESS
SQ *WESTMINSTER COUNCIL 6408 MANCHESTER ONLINE,outside_scope,WESTMINSTER COUNCIL
POS AMAZON EU 3205 GLASGOW DIRECT REF-9875,standard_rate,AMAZON EU
Card Post Office  Uk Ref-4695,exempt,POST OFFICE
Quickbooks Leeds Plc,standard_rate,QUICKBOOKS
CARD NATIONAL EXPRESS BRISTOL LTD REF-6280,zero_rated,NATIONAL EXPRESS
Card Xero Software 3942 Online Ltd,standard_rate,XERO SOFTWARE
CARD SAGE SUBSCRIPTION ONLINE UK,standard_rate,SAGE SUBSCRIPTION
CARD TFL TRAVEL 9123,zero_rated,TFL TRAVEL
PAYMENT TO BRITISH GAS 2021 GLASGOW DIRECT,reduced_rate,BRITISH GAS
deliveroo 1721 london plc,standard_rate,DELIVEROO
iz *national express 3738  direct,zero_rated,NATIONAL EXPRESS
pos royal mail 5875 leeds,exempt,ROYAL MAIL
WESTMINSTER COUNCIL 8420 LONDON STORE,outside_scope,WESTMINSTER COUNCIL
CARD AMAZON KINDLE LEEDS UK REF-9906,zero_rated,AMAZON KINDLE
SQ *SAGE SUBSCRIPTION 8274 MANCHESTER ONLINE,standard_rate,SAGE SUBSCRIPTION
SQ *LINKEDIN PREMIUM 916  DIRECT,standard_rate,LINKEDIN PREMIUM
payment to uber eats 7427 manchester online,standard_rate,UBER EATS
IZ *NATIONAL EXPRESS MANCHESTER ONLINE REF-3885,zero_rated,NATIONAL EXPRESS
DD OCTOPUS ENERGY 1843  STORE,reduced_rate,OCTOPUS ENERGY
Iz *Xero Software 7424  Ltd Ref-2539,standard_rate,XERO SOFTWARE
PAYMENT TO EON NEXT 6900  LTD REF-9793,reduced_rate,EON NEXT
ROYAL MAIL 8731 BRISTOL DIRECT,exempt,ROYAL MAIL
CARD UBER EATS LEEDS STORE REF-8220,standard_rate,UBER EATS
POS LNER TICKETS GLASGOW LTD,zero_rated,LNER TICKETS
SQ *ADOBE CREATIVE 8685 ONLINE STORE,standard_rate,ADOBE CREATIVE
IZ *PAYROLL TRANSFER 8794 UK REF-3862,outside_scope,PAYROLL TRANSFER
IZ *WATERSTONES  LTD REF-1579,zero_rated,WATERSTONES
DD MICROSOFT 365 6287 MANCHESTER DIRECT,standard_rate,MICROSOFT 365
DD TRAINLINE 1790 LONDON DIRECT,zero_rated,TRAINLINE
Payment To Amazon Eu 721  Uk,standard_rate,AMAZON EU
Sq *Aviva Insurance 8393  Plc Ref-4690,exempt,AVIVA INSURANCE
tesco express 1177  store,zero_rated,TESCO EXPRESS
PAYMENT TO TESCO STORES 7351 GLASGOW PLC REF-9270,zero_rated,TESCO STORES
POS BRITISH GAS  REF-3400,reduced_rate,BRITISH GAS
SQ *HSBC BANK FEES 4690 LEEDS DIRECT,exempt,HSBC BANK FEES
PAYMENT TO XERO SOFTWARE 3373 MANCHESTER PLC,standard_rate,XERO SOFTWARE
Iz *Hmrc Shipley 984 Online Direct,outside_scope,HMRC SHIPLEY
IZ *TESCO STORES 8842 GLASGOW DIRECT,zero_rated,TESCO STORES
IZ *AMAZON KINDLE 4955 BRISTOL ONLINE REF-2951,zero_rated,AMAZON KINDLE
DD OCTOPUS ENERGY 8365 LEEDS REF-9113,reduced_rate,OCTOPUS ENERGY
PAYMENT TO AVIVA INSURANCE ONLINE PLC,exempt,AVIVA INSURANCE
PAYMENT TO AA BREAKDOWN 1400  UK,exempt,AA BREAKDOWN
Payment To Octopus Energy 1032  Online,reduced_rate,OCTOPUS ENERGY
dd hmrc shipley online,outside_scope,HMRC SHIPLEY
PAYMENT TO BARCLAYS BANK 5145 LONDON ONLINE REF-3811,exempt,BARCLAYS BANK
westminster council 6218  online,outside_scope,WESTMINSTER COUNCIL
SAGE SUBSCRIPTION 7535 LEEDS STORE REF-8758,standard_rate,SAGE SUBSCRIPTION
SQ *AA BREAKDOWN 6826 UK ONLINE,exempt,AA BREAKDOWN
iz *royal mail uk,exempt,ROYAL MAIL
IZ *AMAZON UK BIRMINGHAM STORE REF-6548,standard_rate,AMAZON UK
CARD BRITISH GAS 3869 ONLINE STORE,reduced_rate,BRITISH GAS
POS BOOTS UK 9435,standard_rate,BOOTS UK
PAYMENT TO BOOTS UK 4781 ONLINE PLC REF-9624,standard_rate,BOOTS UK
INTRA ACCOUNT TRANSFER 297  PLC,outside_scope,INTRA ACCOUNT TRANSFER
HMRC SHIPLEY 7799 LEEDS UK REF-1278,outside_scope,HMRC SHIPLEY
POS SAINSBURYS 4885  STORE,zero_rated,SAINSBURYS
HSBC BANK FEES 7274 LONDON STORE REF-8378,exempt,HSBC BANK FEES
CARD TRAINLINE 6060 MANCHESTER UK,zero_rated,TRAINLINE
POS GOOGLE WORKSPACE LEEDS PLC REF-5451,standard_rate,GOOGLE WORKSPACE
CARD HMRC SHIPLEY 2080 BIRMINGHAM DIRECT,outside_scope,HMRC SHIPLEY
Sq *Asda Supermarket 6053 Uk Plc Ref-4652,zero_rated,ASDA SUPERMARKET
SQ *DIRECTOR DRAWINGS  DIRECT,outside_scope,DIRECTOR DRAWINGS
POS TESCO STORES LEEDS DIRECT REF-1027,zero_rated,TESCO STORES
IZ *ALDI STORES MANCHESTER UK,zero_rated,ALDI STORES
PAYMENT TO SAINSBURYS 3220,zero_rated,SAINSBURYS
Card Royal Mail London,exempt,ROYAL MAIL
AMAZON KINDLE 4842 LONDON UK,zero_rated,AMAZON KINDLE
PAYMENT TO PAYROLL TRANSFER  PLC,outside_scope,PAYROLL TRANSFER
DD OCTOPUS ENERGY 7721  DIRECT,reduced_rate,OCTOPUS ENERGY
IZ *BOOTS UK 6222 LONDON,standard_rate,BOOTS UK
CARD HMRC PAYMENTS 480 ONLINE LTD,outside_scope,HMRC PAYMENTS
card quickbooks 8814  store ref-4394,standard_rate,QUICKBOOKS
DD GOOGLE WORKSPACE 4933 GLASGOW UK REF-6971,standard_rate,GOOGLE WORKSPACE
Sq *Post Office 8898  Online,exempt,POST OFFICE
PAYMENT TO MICROSOFT 365 9069 BRISTOL STORE REF-5274,standard_rate,MICROSOFT 365
CARD BOOTS UK 6510  ONLINE,standard_rate,BOOTS UK
IZ *NATIONAL EXPRESS 2229  ONLINE,zero_rated,NATIONAL EXPRESS
national express 7868 uk ltd ref-1781,zero_rated,NATIONAL EXPRESS
sq *boots uk 6476 online online ref-1594,standard_rate,BOOTS UK
POS NATIONAL EXPRESS 5713  PLC REF-5396,zero_rated,NATIONAL EXPRESS
IZ *EON NEXT UK ONLINE REF-6296,reduced_rate,EON NEXT
DD BOOTS UK 1638 MANCHESTER ONLINE REF-3680,standard_rate,BOOTS UK
CARD OCTOPUS ENERGY 8202  REF-7681,reduced_rate,OCTOPUS ENERGY
SQ *WESTMINSTER COUNCIL 4855 UK REF-1494,outside_scope,WESTMINSTER COUNCIL
SQ *BARCLAYS BANK  STORE,exempt,BARCLAYS BANK
Pos National Express London Uk Ref-1620,zero_rated,NATIONAL EXPRESS
POS ASDA SUPERMARKET GLASGOW,zero_rated,ASDA SUPERMARKET
IZ *ADOBE CREATIVE  DIRECT,standard_rate,ADOBE CREATIVE
payment to deliveroo 1752  store ref-8476,standard_rate,DELIVEROO
IZ *PAYROLL TRANSFER 1876 GLASGOW,outside_scope,PAYROLL TRANSFER
SQ *AA BREAKDOWN 7805 GLASGOW ONLINE REF-1536,exempt,AA BREAKDOWN
CARD BARCLAYS BANK 4220  STORE REF-5047,exempt,BARCLAYS BANK
Sq *Google Workspace 1818 Online,standard_rate,GOOGLE WORKSPACE
Payment To Octopus Energy 5976 Birmingham Ltd Ref-8385,reduced_rate,OCTOPUS ENERGY
POS ALDI STORES BIRMINGHAM LTD,zero_rated,ALDI STORES
IZ *GOOGLE WORKSPACE 6236  PLC REF-1382,standard_rate,GOOGLE WORKSPACE
Payment To Aldi Stores 7774 Glasgow Plc,zero_rated,ALDI STORES
SQ *WESTMINSTER COUNCIL BRISTOL LTD,outside_scope,WESTMINSTER COUNCIL
POS EDF ENERGY  UK,reduced_rate,EDF ENERGY
PAYMENT TO HSBC BANK FEES  STORE REF-8293,exempt,HSBC BANK FEES
CARD TESCO EXPRESS 4933 BRISTOL PLC,zero_rated,TESCO EXPRESS
DD EON NEXT 2674 BIRMINGHAM PLC,reduced_rate,EON NEXT
POST OFFICE ONLINE STORE,exempt,POST OFFICE
DD HMRC PAYMENTS GLASGOW DIRECT,outside_scope,HMRC PAYMENTS
LIDL GB BIRMINGHAM DIRECT,zero_rated,LIDL GB
CARD DELIVEROO 7715 ONLINE DIRECT,standard_rate,DELIVEROO
Iz *Lidl Gb 855 Manchester,zero_rated,LIDL GB
IZ *EDF ENERGY MANCHESTER LTD REF-4730,reduced_rate,EDF ENERGY
Adobe Creative 9605 Manchester Ltd Ref-3051,standard_rate,ADOBE CREATIVE
card linkedin premium 6070 birmingham direct ref-3796,standard_rate,LINKEDIN PREMIUM
GOOGLE WORKSPACE 7233 GLASGOW PLC REF-8585,standard_rate,GOOGLE WORKSPACE
CARD LINKEDIN PREMIUM 6239  REF-9634,standard_rate,LINKEDIN PREMIUM
CARD MICROSOFT 365 761  UK REF-3220,standard_rate,MICROSOFT 365
Tfl Travel 8177 London Store Ref-2607,zero_rated,TFL TRAVEL
CARD GOOGLE WORKSPACE 9476 LONDON ONLINE REF-6961,standard_rate,GOOGLE WORKSPACE
POS BARCLAYS BANK 7168 UK UK,exempt,BARCLAYS BANK
xero software 4225 leeds online,standard_rate,XERO SOFTWARE
PAYMENT TO ROYAL MAIL 1995 BIRMINGHAM PLC,exempt,ROYAL MAIL
xero software london ref-5795,standard_rate,XERO SOFTWARE
Payment To Tesco Stores Birmingham Ltd,zero_rated,TESCO STORES
SQ *DIRECTOR DRAWINGS GLASGOW ONLINE,outside_scope,DIRECTOR DRAWINGS
SQ *TRAINLINE 5656  LTD,zero_rated,TRAINLINE
Pos Trainline Manchester Plc,zero_rated,TRAINLINE
IZ *HSBC BANK FEES  UK REF-3245,exempt,HSBC BANK FEES
PAYMENT TO DIRECTOR DRAWINGS 6088 LEEDS ONLINE REF-5350,outside_scope,DIRECTOR DRAWINGS
SQ *HMRC SHIPLEY 500 GLASGOW STORE REF-1547,outside_scope,HMRC SHIPLEY
POS BOOTS UK BRISTOL LTD REF-3235,standard_rate,BOOTS UK
Pos Westminster Council Uk Direct,outside_scope,WESTMINSTER COUNCIL
iz *microsoft 365 570,standard_rate,MICROSOFT 365
SQ *MICROSOFT 365 462  STORE REF-6598,standard_rate,MICROSOFT 365
IZ *AMAZON KINDLE 5626 BRISTOL PLC,zero_rated,AMAZON KINDLE
SQ *OCTOPUS ENERGY BIRMINGHAM DIRECT,reduced_rate,OCTOPUS ENERGY
CARD HMRC SHIPLEY 9199  STORE,outside_scope,HMRC SHIPLEY
LNER TICKETS 2093 UK ONLINE,zero_rated,LNER TICKETS
POS WATERSTONES 3583  UK REF-8802,zero_rated,WATERSTONES
POS AMAZON KINDLE 2691 UK ONLINE,zero_rated,AMAZON KINDLE
STATIONERY STATION BRISTOL DIRECT,standard_rate,STATIONERY STATION
dd trainline 9139 uk ltd,zero_rated,TRAINLINE
POS HMRC SHIPLEY 7159 GLASGOW UK,outside_scope,HMRC SHIPLEY
TRAINLINE 9137 UK LTD REF-6582,zero_rated,TRAINLINE
PAYMENT TO PAYROLL TRANSFER 7132 GLASGOW LTD,outside_scope,PAYROLL TRANSFER
Sq *Adobe Creative 3573 Bristol Direct Ref-4001,standard_rate,ADOBE CREATIVE
Pos Amazon Kindle 3060  Plc,zero_rated,AMAZON KINDLE
Dd Hsbc Bank Fees 7540 Online Uk Ref-4974,exempt,HSBC BANK FEES
CARD SAGE SUBSCRIPTION 8187 MANCHESTER LTD REF-1617,standard_rate,SAGE SUBSCRIPTION
SQ *ROYAL MAIL 5002 MANCHESTER DIRECT,exempt,ROYAL MAIL
POS PAYROLL TRANSFER 4452  DIRECT REF-9600,outside_scope,PAYROLL TRANSFER
PAYMENT TO EDF ENERGY 4330  LTD REF-7927,reduced_rate,EDF ENERGY
CARD DIRECTOR DRAWINGS 6141 ONLINE STORE,outside_scope,DIRECTOR DRAWINGS
Card Barclays Bank 3650 Birmingham Direct Ref-6224,exempt,BARCLAYS BANK
PAYMENT TO SAINSBURYS LEEDS UK,zero_rated,SAINSBURYS
DD TESCO EXPRESS 8588 LONDON DIRECT,zero_rated,TESCO EXPRESS
Iz *Amazon Eu 5883 Uk Ltd Ref-7166,standard_rate,AMAZON EU
PAYMENT TO OCTOPUS ENERGY UK,reduced_rate,OCTOPUS ENERGY
iz *hmrc payments 2759 leeds ltd,outside_scope,HMRC PAYMENTS
POS ADOBE CREATIVE 868  REF-4709,standard_rate,ADOBE CREATIVE
CARD LIDL GB 595 GLASGOW,zero_rated,LIDL GB
SQ *TRAINLINE 101  STORE,zero_rated,TRAINLINE
SQ *HMRC SHIPLEY MANCHESTER,outside_scope,HMRC SHIPLEY
sq *aldi stores  uk ref-1214,zero_rated,ALDI STORES
DD TESCO EXPRESS 6663 ONLINE UK,zero_rated,TESCO EXPRESS
IZ *BRITISH GAS 8727 LONDON PLC,reduced_rate,BRITISH GAS
PAYMENT TO SAGE SUBSCRIPTION 441,standard_rate,SAGE SUBSCRIPTION
OCTOPUS ENERGY 762  ONLINE,reduced_rate,OCTOPUS ENERGY
pos edf energy 2741  store ref-5076,reduced_rate,EDF ENERGY
Iz *Aviva Insurance 646  Plc,exempt,AVIVA INSURANCE
sq *deliveroo 6715 online online,standard_rate,DELIVEROO
SQ *HMRC SHIPLEY 1983 UK LTD,outside_scope,HMRC SHIPLEY
DD ALDI STORES 4472  PLC REF-4783,zero_rated,ALDI STORES
SQ *AA BREAKDOWN 1818  PLC,exempt,AA BREAKDOWN
Uber Eats 2180 Leeds Ltd,standard_rate,UBER EATS
IZ *OCTOPUS ENERGY 792 BIRMINGHAM LTD,reduced_rate,OCTOPUS ENERGY
Westminster Council Glasgow Uk Ref-6525,outside_scope,WESTMINSTER COUNCIL
CARD GOOGLE WORKSPACE 6516  STORE,standard_rate,GOOGLE WORKSPACE
DD DIRECTOR DRAWINGS 7056  STORE REF-8710,outside_scope,DIRECTOR DRAWINGS
IZ *ROYAL MAIL ONLINE STORE REF-3525,exempt,ROYAL MAIL
Iz *Aviva Insurance 9113  Store Ref-9908,exempt,AVIVA INSURANCE
WATERSTONES 7682  DIRECT REF-9487,zero_rated,WATERSTONES
POS EON NEXT 7647  STORE,reduced_rate,EON NEXT
IZ *ROYAL MAIL 2568  ONLINE REF-7174,exempt,ROYAL MAIL
POS OCTOPUS ENERGY 2345 LONDON STORE,reduced_rate,OCTOPUS ENERGY
Pos Hmrc Shipley 6429 Manchester,outside_scope,HMRC SHIPLEY
SQ *HMRC SHIPLEY 4389 GLASGOW LTD REF-8429,outside_scope,HMRC SHIPLEY
DD SAINSBURYS 6970 LONDON PLC,zero_rated,SAINSBURYS
Pos Sainsburys 2346  Ltd,zero_rated,SAINSBURYS
PAYMENT TO AA BREAKDOWN ONLINE PLC,exempt,AA BREAKDOWN
IZ *TRAINLINE 1855  DIRECT,zero_rated,TRAINLINE
PAYMENT TO BRITISH GAS 3165  UK REF-6018,reduced_rate,BRITISH GAS
PAYMENT TO AVIVA INSURANCE 9602 MANCHESTER DIRECT,exempt,AVIVA INSURANCE
Sq *Payroll Transfer 3240 Leeds Plc Ref-3726,outside_scope,PAYROLL TRANSFER
SQ *ADOBE CREATIVE  DIRECT,standard_rate,ADOBE CREATIVE
westminster council bristol ltd,outside_scope,WESTMINSTER COUNCIL
SQ *GOOGLE WORKSPACE UK LTD,standard_rate,GOOGLE WORKSPACE
SQ *DIRECTOR DRAWINGS 8312 BIRMINGHAM STORE,outside_scope,DIRECTOR DRAWINGS
CARD WESTMINSTER COUNCIL 9768 BIRMINGHAM PLC,outside_scope,WESTMINSTER COUNCIL
CARD TESCO EXPRESS 2439 BIRMINGHAM STORE REF-8179,zero_rated,TESCO EXPRESS
POS TRAINLINE 5369 BRISTOL PLC,zero_rated,TRAINLINE
CARD BARCLAYS BANK 5309  DIRECT,exempt,BARCLAYS BANK
Hmrc Payments 5684  Plc Ref-9272,outside_scope,HMRC PAYMENTS
EDF ENERGY BIRMINGHAM REF-2957,reduced_rate,EDF ENERGY
AVIVA INSURANCE 2926  UK,exempt,AVIVA INSURANCE
POS BOOTS UK 7767 LEEDS REF-7435,standard_rate,BOOTS UK
IZ *INTRA ACCOUNT TRANSFER  UK,outside_scope,INTRA ACCOUNT TRANSFER
lidl gb,zero_rated,LIDL GB
CARD POST OFFICE BIRMINGHAM,exempt,POST OFFICE
PAYMENT TO TESCO STORES 9225  DIRECT,zero_rated,TESCO STORES
DD EDF ENERGY 6449  REF-7484,reduced_rate,EDF ENERGY
SQ *EDF ENERGY 3392 ONLINE STORE,reduced_rate,EDF ENERGY
DD DIRECTOR DRAWINGS 8866 MANCHESTER PLC,outside_scope,DIRECTOR DRAWINGS
SQ *TESCO EXPRESS 5011 UK,zero_rated,TESCO EXPRESS
PAYMENT TO HMRC PAYMENTS 3207 ONLINE PLC,outside_scope,HMRC PAYMENTS
AA BREAKDOWN 3359 ONLINE STORE,exempt,AA BREAKDOWN
IZ *BRITISH GAS ONLINE STORE,reduced_rate,BRITISH GAS
PAYMENT TO POST OFFICE ONLINE UK,exempt,POST OFFICE
POS AMAZON UK 8164  REF-4308,standard_rate,AMAZON UK
Iz *Aa Breakdown 9507 Manchester Direct,exempt,AA BREAKDOWN
PAYMENT TO LNER TICKETS 965 GLASGOW PLC,zero_rated,LNER TICKETS
POS INTRA ACCOUNT TRANSFER UK ONLINE REF-4947,outside_scope,INTRA ACCOUNT TRANSFER
IZ *WESTMINSTER COUNCIL UK DIRECT,outside_scope,WESTMINSTER COUNCIL
PAYMENT TO LINKEDIN PREMIUM LONDON ONLINE REF-9625,standard_rate,LINKEDIN PREMIUM
payment to director drawings 4679 london uk,outside_scope,DIRECTOR DRAWINGS
POS GOOGLE WORKSPACE 6728 BRISTOL ONLINE,standard_rate,GOOGLE WORKSPACE
PAYMENT TO INTRA ACCOUNT TRANSFER 8892 LEEDS ONLINE,outside_scope,INTRA ACCOUNT TRANSFER
iz *royal mail  ltd,exempt,ROYAL MAIL
Payment To Asda Supermarket  Plc,zero_rated,ASDA SUPERMARKET
PAYMENT TO ROYAL MAIL 7245 BIRMINGHAM STORE REF-4721,exempt,ROYAL MAIL
PAYMENT TO AA BREAKDOWN 1384  PLC REF-7969,exempt,AA BREAKDOWN
SQ *AVIVA INSURANCE 4495 BRISTOL STORE,exempt,AVIVA INSURANCE
AMAZON EU 2969 ONLINE ONLINE,standard_rate,AMAZON EU
boots uk 1097 glasgow plc,standard_rate,BOOTS UK
DD HMRC PAYMENTS 8422  UK REF-3222,outside_scope,HMRC PAYMENTS
ALDI STORES 7462  STORE,zero_rated,ALDI STORES
BARCLAYS BANK,exempt,BARCLAYS BANK
PAYMENT TO SAINSBURYS 8746  LTD REF-6134,zero_rated,SAINSBURYS
sq *intra account transfer 227  plc,outside_scope,INTRA ACCOUNT TRANSFER
IZ *ROYAL MAIL LEEDS UK,exempt,ROYAL MAIL
CARD ROYAL MAIL 3062 BIRMINGHAM DIRECT,exempt,ROYAL MAIL
IZ *WATERSTONES 6869 GLASGOW PLC,zero_rated,WATERSTONES
BOOTS UK 2634 GLASGOW UK,standard_rate,BOOTS UK
PAYMENT TO ASDA SUPERMARKET 1562 BRISTOL,zero_rated,ASDA SUPERMARKET
ROYAL MAIL 757  LTD REF-6623,exempt,ROYAL MAIL
IZ *SAGE SUBSCRIPTION 5517  STORE REF-1866,standard_rate,SAGE SUBSCRIPTION
Quickbooks 6666 Leeds Plc,standard_rate,QUICKBOOKS
DD WATERSTONES 583 MANCHESTER PLC,zero_rated,WATERSTONES
PAYMENT TO XERO SOFTWARE GLASGOW PLC REF-6658,standard_rate,XERO SOFTWARE
POS AA BREAKDOWN 3129  STORE,exempt,AA BREAKDOWN
DD WESTMINSTER COUNCIL 5737  ONLINE,outside_scope,WESTMINSTER COUNCIL
iz *sage subscription  online ref-3646,standard_rate,SAGE SUBSCRIPTION
PAYMENT TO AMAZON KINDLE 8629  STORE REF-4748,zero_rated,AMAZON KINDLE
XERO SOFTWARE 1458  STORE,standard_rate,XERO SOFTWARE
DD AMAZON KINDLE MANCHESTER DIRECT REF-6022,zero_rated,AMAZON KINDLE
Card Westminster Council Uk Store Ref-8130,outside_scope,WESTMINSTER COUNCIL
CARD DELIVEROO LONDON LTD REF-5256,standard_rate,DELIVEROO
SQ *MICROSOFT 365 5233 MANCHESTER PLC,standard_rate,MICROSOFT 365
sq *hsbc bank fees 5201  store,exempt,HSBC BANK FEES
CARD POST OFFICE 1447  UK REF-4055,exempt,POST OFFICE
CARD GOOGLE WORKSPACE 9687 GLASGOW DIRECT,standard_rate,GOOGLE WORKSPACE
PAYMENT TO WESTMINSTER COUNCIL 3046  ONLINE REF-4532,outside_scope,WESTMINSTER COUNCIL
IZ *DIRECTOR DRAWINGS 1837  ONLINE,outside_scope,DIRECTOR DRAWINGS
POS EDF ENERGY  ONLINE REF-2089,reduced_rate,EDF ENERGY
IZ *UBER EATS 7985 UK UK REF-2818,standard_rate,UBER EATS
Pos Deliveroo 994  Direct,standard_rate,DELIVEROO
PAYMENT TO TRAINLINE 9054 BRISTOL LTD REF-1267,zero_rated,TRAINLINE
payment to tesco stores 5981 leeds,zero_rated,TESCO STORES
CARD BOOTS UK 2969 BRISTOL PLC,standard_rate,BOOTS UK
INTRA ACCOUNT TRANSFER GLASGOW PLC REF-6308,outside_scope,INTRA ACCOUNT TRANSFER
IZ *AMAZON UK 8137 MANCHESTER DIRECT REF-9837,standard_rate,AMAZON UK
PAYMENT TO LIDL GB 1849  ONLINE REF-6886,zero_rated,LIDL GB
iz *aviva insurance 5600 online direct ref-9334,exempt,AVIVA INSURANCE
Sq *British Gas 2086 Online Online Ref-9646,reduced_rate,BRITISH GAS
DD AMAZON KINDLE GLASGOW ONLINE,zero_rated,AMAZON KINDLE
IZ *ASDA SUPERMARKET 8624  LTD,zero_rated,ASDA SUPERMARKET
CARD MICROSOFT 365 7009 BRISTOL UK,standard_rate,MICROSOFT 365
IZ *OCTOPUS ENERGY 2353 LEEDS UK,reduced_rate,OCTOPUS ENERGY
DD BARCLAYS BANK 5147 LONDON STORE,exempt,BARCLAYS BANK
pos octopus energy 4404 manchester uk,reduced_rate,OCTOPUS ENERGY
Pos Waterstones 6522 Manchester Online Ref-5263,zero_rated,WATERSTONES
SQ *LIDL GB 2319  LTD,zero_rated,LIDL GB
POS DIRECTOR DRAWINGS 3075  UK,outside_scope,DIRECTOR DRAWINGS
CARD ASDA SUPERMARKET 4441,zero_rated,ASDA SUPERMARKET
AVIVA INSURANCE MANCHESTER PLC,exempt,AVIVA INSURANCE
Dd Quickbooks Uk,standard_rate,QUICKBOOKS
AVIVA INSURANCE  PLC REF-2929,exempt,AVIVA INSURANCE
IZ *DIRECTOR DRAWINGS 5516  DIRECT,outside_scope,DIRECTOR DRAWINGS
payment to payroll transfer 5046 birmingham uk ref-6477,outside_scope,PAYROLL TRANSFER
DD MICROSOFT 365 2331 UK,standard_rate,MICROSOFT 365
payment to xero software 9713 glasgow ltd,standard_rate,XERO SOFTWARE
DD GOOGLE WORKSPACE 9155  ONLINE REF-6314,standard_rate,GOOGLE WORKSPACE
IZ *QUICKBOOKS 5505 BRISTOL DIRECT REF-9844,standard_rate,QUICKBOOKS
PAYMENT TO ALDI STORES 2689,zero_rated,ALDI STORES
Card Google Workspace London Online,standard_rate,GOOGLE WORKSPACE
DD TRAINLINE 1474 LONDON LTD REF-9272,zero_rated,TRAINLINE
CARD WESTMINSTER COUNCIL 8285 LEEDS PLC REF-5173,outside_scope,WESTMINSTER COUNCIL
CARD POST OFFICE 1883  LTD REF-5969,exempt,POST OFFICE
CARD EDF ENERGY LEEDS LTD,reduced_rate,EDF ENERGY
CARD XERO SOFTWARE 9339  STORE REF-7130,standard_rate,XERO SOFTWARE
CARD BARCLAYS BANK 4795 BRISTOL,exempt,BARCLAYS BANK
POS EDF ENERGY  PLC,reduced_rate,EDF ENERGY
POS AMAZON EU 3015  ONLINE,standard_rate,AMAZON EU
PAYMENT TO AMAZON KINDLE 3693 ONLINE LTD REF-4853,zero_rated,AMAZON KINDLE
dd microsoft 365 3439 manchester ltd,standard_rate,MICROSOFT 365
Card Asda Supermarket 746 Manchester Uk Ref-6901,zero_rated,ASDA SUPERMARKET
PAYMENT TO EON NEXT 6380  ONLINE,reduced_rate,EON NEXT
iz *asda supermarket 5985  plc ref-3701,zero_rated,ASDA SUPERMARKET
IZ *AVIVA INSURANCE  LTD REF-5427,exempt,AVIVA INSURANCE
DD EDF ENERGY BIRMINGHAM LTD REF-2104,reduced_rate,EDF ENERGY
SQ *WATERSTONES 6294  REF-1847,zero_rated,WATERSTONES
DD QUICKBOOKS 3309 LONDON,standard_rate,QUICKBOOKS
DD NATIONAL EXPRESS GLASGOW LTD REF-4282,zero_rated,NATIONAL EXPRESS
CARD HSBC BANK FEES 2275 ONLINE STORE,exempt,HSBC BANK FEES
IZ *BRITISH GAS 8772 BIRMINGHAM PLC REF-7919,reduced_rate,BRITISH GAS
POS AMAZON KINDLE GLASGOW STORE REF-4586,zero_rated,AMAZON KINDLE
card tfl travel 3221 bristol ltd ref-3581,zero_rated,TFL TRAVEL
payment to post office manchester uk,exempt,POST OFFICE
Payment To Aa Breakdown 4759  Plc,exempt,AA BREAKDOWN
AMAZON EU  PLC REF-6047,standard_rate,AMAZON EU
PAYMENT TO WESTMINSTER COUNCIL  STORE,outside_scope,WESTMINSTER COUNCIL
sq *british gas london ltd ref-8354,reduced_rate,BRITISH GAS
Dd Sage Subscription 9140 Manchester Ltd,standard_rate,SAGE SUBSCRIPTION
PAYMENT TO SAGE SUBSCRIPTION LEEDS STORE REF-1132,standard_rate,SAGE SUBSCRIPTION
PAYMENT TO LNER TICKETS  ONLINE,zero_rated,LNER TICKETS
DD AMAZON UK  PLC,standard_rate,AMAZON UK
CARD DIRECTOR DRAWINGS 8457  ONLINE REF-3720,outside_scope,DIRECTOR DRAWINGS
Dd Microsoft 365  Plc,standard_rate,MICROSOFT 365
ALDI STORES 7411  ONLINE,zero_rated,ALDI STORES
PAYMENT TO STATIONERY STATION 656 BRISTOL LTD REF-9931,standard_rate,STATIONERY STATION
IZ *AMAZON EU 8666  STORE REF-2684,standard_rate,AMAZON EU
dd aviva insurance 4659  store ref-8170,exempt,AVIVA INSURANCE
HSBC BANK FEES  ONLINE,exempt,HSBC BANK FEES
POST OFFICE 5463 ONLINE PLC,exempt,POST OFFICE
IZ *WESTMINSTER COUNCIL 6530  UK,outside_scope,WESTMINSTER COUNCIL
BOOTS UK 1929 LEEDS UK,standard_rate,BOOTS UK
IZ *TRAINLINE GLASGOW,zero_rated,TRAINLINE
DD AMAZON EU BIRMINGHAM UK REF-3973,standard_rate,AMAZON EU
Pos Tfl Travel  Ltd Ref-6850,zero_rated,TFL TRAVEL
PAYMENT TO AMAZON EU 317 LEEDS DIRECT,standard_rate,AMAZON EU
CARD HSBC BANK FEES  PLC,exempt,HSBC BANK FEES
PAYMENT TO QUICKBOOKS 2005  LTD REF-9208,standard_rate,QUICKBOOKS
DD POST OFFICE 4043 UK UK,exempt,POST OFFICE
POS HMRC PAYMENTS 2560 LONDON UK,outside_scope,HMRC PAYMENTS
SQ *BARCLAYS BANK 3210  DIRECT,exempt,BARCLAYS BANK
PAYMENT TO INTRA ACCOUNT TRANSFER 5909 LEEDS DIRECT,outside_scope,INTRA ACCOUNT TRANSFER
card tesco stores uk ltd ref-6374,zero_rated,TESCO STORES
stationery station  uk,standard_rate,STATIONERY STATION
PAYMENT TO XERO SOFTWARE 2627,standard_rate,XERO SOFTWARE
SQ *DIRECTOR DRAWINGS 5703  UK REF-3288,outside_scope,DIRECTOR DRAWINGS
DD ROYAL MAIL 9887  LTD,exempt,ROYAL MAIL
DD ALDI STORES  ONLINE REF-3196,zero_rated,ALDI STORES
CARD EDF ENERGY 551 BRISTOL LTD REF-9041,reduced_rate,EDF ENERGY
iz *lner tickets birmingham ref-7599,zero_rated,LNER TICKETS
IZ *HMRC PAYMENTS 2236 GLASGOW DIRECT,outside_scope,HMRC PAYMENTS
Sq *Google Workspace 5556 Birmingham Store Ref-1708,standard_rate,GOOGLE WORKSPACE
SQ *SAINSBURYS 8477  PLC REF-3545,zero_rated,SAINSBURYS
POS DELIVEROO 429 LONDON ONLINE,standard_rate,DELIVEROO
IZ *HMRC PAYMENTS 3187  PLC REF-9438,outside_scope,HMRC PAYMENTS
PAYMENT TO WATERSTONES 7256 BIRMINGHAM STORE,zero_rated,WATERSTONES
payment to aviva insurance 643  plc,exempt,AVIVA INSURANCE
ASDA SUPERMARKET 811 ONLINE ONLINE REF-8028,zero_rated,ASDA SUPERMARKET
ADOBE CREATIVE 9692 LEEDS LTD,standard_rate,ADOBE CREATIVE
SQ *WESTMINSTER COUNCIL 9202 LONDON STORE REF-5113,outside_scope,WESTMINSTER COUNCIL
IZ *INTRA ACCOUNT TRANSFER LONDON ONLINE REF-8441,outside_scope,INTRA ACCOUNT TRANSFER
POST OFFICE 853 BRISTOL REF-6004,exempt,POST OFFICE
SQ *NATIONAL EXPRESS GLASGOW ONLINE REF-2140,zero_rated,NATIONAL EXPRESS
IZ *LINKEDIN PREMIUM 952  REF-2664,standard_rate,LINKEDIN PREMIUM
IZ *SAGE SUBSCRIPTION 4089  STORE,standard_rate,SAGE SUBSCRIPTION
CARD LINKEDIN PREMIUM 7281 LONDON STORE REF-7278,standard_rate,LINKEDIN PREMIUM
Google Workspace 6910 Online Ltd,standard_rate,GOOGLE WORKSPACE
pos aviva insurance 5207  plc ref-6002,exempt,AVIVA INSURANCE
payment to trainline 2119  plc ref-6326,zero_rated,TRAINLINE
IZ *AVIVA INSURANCE BIRMINGHAM STORE,exempt,AVIVA INSURANCE
INTRA ACCOUNT TRANSFER 8289 GLASGOW UK REF-7588,outside_scope,INTRA ACCOUNT TRANSFER
POS BRITISH GAS 5560  REF-2039,reduced_rate,BRITISH GAS
SQ *GOOGLE WORKSPACE 6541 GLASGOW STORE,standard_rate,GOOGLE WORKSPACE
SQ *AMAZON EU 7760 GLASGOW LTD,standard_rate,AMAZON EU
ROYAL MAIL 8113 LEEDS REF-3247,exempt,ROYAL MAIL
sq *post office  ltd,exempt,POST OFFICE
POS LNER TICKETS 4430  DIRECT REF-7003,zero_rated,LNER TICKETS
IZ *XERO SOFTWARE 7788  DIRECT REF-5262,standard_rate,XERO SOFTWARE
Payment To Aldi Stores 4455,zero_rated,ALDI STORES
SQ *ROYAL MAIL,exempt,ROYAL MAIL
Payment To Sage Subscription 1186  Direct,standard_rate,SAGE SUBSCRIPTION
SQ *ALDI STORES UK ONLINE,zero_rated,ALDI STORES
Dd Sainsburys  Online,zero_rated,SAINSBURYS
PAYMENT TO BARCLAYS BANK 1302 LONDON PLC,exempt,BARCLAYS BANK
CARD BRITISH GAS 6026  STORE,reduced_rate,BRITISH GAS
dd lidl gb 5141  direct,zero_rated,LIDL GB
CARD HSBC BANK FEES 9023  UK,exempt,HSBC BANK FEES
Pos Adobe Creative 2779  Ref-8618,standard_rate,ADOBE CREATIVE
SQ *ALDI STORES 4167  STORE,zero_rated,ALDI STORES
SQ *TESCO STORES,zero_rated,TESCO STORES
Dd Sainsburys Online Direct,zero_rated,SAINSBURYS
PAYMENT TO BARCLAYS BANK 4300 GLASGOW REF-8657,exempt,BARCLAYS BANK
PAYMENT TO BRITISH GAS  ONLINE,reduced_rate,BRITISH GAS
Card Stationery Station 8913 Online Plc Ref-9176,standard_rate,STATIONERY STATION
DD GOOGLE WORKSPACE 3240 UK PLC,standard_rate,GOOGLE WORKSPACE
dd post office 4102 manchester plc ref-2351,exempt,POST OFFICE
SQ *UBER EATS 9019  ONLINE,standard_rate,UBER EATS
Pos Octopus Energy 103 Manchester Ltd Ref-4149,reduced_rate,OCTOPUS ENERGY
DD LIDL GB 8853 GLASGOW UK REF-7382,zero_rated,LIDL GB
pos lner tickets 6617 london direct,zero_rated,LNER TICKETS
pos adobe creative 1178 birmingham,standard_rate,ADOBE CREATIVE
Card Sage Subscription Bristol Store,standard_rate,SAGE SUBSCRIPTION
SQ *GOOGLE WORKSPACE 5747  REF-9023,standard_rate,GOOGLE WORKSPACE
SQ *LNER TICKETS ONLINE REF-7054,zero_rated,LNER TICKETS
POS HMRC PAYMENTS 2777 LONDON REF-7654,outside_scope,HMRC PAYMENTS
pos amazon eu 405  direct,standard_rate,AMAZON EU
CARD ADOBE CREATIVE  ONLINE,standard_rate,ADOBE CREATIVE
IZ *WESTMINSTER COUNCIL  LTD REF-2604,outside_scope,WESTMINSTER COUNCIL
Payment To Aa Breakdown 3445  Store Ref-7964,exempt,AA BREAKDOWN
CARD WESTMINSTER COUNCIL 8169 MANCHESTER STORE,outside_scope,WESTMINSTER COUNCIL
IZ *XERO SOFTWARE  STORE,standard_rate,XERO SOFTWARE
POS ROYAL MAIL MANCHESTER UK REF-8315,exempt,ROYAL MAIL
PAYMENT TO INTRA ACCOUNT TRANSFER BRISTOL DIRECT REF-4524,outside_scope,INTRA ACCOUNT TRANSFER
PAYMENT TO ADOBE CREATIVE 7646 ONLINE STORE REF-6014,standard_rate,ADOBE CREATIVE
PAYMENT TO BRITISH GAS 4496  DIRECT,reduced_rate,BRITISH GAS
CARD LNER TICKETS  ONLINE,zero_rated,LNER TICKETS
QUICKBOOKS 359 BIRMINGHAM REF-3181,standard_rate,QUICKBOOKS
Sq *Aviva Insurance  Store,exempt,AVIVA INSURANCE
EON NEXT BIRMINGHAM STORE REF-2144,reduced_rate,EON NEXT
DD LIDL GB UK STORE REF-5041,zero_rated,LIDL GB
payment to xero software 1650 bristol plc,standard_rate,XERO SOFTWARE
CARD LIDL GB GLASGOW DIRECT,zero_rated,LIDL GB
HMRC SHIPLEY 4397 LONDON UK REF-8851,outside_scope,HMRC SHIPLEY
CARD SAINSBURYS MANCHESTER UK,zero_rated,SAINSBURYS
pos royal mail 7017  uk,exempt,ROYAL MAIL
card barclays bank 9788  plc,exempt,BARCLAYS BANK
Pos Hmrc Shipley 6082  Store Ref-7861,outside_scope,HMRC SHIPLEY
Sq *Amazon Kindle Uk Ltd,zero_rated,AMAZON KINDLE
card amazon uk  direct ref-6556,standard_rate,AMAZON UK
Card Royal Mail 3476 Bristol Uk,exempt,ROYAL MAIL
CARD BRITISH GAS 7755 BIRMINGHAM LTD,reduced_rate,BRITISH GAS
payment to lner tickets 1607 online direct,zero_rated,LNER TICKETS
Card Quickbooks 4799 Glasgow Ref-5673,standard_rate,QUICKBOOKS
SQ *HSBC BANK FEES 4693 BIRMINGHAM STORE REF-1287,exempt,HSBC BANK FEES
AVIVA INSURANCE  STORE,exempt,AVIVA INSURANCE
OCTOPUS ENERGY 4118 BRISTOL ONLINE,reduced_rate,OCTOPUS ENERGY
dd hmrc payments 610 manchester,outside_scope,HMRC PAYMENTS
pos stationery station 8202 bristol store,standard_rate,STATIONERY STATION
IZ *AA BREAKDOWN 6619,exempt,AA BREAKDOWN
IZ *BRITISH GAS LEEDS DIRECT,reduced_rate,BRITISH GAS
HMRC SHIPLEY 7212 UK ONLINE,outside_scope,HMRC SHIPLEY
SQ *LNER TICKETS 9226 LONDON PLC REF-3748,zero_rated,LNER TICKETS
POS NATIONAL EXPRESS 3457 MANCHESTER DIRECT REF-3691,zero_rated,NATIONAL EXPRESS
POST OFFICE LEEDS UK,exempt,POST OFFICE
IZ *WESTMINSTER COUNCIL 8840  PLC REF-5620,outside_scope,WESTMINSTER COUNCIL
POS UBER EATS 445  DIRECT REF-9179,standard_rate,UBER EATS
CARD BARCLAYS BANK 4479  STORE,exempt,BARCLAYS BANK
PAYMENT TO INTRA ACCOUNT TRANSFER 1467 MANCHESTER DIRECT,outside_scope,INTRA ACCOUNT TRANSFER
dd trainline  online,zero_rated,TRAINLINE
SQ *BOOTS UK 5155 ONLINE ONLINE,standard_rate,BOOTS UK
POS BARCLAYS BANK 9425 MANCHESTER DIRECT,exempt,BARCLAYS BANK
Payment To Boots Uk 6044 London Plc Ref-4706,standard_rate,BOOTS UK
POS UBER EATS  UK,standard_rate,UBER EATS
DD ADOBE CREATIVE  REF-2696,standard_rate,ADOBE CREATIVE
IZ *SAGE SUBSCRIPTION 7131 GLASGOW UK,standard_rate,SAGE SUBSCRIPTION
IZ *ROYAL MAIL 2900 BIRMINGHAM LTD REF-2023,exempt,ROYAL MAIL
POS INTRA ACCOUNT TRANSFER BRISTOL ONLINE REF-3413,outside_scope,INTRA ACCOUNT TRANSFER
DD XERO SOFTWARE 1103  UK,standard_rate,XERO SOFTWARE
DD EON NEXT,reduced_rate,EON NEXT
POS MICROSOFT 365 3081  ONLINE REF-6453,standard_rate,MICROSOFT 365
Pos Barclays Bank 1663  Uk,exempt,BARCLAYS BANK
IZ *NATIONAL EXPRESS,zero_rated,NATIONAL EXPRESS
pos asda supermarket 6018  online,zero_rated,ASDA SUPERMARKET
Card Waterstones 1858  Online,zero_rated,WATERSTONES
payment to payroll transfer 747 uk ref-4255,outside_scope,PAYROLL TRANSFER
GOOGLE WORKSPACE 9695  LTD,standard_rate,GOOGLE WORKSPACE
SQ *WESTMINSTER COUNCIL  UK REF-3765,outside_scope,WESTMINSTER COUNCIL
Dd Sage Subscription 4981  Store Ref-8015,standard_rate,SAGE SUBSCRIPTION
CARD INTRA ACCOUNT TRANSFER 6527  PLC,outside_scope,INTRA ACCOUNT TRANSFER
PAYMENT TO HMRC SHIPLEY 7807 UK LTD,outside_scope,HMRC SHIPLEY
DD QUICKBOOKS 1637 BRISTOL ONLINE,standard_rate,QUICKBOOKS
PAYMENT TO ASDA SUPERMARKET 2038  DIRECT,zero_rated,ASDA SUPERMARKET
Pos Boots Uk 9949 Leeds Store,standard_rate,BOOTS UK
sq *boots uk 2420 uk uk ref-6973,standard_rate,BOOTS UK
PAYMENT TO ROYAL MAIL MANCHESTER LTD,exempt,ROYAL MAIL
IZ *ASDA SUPERMARKET 4495  PLC REF-2522,zero_rated,ASDA SUPERMARKET
payment to payroll transfer  online ref-9992,outside_scope,PAYROLL TRANSFER
CARD AMAZON EU LEEDS DIRECT REF-7489,standard_rate,AMAZON EU
IZ *EON NEXT 3625  REF-8158,reduced_rate,EON NEXT
IZ *AMAZON UK UK STORE,standard_rate,AMAZON UK
Pos Edf Energy Bristol Online,reduced_rate,EDF ENERGY
DD AMAZON EU  STORE REF-8567,standard_rate,AMAZON EU
pos royal mail 120  ltd,exempt,ROYAL MAIL
IZ *TESCO STORES 8005 BRISTOL UK REF-4993,zero_rated,TESCO STORES
ALDI STORES 1208  UK REF-2063,zero_rated,ALDI STORES
DD DELIVEROO UK STORE REF-7881,standard_rate,DELIVEROO
payment to boots uk 9367 bristol direct,standard_rate,BOOTS UK
Quickbooks 626 Birmingham Store,standard_rate,QUICKBOOKS
Pos Lidl Gb 2896 Manchester Uk Ref-2047,zero_rated,LIDL GB
TESCO STORES 7416 UK STORE,zero_rated,TESCO STORES
PAYMENT TO PAYROLL TRANSFER 4346 GLASGOW LTD,outside_scope,PAYROLL TRANSFER
SQ *DELIVEROO 4029 ONLINE STORE REF-1759,standard_rate,DELIVEROO
CARD UBER EATS UK PLC REF-8659,standard_rate,UBER EATS
Payment To Stationery Station  Direct,standard_rate,STATIONERY STATION
SQ *ALDI STORES MANCHESTER STORE,zero_rated,ALDI STORES
PAYMENT TO HMRC PAYMENTS 7134 GLASGOW STORE,outside_scope,HMRC PAYMENTS
SQ *HMRC PAYMENTS 856 MANCHESTER STORE,outside_scope,HMRC PAYMENTS
payment to google workspace 2250 bristol ltd,standard_rate,GOOGLE WORKSPACE
POS AMAZON UK  DIRECT REF-7535,standard_rate,AMAZON UK
pos lidl gb 5346 birmingham direct,zero_rated,LIDL GB
POS DIRECTOR DRAWINGS 4264  PLC,outside_scope,DIRECTOR DRAWINGS
Westminster Council 5581 Uk Uk,outside_scope,WESTMINSTER COUNCIL
PAYMENT TO BOOTS UK 1748 LONDON UK,standard_rate,BOOTS UK
Dd Tesco Stores,zero_rated,TESCO STORES
SQ *BARCLAYS BANK  UK,exempt,BARCLAYS BANK
DD AVIVA INSURANCE BIRMINGHAM LTD REF-9451,exempt,AVIVA INSURANCE
PAYMENT TO BARCLAYS BANK 4844  LTD,exempt,BARCLAYS BANK
DD TFL TRAVEL  UK,zero_rated,TFL TRAVEL
DD LNER TICKETS 5407  UK,zero_rated,LNER TICKETS
payment to boots uk 3035 uk uk ref-4296,standard_rate,BOOTS UK
LINKEDIN PREMIUM 9690 LEEDS UK,standard_rate,LINKEDIN PREMIUM
PAYMENT TO DIRECTOR DRAWINGS  DIRECT,outside_scope,DIRECTOR DRAWINGS
IZ *PAYROLL TRANSFER 7089 UK ONLINE REF-8696,outside_scope,PAYROLL TRANSFER
EON NEXT 8448 GLASGOW PLC,reduced_rate,EON NEXT
pos amazon eu 6838 leeds online ref-2986,standard_rate,AMAZON EU
PAYMENT TO HSBC BANK FEES 5218,exempt,HSBC BANK FEES
Dd Asda Supermarket 405 Manchester Uk Ref-1511,zero_rated,ASDA SUPERMARKET
Card Linkedin Premium 738 Manchester Plc,standard_rate,LINKEDIN PREMIUM
IZ *QUICKBOOKS 648  ONLINE REF-7104,standard_rate,QUICKBOOKS
sq *google workspace 5528 london,standard_rate,GOOGLE WORKSPACE
Pos Lidl Gb 6560 London Ltd,zero_rated,LIDL GB
Pos Octopus Energy  Direct Ref-7287,reduced_rate,OCTOPUS ENERGY
dd royal mail 6707 online ltd,exempt,ROYAL MAIL
SQ *DIRECTOR DRAWINGS 552 UK REF-1712,outside_scope,DIRECTOR DRAWINGS
CARD BOOTS UK 2246 LONDON ONLINE,standard_rate,BOOTS UK
iz *amazon eu uk uk,standard_rate,AMAZON EU
DD AMAZON UK 4736 LEEDS DIRECT REF-4102,standard_rate,AMAZON UK
SQ *ROYAL MAIL,exempt,ROYAL MAIL
SQ *HMRC PAYMENTS 4641 LEEDS UK REF-2230,outside_scope,HMRC PAYMENTS
payment to linkedin premium 1673 uk,standard_rate,LINKEDIN PREMIUM
dd national express 6446 glasgow direct,zero_rated,NATIONAL EXPRESS
Pos Google Workspace Leeds Direct Ref-4760,standard_rate,GOOGLE WORKSPACE
card payroll transfer 9903  ref-9078,outside_scope,PAYROLL TRANSFER
IZ *GOOGLE WORKSPACE BIRMINGHAM PLC,standard_rate,GOOGLE WORKSPACE
IZ *POST OFFICE 8300 GLASGOW ONLINE,exempt,POST OFFICE
sq *aviva insurance glasgow online,exempt,AVIVA INSURANCE
pos asda supermarket 9999 london direct ref-5990,zero_rated,ASDA SUPERMARKET
DD LNER TICKETS  LTD REF-8843,zero_rated,LNER TICKETS
SQ *INTRA ACCOUNT TRANSFER 4917 LEEDS DIRECT REF-7600,outside_scope,INTRA ACCOUNT TRANSFER
EDF ENERGY 782 LONDON UK,reduced_rate,EDF ENERGY
IZ *ASDA SUPERMARKET  ONLINE,zero_rated,ASDA SUPERMARKET
POS ROYAL MAIL 2337  UK,exempt,ROYAL MAIL
PAYMENT TO AVIVA INSURANCE  ONLINE REF-9101,exempt,AVIVA INSURANCE
POS MICROSOFT 365 4513  STORE,standard_rate,MICROSOFT 365
Card Hsbc Bank Fees 782 Birmingham Plc,exempt,HSBC BANK FEES
DD LIDL GB 6002  DIRECT REF-3527,zero_rated,LIDL GB
POS GOOGLE WORKSPACE 6752  LTD REF-5838,standard_rate,GOOGLE WORKSPACE
POS WATERSTONES 3973 GLASGOW LTD,zero_rated,WATERSTONES
IZ *LNER TICKETS 9737 GLASGOW PLC,zero_rated,LNER TICKETS
TESCO EXPRESS 2954,zero_rated,TESCO EXPRESS
POS BARCLAYS BANK  PLC,exempt,BARCLAYS BANK
PAYMENT TO EON NEXT 2997 UK PLC REF-9195,reduced_rate,EON NEXT
IZ *POST OFFICE 979 ONLINE UK,exempt,POST OFFICE
POS STATIONERY STATION 2481 ONLINE UK REF-9441,standard_rate,STATIONERY STATION
IZ *PAYROLL TRANSFER 4722  DIRECT,outside_scope,PAYROLL TRANSFER
POS LINKEDIN PREMIUM 3073  STORE REF-7800,standard_rate,LINKEDIN PREMIUM
Payment To Royal Mail 8692 Uk Plc,exempt,ROYAL MAIL
SQ *EDF ENERGY 5705 ONLINE,reduced_rate,EDF ENERGY
AA BREAKDOWN 2312  ONLINE REF-2059,exempt,AA BREAKDOWN
CARD ASDA SUPERMARKET LEEDS PLC REF-4170,zero_rated,ASDA SUPERMARKET
SQ *EDF ENERGY 3832  UK REF-4669,reduced_rate,EDF ENERGY
POS OCTOPUS ENERGY 6941  PLC REF-3484,reduced_rate,OCTOPUS ENERGY
IZ *TESCO STORES 1746 MANCHESTER LTD,zero_rated,TESCO STORES
sq *sage subscription 4725 glasgow online,standard_rate,SAGE SUBSCRIPTION
PAYMENT TO SAGE SUBSCRIPTION  PLC,standard_rate,SAGE SUBSCRIPTION
SQ *STATIONERY STATION 1506  DIRECT REF-8068,standard_rate,STATIONERY STATION
POST OFFICE 2516  REF-4046,exempt,POST OFFICE
Sq *Amazon Uk 7239 Bristol Ref-6169,standard_rate,AMAZON UK
card national express 8018 glasgow plc,zero_rated,NATIONAL EXPRESS
PAYMENT TO TESCO EXPRESS 5582 LONDON DIRECT,zero_rated,TESCO EXPRESS
card amazon eu 6831  store,standard_rate,AMAZON EU
DD INTRA ACCOUNT TRANSFER MANCHESTER UK REF-2505,outside_scope,INTRA ACCOUNT TRANSFER
DD ALDI STORES 1505  ONLINE,zero_rated,ALDI STORES
POS DELIVEROO 4043  UK REF-9489,standard_rate,DELIVEROO
sq *aldi stores 8636 online ltd,zero_rated,ALDI STORES
MICROSOFT 365 7442  PLC REF-1371,standard_rate,MICROSOFT 365
PAYMENT TO SAINSBURYS ONLINE STORE,zero_rated,SAINSBURYS
SQ *SAGE SUBSCRIPTION 7143  ONLINE,standard_rate,SAGE SUBSCRIPTION
IZ *DELIVEROO 3348,standard_rate,DELIVEROO
CARD AMAZON EU  DIRECT,standard_rate,AMAZON EU
SQ *TFL TRAVEL 8109  REF-6997,zero_rated,TFL TRAVEL
CARD STATIONERY STATION 7203 MANCHESTER DIRECT,standard_rate,STATIONERY STATION
AMAZON EU 9195 ONLINE PLC,standard_rate,AMAZON EU
Dd Lner Tickets 9040 Online Direct,zero_rated,LNER TICKETS
trainline 3163 glasgow plc,zero_rated,TRAINLINE
CARD AMAZON KINDLE 3639 BIRMINGHAM,zero_rated,AMAZON KINDLE
PAYMENT TO TESCO STORES 3027 BRISTOL LTD,zero_rated,TESCO STORES
CARD BARCLAYS BANK 6650 UK,exempt,BARCLAYS BANK
DD STATIONERY STATION 7332,standard_rate,STATIONERY STATION
PAYMENT TO HMRC SHIPLEY 7518  STORE,outside_scope,HMRC SHIPLEY
SQ *PAYROLL TRANSFER 5626,outside_scope,PAYROLL TRANSFER
POS LIDL GB 3023 LEEDS DIRECT REF-2776,zero_rated,LIDL GB
CARD BARCLAYS BANK 4910 ONLINE DIRECT,exempt,BARCLAYS BANK
IZ *DELIVEROO ONLINE STORE,standard_rate,DELIVEROO
Aviva Insurance 389 Uk Store,exempt,AVIVA INSURANCE
amazon uk 2725  plc ref-6196,standard_rate,AMAZON UK
CARD DIRECTOR DRAWINGS 5934  DIRECT,outside_scope,DIRECTOR DRAWINGS
PAYMENT TO TESCO EXPRESS 9503  UK,zero_rated,TESCO EXPRESS
IZ *SAGE SUBSCRIPTION 2569 UK,standard_rate,SAGE SUBSCRIPTION
LNER TICKETS 9116  DIRECT REF-4194,zero_rated,LNER TICKETS
Iz *Asda Supermarket Leeds Ltd,zero_rated,ASDA SUPERMARKET
sq *sage subscription  ref-3885,standard_rate,SAGE SUBSCRIPTION
IZ *EON NEXT 8153  ONLINE REF-5259,reduced_rate,EON NEXT
SQ *AMAZON UK,standard_rate,AMAZON UK
SAGE SUBSCRIPTION 4845 BRISTOL STORE,standard_rate,SAGE SUBSCRIPTION
CARD HMRC SHIPLEY 191 BIRMINGHAM PLC,outside_scope,HMRC SHIPLEY
AMAZON UK 1950  STORE,standard_rate,AMAZON UK
DD STATIONERY STATION 3879 ONLINE LTD,standard_rate,STATIONERY STATION
ROYAL MAIL 2218  ONLINE,exempt,ROYAL MAIL
IZ *STATIONERY STATION 7639  ONLINE,standard_rate,STATIONERY STATION
PAYROLL TRANSFER 1315 UK REF-5935,outside_scope,PAYROLL TRANSFER
IZ *DELIVEROO  UK,standard_rate,DELIVEROO
PAYMENT TO AMAZON KINDLE 662 BIRMINGHAM PLC,zero_rated,AMAZON KINDLE
IZ *WESTMINSTER COUNCIL 5283  UK,outside_scope,WESTMINSTER COUNCIL
Pos Aa Breakdown  Ltd,exempt,AA BREAKDOWN
british gas 6239  uk,reduced_rate,BRITISH GAS
DD ADOBE CREATIVE 6649  UK,standard_rate,ADOBE CREATIVE
stationery station 5207 manchester store,standard_rate,STATIONERY STATION
SQ *AMAZON KINDLE 4931 ONLINE UK,zero_rated,AMAZON KINDLE
CARD STATIONERY STATION 8067 BIRMINGHAM STORE REF-8757,standard_rate,STATIONERY STATION
Iz *Aviva Insurance 3035 London Ltd,exempt,AVIVA INSURANCE
SQ *TESCO EXPRESS 9133  DIRECT REF-4522,zero_rated,TESCO EXPRESS
PAYMENT TO GOOGLE WORKSPACE  UK REF-5964,standard_rate,GOOGLE WORKSPACE
SQ *UBER EATS 9824  DIRECT,standard_rate,UBER EATS
SQ *AMAZON UK 4026 LONDON LTD,standard_rate,AMAZON UK
SQ *LINKEDIN PREMIUM MANCHESTER STORE REF-1859,standard_rate,LINKEDIN PREMIUM
CARD HSBC BANK FEES 5973 ONLINE DIRECT REF-6768,exempt,HSBC BANK FEES
POS POST OFFICE 1220  STORE,exempt,POST OFFICE
LINKEDIN PREMIUM 8279 BIRMINGHAM STORE,standard_rate,LINKEDIN PREMIUM
PAYMENT TO HMRC PAYMENTS 9262 GLASGOW UK,outside_scope,HMRC PAYMENTS
DD INTRA ACCOUNT TRANSFER 4630  UK,outside_scope,INTRA ACCOUNT TRANSFER
CARD POST OFFICE 9112  LTD REF-5764,exempt,POST OFFICE
DD TRAINLINE 4935  ONLINE REF-9547,zero_rated,TRAINLINE
POS TESCO STORES LONDON DIRECT REF-5978,zero_rated,TESCO STORES
PAYMENT TO DELIVEROO 5630 MANCHESTER DIRECT,standard_rate,DELIVEROO
POS TFL TRAVEL 2329  LTD REF-1106,zero_rated,TFL TRAVEL
POS HSBC BANK FEES 7031 BIRMINGHAM,exempt,HSBC BANK FEES
dd tesco express 7587  online,zero_rated,TESCO EXPRESS
adobe creative 6290 london direct,standard_rate,ADOBE CREATIVE
POS GOOGLE WORKSPACE 6091  UK,standard_rate,GOOGLE WORKSPACE
SQ *WATERSTONES 5526  PLC,zero_rated,WATERSTONES
Sq *Aa Breakdown 5459 Leeds Uk,exempt,AA BREAKDOWN
PAYMENT TO BRITISH GAS LONDON ONLINE REF-3941,reduced_rate,BRITISH GAS
Payment To Payroll Transfer 6738 London Direct Ref-8750,outside_scope,PAYROLL TRANSFER
Payment To Payroll Transfer 3007 Uk Store,outside_scope,PAYROLL TRANSFER
SQ *ADOBE CREATIVE 1535  PLC,standard_rate,ADOBE CREATIVE
CARD EON NEXT 2693  ONLINE,reduced_rate,EON NEXT
iz *hsbc bank fees 7139 online uk,exempt,HSBC BANK FEES
DD HMRC PAYMENTS 353 MANCHESTER DIRECT REF-7272,outside_scope,HMRC PAYMENTS
POS AMAZON EU 6503  PLC,standard_rate,AMAZON EU
POS NATIONAL EXPRESS 517 GLASGOW LTD,zero_rated,NATIONAL EXPRESS
SQ *EON NEXT 5425 ONLINE LTD REF-3727,reduced_rate,EON NEXT
HSBC BANK FEES  LTD,exempt,HSBC BANK FEES
DD OCTOPUS ENERGY 1759 LEEDS DIRECT,reduced_rate,OCTOPUS ENERGY
iz *google workspace 6861 leeds direct ref-6944,standard_rate,GOOGLE WORKSPACE
DELIVEROO  UK REF-4549,standard_rate,DELIVEROO
POS BARCLAYS BANK 6736 BRISTOL PLC REF-1963,exempt,BARCLAYS BANK
SQ *HMRC SHIPLEY 4197  DIRECT REF-1303,outside_scope,HMRC SHIPLEY
QUICKBOOKS  DIRECT,standard_rate,QUICKBOOKS
DD AA BREAKDOWN 4718  UK REF-2199,exempt,AA BREAKDOWN
Pos Octopus Energy 6571 Uk Uk,reduced_rate,OCTOPUS ENERGY
Card Intra Account Transfer Glasgow Ltd Ref-4479,outside_scope,INTRA ACCOUNT TRANSFER
POS QUICKBOOKS 2952 MANCHESTER REF-2675,standard_rate,QUICKBOOKS
CARD STATIONERY STATION 498 LONDON STORE REF-2906,standard_rate,STATIONERY STATION
PAYMENT TO ALDI STORES 2072 BIRMINGHAM REF-8537,zero_rated,ALDI STORES
SQ *TESCO EXPRESS 3250 BRISTOL UK REF-5571,zero_rated,TESCO EXPRESS
POS UBER EATS 1883 LONDON UK,standard_rate,UBER EATS
SQ *SAGE SUBSCRIPTION  PLC,standard_rate,SAGE SUBSCRIPTION
iz *google workspace manchester plc,standard_rate,GOOGLE WORKSPACE
IZ *AA BREAKDOWN  STORE,exempt,AA BREAKDOWN
Edf Energy 5810 Glasgow Ref-3818,reduced_rate,EDF ENERGY
IZ *PAYROLL TRANSFER  UK REF-2253,outside_scope,PAYROLL TRANSFER
sq *stationery station 408 leeds plc,standard_rate,STATIONERY STATION
CARD NATIONAL EXPRESS 7136 GLASGOW STORE,zero_rated,NATIONAL EXPRESS
Sq *Uber Eats 9620  Direct Ref-3581,standard_rate,UBER EATS
OCTOPUS ENERGY 597  PLC REF-8807,reduced_rate,OCTOPUS ENERGY
POST OFFICE 4207 UK UK,exempt,POST OFFICE
DD ASDA SUPERMARKET 6989  UK REF-6428,zero_rated,ASDA SUPERMARKET
Card Edf Energy 959  Direct Ref-8107,reduced_rate,EDF ENERGY
IZ *EON NEXT 7101  LTD,reduced_rate,EON NEXT
DD POST OFFICE  DIRECT REF-3879,exempt,POST OFFICE
PAYMENT TO HSBC BANK FEES BRISTOL,exempt,HSBC BANK FEES
Card Tesco Stores 2631 Online Online Ref-2622,zero_rated,TESCO STORES
IZ *AVIVA INSURANCE  DIRECT,exempt,AVIVA INSURANCE
POS OCTOPUS ENERGY 7492  UK,reduced_rate,OCTOPUS ENERGY
PAYMENT TO WATERSTONES 9576 UK,zero_rated,WATERSTONES
PAYMENT TO ROYAL MAIL 7600 BRISTOL UK,exempt,ROYAL MAIL
iz *aldi stores 4995 bristol store,zero_rated,ALDI STORES
IZ *EON NEXT UK,reduced_rate,EON NEXT
LNER TICKETS 7515  STORE,zero_rated,LNER TICKETS
Dd Sage Subscription 6485 Manchester Direct,standard_rate,SAGE SUBSCRIPTION
CARD MICROSOFT 365 3495 UK ONLINE,standard_rate,MICROSOFT 365
POS AMAZON EU BIRMINGHAM PLC REF-5782,standard_rate,AMAZON EU
Pos Hsbc Bank Fees 9973  Plc,exempt,HSBC BANK FEES
POS ALDI STORES 690 LEEDS,zero_rated,ALDI STORES
SQ *XERO SOFTWARE 234 BIRMINGHAM UK,standard_rate,XERO SOFTWARE
CARD EDF ENERGY 3183 LEEDS DIRECT REF-2972,reduced_rate,EDF ENERGY
DD TESCO EXPRESS 815 BIRMINGHAM,zero_rated,TESCO EXPRESS
PAYMENT TO POST OFFICE 4354  STORE REF-1299,exempt,POST OFFICE
National Express 1834  Ref-4119,zero_rated,NATIONAL EXPRESS
IZ *HMRC PAYMENTS GLASGOW PLC,outside_scope,HMRC PAYMENTS
POS LIDL GB 9811 BIRMINGHAM LTD REF-8304,zero_rated,LIDL GB
POS HMRC PAYMENTS 4445 UK REF-4224,outside_scope,HMRC PAYMENTS
Sq *Microsoft 365 1838  Ltd,standard_rate,MICROSOFT 365
Sq *Hsbc Bank Fees 8619 Glasgow Ref-9426,exempt,HSBC BANK FEES
CARD TESCO EXPRESS 8510 BRISTOL LTD,zero_rated,TESCO EXPRESS
Dd Xero Software 1999 Uk Direct,standard_rate,XERO SOFTWARE
POS DIRECTOR DRAWINGS 8098 MANCHESTER LTD REF-5648,outside_scope,DIRECTOR DRAWINGS
POS AA BREAKDOWN 8770 LEEDS,exempt,AA BREAKDOWN
PAYMENT TO EON NEXT GLASGOW PLC REF-5243,reduced_rate,EON NEXT
UBER EATS  UK,standard_rate,UBER EATS
SQ *ROYAL MAIL 419 UK LTD REF-9696,exempt,ROYAL MAIL
CARD EON NEXT 1143  STORE REF-3171,reduced_rate,EON NEXT
POS BOOTS UK 1538 BIRMINGHAM ONLINE,standard_rate,BOOTS UK
POS BOOTS UK 8794  REF-8273,standard_rate,BOOTS UK
CARD UBER EATS UK PLC REF-8702,standard_rate,UBER EATS
SQ *XERO SOFTWARE 8615 BIRMINGHAM DIRECT,standard_rate,XERO SOFTWARE
PAYMENT TO DELIVEROO GLASGOW STORE,standard_rate,DELIVEROO
lidl gb leeds ltd ref-7662,zero_rated,LIDL GB
dd aviva insurance london uk,exempt,AVIVA INSURANCE
CARD PAYROLL TRANSFER 2405  DIRECT REF-8527,outside_scope,PAYROLL TRANSFER
sq *google workspace 1766 online plc,standard_rate,GOOGLE WORKSPACE
SQ *TRAINLINE 3679 LEEDS DIRECT,zero_rated,TRAINLINE
Sq *Aldi Stores 7316 Uk,zero_rated,ALDI STORES
pos stationery station 5818 manchester direct,standard_rate,STATIONERY STATION
IZ *POST OFFICE GLASGOW STORE REF-4684,exempt,POST OFFICE
IZ *QUICKBOOKS 4316 LEEDS STORE,standard_rate,QUICKBOOKS
IZ *BRITISH GAS 3938  DIRECT REF-9306,reduced_rate,BRITISH GAS
POS XERO SOFTWARE 4124  ONLINE,standard_rate,XERO SOFTWARE
XERO SOFTWARE  UK REF-1522,standard_rate,XERO SOFTWARE
Iz *Amazon Kindle 8681 Manchester Ltd Ref-9255,zero_rated,AMAZON KINDLE
Sq *Payroll Transfer 5626  Online,outside_scope,PAYROLL TRANSFER
PAYMENT TO AVIVA INSURANCE 988 LONDON ONLINE REF-2893,exempt,AVIVA INSURANCE
CARD EDF ENERGY 6624 BRISTOL PLC,reduced_rate,EDF ENERGY
Pos Boots Uk Glasgow Ltd,standard_rate,BOOTS UK
linkedin premium 772  store ref-4212,standard_rate,LINKEDIN PREMIUM
dd sage subscription 4828 birmingham store ref-4954,standard_rate,SAGE SUBSCRIPTION
Payment To Stationery Station  Ltd,standard_rate,STATIONERY STATION
CARD UBER EATS 1091 GLASGOW DIRECT,standard_rate,UBER EATS
SQ *QUICKBOOKS 4633 UK PLC,standard_rate,QUICKBOOKS
IZ *SAGE SUBSCRIPTION 1457 BIRMINGHAM REF-8679,standard_rate,SAGE SUBSCRIPTION
POS OCTOPUS ENERGY ONLINE,reduced_rate,OCTOPUS ENERGY
ALDI STORES 2621  ONLINE REF-2759,zero_rated,ALDI STORES
card payroll transfer london plc ref-1586,outside_scope,PAYROLL TRANSFER
dd westminster council 5105 glasgow online,outside_scope,WESTMINSTER COUNCIL
DD QUICKBOOKS 9508  ONLINE REF-9132,standard_rate,QUICKBOOKS
CARD HMRC PAYMENTS 2275  STORE,outside_scope,HMRC PAYMENTS
POS PAYROLL TRANSFER 6910 MANCHESTER LTD REF-2861,outside_scope,PAYROLL TRANSFER
Sq *Aa Breakdown 493  Uk,exempt,AA BREAKDOWN
PAYMENT TO AVIVA INSURANCE 7149 BIRMINGHAM LTD REF-2446,exempt,AVIVA INSURANCE
SQ *ALDI STORES 582 BRISTOL UK REF-5590,zero_rated,ALDI STORES
payment to amazon kindle  online,zero_rated,AMAZON KINDLE
DELIVEROO 8868 BIRMINGHAM UK REF-2138,standard_rate,DELIVEROO
POS INTRA ACCOUNT TRANSFER 7876 BRISTOL LTD REF-2453,outside_scope,INTRA ACCOUNT TRANSFER
SQ *TFL TRAVEL 2531 ONLINE DIRECT REF-4660,zero_rated,TFL TRAVEL
PAYMENT TO ADOBE CREATIVE 168,standard_rate,ADOBE CREATIVE
IZ *AMAZON KINDLE 3011 LONDON PLC REF-4077,zero_rated,AMAZON KINDLE
payment to aa breakdown 2523  plc,exempt,AA BREAKDOWN
SQ *AA BREAKDOWN 6034 GLASGOW DIRECT,exempt,AA BREAKDOWN
POS TRAINLINE 2813 BRISTOL ONLINE,zero_rated,TRAINLINE
CARD SAGE SUBSCRIPTION 4580  LTD REF-7334,standard_rate,SAGE SUBSCRIPTION
SQ *AVIVA INSURANCE 1279 GLASGOW PLC,exempt,AVIVA INSURANCE
Octopus Energy 6349 Leeds Store,reduced_rate,OCTOPUS ENERGY
dd british gas 8426  ref-6636,reduced_rate,BRITISH GAS
Payment To Eon Next 8522 Bristol Ltd,reduced_rate,EON NEXT
POS AA BREAKDOWN 229 LONDON ONLINE,exempt,AA BREAKDOWN
PAYMENT TO STATIONERY STATION BIRMINGHAM PLC REF-6971,standard_rate,STATIONERY STATION
stationery station 5623 uk online,standard_rate,STATIONERY STATION
POS QUICKBOOKS 1358 LEEDS REF-7336,standard_rate,QUICKBOOKS
pos uber eats 9524 bristol online ref-1327,standard_rate,UBER EATS
POS BOOTS UK LEEDS ONLINE,standard_rate,BOOTS UK
DD DIRECTOR DRAWINGS 4218  LTD REF-9551,outside_scope,DIRECTOR DRAWINGS
POS TFL TRAVEL 5791 BIRMINGHAM DIRECT REF-6164,zero_rated,TFL TRAVEL
DD BARCLAYS BANK 3317  UK,exempt,BARCLAYS BANK
DD BRITISH GAS 1651  ONLINE,reduced_rate,BRITISH GAS
DD ROYAL MAIL 6196 BIRMINGHAM LTD REF-9378,exempt,ROYAL MAIL
TFL TRAVEL 8655  DIRECT REF-3855,zero_rated,TFL TRAVEL
DELIVEROO 169 BIRMINGHAM REF-6157,standard_rate,DELIVEROO
pos hsbc bank fees 8383 online ref-8912,exempt,HSBC BANK FEES
CARD SAGE SUBSCRIPTION 6275 BIRMINGHAM DIRECT REF-2802,standard_rate,SAGE SUBSCRIPTION
iz *eon next 6934 online uk,reduced_rate,EON NEXT
CARD WESTMINSTER COUNCIL 6781 BIRMINGHAM LTD REF-6140,outside_scope,WESTMINSTER COUNCIL
amazon eu 837 glasgow store,standard_rate,AMAZON EU
DD HMRC SHIPLEY 4074 LONDON DIRECT REF-7885,outside_scope,HMRC SHIPLEY
CARD HSBC BANK FEES ONLINE PLC,exempt,HSBC BANK FEES
sq *eon next 7700  direct,reduced_rate,EON NEXT
EON NEXT 1892  ONLINE REF-1491,reduced_rate,EON NEXT
CARD GOOGLE WORKSPACE 7892 UK UK REF-2876,standard_rate,GOOGLE WORKSPACE
pos boots uk uk online ref-9736,standard_rate,BOOTS UK
sq *asda supermarket birmingham uk ref-7113,zero_rated,ASDA SUPERMARKET
CARD ROYAL MAIL 9204 LEEDS STORE,exempt,ROYAL MAIL
SQ *LIDL GB LONDON ONLINE,zero_rated,LIDL GB
Waterstones 1676,zero_rated,WATERSTONES
POS DELIVEROO 5706 ONLINE LTD,standard_rate,DELIVEROO
BOOTS UK 7114 BRISTOL ONLINE,standard_rate,BOOTS UK
PAYMENT TO TESCO EXPRESS 186 UK ONLINE REF-1311,zero_rated,TESCO EXPRESS
CARD HMRC PAYMENTS BIRMINGHAM REF-3416,outside_scope,HMRC PAYMENTS
Iz *Lidl Gb 9393 Uk Online,zero_rated,LIDL GB
PAYMENT TO HMRC PAYMENTS 3867  LTD,outside_scope,HMRC PAYMENTS
ASDA SUPERMARKET 423 LONDON STORE,zero_rated,ASDA SUPERMARKET
POS AMAZON UK 6008  UK REF-5021,standard_rate,AMAZON UK
card linkedin premium  direct,standard_rate,LINKEDIN PREMIUM
DD TFL TRAVEL LEEDS STORE,zero_rated,TFL TRAVEL
PAYMENT TO AVIVA INSURANCE LEEDS PLC,exempt,AVIVA INSURANCE
CARD INTRA ACCOUNT TRANSFER 357,outside_scope,INTRA ACCOUNT TRANSFER
dd british gas glasgow,reduced_rate,BRITISH GAS
ROYAL MAIL 7424  PLC REF-1208,exempt,ROYAL MAIL
DELIVEROO 7510 BRISTOL DIRECT REF-9833,standard_rate,DELIVEROO
PAYMENT TO ROYAL MAIL  DIRECT REF-2797,exempt,ROYAL MAIL
LIDL GB 7453  DIRECT,zero_rated,LIDL GB
POS UBER EATS 4074 GLASGOW ONLINE,standard_rate,UBER EATS
PAYMENT TO QUICKBOOKS 6278 BRISTOL UK,standard_rate,QUICKBOOKS
Iz *Lner Tickets 7063 Birmingham Direct,zero_rated,LNER TICKETS
HMRC SHIPLEY 986  UK,outside_scope,HMRC SHIPLEY
CARD BARCLAYS BANK 9846  UK,exempt,BARCLAYS BANK
SQ *DIRECTOR DRAWINGS 2632 BRISTOL STORE,outside_scope,DIRECTOR DRAWINGS
DD DELIVEROO 2910 LONDON LTD,standard_rate,DELIVEROO
tesco express 3371 online direct ref-3267,zero_rated,TESCO EXPRESS
POS BARCLAYS BANK UK ONLINE,exempt,BARCLAYS BANK
payment to national express 8591 leeds ref-3400,zero_rated,NATIONAL EXPRESS
IZ *XERO SOFTWARE 3108 LONDON UK,standard_rate,XERO SOFTWARE
PAYMENT TO DELIVEROO 5579  STORE REF-4951,standard_rate,DELIVEROO
hmrc payments 1334 london ref-9184,outside_scope,HMRC PAYMENTS
Iz *Hmrc Shipley 3598  Direct,outside_scope,HMRC SHIPLEY
iz *uber eats uk online,standard_rate,UBER EATS
payment to sainsburys 5285 london online,zero_rated,SAINSBURYS
DD AVIVA INSURANCE 6240  PLC REF-7889,exempt,AVIVA INSURANCE
PAYMENT TO WESTMINSTER COUNCIL GLASGOW PLC,outside_scope,WESTMINSTER COUNCIL
Pos Waterstones 7169 Leeds Ltd,zero_rated,WATERSTONES
DD TFL TRAVEL 2895 BRISTOL PLC,zero_rated,TFL TRAVEL
OCTOPUS ENERGY 2813  DIRECT REF-4610,reduced_rate,OCTOPUS ENERGY
BOOTS UK 9253 BIRMINGHAM DIRECT,standard_rate,BOOTS UK
SQ *AA BREAKDOWN 7398 GLASGOW UK REF-7221,exempt,AA BREAKDOWN
iz *tfl travel 924  ltd ref-6565,zero_rated,TFL TRAVEL
Payment To Tesco Stores 190  Direct Ref-2746,zero_rated,TESCO STORES
Iz *Linkedin Premium 6439  Ref-5098,standard_rate,LINKEDIN PREMIUM
OCTOPUS ENERGY 9078 LONDON DIRECT REF-9289,reduced_rate,OCTOPUS ENERGY
DD WESTMINSTER COUNCIL 5447  STORE REF-1148,outside_scope,WESTMINSTER COUNCIL
DD ASDA SUPERMARKET 2997,zero_rated,ASDA SUPERMARKET
payment to sainsburys 5045 birmingham plc,zero_rated,SAINSBURYS
DIRECTOR DRAWINGS 3097 BRISTOL STORE REF-3188,outside_scope,DIRECTOR DRAWINGS
Dd Adobe Creative 5822 Glasgow Ref-4657,standard_rate,ADOBE CREATIVE
PAYMENT TO DIRECTOR DRAWINGS BRISTOL DIRECT REF-6215,outside_scope,DIRECTOR DRAWINGS
iz *amazon eu 8916 uk plc,standard_rate,AMAZON EU
IZ *LIDL GB  DIRECT,zero_rated,LIDL GB
Pos Sainsburys 5543  Plc Ref-7224,zero_rated,SAINSBURYS
Amazon Uk Uk,standard_rate,AMAZON UK
AMAZON KINDLE 323  LTD REF-4874,zero_rated,AMAZON KINDLE
POS LINKEDIN PREMIUM 9347 LEEDS ONLINE,standard_rate,LINKEDIN PREMIUM
POS HMRC SHIPLEY MANCHESTER STORE,outside_scope,HMRC SHIPLEY
SQ *SAGE SUBSCRIPTION 4741  UK,standard_rate,SAGE SUBSCRIPTION
Iz *Director Drawings 4794 Leeds Plc,outside_scope,DIRECTOR DRAWINGS
PAYMENT TO AMAZON UK 7212 GLASGOW LTD REF-2522,standard_rate,AMAZON UK
PAYMENT TO OCTOPUS ENERGY 9821 UK STORE,reduced_rate,OCTOPUS ENERGY
IZ *MICROSOFT 365 7524  UK REF-9676,standard_rate,MICROSOFT 365
DD TESCO EXPRESS 6915  DIRECT REF-6120,zero_rated,TESCO EXPRESS
PAYMENT TO AVIVA INSURANCE LEEDS ONLINE,exempt,AVIVA INSURANCE
CARD PAYROLL TRANSFER 2432 UK LTD,outside_scope,PAYROLL TRANSFER
British Gas 344 London Ref-5094,reduced_rate,BRITISH GAS
CARD LINKEDIN PREMIUM 9894 GLASGOW UK,standard_rate,LINKEDIN PREMIUM
POS BOOTS UK 9772  DIRECT REF-6598,standard_rate,BOOTS UK
TFL TRAVEL 8260  DIRECT,zero_rated,TFL TRAVEL
PAYMENT TO XERO SOFTWARE 8681 GLASGOW UK,standard_rate,XERO SOFTWARE
PAYMENT TO AMAZON UK 8068 MANCHESTER LTD,standard_rate,AMAZON UK
IZ *BARCLAYS BANK ONLINE REF-6952,exempt,BARCLAYS BANK
iz *adobe creative bristol store,standard_rate,ADOBE CREATIVE
PAYMENT TO BRITISH GAS LEEDS STORE,reduced_rate,BRITISH GAS
iz *octopus energy 104 manchester ref-1819,reduced_rate,OCTOPUS ENERGY
SQ *HSBC BANK FEES 2726 ONLINE LTD REF-1653,exempt,HSBC BANK FEES
TESCO STORES 1412  STORE REF-2122,zero_rated,TESCO STORES
SQ *ADOBE CREATIVE MANCHESTER UK,standard_rate,ADOBE CREATIVE
CARD LIDL GB 1376 BIRMINGHAM STORE REF-8972,zero_rated,LIDL GB
tfl travel 4080 online store,zero_rated,TFL TRAVEL
WATERSTONES  DIRECT REF-4796,zero_rated,WATERSTONES
SQ *AA BREAKDOWN UK REF-4176,exempt,AA BREAKDOWN
sq *waterstones bristol plc,zero_rated,WATERSTONES
dd tfl travel 2987 bristol uk,zero_rated,TFL TRAVEL
POS ROYAL MAIL MANCHESTER LTD REF-9726,exempt,ROYAL MAIL
DD OCTOPUS ENERGY 3898 BIRMINGHAM PLC REF-1854,reduced_rate,OCTOPUS ENERGY
PAYMENT TO TESCO EXPRESS ONLINE PLC,zero_rated,TESCO EXPRESS
payment to octopus energy 8570 bristol uk,reduced_rate,OCTOPUS ENERGY
CARD NATIONAL EXPRESS 2403 ONLINE LTD REF-1143,zero_rated,NATIONAL EXPRESS
Card Aldi Stores 4614 Online Uk Ref-7511,zero_rated,ALDI STORES
dd lner tickets 4136 uk ltd ref-7250,zero_rated,LNER TICKETS
WESTMINSTER COUNCIL 6683 MANCHESTER,outside_scope,WESTMINSTER COUNCIL
IZ *POST OFFICE 124 GLASGOW PLC REF-4568,exempt,POST OFFICE
Payment To Aldi Stores 7916  Store,zero_rated,ALDI STORES
DD LINKEDIN PREMIUM 510  PLC,standard_rate,LINKEDIN PREMIUM
payment to xero software 3179  direct ref-7051,standard_rate,XERO SOFTWARE
SQ *HSBC BANK FEES 8558  PLC,exempt,HSBC BANK FEES
SQ *BRITISH GAS  LTD REF-1418,reduced_rate,BRITISH GAS
POS AMAZON KINDLE 6687  LTD,zero_rated,AMAZON KINDLE
dd edf energy  ref-6589,reduced_rate,EDF ENERGY
PAYROLL TRANSFER 6192 UK UK REF-8542,outside_scope,PAYROLL TRANSFER
PAYMENT TO BARCLAYS BANK 6053 ONLINE UK REF-1355,exempt,BARCLAYS BANK
Sq *Royal Mail 4716 Online Uk Ref-7542,exempt,ROYAL MAIL
dd tesco express 2700 uk online,zero_rated,TESCO EXPRESS
POS EDF ENERGY 8918 BRISTOL PLC,reduced_rate,EDF ENERGY
POS AMAZON UK  LTD REF-1745,standard_rate,AMAZON UK
IZ *ROYAL MAIL 8985 MANCHESTER LTD REF-7594,exempt,ROYAL MAIL
DD OCTOPUS ENERGY 4675 GLASGOW,reduced_rate,OCTOPUS ENERGY
iz *tfl travel 9317 uk uk,zero_rated,TFL TRAVEL
CARD AMAZON EU 9368 BIRMINGHAM STORE REF-3875,standard_rate,AMAZON EU
DD ASDA SUPERMARKET 6603  UK REF-3029,zero_rated,ASDA SUPERMARKET
PAYMENT TO POST OFFICE 1247  PLC,exempt,POST OFFICE
PAYMENT TO DIRECTOR DRAWINGS BIRMINGHAM DIRECT REF-3635,outside_scope,DIRECTOR DRAWINGS
POS GOOGLE WORKSPACE 2356 LONDON STORE,standard_rate,GOOGLE WORKSPACE
pos sage subscription 5000 uk plc,standard_rate,SAGE SUBSCRIPTION
PAYMENT TO HMRC SHIPLEY  DIRECT,outside_scope,HMRC SHIPLEY
SQ *AMAZON EU 4282  PLC REF-6711,standard_rate,AMAZON EU
DD INTRA ACCOUNT TRANSFER 2787  UK,outside_scope,INTRA ACCOUNT TRANSFER
IZ *WESTMINSTER COUNCIL 5912,outside_scope,WESTMINSTER COUNCIL
PAYMENT TO LNER TICKETS 1579 ONLINE UK,zero_rated,LNER TICKETS
IZ *AVIVA INSURANCE 6126 BRISTOL,exempt,AVIVA INSURANCE
Pos National Express 9144 Leeds Online,zero_rated,NATIONAL EXPRESS
dd lidl gb 6523 bristol,zero_rated,LIDL GB
DD EON NEXT  UK,reduced_rate,EON NEXT
SQ *TESCO STORES 2444  ONLINE,zero_rated,TESCO STORES
Dd Post Office 162 Birmingham,exempt,POST OFFICE
POS HSBC BANK FEES 1537  UK REF-8027,exempt,HSBC BANK FEES
Pos Sage Subscription Birmingham Online,standard_rate,SAGE SUBSCRIPTION
SQ *AVIVA INSURANCE 8711 BRISTOL STORE REF-1216,exempt,AVIVA INSURANCE
DD HMRC PAYMENTS 6498 BIRMINGHAM ONLINE REF-8556,outside_scope,HMRC PAYMENTS
SQ *WESTMINSTER COUNCIL 7617  STORE,outside_scope,WESTMINSTER COUNCIL
PAYMENT TO ASDA SUPERMARKET 7850  UK,zero_rated,ASDA SUPERMARKET
POS UBER EATS 1732  PLC,standard_rate,UBER EATS
IZ *BARCLAYS BANK 8927 MANCHESTER PLC,exempt,BARCLAYS BANK
LINKEDIN PREMIUM 2060  UK REF-4010,standard_rate,LINKEDIN PREMIUM
Dd Boots Uk 130 Bristol Ref-1137,standard_rate,BOOTS UK
Payment To Boots Uk 4049 Uk Store Ref-1820,standard_rate,BOOTS UK
westminster council uk uk ref-2552,outside_scope,WESTMINSTER COUNCIL
CARD LIDL GB 769  LTD,zero_rated,LIDL GB
